x0,y0,z0,x1,y1,z1,x2,y2,z2,x3,y3,z3,x4,y4,z4,x5,y5,z5,x6,y6,z6,x7,y7,z7,x8,y8,z8,x9,y9,z9,x10,y10,z10,x11,y11,z11,x12,y12,z12,x13,y13,z13,x14,y14,z14,x15,y15,z15,x16,y16,z16,x17,y17,z17,x18,y18,z18,x19,y19,z19,x20,y20,z20,label
0.25722986459732056,0.9606229662895203,1.0474896043888293e-06,0.3563579022884369,0.9493386745452881,-0.05826793983578682,0.44133293628692627,0.8443266153335571,-0.07810744643211365,0.498557984828949,0.757060170173645,-0.09757719933986664,0.5696851015090942,0.7085595726966858,-0.11345469951629639,0.39670708775520325,0.6434839367866516,-0.02969738282263279,0.44108957052230835,0.5115145444869995,-0.06131359189748764,0.4671059250831604,0.42097607254981995,-0.07924700528383255,0.48839226365089417,0.3435651957988739,-0.0876011773943901,0.3303998112678528,0.6162190437316895,-0.029300058260560036,0.3498423993587494,0.47365301847457886,-0.07946248352527618,0.37489598989486694,0.36708489060401917,-0.11054149270057678,0.39838147163391113,0.27194368839263916,-0.12209979444742203,0.26325875520706177,0.626716673374176,-0.037006694823503494,0.2576434910297394,0.5617103576660156,-0.1159561350941658,0.24609768390655518,0.6843226552009583,-0.13043110072612762,0.2405463457107544,0.7684208750724792,-0.11261855065822601,0.1997358202934265,0.6590685844421387,-0.0488237701356411,0.18145084381103516,0.5586220622062683,-0.10141067206859589,0.1719924658536911,0.4968934655189514,-0.11055608093738556,0.16852876543998718,0.42533543705940247,-0.10440072417259216,I_HATE_YOU
0.3674200177192688,0.8832674026489258,9.726193184178555e-07,0.4604526162147522,0.8205389976501465,-0.06251586973667145,0.5037004947662354,0.695228636264801,-0.09113078564405441,0.5318382382392883,0.5857910513877869,-0.1178986132144928,0.5789490938186646,0.5071324110031128,-0.14227887988090515,0.4031612277030945,0.5484467148780823,-0.0661616101861,0.39279869198799133,0.39267492294311523,-0.11252982914447784,0.38351085782051086,0.2943322956562042,-0.13641805946826935,0.371601939201355,0.20813164114952087,-0.14877057075500488,0.33034586906433105,0.5544310212135315,-0.06592531502246857,0.29476651549339294,0.4085453748703003,-0.1307177096605301,0.2754157781600952,0.29946285486221313,-0.1657690703868866,0.25383591651916504,0.19728925824165344,-0.18092964589595795,0.27171581983566284,0.5983281135559082,-0.07197027653455734,0.23312759399414062,0.541183590888977,-0.15602856874465942,0.2733166515827179,0.643479585647583,-0.16975468397140503,0.30320292711257935,0.7120682597160339,-0.15404334664344788,0.226394921541214,0.6636627316474915,-0.08252503722906113,0.166678324341774,0.5896896123886108,-0.14052142202854156,0.1319960355758667,0.5408043265342712,-0.15331503748893738,0.09857749938964844,0.4770364761352539,-0.1508995145559311,I_HATE_YOU
0.42134037613868713,0.8948145508766174,7.956622880556097e-07,0.5182372331619263,0.8541173338890076,-0.05334087461233139,0.5834930539131165,0.7398260831832886,-0.07931674271821976,0.6317079663276672,0.6475961804389954,-0.10564322769641876,0.6845031976699829,0.5808672308921814,-0.12984341382980347,0.516905665397644,0.5727867484092712,-0.054918013513088226,0.5380213856697083,0.4236413240432739,-0.09633345156908035,0.5482223629951477,0.3359564542770386,-0.11703886836767197,0.5541793704032898,0.25643113255500793,-0.12866070866584778,0.45171496272087097,0.5663513541221619,-0.05980205163359642,0.4499373137950897,0.42421796917915344,-0.1203141063451767,0.45810577273368835,0.3230847716331482,-0.15149863064289093,0.4618685245513916,0.22227579355239868,-0.16562055051326752,0.3932802081108093,0.5982206463813782,-0.07094334065914154,0.38035130500793457,0.5180724263191223,-0.1507657766342163,0.4060218632221222,0.641907811164856,-0.15816091001033783,0.4248332977294922,0.7213203310966492,-0.14096403121948242,0.34144070744514465,0.6538540720939636,-0.0864362046122551,0.3080158233642578,0.5721760988235474,-0.1440332531929016,0.28806501626968384,0.5153024792671204,-0.15662474930286407,0.27037227153778076,0.43749719858169556,-0.15587829053401947,I_HATE_YOU
0.3290610909461975,0.8470808267593384,8.913947908695263e-07,0.4278310537338257,0.8364753723144531,-0.0654754489660263,0.5050878524780273,0.7547656297683716,-0.10147423297166824,0.5663397908210754,0.6914389133453369,-0.13597732782363892,0.6339268684387207,0.646519660949707,-0.16986040771007538,0.44897037744522095,0.6100577116012573,-0.09759204834699631,0.4901382327079773,0.47388699650764465,-0.1565747857093811,0.5135940313339233,0.3815547823905945,-0.18849827349185944,0.5321247577667236,0.29494956135749817,-0.20633287727832794,0.37798675894737244,0.5843534469604492,-0.10071635991334915,0.38486620783805847,0.46172618865966797,-0.17747148871421814,0.3990342617034912,0.3591541349887848,-0.21610362827777863,0.41247639060020447,0.2572033107280731,-0.23475219309329987,0.30998069047927856,0.59573894739151,-0.10938964039087296,0.2920389771461487,0.5680591464042664,-0.20518586039543152,0.29868465662002563,0.6965727210044861,-0.22123503684997559,0.30941224098205566,0.7846459150314331,-0.20710435509681702,0.25134187936782837,0.6318270564079285,-0.12267398089170456,0.21148492395877838,0.5544428825378418,-0.19006964564323425,0.18396419286727905,0.5053622126579285,-0.20472249388694763,0.16518943011760712,0.4528065323829651,-0.2038101702928543,I_HATE_YOU
0.3370771110057831,0.7688421010971069,5.755553047492867e-07,0.42651817202568054,0.7221804857254028,-0.028936469927430153,0.48309382796287537,0.604375422000885,-0.03593246638774872,0.5235775113105774,0.506740152835846,-0.04457121342420578,0.562936544418335,0.46705299615859985,-0.05132533982396126,0.42582613229751587,0.46802470088005066,-0.017421036958694458,0.4517700672149658,0.3394467234611511,-0.03689829260110855,0.4631035625934601,0.2720562815666199,-0.04600720852613449,0.46686363220214844,0.21253490447998047,-0.05347976088523865,0.37454718351364136,0.4532183110713959,-0.022817717865109444,0.38610783219337463,0.31693947315216064,-0.05781468376517296,0.39510607719421387,0.23097914457321167,-0.07799151539802551,0.39943620562553406,0.15112492442131042,-0.08994011580944061,0.32562729716300964,0.4713975787162781,-0.032350972294807434,0.31609994173049927,0.3417642116546631,-0.07711970061063766,0.32952436804771423,0.4150237441062927,-0.08075068891048431,0.3412008285522461,0.4743788540363312,-0.07314794510602951,0.2742374837398529,0.5137531757354736,-0.045082833617925644,0.24635589122772217,0.43093013763427734,-0.08231459558010101,0.22908873856067657,0.3716001510620117,-0.09636139124631882,0.21629279851913452,0.302717924118042,-0.10251972079277039,I_HATE_YOU
0.34177979826927185,0.6249808669090271,4.233198467318289e-07,0.40485674142837524,0.5685065984725952,-0.014472774229943752,0.4295828342437744,0.4784097969532013,-0.015074159018695354,0.4393819570541382,0.4096810519695282,-0.01729768142104149,0.457500159740448,0.3680470585823059,-0.018830595538020134,0.3580470681190491,0.37906113266944885,-0.0021131846588104963,0.35759323835372925,0.28692495822906494,-0.012295439839363098,0.35397881269454956,0.23424841463565826,-0.020114971324801445,0.34774625301361084,0.1882600486278534,-0.025590473785996437,0.3180989921092987,0.3799477815628052,-0.008546625263988972,0.3096812963485718,0.26832935214042664,-0.026669252663850784,0.31150686740875244,0.1951231211423874,-0.0427013523876667,0.3135091960430145,0.13803544640541077,-0.052874576300382614,0.28220951557159424,0.40029600262641907,-0.01758432947099209,0.2643778324127197,0.30919909477233887,-0.044493168592453,0.28872960805892944,0.3187966048717499,-0.05684726685285568,0.31120210886001587,0.33594876527786255,-0.05938495323061943,0.2444930076599121,0.43489694595336914,-0.02759743295609951,0.20663876831531525,0.3681083917617798,-0.04618651047348976,0.18515877425670624,0.3207099437713623,-0.053819239139556885,0.16839443147182465,0.27477899193763733,-0.05807820335030556,I_HATE_YOU
0.1929953396320343,0.6072749495506287,6.696837431263702e-07,0.2721004784107208,0.5872771739959717,-0.034128181636333466,0.33654290437698364,0.511925220489502,-0.04713539406657219,0.3879532516002655,0.444186270236969,-0.06017156317830086,0.4397461414337158,0.42406928539276123,-0.07132163643836975,0.3067323565483093,0.3654780983924866,-0.020324615761637688,0.3434782922267914,0.2635384202003479,-0.03795236349105835,0.36050543189048767,0.20151838660240173,-0.04964686930179596,0.3725476861000061,0.14592528343200684,-0.05927850678563118,0.2616550922393799,0.34173715114593506,-0.021991079673171043,0.2840040326118469,0.23101675510406494,-0.05055828392505646,0.2984801232814789,0.15215793251991272,-0.07070405036211014,0.3111009895801544,0.07858496904373169,-0.08393974602222443,0.21610954403877258,0.3489309847354889,-0.02791479416191578,0.2174474149942398,0.24738521873950958,-0.06633634865283966,0.205368772149086,0.2955358922481537,-0.07335247844457626,0.19736748933792114,0.3364129662513733,-0.06983327120542526,0.16872191429138184,0.3770504295825958,-0.03747539967298508,0.1607508659362793,0.29558247327804565,-0.07073019444942474,0.15589219331741333,0.23737339675426483,-0.08383259922266006,0.1550595462322235,0.17383423447608948,-0.08960527181625366,I_HATE_YOU
0.24565379321575165,0.5899431705474854,6.99291092587373e-07,0.32151588797569275,0.5779115557670593,-0.036978431046009064,0.38565921783447266,0.5139211416244507,-0.05616031587123871,0.43843352794647217,0.45170676708221436,-0.07543953508138657,0.49115967750549316,0.4372084438800812,-0.09344244003295898,0.36335310339927673,0.371757835149765,-0.031682148575782776,0.40596503019332886,0.2729199528694153,-0.05511979013681412,0.42803171277046204,0.2149929255247116,-0.06865938752889633,0.44319719076156616,0.16284312307834625,-0.0788097009062767,0.3206234276294708,0.34530365467071533,-0.03373367711901665,0.3505631387233734,0.2342587113380432,-0.06663156300783157,0.3685853183269501,0.16105642914772034,-0.08631432056427002,0.3834438621997833,0.08816063404083252,-0.09865984320640564,0.2761630713939667,0.34748250246047974,-0.03989367559552193,0.2859194576740265,0.23756246268749237,-0.08051745593547821,0.2762512266635895,0.28914251923561096,-0.08595696091651917,0.27024975419044495,0.3332245647907257,-0.08116689324378967,0.22744107246398926,0.3709566295146942,-0.0498381108045578,0.2220308631658554,0.29094842076301575,-0.08350112289190292,0.22107207775115967,0.2342737317085266,-0.09605197608470917,0.22483298182487488,0.1734338104724884,-0.10149119794368744,I_HATE_YOU
0.24446707963943481,0.5787118673324585,7.370497883130156e-07,0.31681960821151733,0.5878903865814209,-0.045062318444252014,0.38731271028518677,0.5430739521980286,-0.06762091815471649,0.4469313621520996,0.4925452470779419,-0.0889221727848053,0.5024029016494751,0.48956912755966187,-0.10825935006141663,0.3820655941963196,0.3934500515460968,-0.03965391591191292,0.435507595539093,0.30588823556900024,-0.06529835611581802,0.4649941027164459,0.2514203190803528,-0.07943189144134521,0.48747867345809937,0.200580433011055,-0.08903774619102478,0.3432243764400482,0.3521519899368286,-0.036124225705862045,0.38230955600738525,0.25045010447502136,-0.07110048085451126,0.40629351139068604,0.18458811938762665,-0.09008575230836868,0.43053239583969116,0.11371791362762451,-0.10056672245264053,0.29873427748680115,0.33778277039527893,-0.03696094825863838,0.3191772401332855,0.24340976774692535,-0.08011029660701752,0.2941450774669647,0.30723002552986145,-0.08216149359941483,0.2766570448875427,0.3564087748527527,-0.0724380612373352,0.2495153546333313,0.34331902861595154,-0.042219799011945724,0.2530965805053711,0.2641867399215698,-0.07521121203899384,0.255230575799942,0.21270981431007385,-0.08386126160621643,0.26190853118896484,0.15883301198482513,-0.08483024686574936,I_HATE_YOU
0.2465226948261261,0.5754561424255371,6.680073170173273e-07,0.3235352635383606,0.5846073627471924,-0.03787080571055412,0.3913356065750122,0.5386484861373901,-0.057836104184389114,0.4482426047325134,0.49276411533355713,-0.07720420509576797,0.4972316026687622,0.4755796194076538,-0.09487954527139664,0.38579070568084717,0.4003788232803345,-0.038401272147893906,0.44038814306259155,0.3169716000556946,-0.06513407826423645,0.46982041001319885,0.2678762674331665,-0.07772106677293777,0.4919099807739258,0.22107894718647003,-0.0854283794760704,0.3458433151245117,0.3605741858482361,-0.03816508501768112,0.38190940022468567,0.27130359411239624,-0.0763961672782898,0.40747982263565063,0.21337775886058807,-0.09312225133180618,0.43227913975715637,0.1466781198978424,-0.10109199583530426,0.2993108034133911,0.3472515344619751,-0.04199296236038208,0.31524479389190674,0.26038697361946106,-0.08782604336738586,0.3013322651386261,0.3446979820728302,-0.08591573685407639,0.29307663440704346,0.4045543372631073,-0.07291646301746368,0.24748849868774414,0.3545404076576233,-0.049413032829761505,0.24304482340812683,0.2795436978340149,-0.08394701033830643,0.24209529161453247,0.22984863817691803,-0.09130286425352097,0.24741917848587036,0.17243461310863495,-0.0913425162434578,I_HATE_YOU
0.27431756258010864,0.5867356061935425,5.686457598130801e-07,0.3477447032928467,0.5649378895759583,-0.02802114747464657,0.40510833263397217,0.48886051774024963,-0.04186156019568443,0.44573092460632324,0.4261000156402588,-0.05634314566850662,0.48194193840026855,0.3830201327800751,-0.0700814351439476,0.37534099817276,0.36757078766822815,-0.03779442980885506,0.4114382863044739,0.2668340802192688,-0.06658179312944412,0.43039751052856445,0.21060508489608765,-0.0816095620393753,0.4453328847885132,0.155781090259552,-0.09183432161808014,0.32914429903030396,0.3499182462692261,-0.04546119645237923,0.3505440056324005,0.24833475053310394,-0.08578816056251526,0.37241673469543457,0.18531754612922668,-0.10840915143489838,0.39076876640319824,0.11877447366714478,-0.12207011133432388,0.27976468205451965,0.3598184287548065,-0.056002307683229446,0.28588253259658813,0.2717333436012268,-0.10742663592100143,0.29840561747550964,0.3539442718029022,-0.11292676627635956,0.30860379338264465,0.4142944812774658,-0.10552603751420975,0.23105749487876892,0.3908853232860565,-0.06851807981729507,0.21045659482479095,0.32496657967567444,-0.10860983282327652,0.20234738290309906,0.280261367559433,-0.12059563398361206,0.198689803481102,0.2230086475610733,-0.1245603859424591,I_HATE_YOU
0.2777130603790283,0.5947473645210266,4.6346448812073504e-07,0.3510335683822632,0.5402939915657043,-0.020393716171383858,0.38651612401008606,0.44076114892959595,-0.02771373838186264,0.40826404094696045,0.3602585196495056,-0.036445502191782,0.4288487434387207,0.3152056336402893,-0.044512826949357986,0.3339824378490448,0.3246946334838867,-0.026345498859882355,0.34548118710517883,0.20781834423542023,-0.048042189329862595,0.349522203207016,0.14462809264659882,-0.05871040001511574,0.3500771224498749,0.08902430534362793,-0.0671517625451088,0.2876858711242676,0.3209967613220215,-0.03633759170770645,0.28747597336769104,0.20096522569656372,-0.07268514484167099,0.29501044750213623,0.12302711606025696,-0.09503764659166336,0.2994335889816284,0.05009987950325012,-0.10945256799459457,0.24545633792877197,0.34741175174713135,-0.04855608567595482,0.2293459177017212,0.2452133297920227,-0.09422814100980759,0.2613588273525238,0.3021067678928375,-0.10360316187143326,0.2871890664100647,0.34871143102645874,-0.10159588605165482,0.20468491315841675,0.39717772603034973,-0.06225200369954109,0.1676095426082611,0.3247111439704895,-0.10080675035715103,0.1481931209564209,0.27434417605400085,-0.11709368973970413,0.1322823464870453,0.21369916200637817,-0.12610706686973572,I_HATE_YOU
0.27936798334121704,0.5973310470581055,4.575468040002306e-07,0.3576149046421051,0.5455621480941772,-0.022853204980492592,0.39334842562675476,0.44267964363098145,-0.02748640440404415,0.41115763783454895,0.35918280482292175,-0.03296327218413353,0.4378941059112549,0.32198822498321533,-0.03795641288161278,0.3300268054008484,0.32672879099845886,-0.018416984006762505,0.3379921317100525,0.2128714919090271,-0.03477313369512558,0.33924582600593567,0.14831478893756866,-0.04436279460787773,0.33746516704559326,0.09286895394325256,-0.052087608724832535,0.28226348757743835,0.32276520133018494,-0.024863723665475845,0.279419869184494,0.1980515867471695,-0.05276867374777794,0.2808343470096588,0.11623638868331909,-0.07234705984592438,0.2802681624889374,0.043564558029174805,-0.08485250174999237,0.24088144302368164,0.3460850715637207,-0.03410675376653671,0.22328631579875946,0.24156910181045532,-0.0726160928606987,0.24412347376346588,0.2792154550552368,-0.0840076208114624,0.2611076235771179,0.3143865168094635,-0.08396826684474945,0.20054373145103455,0.3900993764400482,-0.04516196995973587,0.16070988774299622,0.31417739391326904,-0.07778505235910416,0.13854026794433594,0.26153334975242615,-0.09221459925174713,0.12033417820930481,0.2031632512807846,-0.09985417127609253,I_HATE_YOU
0.25361567735671997,0.5785480737686157,5.648810201819288e-07,0.33337122201919556,0.541527271270752,-0.02606181427836418,0.381982684135437,0.44652342796325684,-0.03289728984236717,0.4148097038269043,0.36352407932281494,-0.04041749984025955,0.4546409249305725,0.3402278423309326,-0.04770907014608383,0.32944339513778687,0.31892716884613037,-0.017878156155347824,0.35166680812835693,0.21336449682712555,-0.03664832189679146,0.36126041412353516,0.14902019500732422,-0.049755316227674484,0.36554786562919617,0.09217178821563721,-0.059482723474502563,0.28274449706077576,0.30637210607528687,-0.022378839552402496,0.29121607542037964,0.18639998137950897,-0.05063125491142273,0.2979193329811096,0.10440681874752045,-0.07118634879589081,0.300307035446167,0.03475692868232727,-0.08384286612272263,0.2381047010421753,0.3209266662597656,-0.030050627887248993,0.2299017608165741,0.2186271697282791,-0.06726451218128204,0.23908762633800507,0.2517491579055786,-0.07889014482498169,0.2453496754169464,0.28703320026397705,-0.0781962126493454,0.19084197282791138,0.35504910349845886,-0.03993724659085274,0.16598515212535858,0.2729390561580658,-0.06865391880273819,0.15372002124786377,0.21978271007537842,-0.07975568622350693,0.14396627247333527,0.16549476981163025,-0.08439794927835464,I_HATE_YOU
0.23715753853321075,0.5434694886207581,6.371167842189607e-07,0.31606537103652954,0.5210717916488647,-0.03029567375779152,0.3762803375720978,0.441603422164917,-0.03993857651948929,0.41945818066596985,0.37036603689193726,-0.049987491220235825,0.466760516166687,0.35221827030181885,-0.05958080664277077,0.34154218435287476,0.3086531460285187,-0.018817676231265068,0.37660425901412964,0.21307270228862762,-0.03776415437459946,0.39365336298942566,0.1523931622505188,-0.05194608494639397,0.4049476981163025,0.09641236066818237,-0.06327815353870392,0.2969720959663391,0.28818994760513306,-0.02207532897591591,0.3194553852081299,0.17461253702640533,-0.05094156041741371,0.33225008845329285,0.09379547834396362,-0.07472074776887894,0.33902356028556824,0.0269986093044281,-0.09054799377918243,0.2525140047073364,0.29500967264175415,-0.029040757566690445,0.2527158260345459,0.19532495737075806,-0.06792393326759338,0.24706047773361206,0.21688894927501678,-0.08520887792110443,0.2406766414642334,0.24449175596237183,-0.08905044943094254,0.2048565149307251,0.3191787302494049,-0.03835300728678703,0.1932990998029709,0.23760387301445007,-0.06990423053503036,0.1859065294265747,0.18620508909225464,-0.08513081073760986,0.1799299120903015,0.1354508250951767,-0.09293077886104584,I_HATE_YOU
0.2105918824672699,0.5333019495010376,7.000766117926105e-07,0.28592532873153687,0.5321428775787354,-0.042173903435468674,0.35411766171455383,0.4768163561820984,-0.06282681971788406,0.41159456968307495,0.4193674325942993,-0.08212686330080032,0.46887439489364624,0.4094562828540802,-0.09968072921037674,0.3470977544784546,0.3290542662143707,-0.03535659238696098,0.39499595761299133,0.23564353585243225,-0.05844612419605255,0.41959965229034424,0.17683659493923187,-0.07320110499858856,0.4382842779159546,0.1244911253452301,-0.0847284197807312,0.3061456084251404,0.29658615589141846,-0.03352829068899155,0.3395412564277649,0.192592054605484,-0.06603735685348511,0.35725101828575134,0.11652588844299316,-0.08935923874378204,0.375171422958374,0.04350230097770691,-0.1051090732216835,0.26209548115730286,0.29327768087387085,-0.0356404185295105,0.27815431356430054,0.19385315477848053,-0.07475060224533081,0.2551465332508087,0.22831004858016968,-0.08348094671964645,0.23878444731235504,0.26141151785850525,-0.08190243691205978,0.21564781665802002,0.31034594774246216,-0.041811421513557434,0.21497955918312073,0.23115098476409912,-0.07454796135425568,0.2170509397983551,0.1758590191602707,-0.08797489106655121,0.22465944290161133,0.12125185132026672,-0.09404134750366211,I_HATE_YOU
0.19153906404972076,0.5354524850845337,6.583134108950617e-07,0.26232123374938965,0.548510730266571,-0.04786538705229759,0.33260825276374817,0.506397008895874,-0.07192325592041016,0.3957979381084442,0.45955437421798706,-0.0935603529214859,0.45553284883499146,0.462557315826416,-0.11298153549432755,0.3396807312965393,0.35067394375801086,-0.04438992962241173,0.39394479990005493,0.25986605882644653,-0.07160073518753052,0.42397910356521606,0.1993107795715332,-0.0893639326095581,0.44852888584136963,0.14563636481761932,-0.10285575687885284,0.30065226554870605,0.30635178089141846,-0.04071135073900223,0.3341231942176819,0.20370714366436005,-0.07728413492441177,0.35400819778442383,0.12805837392807007,-0.10244709253311157,0.3761977255344391,0.056171923875808716,-0.11899406462907791,0.25645968317985535,0.2897554337978363,-0.041206296533346176,0.2803017795085907,0.19679531455039978,-0.08313602209091187,0.25762638449668884,0.22891178727149963,-0.0922321081161499,0.2395099550485611,0.25991860032081604,-0.0901888981461525,0.21092729270458221,0.29509714245796204,-0.04641702398657799,0.21852301061153412,0.21039994060993195,-0.07991357147693634,0.2243688404560089,0.1526556760072708,-0.09307385236024857,0.23353135585784912,0.09889981150627136,-0.0984787717461586,I_HATE_YOU
0.21755392849445343,0.5454558730125427,5.76601451030001e-07,0.30075302720069885,0.535111665725708,-0.024402892217040062,0.3712999224662781,0.4560685455799103,-0.029134506359696388,0.4256768226623535,0.39611533284187317,-0.037394627928733826,0.4697917103767395,0.3793392479419708,-0.043334852904081345,0.34660449624061584,0.30974239110946655,0.0033953646197915077,0.3812440037727356,0.21317267417907715,-0.005432628095149994,0.3965744376182556,0.1620761603116989,-0.007629865314811468,0.4042143225669861,0.11654980480670929,-0.009888982400298119,0.30468761920928955,0.28513744473457336,-0.004079502075910568,0.3346167206764221,0.1713849902153015,-0.03111698478460312,0.35770130157470703,0.10032407939434052,-0.04564392939209938,0.37437984347343445,0.035358577966690063,-0.05186058580875397,0.2600722908973694,0.28759312629699707,-0.016856029629707336,0.27343299984931946,0.1841624230146408,-0.05888667702674866,0.27219346165657043,0.27823951840400696,-0.05845507234334946,0.2726746201515198,0.34239766001701355,-0.04559030011296272,0.20952506363391876,0.3061143457889557,-0.03277309611439705,0.2048037350177765,0.22801324725151062,-0.06419367343187332,0.20297986268997192,0.1747969537973404,-0.07263677567243576,0.2069084644317627,0.10430210828781128,-0.07472456991672516,I_HATE_YOU
0.19758635759353638,0.5527060627937317,5.929824169470521e-07,0.28162774443626404,0.533875584602356,-0.025133907794952393,0.34685632586479187,0.4462173581123352,-0.026775486767292023,0.3949797749519348,0.3829767405986786,-0.030542759224772453,0.4429616332054138,0.3689374625682831,-0.032560184597969055,0.31406959891319275,0.3109128773212433,0.00149150297511369,0.3497113585472107,0.2177596390247345,-0.007052385713905096,0.3660047948360443,0.165207639336586,-0.01040953304618597,0.3761647939682007,0.11709295213222504,-0.013147682882845402,0.26992976665496826,0.2878229022026062,-0.0042780195362865925,0.29329076409339905,0.176228329539299,-0.030304253101348877,0.3132675290107727,0.10351011157035828,-0.04617547243833542,0.3259197175502777,0.04050329327583313,-0.05290861055254936,0.22340500354766846,0.29426106810569763,-0.015064441598951817,0.2254858762025833,0.20506981015205383,-0.0597640685737133,0.22854766249656677,0.2952955365180969,-0.06487011909484863,0.23179730772972107,0.3562203049659729,-0.05420093983411789,0.17372414469718933,0.31596869230270386,-0.028328632935881615,0.1682775914669037,0.23688694834709167,-0.06120438128709793,0.16685938835144043,0.18379174172878265,-0.07051428407430649,0.16972403228282928,0.11274106800556183,-0.07246852666139603,I_HATE_YOU
0.18626055121421814,0.6246187686920166,5.973361680844391e-07,0.2731020450592041,0.6029843091964722,-0.022348418831825256,0.33864423632621765,0.5200582146644592,-0.02277708798646927,0.387569397687912,0.4598948359489441,-0.025786198675632477,0.43179047107696533,0.44436272978782654,-0.02743726409971714,0.3044915795326233,0.3812161982059479,0.0062482706271111965,0.34242016077041626,0.2862575352191925,-0.0013742861337959766,0.3610619306564331,0.2313760370016098,-0.007343417499214411,0.3736749291419983,0.1816331148147583,-0.012964371591806412,0.25889360904693604,0.36044272780418396,0.0007253169897012413,0.2810400426387787,0.25093311071395874,-0.019384868443012238,0.3009036183357239,0.17886577546596527,-0.03550240769982338,0.3144100308418274,0.11858248710632324,-0.044805657118558884,0.21280322968959808,0.36830466985702515,-0.009732230566442013,0.21156996488571167,0.2739602327346802,-0.04568461701273918,0.20998093485832214,0.3358795642852783,-0.054155994206666946,0.20852123200893402,0.3836083710193634,-0.04965503141283989,0.16401368379592896,0.3936191499233246,-0.022791843861341476,0.15490229427814484,0.31610599160194397,-0.052336424589157104,0.14711016416549683,0.26395535469055176,-0.06397026032209396,0.14264845848083496,0.20272251963615417,-0.06849958002567291,I_HATE_YOU
0.20903144776821136,0.6526133418083191,6.598640993615845e-07,0.2921558916568756,0.6259282827377319,-0.02809128910303116,0.3517935276031494,0.5372495651245117,-0.034135133028030396,0.396240234375,0.4693378806114197,-0.04190649092197418,0.443520188331604,0.4455322027206421,-0.04823625460267067,0.308513343334198,0.39222124218940735,-0.006853445433080196,0.3412416875362396,0.29515600204467773,-0.020728060975670815,0.3574625551700592,0.23632670938968658,-0.03062918595969677,0.3677962124347687,0.18263255059719086,-0.03862213343381882,0.26212725043296814,0.3756537437438965,-0.01247652992606163,0.2768886387348175,0.25959473848342896,-0.039838626980781555,0.2911795973777771,0.18130825459957123,-0.06024838984012604,0.29947951436042786,0.1160624623298645,-0.071993887424469,0.2162553369998932,0.39031797647476196,-0.022843454033136368,0.20392614603042603,0.29927563667297363,-0.06565465033054352,0.20488670468330383,0.3582408130168915,-0.07680168747901917,0.2061063051223755,0.4036582112312317,-0.07276198267936707,0.16906777024269104,0.4230249524116516,-0.035954367369413376,0.15585121512413025,0.33997291326522827,-0.06925290822982788,0.14462994039058685,0.28751862049102783,-0.08123044669628143,0.13410238921642303,0.22627975046634674,-0.08546843379735947,I_HATE_YOU
0.23341333866119385,0.6380341053009033,4.496707219914242e-07,0.31114882230758667,0.6006075143814087,-0.024017667397856712,0.35848820209503174,0.5049154758453369,-0.02830888144671917,0.3948791027069092,0.43147745728492737,-0.03433879837393761,0.4318353533744812,0.4022361636161804,-0.038926005363464355,0.3021007776260376,0.3771735429763794,-0.009187663905322552,0.3207915425300598,0.27189090847969055,-0.023167790845036507,0.3285794258117676,0.21544723212718964,-0.030745889991521835,0.33036062121391296,0.16468030214309692,-0.03667274862527847,0.25694066286087036,0.36647728085517883,-0.015754425898194313,0.25580596923828125,0.24372416734695435,-0.04283507540822029,0.2626699209213257,0.16818708181381226,-0.059673622250556946,0.2647589147090912,0.10460877418518066,-0.06892220675945282,0.2171759009361267,0.3842000961303711,-0.02646743878722191,0.1981130987405777,0.2892773747444153,-0.06560811400413513,0.22286629676818848,0.3418436646461487,-0.07520333677530289,0.24181516468524933,0.38487517833709717,-0.07202763110399246,0.17515283823013306,0.4191878139972687,-0.03962225839495659,0.14923392236232758,0.34168165922164917,-0.06956617534160614,0.12942954897880554,0.2881040573120117,-0.0813029408454895,0.11064557731151581,0.22868038713932037,-0.08680087327957153,I_HATE_YOU
0.20967040956020355,0.6411007642745972,4.081868496541574e-07,0.2869015634059906,0.5974562168121338,-0.020394451916217804,0.3317602276802063,0.49425798654556274,-0.02135509066283703,0.36315709352493286,0.4164040982723236,-0.024873634800314903,0.3933299779891968,0.3807693123817444,-0.026615839451551437,0.28003165125846863,0.3690048158168793,-0.00018920301226899028,0.29180708527565,0.25858986377716064,-0.009967513382434845,0.29508474469184875,0.20255406200885773,-0.014174876734614372,0.2946327030658722,0.1526155173778534,-0.017735186964273453,0.23388837277889252,0.36136889457702637,-0.008462775498628616,0.22608983516693115,0.23544789850711823,-0.03309636563062668,0.2311639040708542,0.1569007933139801,-0.04808579757809639,0.232772558927536,0.09258300065994263,-0.05580892786383629,0.1937033236026764,0.3799667954444885,-0.021245935931801796,0.17929203808307648,0.2801138758659363,-0.06096653267741203,0.2121882289648056,0.3485689163208008,-0.06853558123111725,0.23592516779899597,0.40214037895202637,-0.06309603154659271,0.15150535106658936,0.4148697853088379,-0.036288078874349594,0.12853020429611206,0.33719900250434875,-0.06699633598327637,0.10984879732131958,0.283799409866333,-0.07931406795978546,0.09171226620674133,0.2191125750541687,-0.08532578498125076,I_HATE_YOU
0.1665322333574295,0.6278328895568848,6.782116201975441e-07,0.2500027120113373,0.6102176904678345,-0.03314128518104553,0.31596726179122925,0.5271956324577332,-0.04135929420590401,0.3663361072540283,0.45608264207839966,-0.05096276104450226,0.41795170307159424,0.43104618787765503,-0.057906512171030045,0.2870717942714691,0.38312673568725586,-0.00581324053928256,0.32611283659935,0.2816982865333557,-0.0199618861079216,0.34505486488342285,0.22145244479179382,-0.028367258608341217,0.3573579788208008,0.16832026839256287,-0.03469087928533554,0.23953571915626526,0.3567684292793274,-0.00752670643851161,0.2567465603351593,0.24571992456912994,-0.03574417158961296,0.2707977294921875,0.16884133219718933,-0.05422957241535187,0.2818644344806671,0.09956797957420349,-0.06387701630592346,0.19100449979305267,0.3604757785797119,-0.014903968200087547,0.18585895001888275,0.2683475911617279,-0.0573464073240757,0.17878735065460205,0.33973491191864014,-0.06336163729429245,0.17652177810668945,0.3940483033657074,-0.05510963499546051,0.14073550701141357,0.38222795724868774,-0.025879941880702972,0.13432438671588898,0.30322861671447754,-0.058713167905807495,0.126856729388237,0.2485324591398239,-0.069574736058712,0.1242799237370491,0.18767015635967255,-0.07215855270624161,I_HATE_YOU
0.16616499423980713,0.5907602310180664,7.5672585353459e-07,0.24716269969940186,0.5750818848609924,-0.04010804370045662,0.3107702434062958,0.4984562397003174,-0.054496366530656815,0.3577433228492737,0.4216824471950531,-0.06881133466959,0.41269195079803467,0.39958447217941284,-0.08019071817398071,0.283214271068573,0.3531585931777954,-0.019485248252749443,0.3201986253261566,0.2453610897064209,-0.03946668282151222,0.33890461921691895,0.178007110953331,-0.0506599098443985,0.35171735286712646,0.11865925788879395,-0.05759799852967262,0.23430144786834717,0.3245389461517334,-0.018017780035734177,0.2510068416595459,0.2082749754190445,-0.051092684268951416,0.26197728514671326,0.12474678456783295,-0.07130103558301926,0.2719222903251648,0.044952452182769775,-0.08079638332128525,0.18633168935775757,0.32526424527168274,-0.021623650565743446,0.18179333209991455,0.23633138835430145,-0.06715419143438339,0.16812294721603394,0.3109497129917145,-0.06958397477865219,0.16129864752292633,0.36855465173721313,-0.05646367371082306,0.13849003612995148,0.34518226981163025,-0.029412126168608665,0.1308956742286682,0.26046717166900635,-0.06124645471572876,0.1293441355228424,0.20481541752815247,-0.06693577021360397,0.13423052430152893,0.14568378031253815,-0.06422343105077744,I_HATE_YOU
0.769285261631012,0.9073903560638428,5.560103772950242e-07,0.7058666348457336,0.8837174773216248,-0.02597312070429325,0.6594924926757812,0.7929834127426147,-0.03822518140077591,0.6296367049217224,0.7103158235549927,-0.05202869325876236,0.5956736207008362,0.667231559753418,-0.062334153801202774,0.6841274499893188,0.6964995265007019,-0.01605856791138649,0.660234808921814,0.6008840203285217,-0.037666041404008865,0.6511813402175903,0.54986971616745,-0.050591129809617996,0.6461154818534851,0.5031013488769531,-0.059833280742168427,0.7185227274894714,0.6768620610237122,-0.019077390432357788,0.7018479108810425,0.5735769271850586,-0.050543978810310364,0.6903091669082642,0.5105991959571838,-0.07007091492414474,0.6833332777023315,0.4533364176750183,-0.08134149760007858,0.7552490234375,0.6798510551452637,-0.025521170347929,0.7535379528999329,0.6040357947349548,-0.05882825329899788,0.7573422789573669,0.6807813048362732,-0.04756779223680496,0.7593230605125427,0.7392302751541138,-0.03014613501727581,0.7956048846244812,0.6953962445259094,-0.03601294755935669,0.8070738315582275,0.6213721036911011,-0.060146842151880264,0.8184202909469604,0.5733219981193542,-0.0589282363653183,0.8253306150436401,0.5216995477676392,-0.05305097624659538,I_HATE_YOU
0.7557214498519897,0.9110967516899109,4.816014893549436e-07,0.6953749656677246,0.8841941356658936,-0.022438962012529373,0.6482718586921692,0.7902190685272217,-0.0309760719537735,0.6219944953918457,0.7118081450462341,-0.041301045566797256,0.5867791175842285,0.6677600741386414,-0.048789624124765396,0.6777633428573608,0.6887325644493103,-0.008733594790101051,0.6559236645698547,0.5995033383369446,-0.028744645416736603,0.6460435390472412,0.548457682132721,-0.042140644043684006,0.6411184072494507,0.5007636547088623,-0.051200754940509796,0.7127308249473572,0.6737321615219116,-0.013859035447239876,0.6945213675498962,0.5769092440605164,-0.04252391681075096,0.6826755404472351,0.5124685168266296,-0.06179394945502281,0.6772175431251526,0.45729532837867737,-0.07224449515342712,0.7505595088005066,0.6806249618530273,-0.022695479914546013,0.7504212260246277,0.6170315742492676,-0.057789817452430725,0.7486951351165771,0.6859356760978699,-0.052686747163534164,0.7469344735145569,0.7412099838256836,-0.03824372962117195,0.7909771203994751,0.698326826095581,-0.03458891808986664,0.802844226360321,0.6225072145462036,-0.05834935978055,0.8136084079742432,0.576853334903717,-0.05701187625527382,0.8210594058036804,0.5302232503890991,-0.05076155439019203,I_HATE_YOU
0.7577722072601318,0.9170902967453003,4.3698494778254826e-07,0.698074460029602,0.8829622268676758,-0.017704462632536888,0.6497625708580017,0.7858535051345825,-0.02569027617573738,0.626875102519989,0.7083675861358643,-0.03516659140586853,0.5962499380111694,0.6606929898262024,-0.04245998337864876,0.6858176589012146,0.6854986548423767,-0.014259621500968933,0.6681088805198669,0.5976250171661377,-0.035923562943935394,0.6579952836036682,0.5473414063453674,-0.051218945533037186,0.6511604189872742,0.5008518695831299,-0.062058571726083755,0.7228406667709351,0.6755511164665222,-0.02174987643957138,0.7077423334121704,0.5745482444763184,-0.05053911730647087,0.695671021938324,0.5094183683395386,-0.06998401880264282,0.6884963512420654,0.4520331621170044,-0.08135998994112015,0.7620486617088318,0.6883682608604431,-0.0317213349044323,0.7556387186050415,0.6224422454833984,-0.06473452597856522,0.7454620599746704,0.6817948222160339,-0.060230452567338943,0.7378965616226196,0.7303083539009094,-0.048287298530340195,0.802379846572876,0.7142179012298584,-0.044228386133909225,0.8123772740364075,0.6399444341659546,-0.06881510466337204,0.820082426071167,0.591988205909729,-0.06912406533956528,0.8250808715820312,0.5438528656959534,-0.06481248885393143,I_HATE_YOU
0.7309876680374146,0.7909400463104248,4.984996735402092e-07,0.6689577102661133,0.7733291983604431,-0.029599102213978767,0.6147713661193848,0.704693078994751,-0.04491676762700081,0.5795373320579529,0.6362433433532715,-0.05785265937447548,0.5372753739356995,0.6023860573768616,-0.07143961638212204,0.627722442150116,0.5962731838226318,-0.029666705057024956,0.605139970779419,0.5054969191551208,-0.05621449649333954,0.5970204472541809,0.44680914282798767,-0.0784701257944107,0.5928484201431274,0.3916233777999878,-0.09435467422008514,0.6624284982681274,0.5734459757804871,-0.03122781217098236,0.6394292116165161,0.4699094593524933,-0.05244927480816841,0.6268479228019714,0.40587490797042847,-0.07040497660636902,0.6161374449729919,0.3490333557128906,-0.08394920080900192,0.7015017867088318,0.5699976682662964,-0.03673715516924858,0.6902791261672974,0.4700198173522949,-0.057779714465141296,0.6825540661811829,0.405518114566803,-0.07042724639177322,0.6766086220741272,0.3498321771621704,-0.07987876981496811,0.7443001866340637,0.5832427144050598,-0.04518558084964752,0.7532680034637451,0.5014438629150391,-0.06292695552110672,0.7596690058708191,0.4489825963973999,-0.06997132301330566,0.7642341256141663,0.40246182680130005,-0.07531335949897766,I_HATE_YOU
0.7042734026908875,0.7344474196434021,5.512513325811597e-07,0.6388418078422546,0.7160525918006897,-0.024952419102191925,0.5866707563400269,0.6415756344795227,-0.03677714616060257,0.5571275353431702,0.5668162107467651,-0.05012249946594238,0.5195629596710205,0.5265663266181946,-0.06285722553730011,0.6066868901252747,0.5424832701683044,-0.018909940496087074,0.5846366286277771,0.4492926597595215,-0.045357149094343185,0.5710358619689941,0.390300989151001,-0.06318331509828568,0.5624170303344727,0.3354928493499756,-0.07477476447820663,0.6411934494972229,0.5272226333618164,-0.025064406916499138,0.6179288625717163,0.42030519247055054,-0.056512102484703064,0.6018679141998291,0.35177093744277954,-0.07674743235111237,0.5948952436447144,0.29423248767852783,-0.08807864040136337,0.6784753203392029,0.5324115753173828,-0.034576937556266785,0.6660177111625671,0.45595595240592957,-0.07493635267019272,0.6626952886581421,0.5110650658607483,-0.07812844961881638,0.6672562956809998,0.5613495707511902,-0.06977376341819763,0.7181692719459534,0.5488176345825195,-0.04611437767744064,0.6985357999801636,0.499077171087265,-0.0783439576625824,0.6921923756599426,0.536441445350647,-0.07773882895708084,0.6925054788589478,0.5766497850418091,-0.07008381932973862,I_HATE_YOU
0.718938946723938,0.7714738845825195,6.30823080882692e-07,0.6335422992706299,0.748943567276001,-0.03718114644289017,0.5618621706962585,0.646178126335144,-0.052175216376781464,0.5267375707626343,0.5511263608932495,-0.06713279336690903,0.4841999411582947,0.4828799366950989,-0.07969281822443008,0.5923751592636108,0.5217865705490112,-0.027512449771165848,0.5668178796768188,0.4040842056274414,-0.05909629166126251,0.5572304725646973,0.3316177725791931,-0.0819888785481453,0.5522814393043518,0.260933518409729,-0.09580487012863159,0.6384991407394409,0.4959438741207123,-0.027929475530982018,0.6035553216934204,0.38483870029449463,-0.06800737231969833,0.5822017192840576,0.3130394518375397,-0.09442701190710068,0.5693561434745789,0.2395249605178833,-0.10839035362005234,0.6891086101531982,0.4936155080795288,-0.03315454721450806,0.683043897151947,0.429756760597229,-0.08045242726802826,0.6858422160148621,0.5177892446517944,-0.07806447148323059,0.6867982745170593,0.5866934061050415,-0.06123439967632294,0.7447777390480042,0.4977944791316986,-0.04238200560212135,0.727278470993042,0.3934498727321625,-0.07337111234664917,0.7117893099784851,0.33745622634887695,-0.07164173573255539,0.6936842203140259,0.2873431146144867,-0.06295354664325714,I_HATE_YOU
0.7128018736839294,0.7551757097244263,7.501182039959531e-07,0.6275738477706909,0.7319505214691162,-0.03481898829340935,0.5575423836708069,0.6344603896141052,-0.050607893615961075,0.5230729579925537,0.5360731482505798,-0.06727392226457596,0.48114022612571716,0.4704798460006714,-0.0816650241613388,0.5884726643562317,0.5146368741989136,-0.027883021160960197,0.567726194858551,0.3956899642944336,-0.061908770352602005,0.5597133636474609,0.32123902440071106,-0.08553124219179153,0.5564509630203247,0.25019073486328125,-0.10152635723352432,0.6365158557891846,0.49409711360931396,-0.03188440203666687,0.606326162815094,0.37594807147979736,-0.07600881159305573,0.5857454538345337,0.2991204857826233,-0.10496176779270172,0.5736405849456787,0.2261602282524109,-0.12155283242464066,0.6890488266944885,0.4961012899875641,-0.03984416276216507,0.6785626411437988,0.4168097674846649,-0.09086398780345917,0.676436722278595,0.5028589367866516,-0.08797648549079895,0.6765464544296265,0.5727330446243286,-0.07227996736764908,0.74442458152771,0.5081149339675903,-0.05110704153776169,0.7294225096702576,0.4345250129699707,-0.08881263434886932,0.7233554720878601,0.45224621891975403,-0.08494039624929428,0.7171114683151245,0.4680423140525818,-0.07347869127988815,I_HATE_YOU
0.7003329992294312,0.7617743015289307,6.47405840936699e-07,0.6185108423233032,0.7319543957710266,-0.03727440536022186,0.5592552423477173,0.6182184815406799,-0.054055266082286835,0.5376266241073608,0.5154536366462708,-0.06927428394556046,0.5058265328407288,0.44151031970977783,-0.08218655735254288,0.615403413772583,0.5022125244140625,-0.03767021372914314,0.6078459024429321,0.38089877367019653,-0.06974652409553528,0.6075146794319153,0.30408599972724915,-0.08968100696802139,0.6121572852134705,0.23457112908363342,-0.10041935741901398,0.6631271839141846,0.4889213740825653,-0.03630056977272034,0.6529287099838257,0.36905014514923096,-0.07757672667503357,0.6410256624221802,0.2894251346588135,-0.10021467506885529,0.6375830173492432,0.21768522262573242,-0.11033933609724045,0.7116565704345703,0.49548906087875366,-0.038645777851343155,0.7072908282279968,0.4212978184223175,-0.08614791929721832,0.6886569857597351,0.5001475811004639,-0.08306224644184113,0.6776006817817688,0.5679804086685181,-0.0653790533542633,0.7630656361579895,0.5092501640319824,-0.04428427293896675,0.7596530318260193,0.4101644456386566,-0.07529330253601074,0.7504812479019165,0.35641276836395264,-0.07378839701414108,0.7381526827812195,0.3088923692703247,-0.0646662712097168,I_HATE_YOU
0.7343072891235352,0.7410540580749512,5.720395961361646e-07,0.6485220789909363,0.7354875802993774,-0.028788400813937187,0.562722384929657,0.650412917137146,-0.03659031167626381,0.5138437747955322,0.5698606967926025,-0.0447494313120842,0.4663740396499634,0.5184455513954163,-0.04938233271241188,0.5750084519386292,0.5293270349502563,-0.00832115113735199,0.5189505219459534,0.43985122442245483,-0.028291430324316025,0.4862053394317627,0.38606613874435425,-0.041484057903289795,0.46051591634750366,0.33292245864868164,-0.04874979704618454,0.6156181693077087,0.4905228614807129,-0.009352139197289944,0.5694122314453125,0.39483562111854553,-0.036888182163238525,0.537559986114502,0.32229405641555786,-0.055699437856674194,0.5156269669532776,0.2571652829647064,-0.06498471647500992,0.6627622246742249,0.47367164492607117,-0.015238769352436066,0.6328445076942444,0.42257362604141235,-0.053761158138513565,0.6398714780807495,0.5015867352485657,-0.05322076752781868,0.6490009427070618,0.5679422616958618,-0.03872894495725632,0.7145640850067139,0.4633195102214813,-0.02419220469892025,0.6867330074310303,0.37580281496047974,-0.048618726432323456,0.6647526621818542,0.32219117879867554,-0.04803967848420143,0.6397163271903992,0.2755143642425537,-0.04130451753735542,I_HATE_YOU
0.7247812151908875,0.7271449565887451,5.24206541285821e-07,0.6420992612838745,0.7245355248451233,-0.02992597408592701,0.5542382001876831,0.6431185603141785,-0.03822728246450424,0.5029349327087402,0.5593995451927185,-0.04653148353099823,0.4503985643386841,0.5149123668670654,-0.05203220248222351,0.56450355052948,0.5164763927459717,-0.007387214340269566,0.5037164092063904,0.43151047825813293,-0.02578374743461609,0.4702693819999695,0.38528743386268616,-0.03853905573487282,0.44309958815574646,0.3367512822151184,-0.04762246087193489,0.6066115498542786,0.475004106760025,-0.009813431650400162,0.5689647197723389,0.3682135045528412,-0.03278142586350441,0.5432169437408447,0.2964092493057251,-0.049968063831329346,0.5244513154029846,0.23309460282325745,-0.060494810342788696,0.6539308428764343,0.4592079222202301,-0.01776590198278427,0.6234080195426941,0.3723013699054718,-0.049611896276474,0.616049587726593,0.3861299157142639,-0.053203534334897995,0.6120038032531738,0.40030884742736816,-0.048089127987623215,0.704175591468811,0.45542773604393005,-0.028946131467819214,0.6777020692825317,0.3700844347476959,-0.05374157056212425,0.6572524905204773,0.31448161602020264,-0.057102203369140625,0.6357179880142212,0.2628936171531677,-0.055769965052604675,I_HATE_YOU
0.7651935815811157,0.9016662240028381,4.4775285346077e-07,0.6986719369888306,0.8710589408874512,-0.02047230675816536,0.6484213471412659,0.7932868599891663,-0.024957425892353058,0.6250784397125244,0.7231809496879578,-0.029747262597084045,0.5985057950019836,0.6723983883857727,-0.031696170568466187,0.6773166656494141,0.7170701622962952,-0.0028470822144299746,0.6490287184715271,0.6419510245323181,-0.015726137906312943,0.634657621383667,0.5959141850471497,-0.023912232369184494,0.6244868040084839,0.5525712966918945,-0.028621863573789597,0.7113264799118042,0.701371431350708,-0.003439299762248993,0.690850019454956,0.6245632171630859,-0.022746220231056213,0.6770914793014526,0.568455696105957,-0.03635461628437042,0.6696189641952515,0.5208812355995178,-0.043322447687387466,0.7475112676620483,0.7003881335258484,-0.007843628525733948,0.7299963235855103,0.6578728556632996,-0.036281704902648926,0.7215420603752136,0.7111348509788513,-0.03810560330748558,0.7173195481300354,0.7552701830863953,-0.029618820175528526,0.7873809337615967,0.7048355340957642,-0.014423485845327377,0.7830684185028076,0.6401126980781555,-0.03419113904237747,0.7764767408370972,0.5980556011199951,-0.037155620753765106,0.7669553756713867,0.5588467717170715,-0.03484595939517021,I_HATE_YOU
0.7585809826850891,0.9032117128372192,2.7667255153573933e-07,0.6977509260177612,0.863722562789917,-0.014704660512506962,0.6531795859336853,0.7813528776168823,-0.017542559653520584,0.6332056522369385,0.7117997407913208,-0.022860458120703697,0.6084522008895874,0.6618341207504272,-0.025619102641940117,0.6884703040122986,0.7048271298408508,0.0077874669805169106,0.6618698239326477,0.6331702470779419,-0.005818730220198631,0.6470457315444946,0.590372622013092,-0.01514953002333641,0.6369278430938721,0.551197350025177,-0.019912002608180046,0.7222206592559814,0.6929967999458313,0.0030473265796899796,0.7018237113952637,0.6173305511474609,-0.017963528633117676,0.6881871819496155,0.5616732835769653,-0.03401574864983559,0.6794689893722534,0.5141198039054871,-0.04143540933728218,0.7577568292617798,0.6954271793365479,-0.005489425268024206,0.7412481307983398,0.6565548777580261,-0.03563164547085762,0.7310374975204468,0.7017765641212463,-0.039681341499090195,0.7236986756324768,0.7414031624794006,-0.031342968344688416,0.7968860268592834,0.7043629288673401,-0.015642782673239708,0.7892455458641052,0.6400291919708252,-0.03363506495952606,0.7785592079162598,0.5968093276023865,-0.03466053307056427,0.7639847993850708,0.5590642094612122,-0.03046935237944126,I_HATE_YOU
0.7559067606925964,0.9069569110870361,3.0865925282341777e-07,0.6946167349815369,0.8704593181610107,-0.01793345808982849,0.6472778916358948,0.7880931496620178,-0.022749800235033035,0.6273654103279114,0.7185562252998352,-0.02918124385178089,0.601473331451416,0.6653315424919128,-0.03267747163772583,0.6821454167366028,0.70777428150177,0.0032453967723995447,0.6566187739372253,0.6336579322814941,-0.010944891721010208,0.6427111029624939,0.5898366570472717,-0.020654873922467232,0.6335071325302124,0.5502991676330566,-0.026190433651208878,0.7176324129104614,0.6970142126083374,-0.0007987373974174261,0.697175145149231,0.6186540722846985,-0.022868670523166656,0.6826008558273315,0.5610190629959106,-0.03881547227501869,0.6732083559036255,0.5117329955101013,-0.04640218988060951,0.7553527355194092,0.6999961733818054,-0.008778397925198078,0.7389627695083618,0.6504619717597961,-0.039391662925481796,0.7292076349258423,0.696760892868042,-0.041327010840177536,0.7226496338844299,0.737947940826416,-0.0320417545735836,0.7958530783653259,0.7098227739334106,-0.01885443739593029,0.7873702049255371,0.6453368067741394,-0.03866482898592949,0.7765917778015137,0.6017093658447266,-0.040179092437028885,0.7626526355743408,0.5617148280143738,-0.03640757501125336,I_HATE_YOU
0.766204297542572,0.9127634763717651,4.759620821914723e-07,0.6981830596923828,0.8848078846931458,-0.022837026044726372,0.6434271931648254,0.808014988899231,-0.029003528878092766,0.6179523468017578,0.7331297397613525,-0.035284560173749924,0.5892257690429688,0.6749935150146484,-0.03835854306817055,0.6674023866653442,0.7293931841850281,-0.007583304308354855,0.6373996138572693,0.6486117243766785,-0.023161161690950394,0.619517982006073,0.6000839471817017,-0.03294327110052109,0.604947030544281,0.5546646118164062,-0.0388675257563591,0.7033054828643799,0.7102508544921875,-0.008163483813405037,0.6809370517730713,0.6252768039703369,-0.03253694251179695,0.6620291471481323,0.5648249983787537,-0.04922734573483467,0.6497154235839844,0.5109873414039612,-0.05765751376748085,0.7419880628585815,0.708052396774292,-0.012019614689052105,0.7286075353622437,0.6531530618667603,-0.04327014088630676,0.7270839214324951,0.7148304581642151,-0.04098200425505638,0.7275643944740295,0.7641085982322693,-0.028826557099819183,0.7835224270820618,0.7131438851356506,-0.018432937562465668,0.7780972719192505,0.6472625136375427,-0.039984654635190964,0.7710971832275391,0.6033168435096741,-0.04034373164176941,0.7611198425292969,0.5602325797080994,-0.03527512028813362,I_HATE_YOU
0.768831729888916,0.9277679920196533,5.069987309980206e-07,0.6983932852745056,0.9046448469161987,-0.024681081995368004,0.6374580264091492,0.8270106315612793,-0.031048111617565155,0.6060172319412231,0.7524105906486511,-0.03719959408044815,0.574126124382019,0.6972870826721191,-0.039556387811899185,0.659042239189148,0.7396955490112305,-0.007982606068253517,0.6237602233886719,0.6562141180038452,-0.022771287709474564,0.6035685539245605,0.6087682843208313,-0.031188074499368668,0.5867606401443481,0.5653563737869263,-0.03620292618870735,0.6939014196395874,0.7175278663635254,-0.0077171023003757,0.6670769453048706,0.6302126049995422,-0.030779406428337097,0.6466611623764038,0.5697404146194458,-0.0457235723733902,0.6326368451118469,0.5168269276618958,-0.052946120500564575,0.7326328158378601,0.7128480672836304,-0.011253350414335728,0.7152476906776428,0.6575701236724854,-0.04189937561750412,0.7174126505851746,0.7224718928337097,-0.03900784254074097,0.7201622128486633,0.773970901966095,-0.026422647759318352,0.7752619385719299,0.7159555554389954,-0.0176237765699625,0.7683982849121094,0.6498678922653198,-0.03942842781543732,0.7613730430603027,0.6083966493606567,-0.040470100939273834,0.7512089610099792,0.5670986175537109,-0.03581099212169647,I_HATE_YOU
0.7090067267417908,0.9025279879570007,4.416958176989283e-07,0.6406126022338867,0.8813864588737488,-0.02100754715502262,0.579445481300354,0.8065690994262695,-0.02628476545214653,0.5475924611091614,0.7375712394714355,-0.032600417733192444,0.5127511024475098,0.6903581023216248,-0.03606477007269859,0.6001375317573547,0.721136748790741,-0.0015607018722221255,0.5653824806213379,0.6485371589660645,-0.01625020056962967,0.5445157289505005,0.6039615869522095,-0.02587982453405857,0.5265136957168579,0.5619029998779297,-0.0317574106156826,0.6346414685249329,0.6992804408073425,-0.0036803656257689,0.6052368879318237,0.6225875616073608,-0.027221638709306717,0.5815365314483643,0.5688126087188721,-0.04324202984571457,0.5614738464355469,0.5187860727310181,-0.05105319619178772,0.6740630269050598,0.6916518807411194,-0.009652633219957352,0.6520411968231201,0.6500571966171265,-0.04249022528529167,0.6528283357620239,0.7114315032958984,-0.04257824644446373,0.654640257358551,0.7615833282470703,-0.03135618939995766,0.7181075215339661,0.6904296278953552,-0.017857518047094345,0.7090460658073425,0.6259883046150208,-0.03894892334938049,0.6996147036552429,0.586679995059967,-0.03937810659408569,0.685154139995575,0.5517596006393433,-0.03449571505188942,I_HATE_YOU
0.6136383414268494,0.886947512626648,3.3620389672250894e-07,0.5474557280540466,0.8642632365226746,-0.014341160655021667,0.4897403419017792,0.7981550693511963,-0.018434032797813416,0.45546701550483704,0.7385484576225281,-0.024842264130711555,0.4204876124858856,0.6966040134429932,-0.028720876201987267,0.5129274129867554,0.7077126502990723,0.006176389753818512,0.47400498390197754,0.6422104835510254,-0.008131112903356552,0.45073485374450684,0.6019307374954224,-0.01803019270300865,0.4319615960121155,0.5646921396255493,-0.023664427921175957,0.5434989333152771,0.6856474280357361,0.0009286298882216215,0.5113935470581055,0.606910765171051,-0.019689153879880905,0.4882156252861023,0.5533064603805542,-0.03403857722878456,0.4695964455604553,0.5085575580596924,-0.040701724588871,0.580122709274292,0.6768416166305542,-0.008017150685191154,0.5504996180534363,0.6298760175704956,-0.03700851649045944,0.5416542887687683,0.6710835695266724,-0.03934807330369949,0.5356138348579407,0.7093979120254517,-0.03104380890727043,0.6221217513084412,0.6757347583770752,-0.018643753603100777,0.6080106496810913,0.6108471751213074,-0.03715212270617485,0.5908535122871399,0.5697118639945984,-0.038605328649282455,0.5687331557273865,0.5346894264221191,-0.03518417850136757,I_HATE_YOU
0.5861456394195557,0.8683002591133118,2.871611002319696e-07,0.5247904658317566,0.8516528606414795,-0.013588185422122478,0.46534937620162964,0.7848191857337952,-0.0189791452139616,0.43041613698005676,0.725460946559906,-0.026736916974186897,0.39515888690948486,0.6847147941589355,-0.03208770975470543,0.48724159598350525,0.6900965571403503,0.0010447069071233273,0.448795348405838,0.6243544220924377,-0.01545780897140503,0.4249996244907379,0.5885297656059265,-0.026734789833426476,0.4067912697792053,0.5566594004631042,-0.03264588117599487,0.5168591737747192,0.670634388923645,-0.004083775915205479,0.4832075238227844,0.5949230194091797,-0.0264882892370224,0.4554364085197449,0.5444096326828003,-0.04193364083766937,0.4340110123157501,0.5024591684341431,-0.049087267369031906,0.5518127679824829,0.6621361374855042,-0.012087961658835411,0.5242812037467957,0.6177747845649719,-0.04000845178961754,0.5178020000457764,0.6652928590774536,-0.03910986706614494,0.5151830911636353,0.7089741826057434,-0.028312677517533302,0.5912449359893799,0.6597092747688293,-0.021816182881593704,0.5749362111091614,0.5937769412994385,-0.038460392504930496,0.5573477745056152,0.5552520751953125,-0.03644108772277832,0.5353589057922363,0.5256175994873047,-0.030075715854763985,I_HATE_YOU
0.5833100080490112,0.8692072033882141,2.4801212816782936e-07,0.521999716758728,0.8491034507751465,-0.013093753717839718,0.46550947427749634,0.778464138507843,-0.017418140545487404,0.4334871172904968,0.7154510617256165,-0.024262327700853348,0.3988916873931885,0.6735026240348816,-0.028988393023610115,0.48906397819519043,0.6853825449943542,0.004695449490100145,0.45116209983825684,0.6213421821594238,-0.010064794681966305,0.4292532205581665,0.5849236845970154,-0.020568644627928734,0.4115675389766693,0.5494000315666199,-0.026743194088339806,0.5192255973815918,0.6635507941246033,-0.0011291190749034286,0.48769015073776245,0.5877655744552612,-0.022228974848985672,0.46456775069236755,0.5386031866073608,-0.037723567336797714,0.4455310106277466,0.4964637756347656,-0.04529314115643501,0.5547666549682617,0.6556008458137512,-0.010069379583001137,0.526150643825531,0.6131163239479065,-0.03883332386612892,0.5129526257514954,0.6553038358688354,-0.04102405905723572,0.5031670928001404,0.6931784152984619,-0.03267042711377144,0.5955917835235596,0.6554244756698608,-0.020422253757715225,0.5789984464645386,0.589103639125824,-0.038171716034412384,0.5635232329368591,0.5486747622489929,-0.03791685029864311,0.543457567691803,0.5149770379066467,-0.03315256908535957,I_HATE_YOU
0.6180858016014099,0.8668015599250793,2.5779985435292474e-07,0.5568597316741943,0.8389902114868164,-0.013773840852081776,0.5076386332511902,0.7655453681945801,-0.018808456137776375,0.4780629575252533,0.703420102596283,-0.026063231751322746,0.44642820954322815,0.6602582931518555,-0.03186735883355141,0.5341947078704834,0.6780468225479126,0.0024775066412985325,0.505744457244873,0.6127522587776184,-0.013389553874731064,0.4860075116157532,0.5713692903518677,-0.02580614760518074,0.4703492224216461,0.533014714717865,-0.03384968638420105,0.5660184025764465,0.6625964641571045,-0.0025372272357344627,0.5400652289390564,0.5872267484664917,-0.024075627326965332,0.5179961323738098,0.53733229637146,-0.04046519845724106,0.5014065504074097,0.49262213706970215,-0.049428582191467285,0.6044450402259827,0.6614961624145508,-0.01066848635673523,0.5826622843742371,0.6110566854476929,-0.04022590443491936,0.5539515018463135,0.6422960758209229,-0.04485248401761055,0.5309978723526001,0.673401415348053,-0.039044879376888275,0.6484091281890869,0.6693475246429443,-0.019872566685080528,0.6387321949005127,0.5989338159561157,-0.04065265133976936,0.6251940727233887,0.556232213973999,-0.043144237250089645,0.6073116064071655,0.5233635902404785,-0.040189798921346664,I_HATE_YOU
0.6470920443534851,0.8253113031387329,3.6951433912690845e-07,0.58275306224823,0.8027156591415405,-0.010250718332827091,0.5324220657348633,0.7303187847137451,-0.011801188811659813,0.5172466039657593,0.6592683792114258,-0.015588822774589062,0.5030298233032227,0.6026440262794495,-0.016855869442224503,0.5582001209259033,0.647698163986206,-5.9237867390038446e-05,0.5349403619766235,0.5700781345367432,-0.012480638921260834,0.5214892029762268,0.5215432643890381,-0.019895227625966072,0.5121536254882812,0.4794326424598694,-0.023470785468816757,0.5915476083755493,0.6297428011894226,-0.005228464026004076,0.5653855204582214,0.5479111671447754,-0.02686464414000511,0.5460154414176941,0.4930887222290039,-0.04022003710269928,0.5337522625923157,0.4453445076942444,-0.045605309307575226,0.6292708516120911,0.624608039855957,-0.01215749979019165,0.6088210344314575,0.575288712978363,-0.040938153862953186,0.6040849685668945,0.6357614398002625,-0.03768731281161308,0.6035169363021851,0.6874568462371826,-0.024639949202537537,0.6709846258163452,0.626024067401886,-0.020406121388077736,0.663234531879425,0.5598952174186707,-0.03952094539999962,0.6539620161056519,0.51698899269104,-0.037860166281461716,0.6401291489601135,0.47824394702911377,-0.031056197360157967,I_HATE_YOU
0.6478466391563416,0.8225501775741577,3.7832288057870755e-07,0.584420919418335,0.7982883453369141,-0.013438361696898937,0.5357266068458557,0.7225115895271301,-0.01712065562605858,0.5198240280151367,0.6528564691543579,-0.022844456136226654,0.505558431148529,0.5957487225532532,-0.025988446548581123,0.5590193271636963,0.638933002948761,-0.00401628203690052,0.5367946028709412,0.55962735414505,-0.018163546919822693,0.5257889032363892,0.5109447240829468,-0.02663203328847885,0.5181699991226196,0.467862606048584,-0.03087565489113331,0.5934772491455078,0.6224284172058105,-0.008407769724726677,0.5678887963294983,0.5383124351501465,-0.031481724232435226,0.548902690410614,0.48154935240745544,-0.04534563049674034,0.5363761186599731,0.43214645981788635,-0.05091564357280731,0.6322973966598511,0.6191959977149963,-0.014790347777307034,0.6106383204460144,0.5667522549629211,-0.04394351691007614,0.6070764660835266,0.6316767930984497,-0.039106521755456924,0.6072008609771729,0.6855278015136719,-0.024658028036355972,0.674248456954956,0.6220691800117493,-0.022931883111596107,0.6632463932037354,0.5565585494041443,-0.04199599102139473,0.6519598364830017,0.5146756172180176,-0.03969468176364899,0.6363680958747864,0.4749806225299835,-0.0323217399418354,I_HATE_YOU
0.6486749649047852,0.8283202052116394,3.685464662339655e-07,0.5863671898841858,0.80491703748703,-0.011260108090937138,0.5376236438751221,0.7281925678253174,-0.012684796936810017,0.5220233798027039,0.6574114561080933,-0.016185492277145386,0.5083132982254028,0.6038256883621216,-0.017376156523823738,0.5618930459022522,0.6458113193511963,0.0023342189379036427,0.5383843779563904,0.5725468993186951,-0.00840530265122652,0.5264722108840942,0.5266132354736328,-0.014419540762901306,0.5197122693061829,0.48697930574417114,-0.017109006643295288,0.5966219305992126,0.6292325258255005,-0.0025089590344578028,0.5724883675575256,0.5488173365592957,-0.021809352561831474,0.5556941628456116,0.49361515045166016,-0.034258466213941574,0.5453580021858215,0.44657599925994873,-0.03920022398233414,0.6360040307044983,0.6254307627677917,-0.009671485982835293,0.6135371923446655,0.5767278671264648,-0.03920862823724747,0.6053350567817688,0.6329309344291687,-0.03947983682155609,0.6023154258728027,0.681177020072937,-0.028927898034453392,0.6788300275802612,0.6293356418609619,-0.017751751467585564,0.671288251876831,0.5670657157897949,-0.03719921037554741,0.663073718547821,0.527083158493042,-0.037477899342775345,0.6516459584236145,0.4900636672973633,-0.032529380172491074,I_HATE_YOU
0.6475138068199158,0.8349094390869141,3.8482872355416475e-07,0.5870004296302795,0.8130640387535095,-0.0118058230727911,0.5357210040092468,0.7362976670265198,-0.014215612784028053,0.5208519101142883,0.6668121814727783,-0.01884004846215248,0.5038976669311523,0.609194278717041,-0.020745232701301575,0.5547002553939819,0.6420385241508484,0.0030204281210899353,0.5288378000259399,0.5747354626655579,-0.007065758574754,0.5135958194732666,0.5326617956161499,-0.013056543655693531,0.5032914876937866,0.4956745505332947,-0.015768418088555336,0.5910462737083435,0.625437319278717,-0.0026313408743590117,0.5666911005973816,0.5465652346611023,-0.02068736031651497,0.5485751628875732,0.4911595582962036,-0.03230898454785347,0.5366849899291992,0.44434353709220886,-0.03655713424086571,0.6315646767616272,0.6234090924263,-0.010921075008809566,0.6120248436927795,0.580447256565094,-0.03936824947595596,0.6068146228790283,0.6440696716308594,-0.03804346174001694,0.6047690510749817,0.6973074078559875,-0.02609972096979618,0.6752634048461914,0.6292601823806763,-0.020413294434547424,0.6672059893608093,0.56485915184021,-0.0386107861995697,0.6573354005813599,0.5264113545417786,-0.03682280331850052,0.642702579498291,0.4908405840396881,-0.03021313063800335,I_HATE_YOU
0.6308867931365967,0.8203461170196533,3.768561214201327e-07,0.5700960159301758,0.8029269576072693,-0.014204800128936768,0.518281877040863,0.7269148826599121,-0.018900010734796524,0.5009695291519165,0.6557909250259399,-0.025391507893800735,0.48353490233421326,0.6031510233879089,-0.029274629428982735,0.5360974669456482,0.639507532119751,-0.006270236801356077,0.508410632610321,0.5659894943237305,-0.022209301590919495,0.4934946894645691,0.5224385857582092,-0.03212841972708702,0.48311299085617065,0.4808483421802521,-0.03803834319114685,0.570158839225769,0.6207135319709778,-0.010671228170394897,0.5443116426467896,0.54096519947052,-0.03665565699338913,0.5243081450462341,0.4878295660018921,-0.05258903279900551,0.5112900137901306,0.43764665722846985,-0.06016547232866287,0.608612596988678,0.61651611328125,-0.017034068703651428,0.5874291658401489,0.5640705823898315,-0.04820775240659714,0.5832109451293945,0.6296530365943909,-0.043657854199409485,0.583364725112915,0.6842003464698792,-0.030159587040543556,0.6506946682929993,0.6195085644721985,-0.025134015828371048,0.6384845972061157,0.555195152759552,-0.04548085853457451,0.6264476180076599,0.5148754119873047,-0.04344017431139946,0.609991192817688,0.47713395953178406,-0.03687135875225067,I_HATE_YOU
0.7825899720191956,0.9970554113388062,3.466622047199053e-07,0.7113654613494873,0.9518051743507385,-0.02764175273478031,0.6605135798454285,0.8474386930465698,-0.03692563250660896,0.6342931985855103,0.7546260952949524,-0.04427769407629967,0.5934901237487793,0.6975513696670532,-0.050978440791368484,0.6836768388748169,0.7265501618385315,-0.010136891156435013,0.6483554244041443,0.6321879625320435,-0.02971465140581131,0.628786027431488,0.5742352604866028,-0.04780644550919533,0.6147687435150146,0.5185838341712952,-0.06247621029615402,0.7319947481155396,0.7084996700286865,-0.014797018840909004,0.7098441123962402,0.596039354801178,-0.029675304889678955,0.6990450620651245,0.5269887447357178,-0.046328842639923096,0.6906662583351135,0.46611207723617554,-0.05990898981690407,0.7812412977218628,0.7207118272781372,-0.024755313992500305,0.7726402878761292,0.6156737804412842,-0.04386289417743683,0.7689692974090576,0.5460043549537659,-0.05776655301451683,0.7640196084976196,0.4803313612937927,-0.06902914494276047,0.83095383644104,0.754494309425354,-0.03774721175432205,0.8412255644798279,0.6735929250717163,-0.05642693117260933,0.8498549461364746,0.6187169551849365,-0.06392642855644226,0.8557928800582886,0.5644515156745911,-0.06982538104057312,HELLO
0.7617480754852295,0.9978669881820679,3.553207079676213e-07,0.6897345185279846,0.9493419528007507,-0.025501856580376625,0.6421363353729248,0.8543656468391418,-0.035536885261535645,0.614695131778717,0.7695552706718445,-0.04444357007741928,0.5736859440803528,0.7154810428619385,-0.053009700030088425,0.6647213697433472,0.7338622808456421,-0.008858134970068932,0.6296830773353577,0.6401926875114441,-0.02860932983458042,0.6089951992034912,0.5818672180175781,-0.04708387702703476,0.5927815437316895,0.5263150930404663,-0.062081899493932724,0.713320255279541,0.7161314487457275,-0.015655044466257095,0.692865252494812,0.6036515831947327,-0.03216142952442169,0.681359589099884,0.5329627394676208,-0.05120163410902023,0.6716512441635132,0.469252347946167,-0.06612352281808853,0.762225866317749,0.728257954120636,-0.027434924617409706,0.7574672102928162,0.622025728225708,-0.04898440092802048,0.7574701309204102,0.548806369304657,-0.06611355394124985,0.7551594972610474,0.4793115258216858,-0.07900916039943695,0.8106634020805359,0.7622647285461426,-0.04166090488433838,0.8232399225234985,0.6817995309829712,-0.06239694356918335,0.8328911066055298,0.6261963844299316,-0.07127254456281662,0.8393839597702026,0.5708196759223938,-0.07783770561218262,HELLO
0.7190600037574768,1.0201807022094727,3.1799928024156543e-07,0.648972749710083,0.9632009267807007,-0.017066696658730507,0.6091539859771729,0.8569952249526978,-0.019362691789865494,0.5939297676086426,0.7657487392425537,-0.022236419841647148,0.5619027614593506,0.7031972408294678,-0.025079254060983658,0.6434809565544128,0.7393347024917603,0.006816805340349674,0.6142610907554626,0.6421164274215698,-0.007031881716102362,0.5967195630073547,0.5820604562759399,-0.022069640457630157,0.5836905241012573,0.5260084867477417,-0.03513920679688454,0.6915752291679382,0.7301856279373169,-0.0024388236925005913,0.6751298904418945,0.6101534962654114,-0.015138114802539349,0.6662777662277222,0.5357905626296997,-0.032774318009614944,0.6597511172294617,0.471782922744751,-0.04638195037841797,0.7380514740943909,0.7523679137229919,-0.016598137095570564,0.7375541925430298,0.6389976143836975,-0.03688087314367294,0.7385109066963196,0.5639939904212952,-0.054845940321683884,0.7374110221862793,0.49500706791877747,-0.06795542687177658,0.784613847732544,0.7957348227500916,-0.032405588775873184,0.8046481013298035,0.7104730010032654,-0.0534224659204483,0.8166449666023254,0.6526866555213928,-0.06369227916002274,0.8243029713630676,0.5945056080818176,-0.07121788710355759,HELLO
0.7209892868995667,0.9097310304641724,3.6906928357893776e-07,0.6442009210586548,0.8626253604888916,-0.02437552809715271,0.5900991559028625,0.7622877359390259,-0.03516191616654396,0.5631561279296875,0.6729211807250977,-0.04519016668200493,0.5189129114151001,0.618313193321228,-0.055677108466625214,0.6125187277793884,0.6324722170829773,-0.014934404753148556,0.5730790495872498,0.5309834480285645,-0.03865528106689453,0.5513817071914673,0.4674602448940277,-0.05960121005773544,0.5348801612854004,0.40679389238357544,-0.07653940469026566,0.6638883948326111,0.6134093403816223,-0.024639250710606575,0.6372684240341187,0.49123162031173706,-0.04488123208284378,0.6218395829200745,0.415413498878479,-0.06622670590877533,0.6078736186027527,0.3490676283836365,-0.08321523666381836,0.7152973413467407,0.6265729665756226,-0.03903346508741379,0.7077705264091492,0.5071255564689636,-0.0642533153295517,0.7053076028823853,0.4298681318759918,-0.08340255171060562,0.699863076210022,0.35980328917503357,-0.09815632551908493,0.7662926912307739,0.6635649800300598,-0.055625591427087784,0.7829607725143433,0.5760541558265686,-0.08002140372991562,0.7935395836830139,0.516711950302124,-0.09134776145219803,0.7981927990913391,0.4601811468601227,-0.10009976476430893,HELLO
0.7073272466659546,0.8276630640029907,3.0856071475682256e-07,0.6316605806350708,0.7951963543891907,-0.02741686999797821,0.5734239816665649,0.706702709197998,-0.036805905401706696,0.5398221611976624,0.6199744343757629,-0.045125704258680344,0.49216753244400024,0.5714483857154846,-0.053378090262413025,0.5814583897590637,0.5756903886795044,-0.005861025303602219,0.5356172919273376,0.4886435270309448,-0.025515485554933548,0.5091308951377869,0.43348991870880127,-0.0451229065656662,0.48835569620132446,0.3805188536643982,-0.060969457030296326,0.6294658780097961,0.544409990310669,-0.011361236684024334,0.5964541435241699,0.4380287528038025,-0.026522669941186905,0.5765968561172485,0.3730701208114624,-0.04556670039892197,0.5585842132568359,0.31540411710739136,-0.06102307140827179,0.6793463826179504,0.5449826717376709,-0.02247384376823902,0.6664741635322571,0.4401402771472931,-0.04208514839410782,0.6581760048866272,0.3739503026008606,-0.05775224417448044,0.6472971439361572,0.31248384714126587,-0.0700971931219101,0.7291512489318848,0.5690889358520508,-0.03663783147931099,0.7314727306365967,0.48631739616394043,-0.054620906710624695,0.7339723706245422,0.43226882815361023,-0.062008365988731384,0.7321494221687317,0.37991851568222046,-0.06805749982595444,HELLO
0.7222781181335449,0.7451246380805969,3.931973822091095e-07,0.6534343957901001,0.7335952520370483,-0.033989109098911285,0.5896509885787964,0.6810269355773926,-0.05412101745605469,0.5402920246124268,0.6253253817558289,-0.07167604565620422,0.48537370562553406,0.6008821129798889,-0.08948882669210434,0.5875222682952881,0.543690025806427,-0.029239574447274208,0.5333876609802246,0.46948862075805664,-0.055528078228235245,0.501252293586731,0.4218776822090149,-0.0780622661113739,0.47473180294036865,0.37263578176498413,-0.095807746052742,0.6270109415054321,0.5041042566299438,-0.03337806090712547,0.583134651184082,0.40798354148864746,-0.05554769188165665,0.5561398267745972,0.3463987112045288,-0.07619144022464752,0.5315761566162109,0.29044491052627563,-0.09246553480625153,0.6741673350334167,0.49476051330566406,-0.042156655341386795,0.6510257720947266,0.39652255177497864,-0.06593810766935349,0.6361730098724365,0.33116424083709717,-0.08128827065229416,0.6198187470436096,0.27131202816963196,-0.09307558089494705,0.7244983911514282,0.5076955556869507,-0.054053548723459244,0.7204752564430237,0.4303748309612274,-0.07447201013565063,0.7165277600288391,0.3761705756187439,-0.08225846290588379,0.7093765735626221,0.3237758278846741,-0.08840786665678024,HELLO
0.7256651520729065,0.7053288221359253,3.6633696254284587e-07,0.6585285067558289,0.7146763801574707,-0.03307339921593666,0.5817711353302002,0.6925971508026123,-0.05476721003651619,0.5219183564186096,0.6680130958557129,-0.07402730733156204,0.4673626124858856,0.664750337600708,-0.09401460736989975,0.5660634636878967,0.553300678730011,-0.03737720474600792,0.4964149594306946,0.5039616823196411,-0.06714177131652832,0.45320045948028564,0.4714109003543854,-0.090486079454422,0.4150398373603821,0.43769773840904236,-0.10870857536792755,0.5985210537910461,0.5031140446662903,-0.04375896230340004,0.5377010703086853,0.4210694432258606,-0.07029113173484802,0.5008818507194519,0.36733192205429077,-0.09178859740495682,0.4665048122406006,0.3172600269317627,-0.10823702812194824,0.6436100006103516,0.48156505823135376,-0.054513078182935715,0.604047417640686,0.3883650302886963,-0.0850219801068306,0.5789405107498169,0.32398712635040283,-0.1042654812335968,0.5519954562187195,0.26396533846855164,-0.1179770827293396,0.6962631940841675,0.48197221755981445,-0.06765148043632507,0.6854865550994873,0.4046035408973694,-0.09513244777917862,0.6753262281417847,0.34826821088790894,-0.10725868493318558,0.6597782373428345,0.29363900423049927,-0.11617294698953629,HELLO
0.7235855460166931,0.7089641094207764,3.3141199651254283e-07,0.6514378190040588,0.7115859389305115,-0.022305773571133614,0.5720524787902832,0.6818686723709106,-0.03943406790494919,0.5147403478622437,0.6580051779747009,-0.055822502821683884,0.46121686697006226,0.6453446745872498,-0.07467901706695557,0.5589926242828369,0.5563819408416748,-0.03876565396785736,0.48557156324386597,0.5089067220687866,-0.07170863449573517,0.4389759302139282,0.4821878671646118,-0.09559132903814316,0.3961101174354553,0.45639172196388245,-0.11373268812894821,0.5928785800933838,0.5142655372619629,-0.05257364362478256,0.5263795852661133,0.43256521224975586,-0.08420392870903015,0.48363083600997925,0.3792162239551544,-0.10880856961011887,0.4437589645385742,0.3332473039627075,-0.12671330571174622,0.6396012306213379,0.5016857385635376,-0.06959046423435211,0.5954645276069641,0.4035686254501343,-0.10640697181224823,0.5657625198364258,0.33649832010269165,-0.1314961016178131,0.5329675674438477,0.2755025029182434,-0.14885713160037994,0.6943982839584351,0.5102794170379639,-0.08704397827386856,0.6861295700073242,0.43109118938446045,-0.12197291851043701,0.6758062839508057,0.3724852204322815,-0.13911190629005432,0.6585860252380371,0.3172610402107239,-0.15120476484298706,HELLO
0.6933282017707825,0.8539813160896301,4.255956582710496e-07,0.6237213015556335,0.7988477349281311,-0.02539926767349243,0.5743957161903381,0.7013156414031982,-0.041921377182006836,0.5429596900939941,0.6235862374305725,-0.057223595678806305,0.5011186599731445,0.572257936000824,-0.07456564903259277,0.6143599152565002,0.5712525844573975,-0.03301415219902992,0.5904036164283752,0.46801161766052246,-0.06240862235426903,0.5743816494941711,0.4064067006111145,-0.08662374317646027,0.5611037015914917,0.3477192521095276,-0.10570166260004044,0.6637128591537476,0.5657570958137512,-0.045305199921131134,0.6554180979728699,0.4379335641860962,-0.07225412875413895,0.6475242972373962,0.3575366735458374,-0.09753334522247314,0.638332724571228,0.28509488701820374,-0.11695541441440582,0.7102178335189819,0.5927854180335999,-0.06108419969677925,0.7198089957237244,0.47242140769958496,-0.09221000969409943,0.7256084084510803,0.39208877086639404,-0.11629306524991989,0.7269445657730103,0.3174256384372711,-0.13427937030792236,0.7531333565711975,0.6450477242469788,-0.07831889390945435,0.782690703868866,0.5676019787788391,-0.10919664800167084,0.800920307636261,0.5106019973754883,-0.12487287819385529,0.8137246370315552,0.4531129002571106,-0.13635745644569397,HELLO
0.6932814121246338,0.8957209587097168,4.5467604081750324e-07,0.6242098212242126,0.8353919982910156,-0.029681501910090446,0.5781118273735046,0.7230276465415955,-0.04472922533750534,0.5511136651039124,0.6339296102523804,-0.05811041593551636,0.5088419914245605,0.5798043608665466,-0.07255684584379196,0.6297369003295898,0.5949516296386719,-0.027372904121875763,0.6108013391494751,0.48416978120803833,-0.05435879901051521,0.6032548546791077,0.41503095626831055,-0.07688674330711365,0.6022588610649109,0.3522614538669586,-0.09457021951675415,0.6837100386619568,0.5913515090942383,-0.03586411476135254,0.6800562143325806,0.4633132815361023,-0.058972716331481934,0.6803752779960632,0.3831058740615845,-0.08153419941663742,0.6829212307929993,0.3123886287212372,-0.09931192547082901,0.7334060072898865,0.6187482476234436,-0.04886702075600624,0.7456867098808289,0.5017558336257935,-0.07546824216842651,0.7556639313697815,0.4256964921951294,-0.09538297355175018,0.7643336653709412,0.3552851676940918,-0.11086242645978928,0.7792199850082397,0.6702063083648682,-0.0644429475069046,0.8122791051864624,0.5916851758956909,-0.08929421007633209,0.8361920118331909,0.5359782576560974,-0.1011785939335823,0.856987714767456,0.4799922704696655,-0.11047159135341644,HELLO
0.7610968351364136,0.7808735370635986,3.454441923622653e-07,0.7080755233764648,0.7430949807167053,-0.030084609985351562,0.6761595606803894,0.6604471206665039,-0.04347238317131996,0.6574004292488098,0.5853845477104187,-0.05525307357311249,0.619196891784668,0.5479743480682373,-0.06666406989097595,0.671766459941864,0.5395202040672302,-0.014361287467181683,0.6454635858535767,0.44614377617836,-0.03621445223689079,0.6286604404449463,0.38630497455596924,-0.05731864646077156,0.6167517900466919,0.32960450649261475,-0.07384943962097168,0.7076141834259033,0.5152143239974976,-0.01701410301029682,0.6815289258956909,0.4076489806175232,-0.03351805731654167,0.6647918224334717,0.3418407738208771,-0.0524982251226902,0.650435745716095,0.2808220386505127,-0.06768513470888138,0.7448285222053528,0.5172358751296997,-0.02442062273621559,0.729538083076477,0.41536760330200195,-0.041089847683906555,0.7217786908149719,0.35268187522888184,-0.05479367822408676,0.713148295879364,0.2952796518802643,-0.06621101498603821,0.7848833203315735,0.5401799082756042,-0.035543978214263916,0.783605694770813,0.46794945001602173,-0.04916275665163994,0.782443106174469,0.419501394033432,-0.05546116828918457,0.7793955206871033,0.37261515855789185,-0.0613352470099926,HELLO
0.7401936054229736,0.7500650882720947,4.6335017600540596e-07,0.6993337869644165,0.7146947383880615,-0.037896327674388885,0.6812633872032166,0.6422882080078125,-0.05682689696550369,0.6760432720184326,0.5746046900749207,-0.07219410687685013,0.6466122269630432,0.5372622013092041,-0.08707664906978607,0.6687864065170288,0.5181432366371155,-0.027625497430562973,0.6561340093612671,0.42442193627357483,-0.05074923485517502,0.6472296118736267,0.36497023701667786,-0.07246533781290054,0.6416125297546387,0.3099694550037384,-0.08929552137851715,0.7032883167266846,0.5018072128295898,-0.02688828855752945,0.6901347637176514,0.39673009514808655,-0.045615699142217636,0.6806575059890747,0.3302944302558899,-0.06712114065885544,0.6724363565444946,0.2685629427433014,-0.084400475025177,0.7366777658462524,0.5091425180435181,-0.03072516620159149,0.7334457039833069,0.41230055689811707,-0.04934433102607727,0.7323484420776367,0.3514973521232605,-0.06664671003818512,0.7305198907852173,0.2961164712905884,-0.0806768462061882,0.7715332508087158,0.5355105996131897,-0.0385042168200016,0.7761258482933044,0.4680013060569763,-0.055063460022211075,0.78010094165802,0.42115160822868347,-0.06486175954341888,0.7827908396720886,0.3751763105392456,-0.07314752042293549,HELLO
0.7315851449966431,0.7349704504013062,3.8588402162531565e-07,0.6825427412986755,0.7036179900169373,-0.031339630484580994,0.6504707336425781,0.6286807060241699,-0.04397391527891159,0.6293971538543701,0.5598928928375244,-0.05396964028477669,0.5908657312393188,0.5362290740013123,-0.063820481300354,0.6620017886161804,0.5123811364173889,-0.01600482501089573,0.6412174701690674,0.4273343086242676,-0.03440749645233154,0.6284588575363159,0.3716334104537964,-0.05238965153694153,0.6211209893226624,0.3197823464870453,-0.06672205030918121,0.7008442878723145,0.49261474609375,-0.01631796546280384,0.6874070763587952,0.3917348384857178,-0.029514169320464134,0.6799461245536804,0.32724297046661377,-0.0450081005692482,0.6752486824989319,0.2704678177833557,-0.05741690471768379,0.7388091683387756,0.4988727867603302,-0.021359601989388466,0.7348365187644958,0.40523165464401245,-0.03514035418629646,0.7353702187538147,0.3457947373390198,-0.04716887325048447,0.7357780337333679,0.29207080602645874,-0.0571102574467659,0.7758034467697144,0.5238614678382874,-0.030133886262774467,0.7814528346061707,0.46090707182884216,-0.04181332513689995,0.7858506441116333,0.41745489835739136,-0.047368865460157394,0.7898921370506287,0.3750118017196655,-0.05238227918744087,HELLO
0.7276166677474976,0.7398033142089844,4.004452591743757e-07,0.6694625020027161,0.7092730402946472,-0.027999965474009514,0.6213656067848206,0.641567051410675,-0.04445592686533928,0.5848565697669983,0.586575448513031,-0.059035781770944595,0.5427479147911072,0.56180340051651,-0.07431789487600327,0.6508131623268127,0.5100155472755432,-0.02364858239889145,0.6246952414512634,0.4249417185783386,-0.04448793828487396,0.6105558276176453,0.37233486771583557,-0.06314164400100708,0.601525068283081,0.3230697512626648,-0.07798895984888077,0.6946302056312561,0.49304261803627014,-0.029046082869172096,0.6830266118049622,0.3905552625656128,-0.045638278126716614,0.6766698956489563,0.3270350694656372,-0.06230849772691727,0.6712867617607117,0.26997873187065125,-0.07588224112987518,0.7369632124900818,0.502336323261261,-0.03857019171118736,0.7375704050064087,0.4083176255226135,-0.057336874306201935,0.7411137819290161,0.34806495904922485,-0.07090136408805847,0.7431226372718811,0.29121071100234985,-0.08186459541320801,0.7759041786193848,0.5316275358200073,-0.05088634788990021,0.7862033247947693,0.4634113907814026,-0.06780575215816498,0.7972568273544312,0.41914206743240356,-0.07407712191343307,0.8068587183952332,0.3750799298286438,-0.07935548573732376,HELLO
0.6932662129402161,0.7360400557518005,4.2871494088103645e-07,0.6273511648178101,0.7068982720375061,-0.024984318763017654,0.5682352185249329,0.6393921375274658,-0.0405849814414978,0.5256302952766418,0.5906966924667358,-0.054550230503082275,0.48293864727020264,0.5744023323059082,-0.07035316526889801,0.6070167422294617,0.5132975578308105,-0.02951987273991108,0.5821001529693604,0.4290016293525696,-0.05287730321288109,0.5648415088653564,0.37775135040283203,-0.0724131315946579,0.5501897931098938,0.32940125465393066,-0.08824347704648972,0.6531760692596436,0.4973600208759308,-0.03817932680249214,0.6423083543777466,0.39224177598953247,-0.05874811112880707,0.6342551708221436,0.3252195715904236,-0.07805204391479492,0.6259911060333252,0.2633316218852997,-0.09331043809652328,0.6975765228271484,0.508709192276001,-0.050255995243787766,0.6990469098091125,0.4089391827583313,-0.07519996911287308,0.7012839913368225,0.34207552671432495,-0.0938105583190918,0.7005325555801392,0.2773441672325134,-0.10781726241111755,0.7396590709686279,0.5399709939956665,-0.06402576714754105,0.7570629119873047,0.4718235731124878,-0.08789429813623428,0.7715146541595459,0.42481228709220886,-0.09832270443439484,0.7816512584686279,0.3766252398490906,-0.10631831735372543,HELLO
0.648518443107605,0.7295454740524292,4.285450359020615e-07,0.581391453742981,0.7080624103546143,-0.023214809596538544,0.5165287256240845,0.6471914052963257,-0.03701147437095642,0.46923041343688965,0.604200541973114,-0.04960506036877632,0.4234667718410492,0.5922881364822388,-0.06405889987945557,0.5392442941665649,0.5158120393753052,-0.026824094355106354,0.4988689422607422,0.43519827723503113,-0.050394002348184586,0.4768173098564148,0.3812469244003296,-0.07051144540309906,0.45960819721221924,0.329227089881897,-0.08663585782051086,0.5827028155326843,0.49003127217292786,-0.035205524414777756,0.5573248863220215,0.3871710002422333,-0.05557788163423538,0.5431056022644043,0.3184571862220764,-0.07429228723049164,0.5299858450889587,0.25699737668037415,-0.08900275081396103,0.6285009980201721,0.49429211020469666,-0.04704117774963379,0.6257392168045044,0.3935416042804718,-0.07123903930187225,0.6235297918319702,0.32377082109451294,-0.08944190293550491,0.6174769997596741,0.2609885632991791,-0.10297375917434692,0.6736903786659241,0.5211116671562195,-0.06048125401139259,0.6914243102073669,0.44750189781188965,-0.08244889229536057,0.7021981477737427,0.3972553312778473,-0.09213680028915405,0.7060519456863403,0.3487280011177063,-0.09979867935180664,HELLO
0.6377791166305542,0.7346653342247009,3.9151413488980324e-07,0.5698156952857971,0.7272721529006958,-0.018504802137613297,0.4973635673522949,0.6847620010375977,-0.03260386362671852,0.44670170545578003,0.6534247994422913,-0.046536885201931,0.4004520773887634,0.6448056697845459,-0.06285397708415985,0.4924769103527069,0.5441691279411316,-0.028556931763887405,0.43437492847442627,0.4755333662033081,-0.053978294134140015,0.400313138961792,0.43281397223472595,-0.07448124140501022,0.3704506456851959,0.3931988477706909,-0.09047435224056244,0.5330584645271301,0.5123506784439087,-0.041257333010435104,0.49081626534461975,0.41219040751457214,-0.06456203758716583,0.46240657567977905,0.35027986764907837,-0.0849907323718071,0.43440935015678406,0.2985087037086487,-0.10028240829706192,0.5801010727882385,0.5103641152381897,-0.05673355609178543,0.5629320740699768,0.40300890803337097,-0.08430543541908264,0.5498255491256714,0.3320501446723938,-0.10414205491542816,0.5328985452651978,0.2695849537849426,-0.11853041499853134,0.6294987797737122,0.5320331454277039,-0.07296312600374222,0.6381098031997681,0.4536691904067993,-0.09935228526592255,0.6416187882423401,0.3995441794395447,-0.1105227842926979,0.6379544138908386,0.3489837646484375,-0.11854454129934311,HELLO
0.6485890746116638,0.7114899754524231,4.326672069510096e-07,0.5750947594642639,0.7091081738471985,-0.014727798290550709,0.5062397718429565,0.6641014814376831,-0.02785203419625759,0.4598439633846283,0.6300708055496216,-0.04170374199748039,0.414037823677063,0.6191999912261963,-0.05877358466386795,0.48910266160964966,0.5318478941917419,-0.03201151266694069,0.4267953932285309,0.46331360936164856,-0.059489428997039795,0.38867783546447754,0.42256802320480347,-0.08052535355091095,0.3537343144416809,0.38374820351600647,-0.09758799523115158,0.5232139825820923,0.5029573440551758,-0.049015626311302185,0.4702359139919281,0.4019506871700287,-0.07708470523357391,0.43219009041786194,0.3381885886192322,-0.10188759863376617,0.39639967679977417,0.28428903222084045,-0.12048807740211487,0.5662117004394531,0.5058379173278809,-0.06806232780218124,0.535629153251648,0.3965197801589966,-0.10130198299884796,0.509612500667572,0.32465386390686035,-0.12820783257484436,0.482151061296463,0.2597099244594574,-0.1477498710155487,0.612663745880127,0.5342932343482971,-0.08712106198072433,0.613710343837738,0.45915624499320984,-0.12196024507284164,0.6081637144088745,0.40296924114227295,-0.14135242998600006,0.5984513759613037,0.347589910030365,-0.15523409843444824,HELLO
0.6467782258987427,0.7378731966018677,4.554621568786388e-07,0.5726175308227539,0.7352207899093628,-0.025782953947782516,0.4959770143032074,0.6958647966384888,-0.04463088512420654,0.4377412497997284,0.6680258512496948,-0.06275036185979843,0.3840584456920624,0.670011579990387,-0.08342723548412323,0.4921152591705322,0.5450004935264587,-0.034961823374032974,0.4249015748500824,0.4788387715816498,-0.06299160420894623,0.3850724697113037,0.4367544651031494,-0.08556637167930603,0.35009193420410156,0.3943216800689697,-0.10345027595758438,0.5329333543777466,0.5045818090438843,-0.046513669192790985,0.48139068484306335,0.39960891008377075,-0.07162687182426453,0.448158323764801,0.3320119380950928,-0.09489043056964874,0.41619253158569336,0.2740965485572815,-0.11276774108409882,0.5825256705284119,0.49680542945861816,-0.06134561821818352,0.5558556318283081,0.38486987352371216,-0.09048310667276382,0.5364753603935242,0.30776447057724,-0.11286290735006332,0.5144668221473694,0.23984253406524658,-0.12898944318294525,0.6348698735237122,0.5132571458816528,-0.07765735685825348,0.6328744292259216,0.42684367299079895,-0.10392403602600098,0.6304517388343811,0.3656962215900421,-0.11578954011201859,0.6233037710189819,0.3093094527721405,-0.12478315085172653,HELLO
0.6442489624023438,0.7313362956047058,2.542447816722415e-07,0.5800439715385437,0.7045780420303345,-0.022497834637761116,0.5210362076759338,0.6223432421684265,-0.03092675842344761,0.48143380880355835,0.5553908348083496,-0.03870772197842598,0.4335225820541382,0.5278701782226562,-0.04681147262454033,0.5382413864135742,0.49068114161491394,-0.008319830521941185,0.49424248933792114,0.4095303416252136,-0.025590935721993446,0.4694976210594177,0.3585207760334015,-0.042375598102808,0.45058852434158325,0.310019314289093,-0.056646592915058136,0.5825478434562683,0.46695995330810547,-0.01524072140455246,0.551672637462616,0.3688820004463196,-0.029050633311271667,0.5350456237792969,0.307302862405777,-0.04461944103240967,0.5205624103546143,0.25400015711784363,-0.057743240147829056,0.6294385194778442,0.4716348648071289,-0.0269052404910326,0.6209989190101624,0.3741840720176697,-0.04536517709493637,0.6166492700576782,0.3104173243045807,-0.05830669775605202,0.6106257438659668,0.2533612847328186,-0.06874016672372818,0.6756346225738525,0.4966340661048889,-0.040978942066431046,0.6800410151481628,0.4194762408733368,-0.05784309282898903,0.6851397752761841,0.3670576214790344,-0.06422829627990723,0.6866433024406433,0.3150119185447693,-0.0699024349451065,HELLO
0.6892594695091248,0.8559718728065491,2.7627282861431013e-07,0.6291021108627319,0.7909144163131714,-0.025201698765158653,0.599612832069397,0.6962400674819946,-0.0381832979619503,0.5902618765830994,0.616148054599762,-0.050510987639427185,0.567648708820343,0.5513365864753723,-0.06299586594104767,0.6511833667755127,0.5967513918876648,-0.015323984436690807,0.645632803440094,0.5022900104522705,-0.03932621330022812,0.6441939473152161,0.4438905119895935,-0.06134791672229767,0.6459465622901917,0.3899759352207184,-0.07786232978105545,0.694106936454773,0.5974261164665222,-0.022256754338741302,0.6972456574440002,0.4908132553100586,-0.04329854995012283,0.6994606852531433,0.42279496788978577,-0.06440593302249908,0.7025678753852844,0.3644319474697113,-0.08011031895875931,0.7321895956993103,0.6210159659385681,-0.03369905427098274,0.7477259635925293,0.5240052938461304,-0.05635988712310791,0.7552530169487,0.45974546670913696,-0.07209234684705734,0.7603622674942017,0.40275293588638306,-0.08322083950042725,0.7674200534820557,0.6632839441299438,-0.04781391844153404,0.7920019626617432,0.592398464679718,-0.06813855469226837,0.8043562769889832,0.5420823097229004,-0.07705210149288177,0.812585711479187,0.49532443284988403,-0.0831432193517685,HELLO
0.6531802415847778,0.9255042672157288,4.5230896716930147e-07,0.5865770578384399,0.8744493722915649,-0.030434943735599518,0.5370429754257202,0.7871076464653015,-0.04738081991672516,0.4969097375869751,0.7156904935836792,-0.06293023377656937,0.44894516468048096,0.678362250328064,-0.07951244711875916,0.5817451477050781,0.6621919870376587,-0.023030975833535194,0.5511714816093445,0.5637602806091309,-0.04822440445423126,0.5330495834350586,0.4997962713241577,-0.07021350413560867,0.5217957496643066,0.438823938369751,-0.08752027899026871,0.6331664323806763,0.6428387761116028,-0.029447803273797035,0.6226686239242554,0.5190558433532715,-0.05034744367003441,0.6158686876296997,0.43928077816963196,-0.07143556326627731,0.6110531091690063,0.36689427495002747,-0.08790197968482971,0.6831957101821899,0.6562988758087158,-0.040453989058732986,0.6957087516784668,0.5435519814491272,-0.065194271504879,0.7045201659202576,0.4686221778392792,-0.0843227207660675,0.7094327211380005,0.3983819782733917,-0.0984465703368187,0.7298460006713867,0.694025993347168,-0.054123084992170334,0.760191023349762,0.6215388774871826,-0.07618316262960434,0.7800513505935669,0.5679365992546082,-0.08605888485908508,0.7945765256881714,0.5137735605239868,-0.09362149238586426,HELLO
0.5854266881942749,0.8703402280807495,4.747932109694375e-07,0.5113897323608398,0.8468917608261108,-0.03649061173200607,0.4494386911392212,0.7759511470794678,-0.05632006749510765,0.40742623805999756,0.7022963762283325,-0.0733388289809227,0.35708028078079224,0.652193009853363,-0.08955515176057816,0.45528164505958557,0.6224974393844604,-0.02497524581849575,0.42223426699638367,0.521949291229248,-0.051198381930589676,0.40515172481536865,0.4614335894584656,-0.074464812874794,0.393388956785202,0.40279966592788696,-0.09227276593446732,0.49708810448646545,0.5957051515579224,-0.027728412300348282,0.4664575457572937,0.4830891191959381,-0.04953059181571007,0.450077623128891,0.4120398759841919,-0.07089872658252716,0.43600404262542725,0.347238689661026,-0.08791286498308182,0.5418382883071899,0.5958768725395203,-0.036174435168504715,0.5240344405174255,0.4907324016094208,-0.05828385800123215,0.5123873949050903,0.42030906677246094,-0.07408768683671951,0.49866822361946106,0.3552369475364685,-0.08687639981508255,0.5902169942855835,0.6156938672065735,-0.048544857650995255,0.5817956924438477,0.5316900014877319,-0.06807971745729446,0.5735862851142883,0.4763510823249817,-0.07731293886899948,0.5617812275886536,0.4229831099510193,-0.08482740819454193,HELLO
0.5684178471565247,0.8409315347671509,3.849306722258916e-07,0.49765464663505554,0.8291082382202148,-0.03166835010051727,0.4247097074985504,0.7676934003829956,-0.04870019853115082,0.3685092628002167,0.7141192555427551,-0.06393419206142426,0.31010305881500244,0.6876530051231384,-0.07963760942220688,0.42318183183670044,0.6230268478393555,-0.024893686175346375,0.36189794540405273,0.554660439491272,-0.05257568508386612,0.32230934500694275,0.509986400604248,-0.07599304616451263,0.28988736867904663,0.4640159606933594,-0.09438008815050125,0.4636434316635132,0.5823607444763184,-0.03095204569399357,0.42079296708106995,0.4825919270515442,-0.053921524435281754,0.39622923731803894,0.4163249731063843,-0.07427021861076355,0.37467992305755615,0.3557779788970947,-0.09024077653884888,0.5102891325950623,0.5751473903656006,-0.04237980395555496,0.490596204996109,0.4695209860801697,-0.07027450203895569,0.4797428548336029,0.3978521227836609,-0.08819655328989029,0.46626803278923035,0.33194872736930847,-0.10128285735845566,0.5602853894233704,0.5926774740219116,-0.056538019329309464,0.5648699402809143,0.5096507668495178,-0.08157672733068466,0.5671350955963135,0.4519500732421875,-0.09209524095058441,0.5631802082061768,0.3963286280632019,-0.10009307414293289,HELLO
0.5735636949539185,0.8071273565292358,5.07354684486927e-07,0.4961540400981903,0.8057626485824585,-0.02985045500099659,0.41597089171409607,0.7759537696838379,-0.052062224596738815,0.348612517118454,0.7649626135826111,-0.07397548854351044,0.2897261381149292,0.7714215517044067,-0.09741972386837006,0.4097278416156769,0.6101516485214233,-0.026860134676098824,0.33986449241638184,0.5534024834632874,-0.055843863636255264,0.2948083281517029,0.5177288055419922,-0.0814308375120163,0.25592657923698425,0.47989755868911743,-0.10127236694097519,0.4471016228199005,0.5639724731445312,-0.03556183725595474,0.3961045742034912,0.46929773688316345,-0.05839507281780243,0.36491987109184265,0.40450531244277954,-0.07902842015028,0.33794546127319336,0.3478877544403076,-0.09535816311836243,0.49451106786727905,0.549777090549469,-0.04941477254033089,0.4667164981365204,0.4422265887260437,-0.07650640606880188,0.4513029456138611,0.3704550266265869,-0.09460831433534622,0.4346684515476227,0.3065074384212494,-0.10779491811990738,0.5453727841377258,0.5607394576072693,-0.06603676080703735,0.5455029010772705,0.47587862610816956,-0.0910361111164093,0.5472504496574402,0.4187588691711426,-0.10093074291944504,0.5451285243034363,0.3658178746700287,-0.10816603153944016,HELLO
0.5965124368667603,0.8579319715499878,2.902209814692469e-07,0.5326105952262878,0.8128700256347656,-0.017802303656935692,0.48083066940307617,0.7254528999328613,-0.024608442559838295,0.44747596979141235,0.6547697186470032,-0.03209085389971733,0.40883806347846985,0.6136144399642944,-0.03957657888531685,0.4983617663383484,0.5985620617866516,7.810413808329031e-05,0.4690391719341278,0.5133957266807556,-0.017729975283145905,0.4505940079689026,0.459838330745697,-0.036453161388635635,0.4365917444229126,0.41181445121765137,-0.05091503635048866,0.5388269424438477,0.5824037790298462,-0.0076914275996387005,0.5159035921096802,0.48296356201171875,-0.022529147565364838,0.5001285672187805,0.4209786057472229,-0.04002179205417633,0.48602205514907837,0.36791321635246277,-0.05342301353812218,0.583106517791748,0.58775395154953,-0.019907623529434204,0.5745888352394104,0.49428844451904297,-0.03683988004922867,0.5659874081611633,0.4343620240688324,-0.04895816370844841,0.5562108755111694,0.38200101256370544,-0.05805088207125664,0.6292440891265869,0.6121986508369446,-0.03464122116565704,0.6349811553955078,0.5330706238746643,-0.049258261919021606,0.6368351578712463,0.4808964431285858,-0.05432186275720596,0.6358112096786499,0.4318384528160095,-0.05805819109082222,HELLO
0.6079063415527344,0.8948389887809753,2.2445996705755533e-07,0.5467029809951782,0.8346728086471558,-0.021840380504727364,0.5001962780952454,0.7386512756347656,-0.03591463714838028,0.485723614692688,0.6651807427406311,-0.0518934540450573,0.5044165253639221,0.6238870620727539,-0.06748039275407791,0.5369324684143066,0.600738525390625,-0.0035663640592247248,0.523328423500061,0.5084795951843262,-0.026951191946864128,0.51564621925354,0.44646918773651123,-0.049921438097953796,0.512631356716156,0.40043526887893677,-0.06697891652584076,0.5855972766876221,0.5896363258361816,-0.012400704436004162,0.578457772731781,0.48250916600227356,-0.03311071917414665,0.5734139084815979,0.41564446687698364,-0.05280628427863121,0.5702570080757141,0.36764490604400635,-0.0668540969491005,0.6362645626068115,0.6045337319374084,-0.026604779064655304,0.6388266086578369,0.49533769488334656,-0.04799756780266762,0.6419627070426941,0.42928773164749146,-0.06135569140315056,0.6435608863830566,0.3791080415248871,-0.07023122906684875,0.6863623261451721,0.6418856382369995,-0.04368237778544426,0.7079992294311523,0.55561763048172,-0.061178188771009445,0.719397783279419,0.4977080225944519,-0.06682521849870682,0.725916862487793,0.4480331540107727,-0.0699860155582428,HELLO
0.6006342768669128,0.9038435816764832,3.6418120430425915e-07,0.5331948399543762,0.8492767810821533,-0.028682859614491463,0.48684269189834595,0.7449814677238464,-0.041435543447732925,0.45507463812828064,0.6590007543563843,-0.053073134273290634,0.416517972946167,0.6027133464813232,-0.06455042213201523,0.5227167010307312,0.6164312958717346,-0.013998033478856087,0.50197434425354,0.512069582939148,-0.03619647026062012,0.4911370873451233,0.44741740822792053,-0.05589020624756813,0.4858030676841736,0.389643132686615,-0.07112526148557663,0.573750376701355,0.6036986112594604,-0.019246239215135574,0.5661729574203491,0.48883217573165894,-0.03769749030470848,0.5629363059997559,0.41921162605285645,-0.05544021353125572,0.5617844462394714,0.35800278186798096,-0.06905081123113632,0.6230137944221497,0.6181923747062683,-0.029820634052157402,0.6318593621253967,0.5062209367752075,-0.05156708136200905,0.6380003690719604,0.43144410848617554,-0.06616730988025665,0.6418792605400085,0.36290013790130615,-0.07718202471733093,0.6698039770126343,0.6555303931236267,-0.04343782737851143,0.694085419178009,0.572706401348114,-0.06289958208799362,0.7088438272476196,0.5158982276916504,-0.07032589614391327,0.7192326784133911,0.4613366723060608,-0.07581158727407455,HELLO
0.3828754723072052,0.9886993169784546,7.472073662029288e-07,0.4592477083206177,0.9637603759765625,-0.03807861730456352,0.5209149122238159,0.899899959564209,-0.06378498673439026,0.5699049830436707,0.8441489934921265,-0.08721764385700226,0.6264871954917908,0.8114221096038818,-0.11224573850631714,0.48603564500808716,0.747447669506073,-0.05616084486246109,0.5291679501533508,0.6467101573944092,-0.09287897497415543,0.5573492050170898,0.5825984477996826,-0.11930873990058899,0.5818262100219727,0.5241003036499023,-0.13864655792713165,0.44000115990638733,0.7275491952896118,-0.06166728585958481,0.4681966304779053,0.605243444442749,-0.09508868306875229,0.49018025398254395,0.5255517959594727,-0.1207541972398758,0.5079103112220764,0.45191070437431335,-0.14015716314315796,0.3911481499671936,0.7410026788711548,-0.07069429010152817,0.3932870924472809,0.6214379072189331,-0.10463381558656693,0.39646586775779724,0.5389622449874878,-0.12994137406349182,0.40237605571746826,0.4639059603214264,-0.1476588398218155,0.34235668182373047,0.7799785733222961,-0.0823173075914383,0.3217965066432953,0.6927251219749451,-0.11545798927545547,0.3090820908546448,0.6318122744560242,-0.13391634821891785,0.2996888756752014,0.570124626159668,-0.14638318121433258,HELLO
0.3425646126270294,0.9263827800750732,7.626101137248043e-07,0.41759130358695984,0.8799363374710083,-0.04104597866535187,0.47602179646492004,0.7957146763801575,-0.06643792241811752,0.5189920663833618,0.7231635451316833,-0.08956246078014374,0.5713944435119629,0.6774399280548096,-0.11321037262678146,0.417724072933197,0.6480506062507629,-0.051434144377708435,0.4439809322357178,0.5332142114639282,-0.08540911972522736,0.4583739936351776,0.4583573341369629,-0.10966228693723679,0.4666695296764374,0.3918513357639313,-0.12769261002540588,0.36594903469085693,0.639477550983429,-0.056468505412340164,0.3757287561893463,0.5070720314979553,-0.08888015896081924,0.38328656554222107,0.42080968618392944,-0.11240284889936447,0.3849512040615082,0.34470707178115845,-0.12896321713924408,0.3176337778568268,0.6640827655792236,-0.06584398448467255,0.2957926392555237,0.5425436496734619,-0.0994744598865509,0.28360486030578613,0.45865803956985474,-0.12189454585313797,0.2748256325721741,0.38234126567840576,-0.13648760318756104,0.272595077753067,0.7144231796264648,-0.07850182801485062,0.23769262433052063,0.6299718618392944,-0.11026965826749802,0.2157510668039322,0.5709275007247925,-0.12618426978588104,0.19828389585018158,0.5107535719871521,-0.1360480934381485,HELLO
0.2862049341201782,0.9737115502357483,8.153097610374971e-07,0.3631097674369812,0.9534748792648315,-0.04431750625371933,0.43124622106552124,0.9002049565315247,-0.07559102773666382,0.4829006791114807,0.8525910973548889,-0.1041000634431839,0.5381420254707336,0.8186723589897156,-0.13414908945560455,0.3987796902656555,0.7347527146339417,-0.0633912906050682,0.44434505701065063,0.6305081248283386,-0.10414020717144012,0.4721847176551819,0.5651533603668213,-0.1334010511636734,0.4932232201099396,0.503429651260376,-0.15410076081752777,0.3459324538707733,0.7092838287353516,-0.06863678991794586,0.37478193640708923,0.5806865692138672,-0.10507578402757645,0.3948776423931122,0.4947330951690674,-0.13156186044216156,0.40794575214385986,0.4154576361179352,-0.1509043425321579,0.2902796268463135,0.7197312712669373,-0.07820593565702438,0.2906762957572937,0.5938928127288818,-0.11434844136238098,0.2938110828399658,0.5066572427749634,-0.13865965604782104,0.2987474203109741,0.42617204785346985,-0.15511639416217804,0.23392033576965332,0.7577395439147949,-0.09101065248250961,0.2113942801952362,0.6637558937072754,-0.12517599761486053,0.1990785300731659,0.5989269018173218,-0.1417032778263092,0.19198620319366455,0.5340638160705566,-0.152197927236557,HELLO
0.27455785870552063,0.9373633861541748,7.650917268620105e-07,0.3569425046443939,0.9480478167533875,-0.04352714866399765,0.4357846677303314,0.9125747680664062,-0.07200688123703003,0.4961482882499695,0.8780317306518555,-0.09786753356456757,0.5584639310836792,0.864699125289917,-0.12428508698940277,0.43920090794563293,0.7427154183387756,-0.05741794407367706,0.5001029372215271,0.6586960554122925,-0.09615529328584671,0.5400713682174683,0.6073039770126343,-0.12350592762231827,0.5752405524253845,0.5586159229278564,-0.14323996007442474,0.39647021889686584,0.7017590999603271,-0.062295522540807724,0.44954484701156616,0.5913892388343811,-0.09899693727493286,0.4878430664539337,0.5200133323669434,-0.12464984506368637,0.5199092030525208,0.45233669877052307,-0.1425296515226364,0.3437562584877014,0.6943097114562988,-0.07182429730892181,0.36839497089385986,0.5779597759246826,-0.1093076765537262,0.38750767707824707,0.49776923656463623,-0.13323862850666046,0.4076474606990814,0.4235469698905945,-0.14844143390655518,0.2865045368671417,0.7145981788635254,-0.0845852866768837,0.28334248065948486,0.6206145882606506,-0.11941661685705185,0.2832498848438263,0.5561544299125671,-0.1363876909017563,0.28695860505104065,0.4906262159347534,-0.1468672901391983,HELLO
0.2384440302848816,0.9104552268981934,7.778830308780016e-07,0.3196510970592499,0.9211502075195312,-0.0476231649518013,0.401977002620697,0.8836475610733032,-0.07693355530500412,0.4688088595867157,0.8470671772956848,-0.10295410454273224,0.5287747383117676,0.8279812932014465,-0.1299588829278946,0.402405709028244,0.7039600014686584,-0.06241817772388458,0.4665065407752991,0.6163427829742432,-0.10198776423931122,0.5072258114814758,0.5610474348068237,-0.13105463981628418,0.5409968495368958,0.5092775821685791,-0.1523676961660385,0.3571648895740509,0.6612608432769775,-0.06596914678812027,0.40967607498168945,0.5457245111465454,-0.1031833067536354,0.4464486837387085,0.47283661365509033,-0.13186833262443542,0.4769524335861206,0.40536656975746155,-0.15291514992713928,0.30265146493911743,0.6518597602844238,-0.07407207787036896,0.3273824453353882,0.5275824666023254,-0.11128006130456924,0.3460410535335541,0.44522133469581604,-0.13707800209522247,0.3647417426109314,0.3720664381980896,-0.15472853183746338,0.24331232905387878,0.6696979999542236,-0.08583427220582962,0.24181325733661652,0.5705174803733826,-0.12097098678350449,0.24333257973194122,0.5028080344200134,-0.13981124758720398,0.24854081869125366,0.4363054633140564,-0.15217141807079315,HELLO
0.29870542883872986,0.8936733603477478,7.851197096897522e-07,0.36654019355773926,0.8291488885879517,-0.049031734466552734,0.40908342599868774,0.7345055937767029,-0.07911358773708344,0.4388214945793152,0.6505665183067322,-0.1048489436507225,0.4855559468269348,0.5882082581520081,-0.13082675635814667,0.33405208587646484,0.6037448048591614,-0.06699759513139725,0.3422662615776062,0.4808790683746338,-0.10394052416086197,0.3439529538154602,0.4004621207714081,-0.12834180891513824,0.3410874903202057,0.3276849687099457,-0.14698076248168945,0.2764807641506195,0.6012718677520752,-0.06844677776098251,0.2625333368778229,0.47118860483169556,-0.10446485131978989,0.2537883222103119,0.3836730420589447,-0.12818454205989838,0.24108761548995972,0.3070896863937378,-0.14485545456409454,0.22693441808223724,0.6347640752792358,-0.07426295429468155,0.1798708736896515,0.5213977098464966,-0.11333813518285751,0.1497919112443924,0.4417613744735718,-0.1387673020362854,0.1244477927684784,0.36991241574287415,-0.15490970015525818,0.18691176176071167,0.6945232152938843,-0.08347555249929428,0.13495267927646637,0.6157777309417725,-0.12085309624671936,0.09932759404182434,0.5667966604232788,-0.14040488004684448,0.06763781607151031,0.51767897605896,-0.15240661799907684,HELLO
0.2836352586746216,0.924676775932312,8.735386245461996e-07,0.355297327041626,0.8827537298202515,-0.054461635649204254,0.4108743667602539,0.8120090961456299,-0.09391236305236816,0.4585685431957245,0.7522869110107422,-0.12873779237270355,0.5100380182266235,0.7013614773750305,-0.1656169593334198,0.35297930240631104,0.677641749382019,-0.09397730976343155,0.37768325209617615,0.5576572418212891,-0.1416245847940445,0.3904331922531128,0.4814840853214264,-0.172170490026474,0.3971952199935913,0.40667402744293213,-0.19467295706272125,0.2942667007446289,0.672629177570343,-0.09713897109031677,0.29438886046409607,0.5427350997924805,-0.1430041342973709,0.29890939593315125,0.45597177743911743,-0.17212842404842377,0.2971031963825226,0.3708711564540863,-0.19424034655094147,0.23991759121418,0.7041655778884888,-0.1041371300816536,0.20658329129219055,0.5947481393814087,-0.1506870537996292,0.18610575795173645,0.5112043619155884,-0.1802077293395996,0.16785696148872375,0.43185955286026,-0.2003699690103531,0.19406114518642426,0.759389340877533,-0.11443477869033813,0.14875492453575134,0.6770442724227905,-0.15729227662086487,0.11857114732265472,0.6255687475204468,-0.17920812964439392,0.08941294252872467,0.5723583698272705,-0.19424967467784882,HELLO
0.2567112445831299,0.911430299282074,8.16679516901786e-07,0.33742767572402954,0.9123595952987671,-0.047563597559928894,0.4088558852672577,0.8681973218917847,-0.08105406910181046,0.46605682373046875,0.828033447265625,-0.11041030287742615,0.5230650305747986,0.7948241829872131,-0.14206171035766602,0.4026499092578888,0.7178796529769897,-0.08456449955701828,0.4657995104789734,0.6295230984687805,-0.1328713744878769,0.5055131912231445,0.5728136301040649,-0.16502003371715546,0.5394629240036011,0.5172674655914307,-0.1882472038269043,0.354192316532135,0.6813881397247314,-0.09107353538274765,0.4021799862384796,0.567280650138855,-0.13801077008247375,0.43688660860061646,0.49344128370285034,-0.16986724734306335,0.46640220284461975,0.4202316403388977,-0.19348768889904022,0.29571282863616943,0.6808158755302429,-0.10117743909358978,0.3129305839538574,0.561392605304718,-0.14808234572410583,0.3285321891307831,0.474348247051239,-0.1783696711063385,0.34530165791511536,0.39548203349113464,-0.19912837445735931,0.2343716025352478,0.7078322172164917,-0.11389864981174469,0.2273043990135193,0.6093518137931824,-0.15813258290290833,0.2255280315876007,0.5406072735786438,-0.18153753876686096,0.22768357396125793,0.47129517793655396,-0.19749924540519714,HELLO
0.3211706280708313,0.7713720798492432,5.614863312075613e-07,0.38905903697013855,0.7262487411499023,-0.03082677163183689,0.44233226776123047,0.6414039731025696,-0.04467249661684036,0.47442901134490967,0.5689356923103333,-0.057405825704336166,0.5098428726196289,0.524666965007782,-0.06944596767425537,0.39231643080711365,0.5090799331665039,-0.020316582173109055,0.4134921729564667,0.41633281111717224,-0.040700238198041916,0.4242895245552063,0.35931310057640076,-0.05825062841176987,0.4319390654563904,0.3089888095855713,-0.07192610204219818,0.3468943238258362,0.4956754446029663,-0.0226306039839983,0.3577284812927246,0.38705843687057495,-0.04122215136885643,0.3666354715824127,0.3184621334075928,-0.05779575556516647,0.37217092514038086,0.26026207208633423,-0.06974056363105774,0.30302050709724426,0.5093231201171875,-0.029714947566390038,0.2924231290817261,0.40465986728668213,-0.05077330768108368,0.2884356379508972,0.33617347478866577,-0.06753474473953247,0.2867618501186371,0.2731548845767975,-0.07890906929969788,0.26091569662094116,0.5469061732292175,-0.039819493889808655,0.23570361733436584,0.4763256907463074,-0.06132395565509796,0.2193002551794052,0.427068293094635,-0.07283072173595428,0.20639443397521973,0.3769720494747162,-0.07993069291114807,HELLO
0.2960963845252991,0.7341568470001221,4.374810771423654e-07,0.36629363894462585,0.684432327747345,-0.026359351351857185,0.4075169265270233,0.5845106244087219,-0.03375249728560448,0.4313414692878723,0.5039732456207275,-0.039934877306222916,0.4671666622161865,0.4647241532802582,-0.04597325250506401,0.3470907509326935,0.4654415249824524,-0.016328535974025726,0.3594605326652527,0.37126004695892334,-0.03133286535739899,0.36366212368011475,0.31233400106430054,-0.04422702640295029,0.364341676235199,0.2623443901538849,-0.05567100644111633,0.3007510006427765,0.4579986035823822,-0.018455617129802704,0.30056917667388916,0.34755414724349976,-0.03395697474479675,0.3015902042388916,0.27782779932022095,-0.04794899374246597,0.29942652583122253,0.22050583362579346,-0.05848338454961777,0.25980904698371887,0.4773770272731781,-0.02484258823096752,0.2375417947769165,0.376414030790329,-0.04480833560228348,0.22562317550182343,0.3086492419242859,-0.06322043389081955,0.21543678641319275,0.246991366147995,-0.07619459182024002,0.22308021783828735,0.518257200717926,-0.03366195783019066,0.19009950757026672,0.4515293538570404,-0.055803682655096054,0.16825903952121735,0.40435051918029785,-0.07050380110740662,0.15034803748130798,0.35481923818588257,-0.08068197965621948,HELLO
0.31415680050849915,0.766854465007782,4.998378244636115e-07,0.37055230140686035,0.7039711475372314,-0.030925046652555466,0.40555912256240845,0.6110942959785461,-0.048093702644109726,0.4257962107658386,0.5362184047698975,-0.06368402391672134,0.44810208678245544,0.4775894284248352,-0.07982611656188965,0.33750414848327637,0.4957764446735382,-0.038195766508579254,0.3401252031326294,0.3934602737426758,-0.06558684259653091,0.3388018012046814,0.3287172317504883,-0.08606183528900146,0.33553704619407654,0.2706484794616699,-0.10196063667535782,0.2941538393497467,0.501211404800415,-0.04456863924860954,0.2835157811641693,0.3837520480155945,-0.07126366347074509,0.27895310521125793,0.30676835775375366,-0.09154385328292847,0.2727532982826233,0.24021115899085999,-0.1065453290939331,0.257071852684021,0.5354117751121521,-0.054783012717962265,0.22718140482902527,0.42981985211372375,-0.08426553755998611,0.21028316020965576,0.3567657768726349,-0.10644739121198654,0.19564415514469147,0.2893967926502228,-0.12160437554121017,0.22675196826457977,0.5910388827323914,-0.06731986999511719,0.18415789306163788,0.5276414752006531,-0.09868057072162628,0.15466909110546112,0.48073866963386536,-0.1168803721666336,0.1267615407705307,0.43125322461128235,-0.12873001396656036,HELLO
0.28275761008262634,0.844017744064331,8.591104574406927e-07,0.35188138484954834,0.809746265411377,-0.055818669497966766,0.402793288230896,0.7397199869155884,-0.09303517639636993,0.4509107172489166,0.6766108870506287,-0.12533117830753326,0.5112978219985962,0.6430664658546448,-0.15900485217571259,0.34242698550224304,0.6069804430007935,-0.08438985794782639,0.3658818006515503,0.4961865544319153,-0.12743648886680603,0.37839794158935547,0.424966037273407,-0.15543663501739502,0.3857908546924591,0.35633325576782227,-0.1761055886745453,0.2878284156322479,0.5927669405937195,-0.08369014412164688,0.2892822027206421,0.46688026189804077,-0.12527373433113098,0.29216504096984863,0.3834468126296997,-0.15154056251049042,0.2893295884132385,0.3044390380382538,-0.17066523432731628,0.23646093904972076,0.6136395335197449,-0.08726515620946884,0.2062714397907257,0.4982879161834717,-0.1301708221435547,0.18612176179885864,0.4157311022281647,-0.15774214267730713,0.16767385601997375,0.34080323576927185,-0.17525462806224823,0.19213640689849854,0.6581941843032837,-0.09444229304790497,0.15369465947151184,0.569257378578186,-0.13273493945598602,0.12828922271728516,0.5126326084136963,-0.15283747017383575,0.10387584567070007,0.45808014273643494,-0.1660667508840561,HELLO
0.2604145109653473,0.788199782371521,8.32087721391872e-07,0.3300776481628418,0.7687481045722961,-0.04886609688401222,0.38374224305152893,0.7123126983642578,-0.07905981689691544,0.4342491924762726,0.6640602350234985,-0.10525686293840408,0.4963865876197815,0.6599357724189758,-0.13223251700401306,0.3501178026199341,0.5678467750549316,-0.06392722576856613,0.3898421823978424,0.4692985713481903,-0.09929041564464569,0.4156044125556946,0.40292859077453613,-0.12374337762594223,0.43561333417892456,0.34040534496307373,-0.14206117391586304,0.30398261547088623,0.5382841229438782,-0.063304103910923,0.3256465196609497,0.4200654923915863,-0.0967605784535408,0.34017717838287354,0.3400583267211914,-0.11872932314872742,0.3500462770462036,0.26649197936058044,-0.13420498371124268,0.255108118057251,0.5403830409049988,-0.06702271103858948,0.24737867712974548,0.4200437068939209,-0.10102244466543198,0.2448582798242569,0.3381445109844208,-0.12237205356359482,0.24448004364967346,0.2641334533691406,-0.13565409183502197,0.20691785216331482,0.5682928562164307,-0.07469867914915085,0.184255912899971,0.47524869441986084,-0.105544313788414,0.171669602394104,0.4118542969226837,-0.12145453691482544,0.16262274980545044,0.34955283999443054,-0.1314297765493393,HELLO
0.23268094658851624,0.6096927523612976,5.406649847827794e-07,0.30396294593811035,0.5930737257003784,-0.0385688915848732,0.3636038303375244,0.5419148802757263,-0.06386019289493561,0.41031891107559204,0.496891587972641,-0.08651973307132721,0.4588662385940552,0.4668109118938446,-0.11180471628904343,0.32073989510536194,0.43715015053749084,-0.06883556395769119,0.34885525703430176,0.3426735997200012,-0.10414440184831619,0.3646981716156006,0.27944108843803406,-0.12699821591377258,0.3757137060165405,0.21895043551921844,-0.14404983818531036,0.2673591077327728,0.4179026782512665,-0.07296154648065567,0.2784827649593353,0.30762189626693726,-0.10734140127897263,0.28604379296302795,0.23316635191440582,-0.13032488524913788,0.28805842995643616,0.16142481565475464,-0.14852379262447357,0.21571221947669983,0.4276202619075775,-0.07935912907123566,0.1979367434978485,0.3275265097618103,-0.11415489763021469,0.18604940176010132,0.253126859664917,-0.13534635305404663,0.17515024542808533,0.18464571237564087,-0.15067225694656372,0.16815894842147827,0.4573083817958832,-0.08829911053180695,0.13781008124351501,0.3801822066307068,-0.12029536068439484,0.11736665666103363,0.33030781149864197,-0.1352786272764206,0.09813964366912842,0.2807677686214447,-0.14608663320541382,HELLO
0.23380692303180695,0.6831300258636475,5.313353881319927e-07,0.30090200901031494,0.6493671536445618,-0.03259681910276413,0.3507317304611206,0.5750929117202759,-0.049650147557258606,0.387939453125,0.5074706077575684,-0.0648605227470398,0.43164169788360596,0.4782945513725281,-0.08063847571611404,0.30753466486930847,0.4464513063430786,-0.03713530674576759,0.3310750722885132,0.35157114267349243,-0.06315810233354568,0.3449307680130005,0.29126375913619995,-0.08297791332006454,0.35435664653778076,0.23605331778526306,-0.09845482558012009,0.26188474893569946,0.4276540279388428,-0.04067833721637726,0.27211955189704895,0.31451284885406494,-0.06625498086214066,0.280314177274704,0.2407243847846985,-0.08519300818443298,0.2847311496734619,0.1777348518371582,-0.09866935014724731,0.21742993593215942,0.43898677825927734,-0.04813752695918083,0.2053767740726471,0.3303230404853821,-0.0759732574224472,0.1993093490600586,0.2552034258842468,-0.09643923491239548,0.19495941698551178,0.18912237882614136,-0.10983458906412125,0.17550168931484222,0.47444358468055725,-0.05817607045173645,0.14980222284793854,0.39634257555007935,-0.08517030626535416,0.13304950296878815,0.3425464630126953,-0.09991305321455002,0.11988861858844757,0.28995561599731445,-0.10941463708877563,HELLO
0.1913142055273056,0.826889157295227,5.076616957921942e-07,0.2592277526855469,0.7818994522094727,-0.02721712924540043,0.3086400628089905,0.7007809281349182,-0.04055457562208176,0.3438646197319031,0.6283469796180725,-0.052891768515110016,0.38787591457366943,0.5892652869224548,-0.06577049195766449,0.26216500997543335,0.5770555734634399,-0.026540664955973625,0.2831410765647888,0.4814755916595459,-0.047680485993623734,0.2944771349430084,0.42231690883636475,-0.06411480158567429,0.30370351672172546,0.3705507814884186,-0.07735605537891388,0.21659941971302032,0.5652276873588562,-0.030481532216072083,0.224516361951828,0.45627766847610474,-0.05086708441376686,0.23124416172504425,0.3885146379470825,-0.06759868562221527,0.2360762655735016,0.3302663266658783,-0.08015497773885727,0.17297635972499847,0.5803647041320801,-0.03818373754620552,0.1613168716430664,0.4763529598712921,-0.06145133823156357,0.1542300134897232,0.4055546820163727,-0.08034789562225342,0.15019825100898743,0.3411692976951599,-0.0937192440032959,0.1309707760810852,0.6174193024635315,-0.04816135764122009,0.10588490217924118,0.5445449352264404,-0.07261906564235687,0.0877624899148941,0.493338018655777,-0.0872325748205185,0.07390086352825165,0.4398297965526581,-0.09705387055873871,HELLO
0.19911454617977142,0.8363170027732849,7.385090725620103e-07,0.2724354863166809,0.8105528354644775,-0.03493579849600792,0.3283699154853821,0.7497803568840027,-0.057171452790498734,0.3806834816932678,0.698745846748352,-0.07763825356960297,0.4370128810405731,0.6713671684265137,-0.0996420606970787,0.3041365146636963,0.6082433462142944,-0.04884345456957817,0.3480474352836609,0.5160163640975952,-0.08054523915052414,0.3730212152004242,0.455893337726593,-0.10308539867401123,0.39324837923049927,0.4003056287765503,-0.12028540670871735,0.2575325071811676,0.5842803120613098,-0.05419808253645897,0.2867876887321472,0.4765229821205139,-0.0845695436000824,0.3076379597187042,0.4035590887069702,-0.1057792454957962,0.32334667444229126,0.33703985810279846,-0.12154316157102585,0.20544783771038055,0.5930884480476379,-0.06344760209321976,0.20782935619354248,0.48350945115089417,-0.09680543839931488,0.21143946051597595,0.40887290239334106,-0.11897525191307068,0.2171686738729477,0.34017595648765564,-0.1336105614900589,0.1518634408712387,0.6263328790664673,-0.07516257464885712,0.13633151352405548,0.5409427881240845,-0.10870552062988281,0.12693540751934052,0.4820719063282013,-0.12609149515628815,0.12126536667346954,0.42268186807632446,-0.13711929321289062,HELLO
0.2306460738182068,0.7924065589904785,6.739061291227699e-07,0.3021581172943115,0.7693638205528259,-0.03619595989584923,0.3589616119861603,0.708200216293335,-0.057801712304353714,0.4080227315425873,0.6530609130859375,-0.077162966132164,0.45890378952026367,0.6218814253807068,-0.09751366823911667,0.3325464427471161,0.5700026750564575,-0.04964437708258629,0.3708207607269287,0.47754231095314026,-0.08146540075540543,0.39455944299697876,0.41476553678512573,-0.10377854108810425,0.41251838207244873,0.35651183128356934,-0.12059422582387924,0.2873768210411072,0.5464017391204834,-0.054037779569625854,0.31359535455703735,0.43496572971343994,-0.08531858772039413,0.32965341210365295,0.3594557046890259,-0.10749293863773346,0.34014350175857544,0.2909596860408783,-0.12335842847824097,0.23922282457351685,0.5545220375061035,-0.06197422742843628,0.23911215364933014,0.4447472095489502,-0.09433270245790482,0.24016712605953217,0.36654365062713623,-0.11540462076663971,0.2429620772600174,0.2961174249649048,-0.12914983928203583,0.19036953151226044,0.5850089192390442,-0.07260280102491379,0.17413470149040222,0.5029879808425903,-0.10329414159059525,0.1657298505306244,0.44449928402900696,-0.11897888034582138,0.16096340119838715,0.3864031434059143,-0.12885557115077972,HELLO
0.24206915497779846,0.7671318650245667,7.043408913887106e-07,0.30983269214630127,0.7365661859512329,-0.03938114270567894,0.3622158169746399,0.6731137037277222,-0.06383082270622253,0.40647608041763306,0.6114665269851685,-0.08584568649530411,0.46214693784713745,0.5881545543670654,-0.10879345238208771,0.3253963589668274,0.5301023721694946,-0.050492916256189346,0.3540094494819641,0.4316965937614441,-0.08189355581998825,0.3685764968395233,0.3658575415611267,-0.10399627685546875,0.379256010055542,0.3043990135192871,-0.1211244985461235,0.2775088846683502,0.5098356008529663,-0.053362373262643814,0.2922418415546417,0.395393431186676,-0.08393005281686783,0.2999560534954071,0.31822457909584045,-0.1046404242515564,0.303821861743927,0.2488192319869995,-0.11958716809749603,0.22870002686977386,0.5218299031257629,-0.060189682990312576,0.21702784299850464,0.41203075647354126,-0.09187642484903336,0.20843997597694397,0.33766138553619385,-0.11236361414194107,0.2036626785993576,0.2700117826461792,-0.125912144780159,0.18058431148529053,0.5582762360572815,-0.07015366852283478,0.15629369020462036,0.4784730076789856,-0.09986293315887451,0.143154576420784,0.4226643741130829,-0.11548545211553574,0.13516166806221008,0.3657546043395996,-0.12574420869350433,HELLO
0.23612982034683228,0.7583479285240173,8.312437103086268e-07,0.29944026470184326,0.7750228643417358,-0.054633766412734985,0.3549424409866333,0.7480397820472717,-0.08869913220405579,0.40916404128074646,0.7257007956504822,-0.11760340631008148,0.46927112340927124,0.7336897850036621,-0.1473078727722168,0.35887306928634644,0.5871780514717102,-0.07489964365959167,0.4136551022529602,0.5072187185287476,-0.11322899907827377,0.4492919445037842,0.4543636441230774,-0.13949735462665558,0.4801056981086731,0.4031302332878113,-0.15912367403507233,0.3188219368457794,0.5459498763084412,-0.07188718765974045,0.36010491847991943,0.44659459590911865,-0.10834334790706635,0.3870846629142761,0.3791120648384094,-0.1328645646572113,0.4103546142578125,0.3126245141029358,-0.15066269040107727,0.2719404101371765,0.5355263948440552,-0.07322333753108978,0.2856469452381134,0.4269935190677643,-0.11023770272731781,0.2944473922252655,0.3499829173088074,-0.13420654833316803,0.3054676651954651,0.27935129404067993,-0.14959169924259186,0.22183240950107574,0.5499457120895386,-0.07861881703138351,0.21814760565757751,0.46112483739852905,-0.11227021366357803,0.2163013219833374,0.4023614823818207,-0.13003379106521606,0.21830663084983826,0.3439188003540039,-0.1415369212627411,HELLO
0.20330341160297394,0.7961173057556152,8.280602514787461e-07,0.2775594890117645,0.8056084513664246,-0.05173606798052788,0.3379979729652405,0.7704984545707703,-0.08201122283935547,0.3929341733455658,0.7373983860015869,-0.10788410902023315,0.45498907566070557,0.7369360327720642,-0.13435859978199005,0.3336915671825409,0.6066148281097412,-0.06355708837509155,0.3867463171482086,0.5225639939308167,-0.09903930127620697,0.4201173782348633,0.4660179913043976,-0.12434807419776917,0.4475347399711609,0.40959325432777405,-0.1436510533094406,0.28956523537635803,0.5666415095329285,-0.061544984579086304,0.32910987734794617,0.4619526267051697,-0.09584242850542068,0.354809433221817,0.3909865617752075,-0.11950443685054779,0.37508219480514526,0.32296252250671387,-0.13649937510490417,0.23928995430469513,0.5583353042602539,-0.06440865993499756,0.2504020035266876,0.44832441210746765,-0.1002139300107956,0.2576378583908081,0.37226611375808716,-0.12244797497987747,0.26658961176872253,0.30237045884132385,-0.1360621303319931,0.1868479698896408,0.5747516751289368,-0.07143406569957733,0.18230000138282776,0.4810981750488281,-0.10447501391172409,0.17974385619163513,0.42061084508895874,-0.12111248821020126,0.18092641234397888,0.3613903820514679,-0.1313115805387497,HELLO
0.2168697714805603,0.8681240081787109,7.200745812951936e-07,0.2924789488315582,0.844596803188324,-0.040058329701423645,0.34525397419929504,0.7742838263511658,-0.06200680509209633,0.39398840069770813,0.7159245014190674,-0.08160889893770218,0.45128265023231506,0.6938226222991943,-0.10174679756164551,0.31390583515167236,0.6197873950004578,-0.045898329466581345,0.3489988446235657,0.5192147493362427,-0.07507132738828659,0.3713623583316803,0.454143762588501,-0.09639529883861542,0.3892599940299988,0.3943426311016083,-0.11323458701372147,0.26428455114364624,0.5975520610809326,-0.048269908875226974,0.28488627076148987,0.48237836360931396,-0.07595763355493546,0.29989463090896606,0.40671008825302124,-0.09522636979818344,0.31133121252059937,0.3360307514667511,-0.1093795970082283,0.21331122517585754,0.6087671518325806,-0.055393487215042114,0.20630833506584167,0.49673402309417725,-0.0864054262638092,0.20308904349803925,0.4189125895500183,-0.10694994777441025,0.20318710803985596,0.34589704871177673,-0.120355524122715,0.163758784532547,0.6465082168579102,-0.06598381698131561,0.13974741101264954,0.561971127986908,-0.09719185531139374,0.12439723312854767,0.5028301477432251,-0.11342253535985947,0.11380444467067719,0.44174855947494507,-0.12373888492584229,HELLO
0.7603829503059387,0.9094009399414062,-5.797182467404127e-08,0.6899237632751465,0.889648973941803,-0.019721999764442444,0.6235319375991821,0.8153442144393921,-0.029478644952178,0.583419919013977,0.7420253157615662,-0.04187457263469696,0.5437617897987366,0.7064538598060608,-0.053365737199783325,0.6491687893867493,0.6999696493148804,-0.0038981304969638586,0.6262801885604858,0.6056607961654663,-0.026188772171735764,0.6146385669708252,0.5481818914413452,-0.03860798478126526,0.6063550710678101,0.4989539384841919,-0.04650160297751427,0.6870474219322205,0.6841164827346802,-0.008805304765701294,0.6722037196159363,0.6116111874580383,-0.05346553027629852,0.6830512285232544,0.6756320595741272,-0.06464392691850662,0.6928243637084961,0.7225942015647888,-0.05909073352813721,0.726598858833313,0.6788671612739563,-0.017620356753468513,0.7172186970710754,0.6053009033203125,-0.05829283967614174,0.7253357768058777,0.6618853807449341,-0.05053326115012169,0.7324134707450867,0.7060127258300781,-0.03184264898300171,0.7671303153038025,0.6870100498199463,-0.028692854568362236,0.7705641984939575,0.6081566214561462,-0.05330714210867882,0.7718944549560547,0.5649482607841492,-0.052021563053131104,0.7736387848854065,0.5232274532318115,-0.04397895187139511,I_LOVE_YOU
0.7387753129005432,0.8389410972595215,-5.1822251379007866e-08,0.6699156761169434,0.8238347768783569,-0.016139952465891838,0.6041719913482666,0.7548501491546631,-0.0225564893335104,0.5663236379623413,0.6873219013214111,-0.03147251158952713,0.5287333726882935,0.6554649472236633,-0.03943835198879242,0.6319102048873901,0.638204038143158,6.146964733488858e-05,0.6094847321510315,0.5557212233543396,-0.01806284300982952,0.5985298752784729,0.5039616823196411,-0.027362605556845665,0.5919711589813232,0.4591389298439026,-0.03294745460152626,0.66733717918396,0.623160183429718,-0.005090076941996813,0.648673951625824,0.5622081160545349,-0.04591955244541168,0.6571433544158936,0.6222396492958069,-0.05701042339205742,0.6674973964691162,0.6673811674118042,-0.05172908678650856,0.7042596936225891,0.6182599067687988,-0.013642585836350918,0.6903951168060303,0.5579511523246765,-0.05267927050590515,0.6968422532081604,0.6097685694694519,-0.04892909899353981,0.7048026919364929,0.6470821499824524,-0.033103570342063904,0.7420970797538757,0.6246050596237183,-0.023622989654541016,0.7440496683120728,0.5477092266082764,-0.046525049954652786,0.7434965968132019,0.5045579075813293,-0.046807389706373215,0.7424124479293823,0.4612236022949219,-0.040286701172590256,I_LOVE_YOU
0.7212441563606262,0.7964706420898438,-4.871981928999958e-08,0.6616332530975342,0.7801015377044678,-0.012573442421853542,0.6105487942695618,0.7122932076454163,-0.017570139840245247,0.5851640701293945,0.6473532915115356,-0.02459399588406086,0.5539535284042358,0.614097535610199,-0.030771790072321892,0.6419376134872437,0.6141110062599182,-0.0009074677946045995,0.6267583966255188,0.5310820937156677,-0.01678314618766308,0.6190097332000732,0.4830443263053894,-0.02637379802763462,0.6146349310874939,0.44149816036224365,-0.03242851421236992,0.6740213632583618,0.6046712398529053,-0.0069183423183858395,0.6575103998184204,0.5350114107131958,-0.043209757655858994,0.6479222774505615,0.5747267007827759,-0.05729939788579941,0.6468278169631958,0.6163667440414429,-0.056097667664289474,0.7064099907875061,0.6009213924407959,-0.015366176143288612,0.6942116618156433,0.5268966555595398,-0.047057922929525375,0.6831271648406982,0.5562970638275146,-0.04772569611668587,0.6815507411956787,0.587709903717041,-0.037616875022649765,0.7397921085357666,0.6052718758583069,-0.025059042498469353,0.7431240677833557,0.5277115106582642,-0.04425077140331268,0.7378734350204468,0.48002809286117554,-0.04732862114906311,0.7353813052177429,0.43969082832336426,-0.0442575179040432,I_LOVE_YOU
0.7258946895599365,0.7785823941230774,-5.117439272339652e-08,0.6582791805267334,0.7665135264396667,-0.017176108434796333,0.5993353724479675,0.7029123902320862,-0.024162692949175835,0.5666207075119019,0.6375973224639893,-0.033827293664216995,0.5325167179107666,0.6050825715065002,-0.042264655232429504,0.6276133060455322,0.5950595140457153,0.0024012525100260973,0.6092190146446228,0.5173711180686951,-0.016288982704281807,0.599564790725708,0.4691123366355896,-0.026064038276672363,0.5935816168785095,0.426839143037796,-0.03156447783112526,0.6619036793708801,0.5822046399116516,-0.0024016606621444225,0.6424748301506042,0.5164597630500793,-0.04453495144844055,0.6479418277740479,0.576746940612793,-0.056257374584674835,0.6574175953865051,0.6224628686904907,-0.050582561641931534,0.6959055066108704,0.577366828918457,-0.010902824811637402,0.6819483041763306,0.5128859281539917,-0.05252427980303764,0.6876156330108643,0.5765883922576904,-0.04776517301797867,0.6973450183868408,0.6229215860366821,-0.029474716633558273,0.732660710811615,0.5817089676856995,-0.020987017080187798,0.7361851334571838,0.5088484287261963,-0.045498963445425034,0.7337322235107422,0.46650028228759766,-0.0458710752427578,0.7316022515296936,0.422105073928833,-0.03870730474591255,I_LOVE_YOU
0.7247822284698486,0.701810359954834,8.31038420301411e-08,0.6594945788383484,0.7094926834106445,-0.03026089258491993,0.5936996936798096,0.6670581102371216,-0.046796225011348724,0.5503208041191101,0.6128008961677551,-0.06280720233917236,0.5087537169456482,0.5874016880989075,-0.07746684551239014,0.5961340665817261,0.551093339920044,-0.018074875697493553,0.5685831904411316,0.4739170968532562,-0.042527757585048676,0.5514340996742249,0.42489832639694214,-0.05547493323683739,0.5388641953468323,0.38236165046691895,-0.0633019432425499,0.632219672203064,0.5255560874938965,-0.01851813867688179,0.6061602830886841,0.4492945075035095,-0.06641455739736557,0.6206361651420593,0.5043149590492249,-0.07984884828329086,0.6349408030509949,0.5504493713378906,-0.07482337206602097,0.6696884036064148,0.5098487138748169,-0.023245206102728844,0.6482986807823181,0.4344460070133209,-0.06718980520963669,0.6624348163604736,0.48136916756629944,-0.0650327131152153,0.6768832802772522,0.5204726457595825,-0.04935464262962341,0.7092359662055969,0.5047755241394043,-0.0304971132427454,0.6996592283248901,0.43123722076416016,-0.05830242857336998,0.693539559841156,0.38631612062454224,-0.0628381222486496,0.6873204112052917,0.34248343110084534,-0.05913423001766205,I_LOVE_YOU
0.6805428266525269,0.6880136728286743,1.524083330650683e-07,0.6150601506233215,0.6835606098175049,-0.03657722845673561,0.5509201288223267,0.6382471919059753,-0.05572304502129555,0.510460376739502,0.5802038908004761,-0.07427547872066498,0.46738675236701965,0.5534480214118958,-0.08995650708675385,0.554627001285553,0.5132086277008057,-0.01379937119781971,0.5366724729537964,0.43675628304481506,-0.03682675585150719,0.5253716707229614,0.3842198848724365,-0.046132538467645645,0.5174611806869507,0.3365744948387146,-0.05090521275997162,0.5919983983039856,0.49337446689605713,-0.010791221633553505,0.5833531618118286,0.4333943724632263,-0.05164217948913574,0.5964389443397522,0.49575138092041016,-0.05818695202469826,0.5995837450027466,0.5191194415092468,-0.049468252807855606,0.6314201354980469,0.4828126132488251,-0.013906372711062431,0.6299449801445007,0.42385542392730713,-0.056573957204818726,0.6411711573600769,0.4718044400215149,-0.05019469931721687,0.6425338387489319,0.49004799127578735,-0.03193340077996254,0.672646164894104,0.4813886284828186,-0.020244551822543144,0.6749614477157593,0.41100776195526123,-0.04691166430711746,0.677109956741333,0.3758537471294403,-0.04613356292247772,0.676232635974884,0.3341834843158722,-0.0375165119767189,I_LOVE_YOU
0.47752246260643005,0.7296391725540161,1.7613984937270288e-07,0.4144408106803894,0.7094225883483887,-0.037399519234895706,0.36113622784614563,0.643001914024353,-0.06031109765172005,0.3280494809150696,0.5795242786407471,-0.08321677148342133,0.2886192500591278,0.5407469272613525,-0.10422606766223907,0.3942156136035919,0.5141403079032898,-0.0231114961206913,0.3920597434043884,0.4286246597766876,-0.050246573984622955,0.3930540084838867,0.36954522132873535,-0.06316464394330978,0.3986574113368988,0.3198699355125427,-0.07009096443653107,0.43447479605674744,0.5087240934371948,-0.021892748773097992,0.43797314167022705,0.4461946189403534,-0.06649311631917953,0.4328385889530182,0.5084185600280762,-0.07549550384283066,0.4280158579349518,0.535537838935852,-0.06811557710170746,0.47531911730766296,0.5115373730659485,-0.026431484147906303,0.4834120273590088,0.45551806688308716,-0.07015272229909897,0.4810333549976349,0.5022504329681396,-0.06517617404460907,0.4781411290168762,0.5207669138908386,-0.04812076687812805,0.5157305002212524,0.5242647528648376,-0.0343177355825901,0.5330957770347595,0.4535140097141266,-0.060985907912254333,0.5436270236968994,0.42089322209358215,-0.05985060706734657,0.5544039011001587,0.3821771442890167,-0.0510612428188324,I_LOVE_YOU
0.3979361355304718,0.7724554538726807,1.8477154029028497e-08,0.3288280963897705,0.7638441324234009,-0.025289472192525864,0.2640819251537323,0.6992828845977783,-0.038608796894550323,0.22112637758255005,0.6420652270317078,-0.05247623473405838,0.1765516847372055,0.620017945766449,-0.06551820784807205,0.28211095929145813,0.5765019655227661,-0.015116631053388119,0.2677640914916992,0.4900508522987366,-0.037444282323122025,0.260163277387619,0.43582797050476074,-0.049419332295656204,0.25747281312942505,0.38437211513519287,-0.05735185742378235,0.32353100180625916,0.5615723729133606,-0.017415309324860573,0.31457027792930603,0.49155163764953613,-0.061873532831668854,0.3162599205970764,0.5546334385871887,-0.07501470297574997,0.32158204913139343,0.6045204997062683,-0.07099778205156326,0.3663340210914612,0.5593619346618652,-0.02331606298685074,0.36010032892227173,0.49253854155540466,-0.06539317220449448,0.3592570424079895,0.5431696772575378,-0.06464745849370956,0.3620529770851135,0.5824328064918518,-0.050816524773836136,0.4094499349594116,0.5692225098609924,-0.03098761849105358,0.41165173053741455,0.4914071261882782,-0.05894443392753601,0.4111173152923584,0.44630753993988037,-0.06362789124250412,0.41379663348197937,0.40038204193115234,-0.059829022735357285,I_LOVE_YOU
0.40215200185775757,0.7567151188850403,-3.541893534020346e-08,0.3252228796482086,0.7477254867553711,-0.024729056283831596,0.2521122395992279,0.6779720783233643,-0.03757612034678459,0.2035488784313202,0.6157369613647461,-0.05285552889108658,0.15394029021263123,0.5938146114349365,-0.06731738895177841,0.27599960565567017,0.541416347026825,-0.004669485613703728,0.2533784806728363,0.45462310314178467,-0.024296918883919716,0.2370370477437973,0.39899182319641113,-0.034811243414878845,0.22545726597309113,0.3509765565395355,-0.04224728047847748,0.31734296679496765,0.5251356363296509,-0.009512480348348618,0.29843631386756897,0.459014892578125,-0.05507909506559372,0.3038179874420166,0.5271242260932922,-0.068984754383564,0.31245535612106323,0.5747191905975342,-0.06425617635250092,0.360515296459198,0.5215177536010742,-0.018604928627610207,0.3493198752403259,0.45485708117485046,-0.06284140050411224,0.35221558809280396,0.5080403685569763,-0.061252839863300323,0.3575412631034851,0.5460167527198792,-0.045842669904232025,0.40418151021003723,0.5303213596343994,-0.029806021600961685,0.4025413393974304,0.45102453231811523,-0.058003224432468414,0.40267619490623474,0.4034581184387207,-0.06052399426698685,0.4068983793258667,0.35351061820983887,-0.054635874927043915,I_LOVE_YOU
0.4762549102306366,0.7479931712150574,5.764096755456194e-08,0.3975658118724823,0.7396649718284607,-0.0345478393137455,0.32647705078125,0.6752687096595764,-0.05382338538765907,0.2801945209503174,0.6125413775444031,-0.07367236912250519,0.23129960894584656,0.5841586589813232,-0.09208722412586212,0.3505277633666992,0.5260668396949768,-0.017673764377832413,0.32977402210235596,0.4342103600502014,-0.042680274695158005,0.31696590781211853,0.37630605697631836,-0.057039130479097366,0.30764076113700867,0.32267385721206665,-0.06680405139923096,0.39308345317840576,0.5102890729904175,-0.018199486657977104,0.3844499886035919,0.4437524080276489,-0.06686236709356308,0.3882228136062622,0.5100083947181702,-0.08275938034057617,0.3913755416870117,0.5581920146942139,-0.08036985993385315,0.4370436668395996,0.5075846314430237,-0.023626863956451416,0.4322388172149658,0.4377523958683014,-0.07079444080591202,0.4341295063495636,0.49624502658843994,-0.07001696527004242,0.43651139736175537,0.5394799113273621,-0.055211447179317474,0.4821367561817169,0.518423855304718,-0.031945545226335526,0.48490339517593384,0.4383881092071533,-0.06254316121339798,0.485751211643219,0.3919435739517212,-0.06670066714286804,0.48871827125549316,0.3428722620010376,-0.06180008128285408,I_LOVE_YOU
0.5581808686256409,0.7357326149940491,1.3298567580477538e-07,0.4884260892868042,0.7249717116355896,-0.032413046807050705,0.41891083121299744,0.6620616912841797,-0.05409948527812958,0.366260290145874,0.6082037687301636,-0.0767928808927536,0.3138499855995178,0.5995146632194519,-0.09903021901845932,0.44716978073120117,0.5225444436073303,-0.02398969605565071,0.4344380497932434,0.4282934367656708,-0.05148148164153099,0.42583519220352173,0.36597394943237305,-0.06726191937923431,0.42126205563545227,0.31183061003685,-0.07832988351583481,0.4891461730003357,0.5082173347473145,-0.027198897674679756,0.48241591453552246,0.4383467733860016,-0.08018668740987778,0.4883815050125122,0.49769070744514465,-0.09840524941682816,0.49245327711105347,0.5348171591758728,-0.09691502153873444,0.5336453318595886,0.5031771659851074,-0.03461626544594765,0.5331409573554993,0.4335898160934448,-0.08330877870321274,0.5391283631324768,0.4722515940666199,-0.0852084830403328,0.542330265045166,0.49688857793807983,-0.0729362815618515,0.5773693323135376,0.5104488134384155,-0.04458782449364662,0.5855132341384888,0.4353410303592682,-0.07488603889942169,0.5938119292259216,0.3896099328994751,-0.07864873111248016,0.6011404991149902,0.3407061696052551,-0.07434146106243134,I_LOVE_YOU
0.6242661476135254,0.7183833122253418,5.940921710134717e-08,0.5576387047767639,0.7075260281562805,-0.03093510866165161,0.48889994621276855,0.6465736031532288,-0.05203305557370186,0.44178101420402527,0.588565468788147,-0.07431118190288544,0.39423835277557373,0.5687828063964844,-0.09492073953151703,0.5191301703453064,0.512057900428772,-0.02340388111770153,0.506184995174408,0.42006662487983704,-0.049391962587833405,0.49615728855133057,0.36083176732063293,-0.05934201925992966,0.49235761165618896,0.31055939197540283,-0.06517167389392853,0.5582249760627747,0.4988054633140564,-0.025646094232797623,0.5489756464958191,0.4299947917461395,-0.06989070028066635,0.5534783005714417,0.5012661218643188,-0.07408653944730759,0.5555273294448853,0.5313988924026489,-0.06412428617477417,0.6004925966262817,0.4939670264720917,-0.032846491783857346,0.598989725112915,0.42676955461502075,-0.07679351419210434,0.6042754650115967,0.4801041781902313,-0.06526707857847214,0.6056640148162842,0.5066952705383301,-0.04443661496043205,0.6433007717132568,0.4998455345630646,-0.043056488037109375,0.6510011553764343,0.42331933975219727,-0.07189745455980301,0.6583858132362366,0.383402943611145,-0.06951578706502914,0.664047360420227,0.33692222833633423,-0.06021314114332199,I_LOVE_YOU
0.6536396741867065,0.7157723903656006,4.302962253177611e-08,0.5889924764633179,0.7088095545768738,-0.03491497412323952,0.5243667364120483,0.6466352343559265,-0.05605456605553627,0.4839897155761719,0.5809720754623413,-0.07781469076871872,0.4378467798233032,0.553992748260498,-0.09796649217605591,0.54564368724823,0.5232610702514648,-0.02246188186109066,0.5351413488388062,0.4298032820224762,-0.052358478307724,0.5326747894287109,0.3685583472251892,-0.06646385788917542,0.5349253416061401,0.3161082863807678,-0.07470715045928955,0.5872540473937988,0.5082014799118042,-0.024080418050289154,0.5829764008522034,0.42859798669815063,-0.06976360082626343,0.5941119194030762,0.5048283338546753,-0.07345810532569885,0.598606288433075,0.541928768157959,-0.06278261542320251,0.6300310492515564,0.5042979121208191,-0.03180789574980736,0.631283700466156,0.4303191602230072,-0.07752669602632523,0.6381152272224426,0.4929559826850891,-0.06435313075780869,0.6395572423934937,0.5263383984565735,-0.04187100753188133,0.6728261113166809,0.5119426846504211,-0.04290308058261871,0.6807907819747925,0.4383348226547241,-0.07194393128156662,0.6824809908866882,0.45848318934440613,-0.06398846954107285,0.6801370978355408,0.47211307287216187,-0.05016982555389404,I_LOVE_YOU
0.6407074332237244,0.7397135496139526,-1.8624339404027523e-08,0.5775355100631714,0.7311674952507019,-0.02907322533428669,0.515518307685852,0.6623074412345886,-0.041755009442567825,0.48034411668777466,0.5918303728103638,-0.055059075355529785,0.4402528405189514,0.557712972164154,-0.06740927696228027,0.5406699180603027,0.5547998547554016,-0.013838893733918667,0.5299381017684937,0.46200132369995117,-0.03862757608294487,0.52821946144104,0.4060974717140198,-0.053032416850328445,0.5290022492408752,0.35412898659706116,-0.06250444054603577,0.581062912940979,0.5395906567573547,-0.01579493097960949,0.575323760509491,0.4584982097148895,-0.06023872643709183,0.579444169998169,0.5205274820327759,-0.07140948623418808,0.5839529633522034,0.5663301348686218,-0.06668835133314133,0.6208878755569458,0.5364220142364502,-0.02261495031416416,0.6186665296554565,0.4581387937068939,-0.06454210728406906,0.6209126114845276,0.5140812993049622,-0.058068178594112396,0.62431800365448,0.5531125664710999,-0.04064388945698738,0.6623961925506592,0.5436634421348572,-0.0321587473154068,0.6654481291770935,0.46671441197395325,-0.05780678242444992,0.6628465056419373,0.4760485887527466,-0.05352654308080673,0.6616966724395752,0.48558709025382996,-0.04313773661851883,I_LOVE_YOU
0.6412820816040039,0.7009533643722534,2.5702445327624446e-07,0.5753640532493591,0.6906691789627075,-0.019224703311920166,0.5192462801933289,0.637016236782074,-0.02390645071864128,0.49025121331214905,0.5739852786064148,-0.02834318019449711,0.466293603181839,0.5273831486701965,-0.03149579092860222,0.544949471950531,0.5473735332489014,0.004880479071289301,0.5317351222038269,0.4733569025993347,-0.005884593352675438,0.5262115001678467,0.42361658811569214,-0.017453566193580627,0.5220186114311218,0.38076144456863403,-0.026608193293213844,0.5791727304458618,0.5287302732467651,0.004320332780480385,0.5676391124725342,0.46104806661605835,-0.00940546952188015,0.5597918033599854,0.43930113315582275,-0.02063731476664543,0.5560441613197327,0.4262058734893799,-0.026545660570263863,0.6146717071533203,0.5202721357345581,-0.0005391492741182446,0.6098032593727112,0.44840991497039795,-0.014825490303337574,0.6039111018180847,0.4089530110359192,-0.01767233945429325,0.6014896035194397,0.37522947788238525,-0.01796513795852661,0.6541351675987244,0.5216049551963806,-0.007900420576334,0.6554744839668274,0.4574139714241028,-0.019106900319457054,0.6543484926223755,0.4142264425754547,-0.019432634115219116,0.6526360511779785,0.3735104203224182,-0.01817532815039158,I_LOVE_YOU
0.6331210732460022,0.7101197838783264,5.07192190468686e-08,0.5674457550048828,0.6999011039733887,-0.017127089202404022,0.511448085308075,0.6393479108810425,-0.02212991751730442,0.4845878481864929,0.5733243823051453,-0.028088387101888657,0.4634762406349182,0.5253044366836548,-0.0327288880944252,0.5370952486991882,0.5466663837432861,0.0010705786990001798,0.5247746706008911,0.46662068367004395,-0.013029258698225021,0.521933913230896,0.4171537756919861,-0.023149512708187103,0.5203445553779602,0.3765329122543335,-0.02947205863893032,0.5728033781051636,0.5338658094406128,-0.0009353731875307858,0.5595197081565857,0.46237969398498535,-0.032331399619579315,0.5541789531707764,0.4912978410720825,-0.04782238230109215,0.5521541237831116,0.5297974348068237,-0.04900727421045303,0.6090126037597656,0.5267306566238403,-0.005636965855956078,0.6024719476699829,0.45224982500076294,-0.03434957563877106,0.5998371839523315,0.48240718245506287,-0.0355306901037693,0.599769651889801,0.5171219706535339,-0.026360800489783287,0.6476184129714966,0.5277319550514221,-0.011878754012286663,0.6461057662963867,0.45443710684776306,-0.02963000163435936,0.6409172415733337,0.40741652250289917,-0.03207578510046005,0.6356162428855896,0.36535143852233887,-0.028478439897298813,I_LOVE_YOU
0.6254029273986816,0.7056922912597656,-5.710576544970536e-08,0.5623506307601929,0.6891566514968872,-0.024762464687228203,0.503607988357544,0.6202300786972046,-0.04067495837807655,0.46963679790496826,0.55657958984375,-0.05808611959218979,0.4304926097393036,0.526362955570221,-0.0732993632555008,0.5352300405502319,0.5019614696502686,-0.016514161601662636,0.5259888172149658,0.41859811544418335,-0.039900463074445724,0.5191148519515991,0.36820435523986816,-0.04609331488609314,0.5186665058135986,0.324614942073822,-0.04865675047039986,0.574085533618927,0.4954755902290344,-0.019296089187264442,0.5649162530899048,0.4371227025985718,-0.0609285794198513,0.5638126134872437,0.5128538012504578,-0.06115138903260231,0.5665541887283325,0.5387498736381531,-0.048075463622808456,0.6151182055473328,0.49714383482933044,-0.026903696358203888,0.6129609942436218,0.4374043941497803,-0.06921924650669098,0.6086499094963074,0.4990077614784241,-0.055341195315122604,0.6067087054252625,0.5256243944168091,-0.03247822821140289,0.6559649705886841,0.5070692896842957,-0.03695429861545563,0.6598911285400391,0.43928223848342896,-0.06657043099403381,0.6598730087280273,0.3993244171142578,-0.06566212326288223,0.6629418134689331,0.34957873821258545,-0.05686969682574272,I_LOVE_YOU
0.6229588985443115,0.7037808895111084,-6.554866160968231e-08,0.5629197955131531,0.6897972226142883,-0.026704004034399986,0.5008171796798706,0.6270041465759277,-0.044033002108335495,0.4601736068725586,0.5731186270713806,-0.0619087778031826,0.41736525297164917,0.5494077205657959,-0.07802616059780121,0.5291405320167542,0.5139652490615845,-0.023088503628969193,0.5152323842048645,0.4372069835662842,-0.04853266105055809,0.5018807649612427,0.38808995485305786,-0.05887541547417641,0.4935270845890045,0.34552258253097534,-0.06543029099702835,0.5677933692932129,0.5032494068145752,-0.024908917024731636,0.5561252236366272,0.4563358724117279,-0.06432580947875977,0.5574902296066284,0.5296406149864197,-0.0659312903881073,0.5598889589309692,0.5534358620643616,-0.05619591474533081,0.6094967722892761,0.5045145750045776,-0.03121878020465374,0.6047317385673523,0.45473864674568176,-0.07154303044080734,0.6024524569511414,0.5153546929359436,-0.05797581374645233,0.6004795432090759,0.5398596525192261,-0.037176623940467834,0.6509398221969604,0.5152343511581421,-0.04003429040312767,0.6526639461517334,0.45318761467933655,-0.06885930895805359,0.6517176628112793,0.41900506615638733,-0.06666871905326843,0.652839720249176,0.3734460473060608,-0.05775979533791542,I_LOVE_YOU
0.6206141710281372,0.706509530544281,-9.911725840083818e-08,0.5596168637275696,0.6918518543243408,-0.023898644372820854,0.49862760305404663,0.6312345266342163,-0.04071243479847908,0.454851895570755,0.5832337141036987,-0.058058783411979675,0.4115375876426697,0.5606163144111633,-0.07371772825717926,0.5270695686340332,0.5208061337471008,-0.02324380725622177,0.5105580687522888,0.45007389783859253,-0.04965081810951233,0.4947768449783325,0.4041942059993744,-0.06203698739409447,0.4826270341873169,0.36325305700302124,-0.07071042060852051,0.564440131187439,0.5109046697616577,-0.026330413296818733,0.5487138628959656,0.4714908301830292,-0.06472185254096985,0.5544431209564209,0.5478554368019104,-0.06596767157316208,0.559394121170044,0.5704231858253479,-0.05697915330529213,0.606396496295929,0.5144411325454712,-0.03346693888306618,0.5983151793479919,0.47313839197158813,-0.07278837263584137,0.6004406213760376,0.5356613397598267,-0.05716431140899658,0.6005417108535767,0.5569435358047485,-0.035772040486335754,0.647733747959137,0.5281810760498047,-0.04281872138381004,0.6474851369857788,0.47268790006637573,-0.07073371112346649,0.6458972692489624,0.4450940191745758,-0.06592344492673874,0.6448354125022888,0.40090295672416687,-0.05554115027189255,I_LOVE_YOU
0.6126894354820251,0.7152867317199707,-9.450504023789108e-08,0.5520446300506592,0.6995455026626587,-0.025243401527404785,0.4922110438346863,0.6368815302848816,-0.04043116047978401,0.4501693844795227,0.5872121453285217,-0.055657438933849335,0.40806853771209717,0.5651781558990479,-0.06969185173511505,0.5219718813896179,0.5350141525268555,-0.023580709472298622,0.5058497786521912,0.4678979218006134,-0.049021512269973755,0.4901430010795593,0.42310357093811035,-0.06220714747905731,0.47760674357414246,0.38049477338790894,-0.07224706560373306,0.5598013401031494,0.5230881571769714,-0.02534344233572483,0.5482395887374878,0.4857439398765564,-0.06149362027645111,0.5519483089447021,0.5597406625747681,-0.06373769044876099,0.5558741092681885,0.5820668935775757,-0.05671120807528496,0.602012038230896,0.5278169512748718,-0.03110991232097149,0.5963755249977112,0.4882074296474457,-0.0695355162024498,0.5964176654815674,0.5514070391654968,-0.05542667955160141,0.5964801907539368,0.5757116675376892,-0.0355837419629097,0.6433508992195129,0.5443779826164246,-0.03917694464325905,0.6436194777488708,0.4897996485233307,-0.06824475526809692,0.6422656774520874,0.4611350893974304,-0.06516733765602112,0.6429866552352905,0.41830289363861084,-0.056210823357105255,I_LOVE_YOU
0.5937440395355225,0.7578803896903992,-2.0966349723039457e-07,0.5317460298538208,0.735397458076477,-0.020449066534638405,0.47722169756889343,0.6475765705108643,-0.029050573706626892,0.4435994327068329,0.5824143886566162,-0.039153803139925,0.4032745957374573,0.5512398481369019,-0.04803181812167168,0.5145192742347717,0.5401502251625061,-0.011561250314116478,0.5010315179824829,0.46742546558380127,-0.03330551087856293,0.4869844317436218,0.4184575080871582,-0.04473930597305298,0.4764377176761627,0.3723081648349762,-0.05370723083615303,0.5523096919059753,0.5350704789161682,-0.014996852725744247,0.5352672934532166,0.5017420649528503,-0.051779888570308685,0.5340698957443237,0.5766887068748474,-0.05546886846423149,0.5423586368560791,0.6058055758476257,-0.04800228402018547,0.591244637966156,0.5491309762001038,-0.02236638404428959,0.5777780413627625,0.5161092877388,-0.0606575682759285,0.5724557638168335,0.5821641087532043,-0.04737290367484093,0.5759647488594055,0.6099044680595398,-0.027026673778891563,0.6270102262496948,0.5735848546028137,-0.03184385970234871,0.6280699968338013,0.5196886658668518,-0.058836888521909714,0.6199391484260559,0.49422281980514526,-0.055157896131277084,0.6179327964782715,0.45521295070648193,-0.04540480300784111,I_LOVE_YOU
0.582080602645874,0.7760457992553711,-1.808857952312337e-08,0.5108247995376587,0.761732816696167,-0.022211186587810516,0.4509549140930176,0.6957089304924011,-0.0325775146484375,0.41963064670562744,0.627840518951416,-0.04451889544725418,0.39060890674591064,0.5824471116065979,-0.055519603192806244,0.4893135726451874,0.582200288772583,-0.007886256091296673,0.4797150790691376,0.49670541286468506,-0.030151745304465294,0.47384050488471985,0.44052934646606445,-0.04169348627328873,0.470123291015625,0.39324963092803955,-0.048340778797864914,0.5261763334274292,0.5697714686393738,-0.011849261820316315,0.5155045986175537,0.49553799629211426,-0.05739825218915939,0.5165894627571106,0.5580354928970337,-0.06923355907201767,0.518840491771698,0.6062621474266052,-0.06297843903303146,0.5631793141365051,0.5664592385292053,-0.01979008875787258,0.5557607412338257,0.4933750033378601,-0.0620187446475029,0.5580101013183594,0.5451605916023254,-0.05757346376776695,0.5614256262779236,0.5843950510025024,-0.040147654712200165,0.6015415191650391,0.5744308233261108,-0.029766032472252846,0.6049291491508484,0.4940567910671234,-0.05601274594664574,0.6051682233810425,0.4463273584842682,-0.0573088638484478,0.6051751971244812,0.39834240078926086,-0.050723206251859665,I_LOVE_YOU
0.6176815032958984,0.7256602048873901,7.705181559458651e-08,0.55057692527771,0.7011475563049316,-0.030030040070414543,0.4966756999492645,0.6253960728645325,-0.045285824686288834,0.47096240520477295,0.5494276285171509,-0.060630250722169876,0.45263755321502686,0.48543480038642883,-0.07325585186481476,0.5292285680770874,0.518194317817688,-0.014000019989907742,0.5253199338912964,0.42493587732315063,-0.04098796471953392,0.5311240553855896,0.37093985080718994,-0.056378163397312164,0.5404733419418335,0.3228643238544464,-0.06494329869747162,0.5715209245681763,0.5101888179779053,-0.014132917858660221,0.5655202269554138,0.43171823024749756,-0.06379138678312302,0.560342013835907,0.49172475934028625,-0.07827936857938766,0.5601780414581299,0.5407542586326599,-0.07352522015571594,0.612738311290741,0.5110451579093933,-0.019120441749691963,0.6113780736923218,0.4349815249443054,-0.0636940449476242,0.6084330677986145,0.49083688855171204,-0.05898897349834442,0.6091777086257935,0.5358094573020935,-0.04056277126073837,0.6553083062171936,0.5219208598136902,-0.02695547044277191,0.665682315826416,0.44427818059921265,-0.053933173418045044,0.6685153245925903,0.4011353850364685,-0.05531105026602745,0.671172022819519,0.35909971594810486,-0.04806183651089668,I_LOVE_YOU
0.5843231678009033,0.739539623260498,8.339130630474756e-08,0.5198770761489868,0.6938999891281128,-0.02778247743844986,0.4818255603313446,0.593407392501831,-0.03937821462750435,0.4695093631744385,0.5065428614616394,-0.05226936191320419,0.4546085000038147,0.43898436427116394,-0.06286655366420746,0.5330579280853271,0.4950367212295532,-0.002041399013251066,0.5457509756088257,0.40545183420181274,-0.026159970089793205,0.5602685213088989,0.34730154275894165,-0.03945937007665634,0.5762090682983398,0.29707494378089905,-0.04679196700453758,0.5758488774299622,0.49957847595214844,-0.0031619996298104525,0.5849910378456116,0.4193624258041382,-0.05027515068650246,0.569346010684967,0.4733312427997589,-0.06526622176170349,0.5591872930526733,0.5136136412620544,-0.06029398739337921,0.6164273023605347,0.513414204120636,-0.009537494741380215,0.6303175687789917,0.44151800870895386,-0.05438324436545372,0.6181297302246094,0.48818403482437134,-0.0531403087079525,0.610274612903595,0.521098256111145,-0.036452870815992355,0.6547251343727112,0.538756251335144,-0.018370885401964188,0.6814780235290527,0.46632084250450134,-0.04550110176205635,0.6934301853179932,0.42861294746398926,-0.04809831082820892,0.7050946354866028,0.3916332721710205,-0.041315704584121704,I_LOVE_YOU
0.5200337767601013,0.7895925045013428,-4.9867686868765304e-08,0.45038312673568726,0.7553262710571289,-0.025391599163413048,0.39606478810310364,0.6679039597511292,-0.03926936909556389,0.3683481812477112,0.5910860300064087,-0.05480525642633438,0.3396781384944916,0.5320028066635132,-0.06831774115562439,0.4439791142940521,0.5466853976249695,-0.007940532639622688,0.44114184379577637,0.4577564597129822,-0.032692547887563705,0.4366734027862549,0.40027087926864624,-0.045305054634809494,0.43477290868759155,0.35159528255462646,-0.052706170827150345,0.484178751707077,0.5439886450767517,-0.012137995101511478,0.4774710536003113,0.46893852949142456,-0.060544922947883606,0.46873384714126587,0.5381627082824707,-0.07250288873910904,0.4682076573371887,0.5870819687843323,-0.06539594382047653,0.524179220199585,0.5540456771850586,-0.021022846922278404,0.5195755958557129,0.4835740029811859,-0.06639862805604935,0.5124594569206238,0.5416259765625,-0.060354314744472504,0.5117138624191284,0.579134464263916,-0.04096994549036026,0.5636014938354492,0.5765028595924377,-0.032185476273298264,0.5706889629364014,0.499839186668396,-0.0592065192759037,0.5684072971343994,0.45994070172309875,-0.058194223791360855,0.5685553550720215,0.41717278957366943,-0.049304842948913574,I_LOVE_YOU
0.1940576285123825,0.8545898199081421,-1.7996528356434283e-07,0.2614564001560211,0.8343032598495483,-0.026800546795129776,0.32591116428375244,0.7607393860816956,-0.0383228063583374,0.37920284271240234,0.7135878205299377,-0.051791079342365265,0.43051522970199585,0.7007423043251038,-0.06493991613388062,0.30931752920150757,0.6275523900985718,-0.017420778051018715,0.3359089195728302,0.5307468771934509,-0.04157830774784088,0.3507309854030609,0.4689667820930481,-0.05456266924738884,0.36337563395500183,0.41495513916015625,-0.06318672001361847,0.2598220705986023,0.6155710816383362,-0.02117210254073143,0.25925251841545105,0.5699515342712402,-0.07898678630590439,0.24014702439308167,0.663047194480896,-0.09690561890602112,0.23045605421066284,0.7292673587799072,-0.09297623485326767,0.2089884728193283,0.6206985116004944,-0.028287043794989586,0.20443350076675415,0.5709773302078247,-0.08431295305490494,0.19884231686592102,0.6638481020927429,-0.08386941999197006,0.2004098892211914,0.7286183834075928,-0.06564335525035858,0.16062113642692566,0.6356468200683594,-0.037292707711458206,0.14709150791168213,0.5608124136924744,-0.0711422860622406,0.13719820976257324,0.5190374851226807,-0.07429806888103485,0.13440507650375366,0.4656473994255066,-0.06778841465711594,I_LOVE_YOU
0.20967067778110504,0.8545922040939331,-1.912762712663607e-07,0.2776484489440918,0.8345611691474915,-0.02497979812324047,0.34208929538726807,0.7580949068069458,-0.035747941583395004,0.39398902654647827,0.7075666189193726,-0.048823777586221695,0.44332030415534973,0.6957837343215942,-0.06182917580008507,0.32528048753738403,0.6273719668388367,-0.016239222139120102,0.35220813751220703,0.5297465920448303,-0.03932828828692436,0.36861324310302734,0.4711080491542816,-0.05158921703696251,0.38231194019317627,0.4186127185821533,-0.059816181659698486,0.27730560302734375,0.6171405911445618,-0.021151326596736908,0.27978789806365967,0.5698351860046387,-0.07756175100803375,0.2656847834587097,0.6618574857711792,-0.09604503959417343,0.25661540031433105,0.7264660000801086,-0.09315798431634903,0.22811079025268555,0.6240007877349854,-0.02912565879523754,0.2258528769016266,0.5732585787773132,-0.08335307985544205,0.22448866069316864,0.6653841733932495,-0.08318459242582321,0.22671103477478027,0.7280559539794922,-0.06606346368789673,0.18013976514339447,0.640301525592804,-0.03887997567653656,0.16798102855682373,0.5640050172805786,-0.070489801466465,0.16075176000595093,0.5204943418502808,-0.07299520820379257,0.1587998867034912,0.4645674228668213,-0.06702110916376114,I_LOVE_YOU
0.2101796567440033,0.852902889251709,-1.4215437715847656e-07,0.2773897051811218,0.8299580812454224,-0.02780480496585369,0.33966168761253357,0.7532913088798523,-0.04106033965945244,0.390389621257782,0.6999760270118713,-0.05617061257362366,0.441463440656662,0.6854398250579834,-0.07115593552589417,0.3224298059940338,0.6181516647338867,-0.0185242947191,0.3470631539821625,0.5228342413902283,-0.042471952736377716,0.3625735640525818,0.4622063934803009,-0.0558633916079998,0.37512725591659546,0.40937402844429016,-0.06476251780986786,0.27300140261650085,0.6083088517189026,-0.022313982248306274,0.2745369076728821,0.5614545941352844,-0.07799158990383148,0.2608138620853424,0.6501397490501404,-0.09656824916601181,0.2526760995388031,0.7118014693260193,-0.09384701400995255,0.222831130027771,0.6163433790206909,-0.02930775098502636,0.2191493660211563,0.5654323101043701,-0.08309216052293777,0.21730941534042358,0.654773473739624,-0.08305492997169495,0.22001084685325623,0.7160947322845459,-0.0661393478512764,0.17458805441856384,0.6347465515136719,-0.03828361630439758,0.15856751799583435,0.5601380467414856,-0.06946594268083572,0.14862772822380066,0.5174894332885742,-0.07148326933383942,0.1450454145669937,0.4632464051246643,-0.0649966448545456,I_LOVE_YOU
0.2313842922449112,0.8445279598236084,-1.7114658135142236e-07,0.29891297221183777,0.8104732036590576,-0.02911909483373165,0.35217809677124023,0.7238008379936218,-0.042313262820243835,0.39677125215530396,0.6590321063995361,-0.056349463760852814,0.445857435464859,0.6395165324211121,-0.069867804646492,0.31748995184898376,0.5902283191680908,-0.023025309666991234,0.32682397961616516,0.4872543215751648,-0.047262657433748245,0.3292846381664276,0.42013511061668396,-0.061185408383607864,0.32945773005485535,0.3608863353729248,-0.07129525393247604,0.26605483889579773,0.5886183381080627,-0.025820370763540268,0.26046547293663025,0.5374579429626465,-0.0800945982336998,0.2587098777294159,0.6280171275138855,-0.0971984788775444,0.2590988576412201,0.6897386312484741,-0.09456167370080948,0.21658293902873993,0.605073869228363,-0.031678177416324615,0.2056446075439453,0.5525346398353577,-0.08393996953964233,0.21460670232772827,0.6396598815917969,-0.08291301876306534,0.22456566989421844,0.6986487507820129,-0.06637202948331833,0.17087295651435852,0.6318556666374207,-0.039781760424375534,0.1474519968032837,0.5582501888275146,-0.07146976888179779,0.13433080911636353,0.5171771049499512,-0.07441531866788864,0.12641075253486633,0.4637758433818817,-0.0690896064043045,I_LOVE_YOU
0.21622195839881897,0.8406775593757629,-1.5487627536003856e-07,0.28340184688568115,0.7978788614273071,-0.03572068363428116,0.3285226821899414,0.7082402110099792,-0.053618524223566055,0.3642131984233856,0.6329262852668762,-0.07155988365411758,0.41063210368156433,0.5976464152336121,-0.08856053650379181,0.2705762982368469,0.570002019405365,-0.028219301253557205,0.2615644335746765,0.4693036675453186,-0.053880125284194946,0.25085684657096863,0.4036896824836731,-0.06732156127691269,0.23875245451927185,0.3500411808490753,-0.07646601647138596,0.21794338524341583,0.5806076526641846,-0.028861364349722862,0.19881464540958405,0.5327601432800293,-0.08609658479690552,0.21377401053905487,0.6266360282897949,-0.10290342569351196,0.2270827293395996,0.6900986433029175,-0.09891458600759506,0.17156971991062164,0.6074415445327759,-0.03338541463017464,0.14919671416282654,0.5561877489089966,-0.08812706917524338,0.1718384325504303,0.6405470371246338,-0.0868205577135086,0.19178250432014465,0.6971914172172546,-0.06917299330234528,0.13095086812973022,0.643744707107544,-0.04077472910284996,0.09658226370811462,0.574600338935852,-0.07445517927408218,0.07620692253112793,0.535625696182251,-0.07833358645439148,0.05832377076148987,0.48115256428718567,-0.07311748713254929,I_LOVE_YOU
0.22450357675552368,0.8073221445083618,-1.371868876276494e-07,0.2963322401046753,0.7764180898666382,-0.036348823457956314,0.3562265932559967,0.693361759185791,-0.05416092649102211,0.40208274126052856,0.626798689365387,-0.07199667394161224,0.45738303661346436,0.6004189252853394,-0.0892106145620346,0.31608229875564575,0.5369946360588074,-0.03097032569348812,0.3243368864059448,0.4295721650123596,-0.05948103964328766,0.3246205449104309,0.35880789160728455,-0.07491692900657654,0.3233768343925476,0.29574787616729736,-0.08570382744073868,0.2599814236164093,0.5329692363739014,-0.03154647350311279,0.24855351448059082,0.48217716813087463,-0.09068775177001953,0.2524332106113434,0.5811626315116882,-0.10690363496541977,0.2593754231929779,0.646129846572876,-0.10247130692005157,0.20519165694713593,0.5504432916641235,-0.03619590401649475,0.19282996654510498,0.4971846342086792,-0.094935342669487,0.2061384618282318,0.5952345132827759,-0.09198950976133347,0.22107703983783722,0.6588355898857117,-0.07231405377388,0.15354686975479126,0.578809916973114,-0.04363038390874863,0.12983906269073486,0.49918097257614136,-0.08210061490535736,0.12039956450462341,0.45509496331214905,-0.08712548762559891,0.11806580424308777,0.39715415239334106,-0.0819135457277298,I_LOVE_YOU
0.27230867743492126,0.7952852249145508,-1.0754873613905147e-07,0.3462666869163513,0.7758105993270874,-0.040062956511974335,0.4125123620033264,0.7047237157821655,-0.06314285844564438,0.46596479415893555,0.6466130614280701,-0.08656558394432068,0.5234744548797607,0.6294306516647339,-0.10915017873048782,0.3912106156349182,0.5394814610481262,-0.03293364867568016,0.40840551257133484,0.4294465184211731,-0.06420175731182098,0.4168805181980133,0.3577080965042114,-0.08104738593101501,0.4229893088340759,0.2956039011478424,-0.0917196273803711,0.33764776587486267,0.5292348265647888,-0.03362134471535683,0.33671849966049194,0.4724551737308502,-0.09674479067325592,0.328201562166214,0.5772578716278076,-0.11435379087924957,0.3253735303878784,0.6467268466949463,-0.10883692651987076,0.2836161255836487,0.5373100638389587,-0.038786254823207855,0.27887800335884094,0.4817694425582886,-0.09854976832866669,0.28292983770370483,0.5811622142791748,-0.09511782974004745,0.2902165353298187,0.6475492715835571,-0.07389324903488159,0.2303764820098877,0.5553876161575317,-0.04722275957465172,0.21548953652381897,0.468014121055603,-0.08161867409944534,0.20901647210121155,0.4203419089317322,-0.08274340629577637,0.20872168242931366,0.3598680794239044,-0.07474883645772934,I_LOVE_YOU
0.3213854432106018,0.8303577303886414,-1.7712461897190224e-07,0.3982090651988983,0.8166933655738831,-0.0320855975151062,0.4712566137313843,0.7502055168151855,-0.05233457684516907,0.5273752808570862,0.697702169418335,-0.07473531365394592,0.5843076705932617,0.6829837560653687,-0.09598813951015472,0.4575519859790802,0.5880966186523438,-0.024421026930212975,0.4817352592945099,0.47127699851989746,-0.052450235933065414,0.4958052337169647,0.4001619219779968,-0.06507278978824615,0.5057730078697205,0.33999133110046387,-0.07276245951652527,0.40701761841773987,0.5763329863548279,-0.02968251146376133,0.42164742946624756,0.5205008387565613,-0.09373100847005844,0.41058748960494995,0.6282482147216797,-0.11173412948846817,0.4014180898666382,0.6991083025932312,-0.106104776263237,0.3554767370223999,0.5801354646682739,-0.03880571201443672,0.3638589382171631,0.5176244378089905,-0.09996694326400757,0.3638640344142914,0.6184906363487244,-0.09642267227172852,0.3640250563621521,0.6828612089157104,-0.07523977756500244,0.30315202474594116,0.5930978655815125,-0.05028554052114487,0.2927861213684082,0.5019053816795349,-0.08542019873857498,0.29084593057632446,0.45366013050079346,-0.08638123422861099,0.2928891181945801,0.3891068994998932,-0.0786013975739479,I_LOVE_YOU
0.3654603362083435,0.9493421316146851,-2.4986715629893297e-07,0.44209179282188416,0.9537910223007202,-0.02981598861515522,0.5200544595718384,0.8978019952774048,-0.049533527344465256,0.5713563561439514,0.8469918966293335,-0.07102734595537186,0.6288387179374695,0.8306955099105835,-0.09152577817440033,0.5214563608169556,0.7464607954025269,-0.03319726511836052,0.560283899307251,0.6341550946235657,-0.06422558426856995,0.5809813737869263,0.5668511986732483,-0.07960732281208038,0.5965589880943298,0.5044528841972351,-0.0903325229883194,0.47554972767829895,0.7276595830917358,-0.03944920748472214,0.5072371959686279,0.6963821649551392,-0.10596896708011627,0.4938200116157532,0.8028308749198914,-0.12609995901584625,0.47694799304008484,0.8685124516487122,-0.12422432005405426,0.4273989200592041,0.7270997762680054,-0.048759303987026215,0.45226550102233887,0.6802628636360168,-0.11111460626125336,0.44656041264533997,0.7858999371528625,-0.108291395008564,0.4379403591156006,0.8526906371116638,-0.0895046666264534,0.37813541293144226,0.7363899350166321,-0.06006903201341629,0.3791256546974182,0.6494863033294678,-0.09968925267457962,0.386478066444397,0.599490225315094,-0.10508640110492706,0.39726346731185913,0.5338562726974487,-0.10126524418592453,I_LOVE_YOU
0.40797001123428345,0.8806777000427246,-3.04167173226233e-07,0.4853126108646393,0.8784438967704773,-0.025614392012357712,0.5612115859985352,0.8143083453178406,-0.04145536944270134,0.6200897097587585,0.7673677206039429,-0.05961958318948746,0.6730518341064453,0.7467072010040283,-0.07709313184022903,0.5575417280197144,0.663621187210083,-0.029251189902424812,0.5955696702003479,0.5470276474952698,-0.05656567960977554,0.6155920028686523,0.47865068912506104,-0.06797410547733307,0.6319432258605957,0.4186268746852875,-0.07623887807130814,0.5116809606552124,0.6447656750679016,-0.036869604140520096,0.5453294515609741,0.6007292866706848,-0.10148069262504578,0.5350742340087891,0.7089459300041199,-0.11958878487348557,0.5212854146957397,0.7812252044677734,-0.1160544902086258,0.46387040615081787,0.6456177234649658,-0.04720253869891167,0.49007493257522583,0.586747944355011,-0.10700216889381409,0.4899037480354309,0.691454291343689,-0.10389111191034317,0.4858584702014923,0.7615271806716919,-0.08574221283197403,0.4144815504550934,0.6572092175483704,-0.05941346287727356,0.41137081384658813,0.5680570602416992,-0.09950634837150574,0.4195919632911682,0.5131961703300476,-0.10780802369117737,0.43335598707199097,0.44615185260772705,-0.10672634840011597,I_LOVE_YOU
0.34399357438087463,0.8182505369186401,-2.1927120030795777e-07,0.42096975445747375,0.8269386291503906,-0.05107156187295914,0.501764714717865,0.772962749004364,-0.07770431041717529,0.5633804202079773,0.7236511707305908,-0.1034536361694336,0.6310117840766907,0.7220764756202698,-0.12787950038909912,0.49817875027656555,0.5942414999008179,-0.046276938170194626,0.5321775078773499,0.48527973890304565,-0.08599884808063507,0.5530611872673035,0.4124552607536316,-0.1058855876326561,0.5687917470932007,0.3503141701221466,-0.11701139807701111,0.445622980594635,0.5689254403114319,-0.042193081229925156,0.4374517798423767,0.5384240746498108,-0.11418867111206055,0.40816664695739746,0.6455614566802979,-0.13143505156040192,0.3960939943790436,0.7093191742897034,-0.12471018731594086,0.38937872648239136,0.5654891133308411,-0.04427361488342285,0.3742695748806,0.5364713668823242,-0.11752187460660934,0.3578594923019409,0.6393868923187256,-0.1153111457824707,0.3561336398124695,0.7016961574554443,-0.09163966029882431,0.3341398537158966,0.5728847980499268,-0.0497698150575161,0.33130812644958496,0.4795151352882385,-0.0942896381020546,0.3246084749698639,0.42730414867401123,-0.09617218375205994,0.32420113682746887,0.364707350730896,-0.08595332503318787,I_LOVE_YOU
0.2929478883743286,0.744307279586792,-1.1995056503621981e-08,0.3695400357246399,0.733374297618866,-0.05709579586982727,0.437554270029068,0.6581212878227234,-0.08525733649730682,0.4876541793346405,0.5910080671310425,-0.11036650836467743,0.5529428720474243,0.5729549527168274,-0.13388125598430634,0.4066273868083954,0.4855762720108032,-0.04548830911517143,0.4297909736633301,0.3705981373786926,-0.08018692582845688,0.4419410824775696,0.29348960518836975,-0.0978049635887146,0.4519011378288269,0.22756260633468628,-0.10826298594474792,0.3492893576622009,0.4723637104034424,-0.03752084821462631,0.34272390604019165,0.4181879162788391,-0.10892684012651443,0.32913991808891296,0.5281257629394531,-0.12818630039691925,0.32367610931396484,0.6065448522567749,-0.1208469420671463,0.29346418380737305,0.47733426094055176,-0.0355200357735157,0.2773192226886749,0.4302615821361542,-0.10435451567173004,0.2776663303375244,0.5341320037841797,-0.10502063482999802,0.2845454812049866,0.6057726740837097,-0.0826372280716896,0.24192196130752563,0.4925716519355774,-0.03764021024107933,0.22962792217731476,0.40378713607788086,-0.07775581628084183,0.21851278841495514,0.35517317056655884,-0.08210811018943787,0.21001066267490387,0.29627418518066406,-0.0741591602563858,I_LOVE_YOU
0.26201868057250977,0.7521282434463501,-7.666576351539334e-08,0.33257240056991577,0.727279543876648,-0.05926668643951416,0.3919259309768677,0.6335042119026184,-0.08674750477075577,0.44297346472740173,0.557000994682312,-0.11128178238868713,0.5078905820846558,0.5339826941490173,-0.13392727077007294,0.3490975797176361,0.46850696206092834,-0.052443552762269974,0.3626573085784912,0.33815863728523254,-0.08966882526874542,0.36764654517173767,0.253506064414978,-0.10926202684640884,0.36992645263671875,0.17835882306098938,-0.12176363170146942,0.2874792814254761,0.4578603506088257,-0.04390105605125427,0.2649419903755188,0.40481963753700256,-0.11812323331832886,0.25424522161483765,0.5215963125228882,-0.13750694692134857,0.2533734142780304,0.6038782000541687,-0.13059571385383606,0.22959411144256592,0.4673384130001068,-0.041329994797706604,0.2023387849330902,0.413978636264801,-0.11150719225406647,0.20778200030326843,0.5199078917503357,-0.1102226972579956,0.22016754746437073,0.5955947637557983,-0.08644115924835205,0.17817264795303345,0.4880123436450958,-0.043426964432001114,0.156812384724617,0.39325225353240967,-0.08460588753223419,0.13954931497573853,0.346662312746048,-0.08774180710315704,0.12719044089317322,0.29296165704727173,-0.07840939611196518,I_LOVE_YOU
0.16026845574378967,0.7923058271408081,-1.623540555328873e-07,0.23879408836364746,0.760492742061615,-0.057607535272836685,0.29861873388290405,0.6645213961601257,-0.08435061573982239,0.34403806924819946,0.5771631002426147,-0.1081487238407135,0.40572693943977356,0.5420348644256592,-0.13099050521850586,0.2448514848947525,0.49641531705856323,-0.05660286545753479,0.2517934739589691,0.36651068925857544,-0.09893109649419785,0.2524353861808777,0.27797731757164,-0.12171541899442673,0.25049638748168945,0.19955477118492126,-0.13570494949817657,0.1791670173406601,0.48733171820640564,-0.050206176936626434,0.14658847451210022,0.4348815977573395,-0.1292770802974701,0.13870322704315186,0.5542886257171631,-0.15082809329032898,0.14309212565422058,0.6340796947479248,-0.14449086785316467,0.11725309491157532,0.5007961988449097,-0.04969662055373192,0.08237436413764954,0.45526477694511414,-0.1257154643535614,0.09020904451608658,0.5627166628837585,-0.12537753582000732,0.1058800145983696,0.6338242292404175,-0.10070688277482986,0.06490463763475418,0.5277475714683533,-0.05338142439723015,0.03289830684661865,0.4242958426475525,-0.0993288904428482,0.007763177156448364,0.3754250407218933,-0.1027727872133255,-0.010049507021903992,0.3190910220146179,-0.09245098382234573,I_LOVE_YOU
0.1418011486530304,0.974123477935791,-1.1984320735791698e-07,0.2126646339893341,0.9489096403121948,-0.04850507527589798,0.2744770646095276,0.8677762746810913,-0.07447560131549835,0.3207476735115051,0.8040158152580261,-0.09859570860862732,0.38031288981437683,0.7783476710319519,-0.12227308750152588,0.2301807403564453,0.7346023321151733,-0.05734044685959816,0.2400667369365692,0.6153016090393066,-0.09961693733930588,0.24168886244297028,0.5325014591217041,-0.12055748701095581,0.2422044426202774,0.4622960388660431,-0.1320505291223526,0.1692659854888916,0.725025475025177,-0.05219400301575661,0.15421375632286072,0.6924904584884644,-0.12502078711986542,0.14217840135097504,0.8021247386932373,-0.1403583586215973,0.1410619020462036,0.8729352951049805,-0.13163217902183533,0.11102424561977386,0.7345798015594482,-0.052059199661016464,0.09016751497983932,0.7061183452606201,-0.12097581475973129,0.09142214804887772,0.8016955852508545,-0.11749588698148727,0.10090954601764679,0.8626066446304321,-0.09342056512832642,0.06118157505989075,0.7544283270835876,-0.05505729094147682,0.03427332639694214,0.670288622379303,-0.09555763006210327,0.014993846416473389,0.6290984153747559,-0.09598009288311005,0.0034974217414855957,0.5820595622062683,-0.08469007164239883,I_LOVE_YOU
0.22356724739074707,0.9304108619689941,-1.7494610915491648e-07,0.304609090089798,0.9193552732467651,-0.044343676418066025,0.3775920271873474,0.8476190567016602,-0.0689801350235939,0.43035340309143066,0.7878361344337463,-0.09333908557891846,0.49235522747039795,0.7649705410003662,-0.11721567809581757,0.3556634783744812,0.6911574006080627,-0.047099433839321136,0.3767191171646118,0.5740323662757874,-0.08759764581918716,0.38846561312675476,0.49638378620147705,-0.10957209020853043,0.3980674743652344,0.42857298254966736,-0.12323737889528275,0.2988756597042084,0.6772680282592773,-0.04567323625087738,0.29897183179855347,0.6398264169692993,-0.11722446978092194,0.28540757298469543,0.7524112462997437,-0.13477814197540283,0.2793542742729187,0.8179945945739746,-0.12884914875030518,0.241507887840271,0.6842084527015686,-0.04933300241827965,0.23570913076400757,0.6457616090774536,-0.11907567828893661,0.23162055015563965,0.7544111013412476,-0.11494167149066925,0.23493295907974243,0.8188283443450928,-0.09139888733625412,0.18665802478790283,0.7007494568824768,-0.05614142864942551,0.16871672868728638,0.6132403016090393,-0.09970981627702713,0.15807442367076874,0.569446325302124,-0.1025833860039711,0.15620864927768707,0.5136241912841797,-0.09389910101890564,I_LOVE_YOU
0.32939809560775757,0.8670089840888977,-2.7133643243359984e-07,0.410042941570282,0.8542172908782959,-0.02965306118130684,0.48919183015823364,0.7826659083366394,-0.04815879091620445,0.5486040711402893,0.726340115070343,-0.0688876137137413,0.6063884496688843,0.705315351486206,-0.08836006373167038,0.4798606038093567,0.6306933164596558,-0.027851570397615433,0.5060363411903381,0.504888653755188,-0.058414578437805176,0.5179306268692017,0.42972126603126526,-0.07170950621366501,0.5240258574485779,0.3639330565929413,-0.07984405010938644,0.4305528998374939,0.6181581616401672,-0.03356943652033806,0.4459502398967743,0.5652698874473572,-0.09737429767847061,0.4314418435096741,0.6795377135276794,-0.11109190434217453,0.42428043484687805,0.7475652694702148,-0.10367999970912933,0.37955114245414734,0.6217302083969116,-0.04345626011490822,0.3907521069049835,0.5615812540054321,-0.10472988337278366,0.38656166195869446,0.6705423593521118,-0.0955682322382927,0.38409656286239624,0.7375011444091797,-0.07157710939645767,0.32720115780830383,0.6331887245178223,-0.05577066168189049,0.3238588571548462,0.5343453884124756,-0.09396203607320786,0.32334110140800476,0.48221173882484436,-0.09456070512533188,0.3261668086051941,0.41451025009155273,-0.08658907562494278,I_LOVE_YOU
0.3038444519042969,0.8457194566726685,-2.0079005480511114e-07,0.3844749331474304,0.8326711654663086,-0.03781181201338768,0.4600965082645416,0.7545247077941895,-0.058817725628614426,0.5125070214271545,0.6868330836296082,-0.08142781257629395,0.5754525661468506,0.6690853834152222,-0.10215912759304047,0.440121054649353,0.5869930386543274,-0.027077537029981613,0.4591427445411682,0.467033326625824,-0.06033210828900337,0.46946585178375244,0.3903365135192871,-0.07515709102153778,0.47826698422431946,0.325543612241745,-0.08356530964374542,0.38730454444885254,0.5800155401229858,-0.03012479655444622,0.3949809670448303,0.527121901512146,-0.09889378398656845,0.38646605610847473,0.6416590213775635,-0.11518779397010803,0.3844938278198242,0.7100739479064941,-0.1069948822259903,0.3352775573730469,0.5892181396484375,-0.03857406601309776,0.3366803526878357,0.5373566150665283,-0.10631171613931656,0.33967792987823486,0.6486936211585999,-0.10043075680732727,0.34522104263305664,0.7161337733268738,-0.07539770007133484,0.2829603850841522,0.6059070229530334,-0.050024136900901794,0.27222102880477905,0.5115286707878113,-0.0892191082239151,0.2679682970046997,0.4621601700782776,-0.08980920165777206,0.2688008248806,0.39582395553588867,-0.08051422983407974,I_LOVE_YOU
0.2628828287124634,0.8536953330039978,-2.3814297378521587e-07,0.34477338194847107,0.8363509774208069,-0.0406273752450943,0.42110171914100647,0.7559600472450256,-0.06202519312500954,0.47512105107307434,0.6889050006866455,-0.08390838652849197,0.5391601324081421,0.6665337681770325,-0.1044652909040451,0.39553022384643555,0.5954773426055908,-0.03621801733970642,0.4167521893978119,0.47499895095825195,-0.07116864621639252,0.42420071363449097,0.3962397575378418,-0.08833222836256027,0.43122878670692444,0.32715412974357605,-0.09900586307048798,0.33953365683555603,0.5854403972625732,-0.038054995238780975,0.3432403802871704,0.5334818363189697,-0.1101645678281784,0.33199596405029297,0.6492260098457336,-0.12894228100776672,0.32884272933006287,0.7250773906707764,-0.12233500927686691,0.284109890460968,0.5948957800865173,-0.04475304111838341,0.28398483991622925,0.5514039397239685,-0.11458694189786911,0.28562745451927185,0.6642853617668152,-0.1107877865433693,0.2920742630958557,0.7359550595283508,-0.08650106191635132,0.23044845461845398,0.6128823757171631,-0.05453365296125412,0.2190866470336914,0.518035888671875,-0.09488929808139801,0.2137441337108612,0.4671289920806885,-0.09624383598566055,0.21438007056713104,0.4029746353626251,-0.0871809795498848,I_LOVE_YOU
0.20075294375419617,0.8585471510887146,-1.814498062913117e-07,0.2791610062122345,0.8409651517868042,-0.05007638409733772,0.34771645069122314,0.7578834891319275,-0.07558110356330872,0.4001258611679077,0.6875173449516296,-0.09988689422607422,0.4651978611946106,0.6619491577148438,-0.12296970933675766,0.32138341665267944,0.5921290516853333,-0.04471222683787346,0.3404254615306854,0.47336897253990173,-0.08315051347017288,0.34756872057914734,0.3934646248817444,-0.10235048085451126,0.35355663299560547,0.32447242736816406,-0.11351418495178223,0.26321080327033997,0.5810607075691223,-0.0409858375787735,0.25594326853752136,0.5408401489257812,-0.11667295545339584,0.2393595278263092,0.6541367173194885,-0.1355818212032318,0.23144708573818207,0.7246130704879761,-0.12745603919029236,0.205003023147583,0.5907596945762634,-0.04290400445461273,0.19319337606430054,0.5544496178627014,-0.11729078739881516,0.19272923469543457,0.6701465845108032,-0.11468560248613358,0.19896933436393738,0.7424065470695496,-0.08878736943006516,0.151128888130188,0.6108814477920532,-0.04829927906394005,0.13118577003479004,0.5219913721084595,-0.09237393736839294,0.12480144202709198,0.47641777992248535,-0.09505880624055862,0.1270046830177307,0.418951153755188,-0.08478420972824097,I_LOVE_YOU
0.16274993121623993,0.8861966133117676,-2.09827589969791e-07,0.23901914060115814,0.8722706437110901,-0.04318799823522568,0.30524399876594543,0.7942386865615845,-0.06307636946439743,0.355258584022522,0.7288092374801636,-0.08246604353189468,0.4144335091114044,0.7039329409599304,-0.10114965587854385,0.2792130708694458,0.6324995756149292,-0.03814919292926788,0.2964262366294861,0.5191771388053894,-0.0727815181016922,0.305435448884964,0.44242316484451294,-0.09022548794746399,0.3128625750541687,0.37624451518058777,-0.09985067695379257,0.2231588363647461,0.621612548828125,-0.035736165940761566,0.2111896276473999,0.5870477557182312,-0.10686451941728592,0.19313979148864746,0.6944425702095032,-0.1262659728527069,0.18485784530639648,0.7642717361450195,-0.11935078352689743,0.16691672801971436,0.6300636529922485,-0.03806338086724281,0.15057483315467834,0.6004198789596558,-0.10903354734182358,0.14670181274414062,0.7070379257202148,-0.10890504717826843,0.15145471692085266,0.7739826440811157,-0.08536364138126373,0.11508794128894806,0.6478057503700256,-0.042939554899930954,0.09605881571769714,0.560716986656189,-0.08512237668037415,0.08779238164424896,0.5145975947380066,-0.08762632310390472,0.08795994520187378,0.45833563804626465,-0.07721083611249924,I_LOVE_YOU
0.21986007690429688,0.8884340524673462,-1.8902829879152705e-07,0.29674193263053894,0.8728495836257935,-0.037071891129016876,0.36555731296539307,0.7999706268310547,-0.05694760009646416,0.41804561018943787,0.7405314445495605,-0.0781281441450119,0.47873616218566895,0.7215558886528015,-0.09869536012411118,0.3463761508464813,0.6503440141677856,-0.030418045818805695,0.36587023735046387,0.5367416143417358,-0.06175166368484497,0.3768218159675598,0.46429821848869324,-0.07728268951177597,0.3870081901550293,0.4034728407859802,-0.08644476532936096,0.29493534564971924,0.6392749547958374,-0.031772956252098083,0.29633215069770813,0.6022640466690063,-0.09663098305463791,0.2823463976383209,0.7030856609344482,-0.1142970621585846,0.2762393057346344,0.768488883972168,-0.10867283493280411,0.24170973896980286,0.6464124917984009,-0.03765340521931648,0.23845674097537994,0.610191285610199,-0.10255786776542664,0.23288479447364807,0.7105310559272766,-0.10105904936790466,0.23490378260612488,0.7733423709869385,-0.07951413094997406,0.18978916108608246,0.661247968673706,-0.04597897082567215,0.17816171050071716,0.5755426287651062,-0.08356427401304245,0.17087525129318237,0.5302938222885132,-0.08491583168506622,0.17001909017562866,0.4749715030193329,-0.0757870227098465,I_LOVE_YOU
0.29755866527557373,0.8971801400184631,-2.781023056286358e-07,0.37674981355667114,0.8878729939460754,-0.034252434968948364,0.4549121856689453,0.8175456523895264,-0.053893957287073135,0.512340784072876,0.7608016133308411,-0.07432679831981659,0.574001133441925,0.7475874423980713,-0.09365268796682358,0.44385379552841187,0.6771972179412842,-0.03402036428451538,0.4739891588687897,0.5626395344734192,-0.06573682278394699,0.48927605152130127,0.4936213493347168,-0.08169931173324585,0.5009434223175049,0.4296877384185791,-0.09330590814352036,0.395761638879776,0.6637949347496033,-0.038011327385902405,0.40821754932403564,0.6101642847061157,-0.10395573824644089,0.39353159070014954,0.7205899357795715,-0.12084277719259262,0.3852255642414093,0.7914006114006042,-0.11609648168087006,0.3459477424621582,0.6700667142868042,-0.04619325324892998,0.35558560490608215,0.6158694624900818,-0.10845989733934402,0.35180196166038513,0.7228512763977051,-0.10321655869483948,0.35124385356903076,0.7901275157928467,-0.08212636411190033,0.2966117858886719,0.6845796704292297,-0.05723833665251732,0.29189878702163696,0.5963844656944275,-0.0976528599858284,0.2914825677871704,0.543807327747345,-0.10324422270059586,0.29701700806617737,0.4751318395137787,-0.09931226074695587,I_LOVE_YOU
0.2485267072916031,0.8558091521263123,-1.8468475104782556e-07,0.3266213834285736,0.8406679630279541,-0.04384547844529152,0.39775970578193665,0.7596297264099121,-0.06680677831172943,0.45353075861930847,0.6940759420394897,-0.0898064523935318,0.5157923102378845,0.6740866303443909,-0.11121247708797455,0.3752281665802002,0.5936374068260193,-0.035496436059474945,0.39511603116989136,0.4791708290576935,-0.06879358738660812,0.40529224276542664,0.40419724583625793,-0.08380011469125748,0.4149749279022217,0.3408752977848053,-0.09263398498296738,0.32083356380462646,0.5838806629180908,-0.03488548845052719,0.31879571080207825,0.5331969857215881,-0.10394471883773804,0.302761048078537,0.6496680378913879,-0.11905708909034729,0.2993607819080353,0.7214072346687317,-0.10970381647348404,0.2665404677391052,0.5929751992225647,-0.03979085385799408,0.2598218023777008,0.5477939248085022,-0.10880043357610703,0.25762492418289185,0.6623929142951965,-0.10343358665704727,0.26366716623306274,0.733283519744873,-0.0777030885219574,0.21417120099067688,0.6106727719306946,-0.04797511175274849,0.19988101720809937,0.5203007459640503,-0.08831756561994553,0.19296352565288544,0.4735243320465088,-0.08958002924919128,0.1940668821334839,0.4115757942199707,-0.08007493615150452,I_LOVE_YOU
0.23654112219810486,0.8423017263412476,-1.9558824249088502e-07,0.3179297149181366,0.8241921067237854,-0.04311291128396988,0.39082634449005127,0.7321213483810425,-0.06436122953891754,0.44748735427856445,0.6577880382537842,-0.08618363738059998,0.5135905146598816,0.6475481986999512,-0.10707803070545197,0.3638519048690796,0.5701829195022583,-0.03295284882187843,0.3843112289905548,0.4491047263145447,-0.06509768217802048,0.39280086755752563,0.3715320825576782,-0.08075954765081406,0.4004332423210144,0.3034954071044922,-0.09086903929710388,0.30670788884162903,0.5591723918914795,-0.03277914971113205,0.30147334933280945,0.5047243237495422,-0.1032903864979744,0.28612571954727173,0.6217480301856995,-0.12160674482584,0.28054046630859375,0.6974301934242249,-0.11420462280511856,0.24914811551570892,0.5668590664863586,-0.03759422525763512,0.24037474393844604,0.5142526626586914,-0.10632989555597305,0.23830877244472504,0.630036473274231,-0.10305016487836838,0.24229001998901367,0.7052404284477234,-0.07849632203578949,0.19401311874389648,0.5844904780387878,-0.04569641873240471,0.17706230282783508,0.489876389503479,-0.08475267887115479,0.1701747179031372,0.4410678744316101,-0.08626602590084076,0.17057128250598907,0.37820732593536377,-0.07700404524803162,I_LOVE_YOU
0.6547491550445557,0.7972978353500366,-4.975449883204419e-07,0.5960281491279602,0.7331894636154175,0.015026072971522808,0.5734805464744568,0.645675778388977,0.024884426966309547,0.5582053065299988,0.5852415561676025,0.02384144254028797,0.5347394943237305,0.540359616279602,0.02192494459450245,0.6104900240898132,0.5957238674163818,0.06141705811023712,0.5807758569717407,0.5387868285179138,0.04953547194600105,0.5393894910812378,0.5240906476974487,0.02968575805425644,0.5003330111503601,0.5229823589324951,0.01620730571448803,0.6274757385253906,0.5832494497299194,0.04131951928138733,0.5901761651039124,0.512270450592041,0.02517053857445717,0.5420825481414795,0.5004653930664062,-0.0009035997209139168,0.4962635338306427,0.5070543885231018,-0.016532769426703453,0.6473375558853149,0.5786869525909424,0.01694914512336254,0.6093451380729675,0.49482670426368713,-0.0008604410686530173,0.5612078905105591,0.49180084466934204,-0.018648715689778328,0.5196878910064697,0.5081904530525208,-0.026916982606053352,0.6677262187004089,0.5800292491912842,-0.007463746704161167,0.6260460019111633,0.5079556107521057,-0.02029319293797016,0.5851780772209167,0.49450647830963135,-0.027293456718325615,0.5497581958770752,0.4977714717388153,-0.030517295002937317,I_EAT
0.6518334150314331,0.7753672003746033,-3.638251939719339e-07,0.5958417057991028,0.7137020230293274,0.005472773686051369,0.569734513759613,0.631669282913208,0.011734824627637863,0.5550248026847839,0.5677672624588013,0.00986348744481802,0.5316964983940125,0.5234261751174927,0.008235028013586998,0.5937182307243347,0.5808503031730652,0.05216015502810478,0.5670723915100098,0.5252475142478943,0.04022494703531265,0.5322607755661011,0.5107413530349731,0.02102579176425934,0.4975656270980835,0.5061036348342896,0.007605858147144318,0.6115135550498962,0.5664917826652527,0.038926780223846436,0.5806204676628113,0.5014955997467041,0.023917140439152718,0.5413952469825745,0.48854607343673706,-5.475208308780566e-05,0.5027964115142822,0.49151939153671265,-0.015219909138977528,0.634327232837677,0.5608524680137634,0.020885417237877846,0.6075629591941833,0.4847440719604492,0.004103471525013447,0.569770872592926,0.48001354932785034,-0.013166051357984543,0.5351472496986389,0.49631446599960327,-0.021707938984036446,0.6624441146850586,0.5595487952232361,0.002057434991002083,0.6347492337226868,0.4930579662322998,-0.009962053969502449,0.6019511818885803,0.47968998551368713,-0.017721161246299744,0.5713304877281189,0.4864499270915985,-0.021674027666449547,I_EAT
0.6611639261245728,0.7466912865638733,-6.742096161360678e-07,0.5948383212089539,0.6618635058403015,0.02275845780968666,0.5780202746391296,0.5781472325325012,0.025748498737812042,0.5576163530349731,0.5220571160316467,0.019216401502490044,0.5343443155288696,0.48078587651252747,0.011810970492661,0.6778506636619568,0.5182932019233704,0.02680465206503868,0.6134400367736816,0.4394429922103882,0.010152256116271019,0.5578621625900269,0.4399825930595398,-0.005738294683396816,0.5217671394348145,0.45997104048728943,-0.013814009726047516,0.6874650716781616,0.5212435722351074,0.00543632498010993,0.6108666658401489,0.4273928701877594,-0.007429124321788549,0.5484330654144287,0.4334006905555725,-0.019737379625439644,0.5097440481185913,0.4594086706638336,-0.02755180187523365,0.6814636588096619,0.5306329727172852,-0.016699081286787987,0.607338547706604,0.43665963411331177,-0.028654737398028374,0.5478473901748657,0.4440285563468933,-0.033461976796388626,0.5114771127700806,0.4679895043373108,-0.035608921200037,0.6578933000564575,0.5441371202468872,-0.03742952272295952,0.5985096096992493,0.466487318277359,-0.04416422173380852,0.5546116828918457,0.4629318416118622,-0.04294312372803688,0.5228560566902161,0.4771249294281006,-0.04112349450588226,I_EAT
0.6248008012771606,0.7234131693840027,1.0793392846153438e-08,0.5681692361831665,0.6756711006164551,-0.012556970119476318,0.541206419467926,0.5912327766418457,-0.013325084932148457,0.5383610725402832,0.5151729583740234,-0.016503170132637024,0.529381513595581,0.45661166310310364,-0.017232704907655716,0.5350714325904846,0.5232473015785217,0.03531385213136673,0.5221223831176758,0.4642287492752075,0.022942043840885162,0.511459231376648,0.44360750913619995,0.004767923150211573,0.5016546249389648,0.4404819905757904,-0.006537432782351971,0.5673340559005737,0.5106064677238464,0.03315282613039017,0.5525000691413879,0.44520747661590576,0.024649638682603836,0.5389005541801453,0.4201804995536804,0.0062957992777228355,0.5245657563209534,0.4170420169830322,-0.006067734677344561,0.599507749080658,0.5110232830047607,0.02466007135808468,0.590153157711029,0.4457601010799408,0.013788769952952862,0.571921169757843,0.4225344657897949,-0.0005371292354539037,0.551878035068512,0.4252088963985443,-0.009048008359968662,0.6350746750831604,0.5198147892951965,0.01391067449003458,0.6235979199409485,0.4583966135978699,0.005887643899768591,0.6062889099121094,0.4338018298149109,-0.0008221727912314236,0.5847607254981995,0.4291438162326813,-0.0049532148987054825,I_EAT
0.6481669545173645,0.7202910780906677,5.525672719386421e-08,0.5922964811325073,0.67547607421875,-0.014327007345855236,0.5663558840751648,0.5907780528068542,-0.017166266217827797,0.5702338218688965,0.5150906443595886,-0.021967826411128044,0.5744994878768921,0.45733702182769775,-0.024553408846259117,0.5647798776626587,0.5140306949615479,0.025722304359078407,0.5545100569725037,0.45201733708381653,0.012729344889521599,0.5459588766098022,0.4226285219192505,-0.004711926449090242,0.5376490950584412,0.4142584800720215,-0.015646623447537422,0.5981904864311218,0.5042656660079956,0.023364907130599022,0.587035596370697,0.43311434984207153,0.010899608954787254,0.5742670297622681,0.40734291076660156,-0.007477384060621262,0.5616124868392944,0.4140787422657013,-0.018512673676013947,0.6309129595756531,0.5066697597503662,0.015425106510519981,0.6271138787269592,0.435074120759964,0.0018456660909578204,0.6100082993507385,0.4118126630783081,-0.012966777198016644,0.5924439430236816,0.42285478115081787,-0.02072657085955143,0.6645395159721375,0.5164136290550232,0.005258150864392519,0.6552745699882507,0.45356592535972595,-0.005123182199895382,0.6383752226829529,0.4287484288215637,-0.012762598693370819,0.6190428733825684,0.4302161633968353,-0.01667286641895771,I_EAT
0.649558424949646,0.7271360754966736,-1.9586741473176517e-07,0.5938104391098022,0.6734172701835632,-0.004321587737649679,0.5649996995925903,0.5843916535377502,-0.0016547159757465124,0.561514139175415,0.509836733341217,-0.003903987118974328,0.5480265617370605,0.4547918736934662,-0.005194874480366707,0.5812875032424927,0.5240422487258911,0.037479449063539505,0.5591756105422974,0.4679550528526306,0.026725027710199356,0.5346317291259766,0.44423961639404297,0.00962806399911642,0.5070730447769165,0.42610064148902893,-0.0036033373326063156,0.6079609990119934,0.5094091296195984,0.029340501874685287,0.5839954614639282,0.44743865728378296,0.016683250665664673,0.5553591847419739,0.4223165512084961,-0.002948816865682602,0.5232288241386414,0.41120100021362305,-0.01658179983496666,0.6363048553466797,0.5064303874969482,0.016053294762969017,0.6181240677833557,0.4360714554786682,-0.0005849938606843352,0.590259850025177,0.42403364181518555,-0.015886494889855385,0.5600955486297607,0.43121957778930664,-0.02417859062552452,0.6688719391822815,0.5086566805839539,0.001288541592657566,0.6491479277610779,0.44676873087882996,-0.013092153705656528,0.6205209493637085,0.42643967270851135,-0.022464944049715996,0.590154230594635,0.42308032512664795,-0.02787381038069725,I_EAT
0.6534993648529053,0.7385967969894409,-3.6987600537941034e-07,0.6003242135047913,0.6664333343505859,0.005201536230742931,0.5807853937149048,0.5739163160324097,0.013684348203241825,0.5678186416625977,0.5029512643814087,0.013736598193645477,0.5418531894683838,0.4561035931110382,0.013763495720922947,0.6096413135528564,0.5384755730628967,0.05788677558302879,0.5870097279548645,0.4795995354652405,0.04854334518313408,0.5521539449691772,0.456412136554718,0.030139410868287086,0.5160921216011047,0.4401741921901703,0.01570684276521206,0.6279745101928711,0.5238763093948364,0.044294487684965134,0.6024852991104126,0.45572787523269653,0.03029756434261799,0.5613859295845032,0.4292665719985962,0.0046548424288630486,0.5186450481414795,0.4146784543991089,-0.012987501919269562,0.6514787673950195,0.5187709927558899,0.025479400530457497,0.6294115781784058,0.4381121098995209,0.006475532427430153,0.5884086489677429,0.42267394065856934,-0.014766762964427471,0.5480754375457764,0.4267207384109497,-0.026415729895234108,0.6805300712585449,0.5176559090614319,0.0060078962706029415,0.653175950050354,0.4478042721748352,-0.010018797591328621,0.6150403022766113,0.4293683171272278,-0.02165978029370308,0.5785348415374756,0.42948126792907715,-0.02875790372490883,I_EAT
0.6552643775939941,0.7542020678520203,-6.947514634703111e-07,0.5914042592048645,0.6547759771347046,0.021657271310687065,0.5815678834915161,0.5656595230102539,0.022669337689876556,0.5637201070785522,0.5028166174888611,0.013818440027534962,0.536811888217926,0.45797401666641235,0.0036984779872000217,0.6994781494140625,0.5211332440376282,0.02666056901216507,0.6394876837730408,0.4322911500930786,0.008265526033937931,0.5799973607063293,0.4120795726776123,-0.010776551440358162,0.5350117683410645,0.41551530361175537,-0.021796144545078278,0.7080393433570862,0.5262484550476074,0.004158527124673128,0.636372983455658,0.4196532368659973,-0.009676323272287846,0.5716061592102051,0.40573009848594666,-0.025455404072999954,0.5256137847900391,0.4149017035961151,-0.03705274686217308,0.6994866728782654,0.5344801545143127,-0.019294027239084244,0.6293371915817261,0.4289798438549042,-0.033578239381313324,0.5679798126220703,0.4206465482711792,-0.04171014577150345,0.5260119438171387,0.4320180416107178,-0.04686999320983887,0.6708881855010986,0.5411165952682495,-0.04134440794587135,0.6169036626815796,0.4517976939678192,-0.05031530559062958,0.5731204748153687,0.43754568696022034,-0.05126572400331497,0.5380939841270447,0.441575288772583,-0.0517905093729496,I_EAT
0.5964245200157166,0.7306216359138489,-1.667966245122443e-07,0.6427414417266846,0.6412841081619263,0.02246774733066559,0.6498286724090576,0.5545981526374817,0.02487507276237011,0.6234835386276245,0.4950926601886749,0.023281291127204895,0.5867253541946411,0.4722139835357666,0.02023429423570633,0.6504815816879272,0.5148298740386963,-0.007164084352552891,0.6102544665336609,0.4114575982093811,-0.01041440013796091,0.589637815952301,0.42257440090179443,-0.00828725565224886,0.5870512127876282,0.44787758588790894,-0.004609324038028717,0.6004877686500549,0.5194104313850403,-0.02125725895166397,0.56867516040802,0.40144649147987366,-0.019746610894799232,0.5558395981788635,0.4144926369190216,-0.010622837580740452,0.5560616850852966,0.44348666071891785,-0.004339898470789194,0.5514994859695435,0.5332825779914856,-0.0313904769718647,0.5281833410263062,0.41162803769111633,-0.02763076312839985,0.525879979133606,0.4270775318145752,-0.01153863687068224,0.5326955318450928,0.4568212330341339,-0.0013580475933849812,0.5087437629699707,0.5546767711639404,-0.038780562579631805,0.5008957386016846,0.44660529494285583,-0.0326128788292408,0.5058650374412537,0.45274609327316284,-0.013229181058704853,0.5139890909194946,0.47652533650398254,0.0014561566058546305,I_EAT
0.5591685771942139,0.7286083698272705,-1.4763092792691168e-07,0.6101956367492676,0.644730806350708,0.022807756438851357,0.6152945756912231,0.5554649829864502,0.031729087233543396,0.5942176580429077,0.49367111921310425,0.03678315132856369,0.5604052543640137,0.47099021077156067,0.041590943932533264,0.6081163287162781,0.5113409161567688,0.013577642850577831,0.5838080048561096,0.41219407320022583,0.016696088016033173,0.5726327300071716,0.4321168065071106,0.018938768655061722,0.5731632113456726,0.4622581899166107,0.022104015573859215,0.5585654377937317,0.5085273385047913,0.003654714208096266,0.5404514074325562,0.39853423833847046,0.01167815551161766,0.5369445085525513,0.4201454222202301,0.017658421769738197,0.5394202470779419,0.4569176435470581,0.02198425494134426,0.512488603591919,0.5185444951057434,-0.003155362093821168,0.4996837377548218,0.4135466516017914,0.00815228559076786,0.5050153136253357,0.4326183795928955,0.01833571307361126,0.5111590027809143,0.46501797437667847,0.023359231650829315,0.47636884450912476,0.5359320044517517,-0.0073343971744179726,0.4718201458454132,0.4477258324623108,0.005989210680127144,0.47956639528274536,0.45919084548950195,0.022548045963048935,0.4867945611476898,0.48390141129493713,0.03413064032793045,I_EAT
0.47964581847190857,0.7286561131477356,1.3225063355548627e-07,0.5430763363838196,0.6578678488731384,-0.00025349430507048965,0.5626164674758911,0.566851794719696,0.0025404533371329308,0.5550795793533325,0.4955291450023651,0.008577076718211174,0.5431151986122131,0.4537336230278015,0.017431247979402542,0.5110902786254883,0.5094951391220093,-0.021970391273498535,0.5382639169692993,0.40233224630355835,-0.017617715522646904,0.5637710094451904,0.4082314074039459,-0.005772313568741083,0.5705528855323792,0.43050092458724976,0.004381407517939806,0.4638466238975525,0.5016140341758728,-0.019124118611216545,0.49845266342163086,0.3852684497833252,-0.011694223619997501,0.5305777192115784,0.39829665422439575,-0.0004888480762019753,0.5383819341659546,0.4312819540500641,0.007216338533908129,0.431567519903183,0.5118823051452637,-0.013359211385250092,0.45842015743255615,0.40345850586891174,-0.004401748534291983,0.49255940318107605,0.4149221181869507,0.004238829016685486,0.5028122663497925,0.44524946808815,0.007541014347225428,0.4128347635269165,0.5329833626747131,-0.006590403150767088,0.4379476010799408,0.4568142890930176,-0.0001686872128630057,0.46500927209854126,0.45638924837112427,0.008039562031626701,0.4750555157661438,0.4738711416721344,0.013885748572647572,I_EAT
0.04429718479514122,0.7781156897544861,3.8249910971899226e-07,0.1187344342470169,0.7119060754776001,0.0054159387946128845,0.1541908085346222,0.5908699631690979,0.007764119189232588,0.18762966990470886,0.5143949389457703,9.364248398924246e-05,0.2276177555322647,0.46661943197250366,-0.00730897719040513,0.105440653860569,0.5291239619255066,0.031023969873785973,0.14809471368789673,0.46037450432777405,0.006123327650129795,0.2029939889907837,0.4582913815975189,-0.017505548894405365,0.2504705786705017,0.465722918510437,-0.033334262669086456,0.08132602274417877,0.5160020589828491,0.010629757307469845,0.12639835476875305,0.42557716369628906,-0.02519715391099453,0.19393041729927063,0.4328666925430298,-0.05032997578382492,0.24953706562519073,0.45860937237739563,-0.06131363287568092,0.055895958095788956,0.5136891007423401,-0.014580801129341125,0.09961163252592087,0.40809887647628784,-0.050665564835071564,0.17000851035118103,0.42213061451911926,-0.0663042664527893,0.22699834406375885,0.45721951127052307,-0.06911241263151169,0.0335383415222168,0.5208095908164978,-0.04071585834026337,0.08558788150548935,0.4442368745803833,-0.06970291584730148,0.14401715993881226,0.4409007430076599,-0.08094333857297897,0.19534891843795776,0.4559689164161682,-0.08440030366182327,I_EAT
0.04571981355547905,0.7734653353691101,3.7003260899837187e-07,0.1205187737941742,0.7109025716781616,0.0030641923658549786,0.15673835575580597,0.5855030417442322,0.005631144158542156,0.1872953474521637,0.5046581029891968,-0.0009610628476366401,0.22764848172664642,0.45810550451278687,-0.006908670533448458,0.11260344833135605,0.5225625038146973,0.030396584421396255,0.1550237387418747,0.4525790810585022,0.00566650927066803,0.2107342779636383,0.4484065771102905,-0.018103087320923805,0.25861960649490356,0.4520041346549988,-0.03396680951118469,0.08844510465860367,0.5084133148193359,0.011927529238164425,0.13484446704387665,0.418173611164093,-0.02307310327887535,0.20144787430763245,0.4258435070514679,-0.04729946702718735,0.2557080388069153,0.45104432106018066,-0.05785026401281357,0.06233707442879677,0.5042483806610107,-0.011582434177398682,0.10601882636547089,0.39956820011138916,-0.047392044216394424,0.17557159066200256,0.4119781255722046,-0.0628688856959343,0.23106497526168823,0.4454401731491089,-0.06563171744346619,0.03768238425254822,0.5088009834289551,-0.036276694387197495,0.09123856574296951,0.43192166090011597,-0.06563547998666763,0.14984561502933502,0.4289133548736572,-0.07712108641862869,0.20058810710906982,0.4433237910270691,-0.0806560218334198,I_EAT
0.0935535803437233,0.7805718779563904,3.248836151215073e-07,0.17046627402305603,0.7031940817832947,0.011216404847800732,0.20538277924060822,0.5830983519554138,0.01677948422729969,0.2361385077238083,0.5084878206253052,0.010939410887658596,0.28157705068588257,0.4716799855232239,0.006249319761991501,0.1341538429260254,0.5003700256347656,0.04714753106236458,0.18142291903495789,0.4234384298324585,0.023924019187688828,0.2421400547027588,0.43184661865234375,-0.0005592894158326089,0.2893715500831604,0.45249539613723755,-0.016009220853447914,0.10981843620538712,0.49552375078201294,0.025246331468224525,0.1709725260734558,0.40856289863586426,-0.009772898629307747,0.24373283982276917,0.42533475160598755,-0.03696589171886444,0.29885852336883545,0.4578632116317749,-0.047967441380023956,0.09152773022651672,0.49973583221435547,-0.001529738656245172,0.1522240787744522,0.40397581458091736,-0.03552078828215599,0.22755078971385956,0.4151725471019745,-0.05371866747736931,0.285486102104187,0.44704705476760864,-0.05733554810285568,0.08022982627153397,0.5126781463623047,-0.02891366183757782,0.14301376044750214,0.4401833713054657,-0.05551209673285484,0.20235365629196167,0.42990899085998535,-0.06814418733119965,0.2534172236919403,0.4359666109085083,-0.07192100584506989,I_EAT
0.15192726254463196,0.7637196183204651,1.1402602240195847e-07,0.23457969725131989,0.672879695892334,0.03178732469677925,0.273681104183197,0.5628914833068848,0.044366173446178436,0.31145593523979187,0.49955737590789795,0.04153149574995041,0.35477691888809204,0.4603336453437805,0.03901071101427078,0.1739072948694229,0.45938369631767273,0.06495945155620575,0.2445627897977829,0.39975786209106445,0.04588955268263817,0.308561235666275,0.4191536605358124,0.023326238617300987,0.354891300201416,0.44743800163269043,0.008819203823804855,0.1525592803955078,0.4542602300643921,0.03249182552099228,0.23962970077991486,0.3813399076461792,0.00381782790645957,0.3152194619178772,0.4062741994857788,-0.02030302584171295,0.36921802163124084,0.445828914642334,-0.029823068529367447,0.1448122262954712,0.4635832607746124,-0.003066200530156493,0.2295001745223999,0.38684093952178955,-0.034479476511478424,0.3091656267642975,0.407012939453125,-0.050367869436740875,0.3647914528846741,0.4408329725265503,-0.05211629346013069,0.15007129311561584,0.486118346452713,-0.03724054992198944,0.22450695931911469,0.4179147183895111,-0.06422308087348938,0.2889677882194519,0.416913241147995,-0.07380341738462448,0.3409256041049957,0.4298641085624695,-0.074122354388237,I_EAT
0.20900288224220276,0.7536237835884094,2.6813157205651805e-07,0.28898394107818604,0.665708601474762,0.025632204487919807,0.3226027488708496,0.5549249053001404,0.036291997879743576,0.35659897327423096,0.49141162633895874,0.03207177668809891,0.3994818329811096,0.4543475806713104,0.02883605659008026,0.22873060405254364,0.4735347032546997,0.06431373953819275,0.2968008518218994,0.40292873978614807,0.04249866306781769,0.359739750623703,0.41240963339805603,0.01768525503575802,0.4078725576400757,0.44084686040878296,0.0027060105931013823,0.20873460173606873,0.4670879542827606,0.03474612906575203,0.29379644989967346,0.38025909662246704,0.003222472034394741,0.36816853284835815,0.3971709609031677,-0.02311662770807743,0.42268306016921997,0.43507158756256104,-0.033451974391937256,0.20158272981643677,0.4705410897731781,0.0009348657913506031,0.283084899187088,0.37842124700546265,-0.030041929334402084,0.3588936924934387,0.39202409982681274,-0.04696336016058922,0.4117603898048401,0.4244042932987213,-0.049617983400821686,0.20615623891353607,0.4821673035621643,-0.03246401995420456,0.2792961299419403,0.4062194228172302,-0.0560973659157753,0.3399372398853302,0.40460431575775146,-0.06483238935470581,0.3880521357059479,0.42044562101364136,-0.06547793745994568,I_EAT
0.2631894648075104,0.7182943224906921,4.183323483175627e-07,0.33392372727394104,0.6738260984420776,-0.009900405071675777,0.3776222765445709,0.5647632479667664,-0.011130984872579575,0.4039359390735626,0.4873795509338379,-0.01817794144153595,0.43950018286705017,0.4412195086479187,-0.023852284997701645,0.35574886202812195,0.4964126944541931,0.023980872705578804,0.3973580598831177,0.44233518838882446,0.0010684736771509051,0.4450158476829529,0.43611133098602295,-0.022489147260785103,0.48752543330192566,0.4346196949481964,-0.038611795753240585,0.3311249017715454,0.47356677055358887,0.013957520946860313,0.3738422393798828,0.391519159078598,-0.018733346834778786,0.42638200521469116,0.3987010419368744,-0.04477762058377266,0.4716600477695465,0.4228801131248474,-0.05741377919912338,0.30265796184539795,0.4602034091949463,-0.0019125343533232808,0.3424004316329956,0.3632904887199402,-0.03728806972503662,0.3979951739311218,0.3794766664505005,-0.05816420167684555,0.44327372312545776,0.41811347007751465,-0.06499794870615005,0.273233026266098,0.4559357762336731,-0.019499914720654488,0.3251928389072418,0.38900917768478394,-0.048637986183166504,0.37575384974479675,0.3902713656425476,-0.06464813649654388,0.41931450366973877,0.41000896692276,-0.07232704013586044,I_EAT
0.26425909996032715,0.68934565782547,4.073440038609988e-07,0.33243197202682495,0.6512089371681213,-0.015261983498930931,0.379687637090683,0.5542541742324829,-0.019295424222946167,0.40895935893058777,0.47821927070617676,-0.027219662442803383,0.44934412837028503,0.43612146377563477,-0.03342564404010773,0.3718089461326599,0.4802418351173401,0.01964668370783329,0.40558600425720215,0.42986321449279785,-0.0019628407899290323,0.4454047679901123,0.4226016402244568,-0.024287408217787743,0.4823938012123108,0.4179914891719818,-0.039785273373126984,0.3448773920536041,0.45405012369155884,0.01379117276519537,0.37931686639785767,0.37473076581954956,-0.01670280285179615,0.41902637481689453,0.38224852085113525,-0.039757758378982544,0.45378127694129944,0.4042358994483948,-0.050305645912885666,0.3135983347892761,0.4402484595775604,0.002055819844827056,0.34344059228897095,0.3472697138786316,-0.03109624795615673,0.38729390501976013,0.3663995862007141,-0.046616330742836,0.42432212829589844,0.40522485971450806,-0.04974042996764183,0.2791105806827545,0.438157320022583,-0.011836721561849117,0.322684645652771,0.37756696343421936,-0.03860226646065712,0.3647748827934265,0.37758490443229675,-0.05100876837968826,0.4017152190208435,0.3944263756275177,-0.05585228651762009,I_EAT
0.27984991669654846,0.6506282091140747,4.0539330825595243e-07,0.34991979598999023,0.6281181573867798,-0.017388269305229187,0.4021274149417877,0.5357420444488525,-0.018183637410402298,0.43247783184051514,0.455980509519577,-0.02172355353832245,0.47130370140075684,0.4102029800415039,-0.02370234578847885,0.39336279034614563,0.4667324125766754,0.022895295172929764,0.4283263087272644,0.4155103266239166,0.007580603007227182,0.4643176198005676,0.3995567858219147,-0.009714744053781033,0.49507880210876465,0.39234960079193115,-0.02192271500825882,0.367060124874115,0.4386729598045349,0.020959904417395592,0.40030738711357117,0.36452406644821167,-0.0017777159810066223,0.4333614110946655,0.3642929792404175,-0.02278730645775795,0.45878440141677856,0.38655635714530945,-0.03336035832762718,0.3361096680164337,0.42365318536758423,0.013174762018024921,0.3655323386192322,0.3420168161392212,-0.01290757767856121,0.4016934037208557,0.3521854877471924,-0.029738740995526314,0.4286348819732666,0.38874489068984985,-0.035573530942201614,0.3014524281024933,0.4184066951274872,0.0032011782750487328,0.3388998210430145,0.36170798540115356,-0.019634265452623367,0.3754067122936249,0.35687071084976196,-0.03345348313450813,0.40584495663642883,0.3758344352245331,-0.04018743336200714,I_EAT
0.2817222476005554,0.6210969686508179,4.432968694345618e-07,0.3463743329048157,0.6014525890350342,-0.018966156989336014,0.3960707485675812,0.5221577882766724,-0.021410543471574783,0.42135122418403625,0.4478679597377777,-0.02592463046312332,0.45485565066337585,0.4046800136566162,-0.028842831030488014,0.39803746342658997,0.45883917808532715,0.02012559212744236,0.4330151379108429,0.41966503858566284,0.006965876556932926,0.46176716685295105,0.4015433192253113,-0.008083607070147991,0.4850454032421112,0.39075225591659546,-0.019135845825076103,0.37490716576576233,0.42715829610824585,0.0194688830524683,0.41000810265541077,0.3684883117675781,0.0013950467109680176,0.4411923587322235,0.3586925268173218,-0.016714604571461678,0.4638194143772125,0.3708130717277527,-0.0274082962423563,0.3445886969566345,0.4110167324542999,0.012861745432019234,0.3729372024536133,0.33720719814300537,-0.010670407675206661,0.40119683742523193,0.34177979826927185,-0.027731208130717278,0.4194165766239166,0.3748829960823059,-0.035118263214826584,0.3083432912826538,0.40506216883659363,0.004176721442490816,0.33808067440986633,0.35170191526412964,-0.018598346039652824,0.36872774362564087,0.34584498405456543,-0.033352822065353394,0.39364320039749146,0.3658278286457062,-0.041217464953660965,I_EAT
0.29764968156814575,0.6240900754928589,3.2556323503740714e-07,0.35692375898361206,0.6014535427093506,-0.019904479384422302,0.400767058134079,0.527744472026825,-0.022332265973091125,0.41430824995040894,0.4548473656177521,-0.025356315076351166,0.4332052767276764,0.40708404779434204,-0.02633773908019066,0.40985286235809326,0.4584653973579407,0.014750621281564236,0.43874457478523254,0.416806697845459,0.0026408033445477486,0.46243816614151,0.4028298556804657,-0.011944964528083801,0.48416340351104736,0.3956095576286316,-0.022803157567977905,0.38351574540138245,0.4311765730381012,0.015568782575428486,0.4141847789287567,0.375788152217865,0.001074786763638258,0.43761563301086426,0.36814332008361816,-0.014815202914178371,0.45865195989608765,0.37908050417900085,-0.024771779775619507,0.3524150252342224,0.41950589418411255,0.01085604727268219,0.3743419051170349,0.34958651661872864,-0.0083415312692523,0.39628612995147705,0.34736984968185425,-0.023313064128160477,0.4142147898674011,0.37192994356155396,-0.030699804425239563,0.31594860553741455,0.41840359568595886,0.003914054948836565,0.33683091402053833,0.3648952841758728,-0.015024050138890743,0.3604777157306671,0.3545213043689728,-0.027269601821899414,0.38262131810188293,0.3682190477848053,-0.0341276153922081,I_EAT
0.31685805320739746,0.6034238934516907,7.350223540925072e-08,0.37109318375587463,0.5815393924713135,-0.027727404609322548,0.40825557708740234,0.5218815207481384,-0.03662420064210892,0.41764265298843384,0.45365914702415466,-0.04618389159440994,0.4235760271549225,0.39853110909461975,-0.05339793860912323,0.43321943283081055,0.4409738779067993,0.0120017658919096,0.45470643043518066,0.38349974155426025,-0.0074102384969592094,0.45167890191078186,0.370611310005188,-0.03004545532166958,0.44379594922065735,0.38287100195884705,-0.043936777859926224,0.40194156765937805,0.41492190957069397,0.01493980921804905,0.42466703057289124,0.3379714787006378,-0.005652666091918945,0.42312726378440857,0.3392085134983063,-0.03226040303707123,0.4213901162147522,0.36565548181533813,-0.047884367406368256,0.36919325590133667,0.40449830889701843,0.011925636790692806,0.3858723044395447,0.32979464530944824,-0.007659354712814093,0.39402568340301514,0.3294551372528076,-0.030375495553016663,0.3965333104133606,0.3647187054157257,-0.042430050671100616,0.3333453834056854,0.40806344151496887,0.0060045309364795685,0.34995734691619873,0.3510282039642334,-0.009205451235175133,0.3652495741844177,0.3404168486595154,-0.023260170593857765,0.37755247950553894,0.36037498712539673,-0.03182844817638397,I_EAT
0.3214835822582245,0.6011152267456055,-7.624139186646062e-08,0.37901514768600464,0.5776385068893433,-0.026760462671518326,0.41378170251846313,0.5217158794403076,-0.03715398535132408,0.41541850566864014,0.45564523339271545,-0.04871705546975136,0.41495761275291443,0.3969280421733856,-0.05803839489817619,0.44653844833374023,0.44016706943511963,0.006717887241393328,0.4694538712501526,0.3770807385444641,-0.018406927585601807,0.4567874073982239,0.37695133686065674,-0.045056816190481186,0.43727365136146545,0.3988169729709625,-0.060765184462070465,0.4132141172885895,0.41250938177108765,0.00762544758617878,0.4368288218975067,0.3271026313304901,-0.01803150214254856,0.4281868040561676,0.3408450484275818,-0.048933349549770355,0.4187702238559723,0.37498629093170166,-0.0671689361333847,0.37779220938682556,0.4006194472312927,0.0030494453385472298,0.39661848545074463,0.31945791840553284,-0.01910637691617012,0.3972630202770233,0.33196157217025757,-0.0438062958419323,0.3911825716495514,0.37563949823379517,-0.05704798549413681,0.3387601375579834,0.40447798371315,-0.0041544390842318535,0.3519205152988434,0.34861382842063904,-0.019930802285671234,0.3642246127128601,0.345029354095459,-0.03471383824944496,0.3736463785171509,0.368400901556015,-0.04399547725915909,I_EAT
0.32002609968185425,0.5849647521972656,-1.8736993467882712e-07,0.37231919169425964,0.5612781047821045,-0.028439650312066078,0.40294504165649414,0.5049481987953186,-0.04007811099290848,0.3974493443965912,0.43817761540412903,-0.05223274976015091,0.3886694610118866,0.3812066316604614,-0.06238867715001106,0.44016364216804504,0.42802080512046814,0.0009679734939709306,0.45933055877685547,0.35905662178993225,-0.028262991458177567,0.43248215317726135,0.34730809926986694,-0.05612665042281151,0.40681928396224976,0.3605749309062958,-0.07219938933849335,0.40486180782318115,0.3988928496837616,0.0017601685831323266,0.427109956741333,0.31197673082351685,-0.029641075059771538,0.3997494876384735,0.31860318779945374,-0.06001594290137291,0.38328105211257935,0.34934017062187195,-0.07527400553226471,0.36854565143585205,0.38725244998931885,-0.0029517512302845716,0.3834971785545349,0.30805692076683044,-0.029918111860752106,0.3653477430343628,0.31392228603363037,-0.0526886023581028,0.3529089689254761,0.3500944972038269,-0.062298014760017395,0.3306720554828644,0.39282917976379395,-0.010286197997629642,0.3369450867176056,0.3370535969734192,-0.028490586206316948,0.33687248826026917,0.33355215191841125,-0.04110446944832802,0.3407540023326874,0.35461753606796265,-0.04715830087661743,I_EAT
0.2994643449783325,0.6944990754127502,-4.934284447699611e-07,0.23451027274131775,0.5986331105232239,0.02698598802089691,0.22718337178230286,0.5046117305755615,0.035984188318252563,0.25438928604125977,0.4407106935977936,0.04082270711660385,0.28627198934555054,0.4087563157081604,0.0467577762901783,0.23758235573768616,0.43541619181632996,0.009153195656836033,0.23834674060344696,0.3258897066116333,0.015599322505295277,0.24080093204975128,0.36078980565071106,0.027190320193767548,0.24394702911376953,0.400547057390213,0.03761441260576248,0.2981385290622711,0.43271660804748535,-0.0027339195366948843,0.29430508613586426,0.3153071403503418,0.006698463577777147,0.28615620732307434,0.34846222400665283,0.018220389261841774,0.28384464979171753,0.3907121419906616,0.027714980766177177,0.3485364615917206,0.4469485580921173,-0.010309655219316483,0.3445773124694824,0.3424379229545593,0.0022890944965183735,0.3282680809497833,0.36534741520881653,0.015454050153493881,0.31947416067123413,0.3994252383708954,0.023306220769882202,0.38581517338752747,0.47166645526885986,-0.014600538648664951,0.3634259104728699,0.398921936750412,0.0042673577554523945,0.34460899233818054,0.413740873336792,0.02370227687060833,0.3384959399700165,0.439151406288147,0.03716601803898811,I_EAT
0.3202974200248718,0.7130464315414429,-4.343880277701828e-07,0.26267677545547485,0.6087929010391235,0.030435174703598022,0.2630678713321686,0.5195245146751404,0.04195631295442581,0.2946140766143799,0.4622906446456909,0.04943813011050224,0.33250322937965393,0.4381472170352936,0.058756131678819656,0.26946839690208435,0.4526442587375641,0.012169484980404377,0.2773154675960541,0.3570576608181,0.029450733214616776,0.2790011763572693,0.38518792390823364,0.05221853405237198,0.27943238615989685,0.4178149104118347,0.06861603260040283,0.32575300335884094,0.4518435001373291,8.373237506020814e-05,0.3279295563697815,0.34221509099006653,0.015196963213384151,0.3198609948158264,0.3628247082233429,0.031291961669921875,0.31405457854270935,0.39643287658691406,0.04322725534439087,0.37441593408584595,0.4658743739128113,-0.006510413251817226,0.3739956319332123,0.36749449372291565,0.011172170750796795,0.3583163022994995,0.38289451599121094,0.026808667927980423,0.34634071588516235,0.40996330976486206,0.035469893366098404,0.41189029812812805,0.49192625284194946,-0.009705320000648499,0.39714306592941284,0.4183301031589508,0.012574802152812481,0.37819141149520874,0.42588818073272705,0.03305160999298096,0.3682180941104889,0.44528111815452576,0.04689846932888031,I_EAT
0.28384163975715637,0.7177601456642151,-3.843532567771035e-07,0.23618701100349426,0.6144796013832092,0.030451133847236633,0.23221474885940552,0.5193590521812439,0.0348728708922863,0.2585000693798065,0.4473010003566742,0.033899907022714615,0.2943308353424072,0.4129711985588074,0.034931279718875885,0.22338929772377014,0.4566679894924164,-0.0021159001626074314,0.2817278802394867,0.356880784034729,0.0007827714434824884,0.2955540120601654,0.3839368224143982,0.014387663453817368,0.28721195459365845,0.418234646320343,0.02580719068646431,0.2761487662792206,0.4609294533729553,-0.02214219607412815,0.32980960607528687,0.3502909541130066,-0.015110427513718605,0.3358466923236847,0.3867536187171936,0.0005876279319636524,0.3234196603298187,0.4273785948753357,0.011429503560066223,0.32980215549468994,0.477250874042511,-0.037287697196006775,0.37304264307022095,0.37480974197387695,-0.02567722648382187,0.37223806977272034,0.4075618386268616,-0.0042244140058755875,0.35822543501853943,0.44234174489974976,0.007551210932433605,0.3766588866710663,0.5081706047058105,-0.04959748312830925,0.39842742681503296,0.41837313771247864,-0.03156265243887901,0.3925913870334625,0.44283372163772583,-0.0063361357897520065,0.3821345865726471,0.4715578854084015,0.01034159678965807,I_EAT
0.27373206615448,0.7236210107803345,-1.8464453432898154e-07,0.23299835622310638,0.6155629754066467,0.03926779329776764,0.2334325611591339,0.5244831442832947,0.04484918713569641,0.2627807557582855,0.46184608340263367,0.043072596192359924,0.30087465047836304,0.4353465437889099,0.042316704988479614,0.2159443497657776,0.4537850618362427,0.003206917317584157,0.28454771637916565,0.3656875491142273,0.011625275015830994,0.3160519301891327,0.3814471364021301,0.02834925428032875,0.3190286457538605,0.407541424036026,0.04039940610527992,0.26383665204048157,0.45723649859428406,-0.021569885313510895,0.3327859938144684,0.3541000485420227,-0.0108201764523983,0.3584449589252472,0.3813217282295227,0.004244564566761255,0.3554057776927948,0.4158477187156677,0.013290731236338615,0.31592684984207153,0.4779829680919647,-0.03989376500248909,0.3752649426460266,0.3783237636089325,-0.02453918755054474,0.3945768177509308,0.4032280445098877,-0.003433150239288807,0.3883262872695923,0.43376579880714417,0.006817120127379894,0.36479291319847107,0.5149663090705872,-0.05466731637716293,0.40592241287231445,0.4249531030654907,-0.03436331823468208,0.41491881012916565,0.43673431873321533,-0.008988067507743835,0.4073895514011383,0.45661091804504395,0.007334831636399031,I_EAT
0.2524399757385254,0.7309492230415344,-2.2269728283674795e-09,0.2207142412662506,0.6169259548187256,0.04368045553565025,0.22610512375831604,0.5245794057846069,0.050061143934726715,0.26080065965652466,0.4655765891075134,0.04739103466272354,0.3052542209625244,0.44599902629852295,0.0440843403339386,0.20793816447257996,0.4545535445213318,0.00446380116045475,0.29183539748191833,0.37628716230392456,0.010968510061502457,0.3384995758533478,0.3881022036075592,0.025449369102716446,0.35773906111717224,0.4143901765346527,0.03593624755740166,0.25069963932037354,0.4572567045688629,-0.023087695240974426,0.3359529972076416,0.35522645711898804,-0.013394119217991829,0.37700358033180237,0.3785778880119324,-0.00057956826640293,0.38751688599586487,0.41503557562828064,0.007083865348249674,0.299171507358551,0.4813993275165558,-0.043829545378685,0.37381064891815186,0.37814900279045105,-0.03200657293200493,0.4110099673271179,0.39911291003227234,-0.01585988700389862,0.4178653061389923,0.43207788467407227,-0.007863380014896393,0.3458062410354614,0.5246173143386841,-0.060336437076330185,0.4036640524864197,0.43624430894851685,-0.04507223516702652,0.43125948309898376,0.43761110305786133,-0.024550901725888252,0.4373253583908081,0.452030748128891,-0.010751417838037014,I_EAT
0.29069605469703674,0.7514750361442566,-4.231014827382751e-07,0.22977831959724426,0.647310197353363,0.025417208671569824,0.23030132055282593,0.5522061586380005,0.03152098134160042,0.2668527066707611,0.4852977395057678,0.03419589623808861,0.30577927827835083,0.4489739239215851,0.03816317021846771,0.2301824986934662,0.49481725692749023,-0.0006077481084503233,0.256941556930542,0.38298821449279785,0.007192282006144524,0.2684396207332611,0.41235941648483276,0.022753875702619553,0.2700048089027405,0.4494519829750061,0.03548378124833107,0.2910021245479584,0.49309009313583374,-0.012793690897524357,0.31395548582077026,0.36927878856658936,-0.0019401810131967068,0.3154453635215759,0.3998129665851593,0.010851383209228516,0.3079991638660431,0.4411032199859619,0.019874995574355125,0.34540659189224243,0.5051254630088806,-0.019893109798431396,0.3594628572463989,0.38958603143692017,-0.006309554446488619,0.3529895842075348,0.41867971420288086,0.008409633301198483,0.3424875736236572,0.4552525579929352,0.015630003064870834,0.3877589702606201,0.5271309018135071,-0.023742329329252243,0.3815903067588806,0.44439375400543213,-0.006333388388156891,0.36844080686569214,0.463725745677948,0.013207916170358658,0.3603089153766632,0.4894445240497589,0.026180796325206757,I_EAT
0.284712553024292,0.7818416953086853,-4.0254266764350177e-07,0.23430129885673523,0.6776677370071411,0.025046665221452713,0.23432618379592896,0.5852304697036743,0.02689301408827305,0.26701876521110535,0.5160033702850342,0.024871086701750755,0.30582764744758606,0.4854434132575989,0.025158559903502464,0.22966733574867249,0.5302520990371704,-0.009975407272577286,0.2778916358947754,0.425140917301178,-0.007448095828294754,0.28697824478149414,0.4571046233177185,0.007001901976764202,0.280822217464447,0.4971308708190918,0.019511742517352104,0.28768566250801086,0.5367183685302734,-0.02617775648832321,0.329980731010437,0.4202120900154114,-0.019647661596536636,0.3307209014892578,0.45221859216690063,-0.005006514023989439,0.32065442204475403,0.4940672516822815,0.005658645648509264,0.342763751745224,0.553051233291626,-0.03730877488851547,0.3711504340171814,0.44930920004844666,-0.025406699627637863,0.3655233383178711,0.47728073596954346,-0.006274980027228594,0.3542848527431488,0.5115154981613159,0.004130196291953325,0.3888716995716095,0.5800546407699585,-0.045698199421167374,0.39587104320526123,0.49364519119262695,-0.027866654098033905,0.3849446773529053,0.5151779055595398,-0.004538584966212511,0.3769240081310272,0.542285144329071,0.011007114313542843,I_EAT
0.6854783296585083,0.8276469111442566,3.007882583005994e-07,0.6188308000564575,0.8087624311447144,-0.022427178919315338,0.5486248731613159,0.7509579658508301,-0.03522397577762604,0.496437668800354,0.705337405204773,-0.047891173511743546,0.44313129782676697,0.6892898678779602,-0.06131681427359581,0.5614760518074036,0.6112068891525269,-0.010453848168253899,0.5091115832328796,0.5466433167457581,-0.029831858351826668,0.4759098291397095,0.5058167576789856,-0.04891342297196388,0.44794708490371704,0.46421512961387634,-0.06492169201374054,0.6010230779647827,0.5782167911529541,-0.01823739893734455,0.5644205212593079,0.48505836725234985,-0.03490755707025528,0.544743001461029,0.42309293150901794,-0.05270128324627876,0.527164876461029,0.3661413788795471,-0.06725715845823288,0.6473650336265564,0.5728023052215576,-0.030550681054592133,0.6225677132606506,0.48006707429885864,-0.05107128247618675,0.6104370355606079,0.41602015495300293,-0.06586308032274246,0.5966355204582214,0.3555854856967926,-0.07729561626911163,0.6972078084945679,0.5862604379653931,-0.0451040118932724,0.6913727521896362,0.5078197121620178,-0.06210027635097504,0.6897332072257996,0.45500683784484863,-0.06843528896570206,0.6843688488006592,0.40340954065322876,-0.07411608099937439,I_EAT
0.6826743483543396,0.8230118751525879,3.0171804610290565e-07,0.6154216527938843,0.8038634061813354,-0.023366063833236694,0.5458387732505798,0.745739758014679,-0.03616200014948845,0.49468594789505005,0.6971898078918457,-0.0486426055431366,0.44151195883750916,0.679590106010437,-0.06176081672310829,0.5581985116004944,0.6046845316886902,-0.009946056641638279,0.506696879863739,0.5390189290046692,-0.029006322845816612,0.4735257625579834,0.4971277117729187,-0.04793047904968262,0.44572964310646057,0.455102801322937,-0.06393694877624512,0.5984616279602051,0.5702711939811707,-0.017570333555340767,0.5624500513076782,0.47647589445114136,-0.033034246414899826,0.5429733991622925,0.41461896896362305,-0.04987701028585434,0.5259440541267395,0.35838910937309265,-0.06409669667482376,0.6452866196632385,0.5647718906402588,-0.030053338035941124,0.6215044856071472,0.4714285135269165,-0.049973152577877045,0.6101555228233337,0.4076703190803528,-0.06418376415967941,0.5974594354629517,0.34764841198921204,-0.07549744099378586,0.6953026652336121,0.5792698264122009,-0.04499509930610657,0.6898177862167358,0.500657320022583,-0.062162913382053375,0.6889728307723999,0.4480859339237213,-0.06848512589931488,0.6845188736915588,0.3967914283275604,-0.07428952306509018,I_EAT
0.7031893730163574,0.7855945825576782,4.0234746734313376e-07,0.6393014788627625,0.7769159078598022,-0.02301948145031929,0.5737016201019287,0.7230020761489868,-0.03357464075088501,0.5289437174797058,0.6756049990653992,-0.043860480189323425,0.48361507058143616,0.6573901772499084,-0.05355340242385864,0.5862220525741577,0.5958375334739685,-0.002828236436471343,0.544458270072937,0.5355184674263,-0.014820534735918045,0.5205705165863037,0.4972212016582489,-0.027508504688739777,0.500087559223175,0.46057891845703125,-0.038990817964076996,0.6215567588806152,0.5694495439529419,-0.007568025030195713,0.5937583446502686,0.48555636405944824,-0.018106674775481224,0.575386106967926,0.43182694911956787,-0.031062202528119087,0.5572822690010071,0.38349974155426025,-0.04149332270026207,0.6614087820053101,0.563920259475708,-0.01725972443819046,0.6271530389785767,0.486576110124588,-0.033346205949783325,0.6024379134178162,0.4377140998840332,-0.04566770792007446,0.578173816204071,0.39134860038757324,-0.054874859750270844,0.7057270407676697,0.5718163251876831,-0.029617851600050926,0.698276937007904,0.5038044452667236,-0.04393325001001358,0.6940440535545349,0.4582824409008026,-0.05085977911949158,0.6877971887588501,0.413269579410553,-0.05668915808200836,I_EAT
0.68071448802948,0.7936679124832153,4.894122866971884e-07,0.6119581460952759,0.7854201793670654,-0.026820383965969086,0.546370267868042,0.7301932573318481,-0.040963657200336456,0.5014835596084595,0.6812750697135925,-0.05404127016663551,0.4563000798225403,0.6604390740394592,-0.06670591980218887,0.56133633852005,0.5989116430282593,-0.0105786407366395,0.5173293352127075,0.5329486131668091,-0.02514561451971531,0.49295905232429504,0.4896576404571533,-0.03902534022927284,0.47353681921958923,0.44883233308792114,-0.05148353427648544,0.5980928540229797,0.5732418894767761,-0.014139526523649693,0.5711811780929565,0.4887129068374634,-0.027921130880713463,0.5560937523841858,0.4344412088394165,-0.04210615158081055,0.5428917407989502,0.38427144289016724,-0.05339985713362694,0.6385208368301392,0.5679636001586914,-0.02274278923869133,0.6027820110321045,0.4861965775489807,-0.042418222874403,0.5768470764160156,0.43534547090530396,-0.05647721514105797,0.5538323521614075,0.3854581117630005,-0.06698869168758392,0.6840510368347168,0.5763031244277954,-0.03390316665172577,0.6778565645217896,0.5050303339958191,-0.05163450539112091,0.6759929656982422,0.45733028650283813,-0.06018583104014397,0.6726517081260681,0.4098247289657593,-0.06717473268508911,I_EAT
0.6705830693244934,0.8235564231872559,5.835279353050282e-07,0.593055009841919,0.8095512390136719,-0.03189835697412491,0.5121796131134033,0.7277895212173462,-0.04536974057555199,0.4568753242492676,0.6669158935546875,-0.05708383396267891,0.39841222763061523,0.6410965919494629,-0.06822264194488525,0.5354217886924744,0.5654902458190918,-0.011164079420268536,0.4888545274734497,0.4772656559944153,-0.024770714342594147,0.46423763036727905,0.42129236459732056,-0.038323774933815,0.4447309374809265,0.3692520260810852,-0.051541946828365326,0.5810635685920715,0.5376558303833008,-0.015823857858777046,0.5548728704452515,0.42442411184310913,-0.028442567214369774,0.5408458709716797,0.35507655143737793,-0.042653635144233704,0.5272089242935181,0.2956068813800812,-0.05441439151763916,0.6308696269989014,0.5362710356712341,-0.026767872273921967,0.593723475933075,0.42873281240463257,-0.04850425943732262,0.5662227869033813,0.35806238651275635,-0.06600182503461838,0.5401507019996643,0.28914785385131836,-0.0794970914721489,0.6835985779762268,0.5519571304321289,-0.04077819734811783,0.6759723424911499,0.46065574884414673,-0.06179716810584068,0.6751157641410828,0.39977791905403137,-0.07297475636005402,0.67209792137146,0.338206946849823,-0.08246390521526337,I_EAT
0.6624407768249512,0.8948579430580139,6.700419135086122e-07,0.5703704953193665,0.8600468039512634,-0.03693428263068199,0.485773503780365,0.7631857395172119,-0.05737096071243286,0.41916149854660034,0.6905233263969421,-0.07706629484891891,0.34897375106811523,0.6615185141563416,-0.09608957916498184,0.5250462889671326,0.5614171624183655,-0.0091236662119627,0.48702725768089294,0.445923388004303,-0.027521131560206413,0.4648336172103882,0.37769466638565063,-0.0480504110455513,0.4470504820346832,0.310935914516449,-0.06679495424032211,0.5796132683753967,0.5325654149055481,-0.015998475253582,0.5610266923904419,0.39057934284210205,-0.03160535544157028,0.5451327562332153,0.30461645126342773,-0.051411792635917664,0.5270156860351562,0.22778373956680298,-0.06837279349565506,0.6366549730300903,0.5359375476837158,-0.030174562707543373,0.6100997924804688,0.40367311239242554,-0.051297206431627274,0.5830637216567993,0.32055509090423584,-0.0687527060508728,0.5545603036880493,0.24321115016937256,-0.08354369550943375,0.6955981850624084,0.5620172619819641,-0.04890279844403267,0.695740282535553,0.4522879719734192,-0.06780774891376495,0.6942985653877258,0.3792472183704376,-0.07752929627895355,0.6897311806678772,0.3059948980808258,-0.08675986528396606,I_EAT
0.6511071920394897,0.9167909026145935,7.491036626561254e-07,0.5557143688201904,0.8802876472473145,-0.03863247483968735,0.4669612944126129,0.7803024053573608,-0.06066602095961571,0.39752528071403503,0.7066128849983215,-0.08175338059663773,0.32564622163772583,0.6715344190597534,-0.10197056084871292,0.5059674978256226,0.5706687569618225,-0.01611405238509178,0.4687861204147339,0.4442855715751648,-0.039424244314432144,0.44902145862579346,0.37026193737983704,-0.06257205456495285,0.4332505464553833,0.2983422875404358,-0.08280687034130096,0.5605716109275818,0.546349048614502,-0.024025974795222282,0.5389589071273804,0.3959621787071228,-0.04563954472541809,0.5250570178031921,0.3031270503997803,-0.06817669421434402,0.5095405578613281,0.22008046507835388,-0.0862700492143631,0.6195656061172485,0.5525294542312622,-0.039460476487874985,0.587623655796051,0.41322585940361023,-0.06795646250247955,0.5597162842750549,0.32492247223854065,-0.08938856422901154,0.5318223237991333,0.24225333333015442,-0.10593832284212112,0.6834985017776489,0.5826419591903687,-0.05922983959317207,0.688703179359436,0.4690379500389099,-0.08499486744403839,0.6917092800140381,0.39291995763778687,-0.09869568794965744,0.6911949515342712,0.3164282739162445,-0.11011458933353424,I_EAT
0.6209949254989624,0.9190110564231873,8.964441917669319e-07,0.5224822759628296,0.9055594205856323,-0.05082293972373009,0.4271528422832489,0.8140995502471924,-0.0807541236281395,0.35350048542022705,0.7390958070755005,-0.10746444016695023,0.27598583698272705,0.7039592266082764,-0.13335645198822021,0.44571349024772644,0.602836549282074,-0.03165595605969429,0.3882448673248291,0.48273545503616333,-0.058678220957517624,0.3560641407966614,0.40886542201042175,-0.08253640681505203,0.3306182026863098,0.3382449746131897,-0.10296977311372757,0.5012479424476624,0.5691922307014465,-0.035126619040966034,0.46902745962142944,0.4230661392211914,-0.060273997485637665,0.44880610704421997,0.32925206422805786,-0.08388859033584595,0.42950576543807983,0.2434585690498352,-0.10218887776136398,0.5615071654319763,0.5677624940872192,-0.046563755720853806,0.5146355628967285,0.43342435359954834,-0.07785185426473618,0.4787885248661041,0.3457556366920471,-0.09949647635221481,0.44623643159866333,0.2599264681339264,-0.11604609340429306,0.6280620098114014,0.5894914269447327,-0.06293516606092453,0.6174717545509338,0.4741659164428711,-0.09053269028663635,0.6155382990837097,0.3981114625930786,-0.10305552929639816,0.6124187111854553,0.32238832116127014,-0.11345819383859634,I_EAT
0.6903879642486572,0.8418468832969666,8.480553219669673e-07,0.6008111238479614,0.8437698483467102,-0.05902222543954849,0.5110200047492981,0.7791483402252197,-0.09606654196977615,0.44003403186798096,0.7226410508155823,-0.12667278945446014,0.3629768490791321,0.7008113861083984,-0.15753622353076935,0.5053243041038513,0.5786966681480408,-0.06410722434520721,0.4344109296798706,0.46547651290893555,-0.10166200995445251,0.39111778140068054,0.389242559671402,-0.13092069327831268,0.3554666042327881,0.31407296657562256,-0.15499310195446014,0.5584832429885864,0.5307089686393738,-0.06509898602962494,0.5205132365226746,0.38988620042800903,-0.10243738442659378,0.5036754012107849,0.3030451834201813,-0.12969452142715454,0.48820969462394714,0.2272505760192871,-0.1496114283800125,0.6182494163513184,0.5200520157814026,-0.0727015882730484,0.570538341999054,0.38576561212539673,-0.11330141127109528,0.5366970300674438,0.29544758796691895,-0.13748526573181152,0.5045250654220581,0.20652148127555847,-0.15522204339504242,0.6834821701049805,0.5323778390884399,-0.08481575548648834,0.6629429459571838,0.42420125007629395,-0.1202942281961441,0.6521011590957642,0.3497164249420166,-0.13555070757865906,0.6392875909805298,0.27387121319770813,-0.14742228388786316,I_EAT
0.22556662559509277,0.912233829498291,2.397770515472075e-07,0.2810574769973755,0.8378711342811584,0.017496980726718903,0.30252620577812195,0.7624303698539734,0.01621466688811779,0.3280203342437744,0.709269642829895,0.00690813735127449,0.3544290065765381,0.6740098595619202,-0.0008792001754045486,0.19727198779582977,0.6871017217636108,0.010431201197206974,0.2659014165401459,0.6046352982521057,-0.007779095787554979,0.3196762800216675,0.606613278388977,-0.02210698276758194,0.3544696867465973,0.6252655386924744,-0.029704593122005463,0.196251779794693,0.6926048994064331,-0.008912093006074429,0.2794908583164215,0.5918455123901367,-0.0246463380753994,0.33644261956214905,0.6024035811424255,-0.03204318881034851,0.3696673512458801,0.6272290349006653,-0.03486017510294914,0.2165815532207489,0.7098618745803833,-0.028189515694975853,0.2976768910884857,0.6126916408538818,-0.041424889117479324,0.35196807980537415,0.6169970631599426,-0.04198673367500305,0.3832134008407593,0.6381821036338806,-0.039828505367040634,0.2514623701572418,0.7341020703315735,-0.04652825742959976,0.31985682249069214,0.6638861298561096,-0.05095318332314491,0.3584802746772766,0.6570199728012085,-0.04649892821907997,0.38501793146133423,0.6638089418411255,-0.042202454060316086,I_EAT
0.21709001064300537,0.9071112275123596,2.4291418299071665e-07,0.26544758677482605,0.8303510546684265,0.019017815589904785,0.2887139618396759,0.7531753182411194,0.018006397411227226,0.31368163228034973,0.6969512701034546,0.009549055248498917,0.3370879292488098,0.6596315503120422,0.0021379522513598204,0.18770742416381836,0.6811436414718628,0.006460634060204029,0.25809329748153687,0.5992449522018433,-0.010028942488133907,0.31302493810653687,0.5988929271697998,-0.022193770855665207,0.34872159361839294,0.615257978439331,-0.02839791215956211,0.19221147894859314,0.6854824423789978,-0.012855760753154755,0.27277880907058716,0.5836068391799927,-0.025981394574046135,0.3286511301994324,0.5913329124450684,-0.03229494020342827,0.3619309365749359,0.6155990958213806,-0.03503379970788956,0.21616901457309723,0.7019008994102478,-0.031197471544146538,0.2944102883338928,0.605967104434967,-0.041463565081357956,0.34778621792793274,0.6069949865341187,-0.04151267930865288,0.3788003921508789,0.6253396272659302,-0.04010232165455818,0.25414222478866577,0.7259726524353027,-0.0482201911509037,0.3183344006538391,0.6574290990829468,-0.050168368965387344,0.3552910387516022,0.650966227054596,-0.04444189742207527,0.38061651587486267,0.6578360199928284,-0.03972790017724037,I_EAT
0.24073061347007751,0.8828898072242737,8.282450636443173e-08,0.19813062250614166,0.8000349998474121,0.0249383132904768,0.19572053849697113,0.719786524772644,0.02253955602645874,0.22692355513572693,0.6557050943374634,0.01671687327325344,0.26357319951057434,0.6203279495239258,0.011403870768845081,0.173357293009758,0.6834082007408142,-0.019465181976556778,0.22936363518238068,0.5804348587989807,-0.022558804601430893,0.26330769062042236,0.5777586698532104,-0.01537247747182846,0.27997705340385437,0.5945417284965515,-0.008068803697824478,0.21319419145584106,0.6861438155174255,-0.03658360242843628,0.2680083215236664,0.5665456056594849,-0.035005416721105576,0.2968669533729553,0.5652985572814941,-0.024724964052438736,0.30766966938972473,0.5851652026176453,-0.017587702721357346,0.25950485467910767,0.6976102590560913,-0.048308227211236954,0.30934277176856995,0.5795016884803772,-0.042052239179611206,0.32880309224128723,0.5698663592338562,-0.027267083525657654,0.33243927359580994,0.5819569826126099,-0.01916477642953396,0.30694153904914856,0.7164751291275024,-0.05701794847846031,0.33229494094848633,0.6254009008407593,-0.04558848962187767,0.3386416733264923,0.6100505590438843,-0.028294196352362633,0.3383615016937256,0.6073080897331238,-0.016495168209075928,I_EAT
0.3000553846359253,0.8639852404594421,-1.9791424676895986e-07,0.2478865087032318,0.7962373495101929,0.004344163462519646,0.23937588930130005,0.7155987620353699,0.0009984552161768079,0.2620503902435303,0.6514371037483215,-0.002129939617589116,0.28488969802856445,0.618394672870636,-0.003791925497353077,0.2551672160625458,0.7100993990898132,-0.024496804922819138,0.2535329759120941,0.5779270529747009,-0.03758782148361206,0.2501736283302307,0.5629611015319824,-0.03720727935433388,0.2505255341529846,0.5785175561904907,-0.03121727518737316,0.30295881628990173,0.7054750919342041,-0.028913965448737144,0.3046363294124603,0.5705291628837585,-0.03909040614962578,0.28875982761383057,0.5626956224441528,-0.035406578332185745,0.27678805589675903,0.5851083397865295,-0.027862241491675377,0.3404770493507385,0.7030694484710693,-0.03110674023628235,0.33024778962135315,0.5777775645256042,-0.03725768253207207,0.30880653858184814,0.572878897190094,-0.029088804498314857,0.29597553610801697,0.5916178226470947,-0.019805340096354485,0.3668789565563202,0.7023781538009644,-0.03173527121543884,0.3399435877799988,0.612091064453125,-0.030767226591706276,0.31612226366996765,0.605289101600647,-0.020213376730680466,0.30528974533081055,0.6161397099494934,-0.010061260312795639,I_EAT
0.27604034543037415,0.8734233975410461,6.7557515137650626e-09,0.34312552213668823,0.8271108865737915,-0.012593463994562626,0.36775466799736023,0.7411051988601685,-0.023669937625527382,0.36715131998062134,0.6569337844848633,-0.030455756932497025,0.36067500710487366,0.5998656749725342,-0.03264965862035751,0.3163984715938568,0.7107202410697937,-0.049590814858675,0.3471482992172241,0.5884017944335938,-0.06681310385465622,0.35945239663124084,0.6130152344703674,-0.06704171001911163,0.35569024085998535,0.6463470458984375,-0.061869148164987564,0.27049338817596436,0.7030009627342224,-0.04651390388607979,0.3111138343811035,0.5687357783317566,-0.05802872031927109,0.3293396532535553,0.5937618613243103,-0.05050104111433029,0.32521864771842957,0.633067786693573,-0.04254087433218956,0.23807868361473083,0.6986438035964966,-0.041843757033348083,0.2790542244911194,0.5805168747901917,-0.04515548795461655,0.29962047934532166,0.6039037108421326,-0.030323393642902374,0.29693925380706787,0.6376228332519531,-0.020243672654032707,0.219676673412323,0.6956407427787781,-0.03767945244908333,0.25520122051239014,0.6064961552619934,-0.03629450500011444,0.27347898483276367,0.6224842667579651,-0.02377920225262642,0.2718218266963959,0.6474876999855042,-0.014395155943930149,I_EAT
0.2736038565635681,0.8575747013092041,1.7984147859806399e-07,0.32308077812194824,0.7871010899543762,0.014770024456083775,0.3380070924758911,0.7145610451698303,0.012775341980159283,0.3606908917427063,0.6632513999938965,0.003250337904319167,0.38733890652656555,0.6281641125679016,-0.004300752654671669,0.2360469400882721,0.6568849682807922,0.009945197962224483,0.29865705966949463,0.575443685054779,-0.00923044141381979,0.3493015766143799,0.5757352709770203,-0.024295823648571968,0.3844941258430481,0.5919874906539917,-0.03272867947816849,0.23379084467887878,0.6597708463668823,-0.00844897236675024,0.30769646167755127,0.556102454662323,-0.025943215936422348,0.35954055190086365,0.5674193501472473,-0.033595021814107895,0.3899480104446411,0.5912253856658936,-0.036188315600156784,0.2527657449245453,0.6711814999580383,-0.027211302891373634,0.32106873393058777,0.566430389881134,-0.042596906423568726,0.37220045924186707,0.5737192630767822,-0.042313624173402786,0.4014900326728821,0.5965834856033325,-0.03908521309494972,0.28616252541542053,0.6871044635772705,-0.04542606696486473,0.34816184639930725,0.6163858771324158,-0.05337601527571678,0.3850070834159851,0.6098821759223938,-0.05054830387234688,0.40939798951148987,0.6162337064743042,-0.04699552431702614,I_EAT
0.2714096009731293,0.8553133010864258,1.6461819996038685e-07,0.3268153965473175,0.7740928530693054,0.02115773782134056,0.34612923860549927,0.7007066011428833,0.026627754792571068,0.36967697739601135,0.6550894975662231,0.020873844623565674,0.39851534366607666,0.6187868118286133,0.015900125727057457,0.26669564843177795,0.6461785435676575,0.040238767862319946,0.31602710485458374,0.5835770964622498,0.022890672087669373,0.3651691973209381,0.5834897756576538,0.005461614578962326,0.40288668870925903,0.5965374708175659,-0.00499001145362854,0.2525075674057007,0.6462511420249939,0.017490031197667122,0.31685149669647217,0.5661316514015198,-0.004982750862836838,0.3735189437866211,0.5760634541511536,-0.020991088822484016,0.4122577905654907,0.5999812483787537,-0.027000494301319122,0.25277507305145264,0.6544201374053955,-0.00740004051476717,0.3201826810836792,0.5694127082824707,-0.03183736279606819,0.37711888551712036,0.5835940837860107,-0.040883686393499374,0.41433605551719666,0.6111106276512146,-0.04038618505001068,0.2659481167793274,0.6697044968605042,-0.031306393444538116,0.3325078785419464,0.6128325462341309,-0.04993392154574394,0.37824058532714844,0.6116644144058228,-0.05503452196717262,0.4116283059120178,0.6215651631355286,-0.05428397282958031,I_EAT
0.26124486327171326,0.8114514946937561,2.2330043236706842e-07,0.3140331506729126,0.7812755703926086,0.0015947537031024694,0.350613534450531,0.7178030014038086,0.0015973474364727736,0.37414515018463135,0.666826605796814,-0.0040047913789749146,0.3952869772911072,0.6288686394691467,-0.008715691044926643,0.34027689695358276,0.6553182601928711,0.01977849192917347,0.37477216124534607,0.6132451295852661,0.004258464090526104,0.4096328616142273,0.6171518564224243,-0.01132664829492569,0.4354541599750519,0.6266941428184509,-0.021187065169215202,0.32361045479774475,0.6391307711601257,0.008825891651213169,0.3601689636707306,0.5785587430000305,-0.011346183717250824,0.397874116897583,0.5931488275527954,-0.02569744922220707,0.4232102632522583,0.6203656196594238,-0.031828757375478745,0.30566316843032837,0.630873441696167,-0.005241091828793287,0.34150344133377075,0.5607013702392578,-0.026586921885609627,0.3817289173603058,0.5779147148132324,-0.03580278530716896,0.4103827476501465,0.6089332699775696,-0.037624258548021317,0.2879221439361572,0.6335505843162537,-0.019859395921230316,0.33153897523880005,0.5949335098266602,-0.03818777948617935,0.3685261905193329,0.6011394262313843,-0.04513730853796005,0.3970436751842499,0.6187867522239685,-0.04709414765238762,I_EAT
0.2566009759902954,0.7725667357444763,6.203787705771902e-08,0.3168211877346039,0.74965500831604,-0.0014032818144187331,0.36274489760398865,0.6838929653167725,-0.005346684716641903,0.392136812210083,0.6294837594032288,-0.015053045935928822,0.421282559633255,0.5932807922363281,-0.022830896079540253,0.37508416175842285,0.6029059886932373,0.010733235627412796,0.41036346554756165,0.5377245545387268,-0.01177325751632452,0.4341292679309845,0.5599372386932373,-0.02996455878019333,0.43662041425704956,0.5931015014648438,-0.03889244794845581,0.34891149401664734,0.5819494724273682,-0.0009953121189028025,0.3827812671661377,0.48274099826812744,-0.025018887594342232,0.4118335545063019,0.5179231762886047,-0.04092755541205406,0.415179580450058,0.567258894443512,-0.046484410762786865,0.31812283396720886,0.5737822651863098,-0.015792103484272957,0.3469792902469635,0.4770858883857727,-0.04131656512618065,0.3798791170120239,0.5195311307907104,-0.04996143653988838,0.3896680474281311,0.56904536485672,-0.050130728632211685,0.28399568796157837,0.5804064273834229,-0.03083088994026184,0.3252216577529907,0.5411549806594849,-0.05451681464910507,0.3610997796058655,0.5632840394973755,-0.06272812187671661,0.38055792450904846,0.5915409922599792,-0.06443128734827042,I_EAT
0.18764914572238922,0.9521359205245972,-2.2589250647797599e-07,0.3174886703491211,0.9096233248710632,-0.07141420990228653,0.4244465231895447,0.7934738397598267,-0.12119315564632416,0.44609177112579346,0.6613786220550537,-0.17292921245098114,0.4156423807144165,0.5634750127792358,-0.216324582695961,0.4928411841392517,0.5593781471252441,-0.03331773355603218,0.5392715930938721,0.45919349789619446,-0.12648163735866547,0.48739588260650635,0.5198758244514465,-0.2046210616827011,0.4229617416858673,0.5845209360122681,-0.25053220987319946,0.40751656889915466,0.49040162563323975,-0.04675261676311493,0.46366262435913086,0.2915093004703522,-0.13808390498161316,0.4625951945781708,0.38978874683380127,-0.19949139654636383,0.4538182020187378,0.49397194385528564,-0.22706297039985657,0.3105858266353607,0.4703124761581421,-0.07373300194740295,0.3515877425670624,0.26577308773994446,-0.16124582290649414,0.38308703899383545,0.39671921730041504,-0.19323846697807312,0.40063685178756714,0.5246928930282593,-0.19806012511253357,0.20195193588733673,0.5019661784172058,-0.10794305056333542,0.2531839609146118,0.4178787171840668,-0.1790250688791275,0.30061647295951843,0.5000845193862915,-0.20153652131557465,0.3307374119758606,0.5845838785171509,-0.20676112174987793,I_EAT
0.5779733657836914,0.752870500087738,-1.8669524592951348e-07,0.5753160119056702,0.6286309361457825,-0.0010675144148990512,0.5417782664299011,0.520935595035553,-0.007618499919772148,0.5007601976394653,0.43920576572418213,-0.014797801151871681,0.4997326135635376,0.3657566010951996,-0.022432662546634674,0.44645094871520996,0.527350902557373,-0.012743178755044937,0.3739287853240967,0.5340667366981506,-0.01851142756640911,0.3914388120174408,0.5644683837890625,-0.022690650075674057,0.42176491022109985,0.5726020932197571,-0.02534012496471405,0.4193248450756073,0.5980485677719116,-0.01627548597753048,0.3560241758823395,0.6026471257209778,-0.014849865809082985,0.3773888051509857,0.6287933588027954,-0.011279738508164883,0.4076833426952362,0.6354756355285645,-0.011192024685442448,0.40242719650268555,0.6726213097572327,-0.01869840919971466,0.35045963525772095,0.6709153056144714,-0.01606844551861286,0.3718428313732147,0.6906551718711853,-0.005529767833650112,0.40105485916137695,0.6966544389724731,-0.0013496347237378359,0.3933481276035309,0.7443913221359253,-0.021148525178432465,0.3523496985435486,0.7374392151832581,-0.01674553006887436,0.374500036239624,0.7486280202865601,-0.0036346102133393288,0.3993323743343353,0.7503765821456909,0.006158634088933468,THANK_YOU
0.5776733756065369,0.7628930807113647,-2.72499647735458e-07,0.5628587603569031,0.6438990235328674,0.005052774213254452,0.5206764340400696,0.5394812226295471,-0.002958151279017329,0.48551398515701294,0.4534647464752197,-0.013236373662948608,0.4859737157821655,0.37784451246261597,-0.02484576590359211,0.4506172239780426,0.5414268970489502,-0.02148391492664814,0.36110520362854004,0.5570214986801147,-0.033961132168769836,0.38287854194641113,0.5887993574142456,-0.04000941663980484,0.4174536466598511,0.5916355848312378,-0.04323505237698555,0.4286835789680481,0.6133202910423279,-0.03155055642127991,0.3424489200115204,0.6220545172691345,-0.037977393716573715,0.3685797154903412,0.6504772305488586,-0.03314788267016411,0.404186487197876,0.6541416645050049,-0.03131286799907684,0.41363880038261414,0.6901841759681702,-0.03986585512757301,0.3359856605529785,0.6912181377410889,-0.04471160098910332,0.3643285632133484,0.7147639393806458,-0.029435470700263977,0.3996867537498474,0.7176032662391663,-0.020816298201680183,0.40542423725128174,0.7657192349433899,-0.04742765426635742,0.3454168736934662,0.7613881826400757,-0.0502406507730484,0.3735164999961853,0.7770634889602661,-0.03518744185566902,0.40483373403549194,0.7786357998847961,-0.023289848119020462,THANK_YOU
0.5571457147598267,0.7954431772232056,-4.729872955522296e-07,0.527381420135498,0.693283200263977,-0.0030477053951472044,0.4778093695640564,0.5756615400314331,-0.022843332961201668,0.44677144289016724,0.48359909653663635,-0.04228508472442627,0.44403085112571716,0.3989350199699402,-0.06332655996084213,0.47595229744911194,0.5716278553009033,-0.07496413588523865,0.34760552644729614,0.5783990621566772,-0.10586761683225632,0.3571905195713043,0.6198180913925171,-0.10968001931905746,0.39460572600364685,0.6307200789451599,-0.10863819718360901,0.4798423945903778,0.6464737057685852,-0.08962556719779968,0.33791786432266235,0.664280354976654,-0.11557083576917648,0.3608500361442566,0.6952145099639893,-0.10390672832727432,0.40322044491767883,0.6945616602897644,-0.09775619208812714,0.4804958999156952,0.7325071692466736,-0.10226818174123764,0.3447033762931824,0.7419149875640869,-0.1280820518732071,0.37107372283935547,0.7668108940124512,-0.10652437806129456,0.4146292805671692,0.7669454216957092,-0.09207426011562347,0.4764437675476074,0.8191128373146057,-0.11349739879369736,0.3652096092700958,0.8278499841690063,-0.13698776066303253,0.38536450266838074,0.8310009241104126,-0.12747454643249512,0.4246790409088135,0.822260320186615,-0.11889629065990448,THANK_YOU
0.5477248430252075,0.77161705493927,-4.4709761937156145e-07,0.509599506855011,0.6725425124168396,-0.007130684331059456,0.455505907535553,0.5584753751754761,-0.02996734343469143,0.4232140779495239,0.46864092350006104,-0.052452147006988525,0.4171561896800995,0.3815355896949768,-0.07634850591421127,0.4625173509120941,0.5605276823043823,-0.08126628398895264,0.32799404859542847,0.5806081891059875,-0.12033655494451523,0.3441019058227539,0.6156314611434937,-0.12933649122714996,0.3844291567802429,0.6177666783332825,-0.1310136467218399,0.47094762325286865,0.6393663287162781,-0.0972224771976471,0.32117506861686707,0.6700847744941711,-0.13113439083099365,0.3490646481513977,0.6941859722137451,-0.12113552540540695,0.39423680305480957,0.6875938177108765,-0.11547389626502991,0.4761994183063507,0.7278072834014893,-0.11231391876935959,0.3342060446739197,0.7465103268623352,-0.14540885388851166,0.3642134666442871,0.765322208404541,-0.12338951230049133,0.41064122319221497,0.758584201335907,-0.10747624933719635,0.47615090012550354,0.8143094778060913,-0.12655945122241974,0.3619147837162018,0.831007719039917,-0.1552816480398178,0.3831193149089813,0.8293594121932983,-0.14668656885623932,0.4246275722980499,0.8170676231384277,-0.13797271251678467,THANK_YOU
0.5619566440582275,0.7715932130813599,-2.102933933656459e-07,0.5327444076538086,0.6418637037277222,-0.003240803722292185,0.4731862246990204,0.5340619683265686,-0.021896734833717346,0.4324449896812439,0.4417904019355774,-0.03930987790226936,0.4284133017063141,0.35821637511253357,-0.0578247606754303,0.41737353801727295,0.5740404725074768,-0.06786154955625534,0.3142068386077881,0.5841346979141235,-0.08820638805627823,0.3456266522407532,0.5997290015220642,-0.09203081578016281,0.38497674465179443,0.5972151756286621,-0.09251135587692261,0.40311434864997864,0.6676376461982727,-0.07592279464006424,0.30096882581710815,0.6587316393852234,-0.08631012588739395,0.33354875445365906,0.672403872013092,-0.07448083907365799,0.3723238706588745,0.6779850721359253,-0.06965691596269608,0.3945848345756531,0.7578593492507935,-0.08030674606561661,0.3040676712989807,0.7406560182571411,-0.08538660407066345,0.33535343408584595,0.7458646893501282,-0.06218276917934418,0.37393108010292053,0.749046802520752,-0.05013592168688774,0.3911612331867218,0.8402491807937622,-0.08402011543512344,0.31541433930397034,0.820961058139801,-0.0846252366900444,0.34403854608535767,0.8189082741737366,-0.06298761069774628,0.37802088260650635,0.8212932348251343,-0.04841381683945656,THANK_YOU
0.562858521938324,0.7895604968070984,3.1164586467014033e-09,0.5652472972869873,0.6460056900978088,-0.017693985253572464,0.5349200367927551,0.5302680730819702,-0.03774572163820267,0.4874071478843689,0.4388733506202698,-0.05419633910059929,0.47638019919395447,0.35144156217575073,-0.06812836974859238,0.42596134543418884,0.5699912905693054,-0.04054681956768036,0.3604256510734558,0.5195854902267456,-0.053985126316547394,0.3909916281700134,0.5366927981376648,-0.05915354564785957,0.4225110709667206,0.5616602897644043,-0.06009265407919884,0.3908573091030121,0.6542353630065918,-0.03674352169036865,0.3340763747692108,0.5879490375518799,-0.03823497146368027,0.3652447760105133,0.5973740220069885,-0.032951146364212036,0.3942548632621765,0.6233091950416565,-0.03191102668642998,0.3704063892364502,0.7316855788230896,-0.03215876594185829,0.3199174404144287,0.6572861075401306,-0.029369091615080833,0.3502809405326843,0.6649166941642761,-0.014748509041965008,0.37939730286598206,0.6896070837974548,-0.008612211793661118,0.3601035177707672,0.7947379350662231,-0.028514407575130463,0.31742778420448303,0.7267823219299316,-0.022966714575886726,0.34577178955078125,0.7308921813964844,-0.005494897253811359,0.3695192337036133,0.7502036690711975,0.006809028796851635,THANK_YOU
0.558865487575531,0.7955648899078369,-5.599581527349073e-07,0.5268495082855225,0.6824276447296143,0.002703401492908597,0.470100075006485,0.557837188243866,-0.016842329874634743,0.43672969937324524,0.4578409194946289,-0.03794082999229431,0.4377010464668274,0.3664366900920868,-0.0600995197892189,0.47324609756469727,0.5454711318016052,-0.0693516954779625,0.3315693438053131,0.5578072667121887,-0.10610520839691162,0.3514406681060791,0.6003168225288391,-0.1144883781671524,0.3937560021877289,0.602767288684845,-0.11609024554491043,0.47494304180145264,0.6259586811065674,-0.08893906325101852,0.31919002532958984,0.648374617099762,-0.11998836696147919,0.3487826883792877,0.6791474223136902,-0.10919995605945587,0.39566677808761597,0.6732099056243896,-0.10291977226734161,0.47168678045272827,0.7188073396682739,-0.10695058852434158,0.3255276083946228,0.7300691604614258,-0.13523398339748383,0.35821548104286194,0.7547048926353455,-0.11106369644403458,0.40580984950065613,0.7475594878196716,-0.09470564872026443,0.46449029445648193,0.8120520710945129,-0.12338366359472275,0.3461301326751709,0.8233616948127747,-0.14711004495620728,0.3749227821826935,0.8303603529930115,-0.13461963832378387,0.4210456609725952,0.8206238746643066,-0.12363049387931824,THANK_YOU
0.5678170919418335,0.8886443376541138,-7.440445983775135e-07,0.5036981701850891,0.7474448084831238,-0.021421417593955994,0.4804806411266327,0.6042299866676331,-0.03513225167989731,0.47369495034217834,0.4934484362602234,-0.048087116330862045,0.47074297070503235,0.3984416723251343,-0.05696159973740578,0.5693047642707825,0.5445305705070496,-0.03673504292964935,0.45670849084854126,0.549243688583374,-0.06764058768749237,0.45445945858955383,0.6248483061790466,-0.0761188492178917,0.48729830980300903,0.6422328352928162,-0.07971291244029999,0.6090785264968872,0.6092603802680969,-0.04551786556839943,0.47547999024391174,0.6411432027816772,-0.07265449315309525,0.4814232587814331,0.7016798853874207,-0.06808693706989288,0.5181578397750854,0.7094270586967468,-0.06358332186937332,0.6303921937942505,0.6927589178085327,-0.058221157640218735,0.4972037076950073,0.7329813838005066,-0.08700533956289291,0.5048054456710815,0.7782049775123596,-0.07300423085689545,0.5431302785873413,0.7780961990356445,-0.06129007413983345,0.6384170651435852,0.7802832722663879,-0.0731109157204628,0.5261547565460205,0.8223991394042969,-0.09102511405944824,0.5318370461463928,0.8486998081207275,-0.08339249342679977,0.566689133644104,0.8461306095123291,-0.07485293596982956,THANK_YOU
0.5910177230834961,0.9446743130683899,-8.877813684193825e-07,0.5322467684745789,0.8360347747802734,-0.05277334526181221,0.5257940292358398,0.6731717586517334,-0.07336929440498352,0.528875470161438,0.5554913878440857,-0.0904751792550087,0.512637734413147,0.4674322009086609,-0.0973551794886589,0.6299799084663391,0.6190488338470459,-0.02873171493411064,0.6446093320846558,0.5882061719894409,-0.07596604526042938,0.6092308759689331,0.6836081147193909,-0.09233800321817398,0.6049878001213074,0.7070854902267456,-0.10115371644496918,0.6947333812713623,0.6679765582084656,-0.02673446200788021,0.7081800103187561,0.6595221757888794,-0.08109670877456665,0.6458072662353516,0.7572196125984192,-0.08670347183942795,0.639036238193512,0.7517864108085632,-0.08210168033838272,0.7431620359420776,0.7339622974395752,-0.03518683835864067,0.7601982355117798,0.7370618581771851,-0.09270916134119034,0.6905074715614319,0.8097294569015503,-0.07466266304254532,0.6743134260177612,0.7958080172538757,-0.05283975601196289,0.7786959409713745,0.8034961819648743,-0.04874132573604584,0.7902064323425293,0.8190378546714783,-0.08345768600702286,0.7347177863121033,0.8583714365959167,-0.07275639474391937,0.715522050857544,0.8412488698959351,-0.059491001069545746,THANK_YOU
0.6953943967819214,0.7806076407432556,-7.725442401351756e-07,0.6265730857849121,0.6887506246566772,-0.04292010888457298,0.6101231575012207,0.5402554273605347,-0.061179522424936295,0.6160905361175537,0.4282907247543335,-0.07819092273712158,0.5954784154891968,0.3494759202003479,-0.08645053952932358,0.716242790222168,0.46604105830192566,-0.023014940321445465,0.7552499771118164,0.388439416885376,-0.0702740028500557,0.7287486791610718,0.4836750328540802,-0.08995762467384338,0.7079523801803589,0.5365110039710999,-0.0961044505238533,0.7768834233283997,0.5039153099060059,-0.021854950115084648,0.8165745735168457,0.4378488063812256,-0.07078849524259567,0.7677468061447144,0.5470929145812988,-0.07655457407236099,0.7453484535217285,0.5764774084091187,-0.06914407759904861,0.8250135779380798,0.5559712052345276,-0.029799096286296844,0.8726197481155396,0.49589452147483826,-0.08078130334615707,0.8167692422866821,0.5865686535835266,-0.06305193156003952,0.7865849733352661,0.6139047145843506,-0.03843064233660698,0.8629181385040283,0.617533266544342,-0.04137924686074257,0.9058763384819031,0.5730876922607422,-0.07316557317972183,0.858214795589447,0.6214250326156616,-0.05904126167297363,0.8233658075332642,0.6364129185676575,-0.04031902924180031,THANK_YOU
0.6913043260574341,0.8568698167800903,-8.11649897514144e-07,0.6701692342758179,0.7305478453636169,-0.033605653792619705,0.7052672505378723,0.6012890338897705,-0.048485517501831055,0.7486646175384521,0.5203691720962524,-0.063312828540802,0.7596560716629028,0.45057183504104614,-0.07015959918498993,0.8287108540534973,0.6169816255569458,-0.01912432722747326,0.8988627195358276,0.5891392827033997,-0.06094171106815338,0.840947151184082,0.6428220868110657,-0.07774365693330765,0.801058828830719,0.6626209616661072,-0.08204863965511322,0.8636369109153748,0.6907737851142883,-0.02065477892756462,0.9240516424179077,0.6693542003631592,-0.06623758375644684,0.8432579040527344,0.7256765961647034,-0.07117903977632523,0.8073196411132812,0.7336207628250122,-0.06317438185214996,0.8854349851608276,0.7639607191085815,-0.02957550436258316,0.9490422010421753,0.745317280292511,-0.07383158057928085,0.8716727495193481,0.7866566181182861,-0.05649403855204582,0.8329953551292419,0.7901855111122131,-0.033355288207530975,0.895055890083313,0.8376017808914185,-0.04134150594472885,0.9471074938774109,0.8303370475769043,-0.06721779704093933,0.8927105665206909,0.8430407643318176,-0.052325569093227386,0.8597090244293213,0.833152711391449,-0.0338386632502079,THANK_YOU
0.7094230651855469,0.8367032408714294,-6.267982826102525e-07,0.6976726651191711,0.7229579091072083,-0.0311267152428627,0.7359846830368042,0.6162577271461487,-0.04751778393983841,0.77993243932724,0.5492702722549438,-0.06410741806030273,0.7934383153915405,0.4859241843223572,-0.07446346431970596,0.8407660126686096,0.6434156894683838,-0.023165619000792503,0.913539469242096,0.6247632503509521,-0.05996006727218628,0.868760347366333,0.6641342639923096,-0.07585646212100983,0.8253880143165588,0.6841368675231934,-0.07992162555456161,0.865852952003479,0.7096396684646606,-0.023945879191160202,0.9313331842422485,0.6949373483657837,-0.06509348750114441,0.8609842658042908,0.7369450926780701,-0.07154488563537598,0.8181442618370056,0.7452797889709473,-0.06591258943080902,0.8798898458480835,0.7728438973426819,-0.030772017315030098,0.9455050230026245,0.7613216042518616,-0.07040879875421524,0.8782012462615967,0.788666844367981,-0.05842278152704239,0.8342617154121399,0.7898901104927063,-0.03978225216269493,0.8847611546516418,0.8349125981330872,-0.04008417949080467,0.9415097236633301,0.832204282283783,-0.064698725938797,0.8982642889022827,0.8355519771575928,-0.054024189710617065,0.8619846105575562,0.8209500908851624,-0.039338015019893646,THANK_YOU
0.6355884075164795,0.8347150683403015,-7.673926916140772e-07,0.6289322376251221,0.7101912498474121,-0.024206526577472687,0.6741988658905029,0.5939931869506836,-0.032807983458042145,0.7199574708938599,0.5256250500679016,-0.04429391771554947,0.7443336844444275,0.46627235412597656,-0.049198899418115616,0.7867364883422852,0.6261770725250244,-0.003695885417982936,0.8592898845672607,0.5939657092094421,-0.04252966120839119,0.8123143315315247,0.6363133192062378,-0.0614536888897419,0.7644131779670715,0.6621376872062683,-0.06653809547424316,0.8138374090194702,0.6951068639755249,-0.009191975928843021,0.881863534450531,0.6746337413787842,-0.05084289237856865,0.8054964542388916,0.7180426716804504,-0.05889644846320152,0.7606735825538635,0.7275967597961426,-0.05288562923669815,0.8272854089736938,0.7657979130744934,-0.02199859917163849,0.8983113169670105,0.7527613043785095,-0.06361273676156998,0.8245295882225037,0.7796031832695007,-0.05153905227780342,0.7777830958366394,0.7822896242141724,-0.031263403594493866,0.8286817669868469,0.8396870493888855,-0.03725083917379379,0.8919990658760071,0.8413613438606262,-0.06528683006763458,0.8451325297355652,0.8404055237770081,-0.05494224652647972,0.8059579133987427,0.8249699473381042,-0.038791488856077194,THANK_YOU
0.5655694603919983,0.8484324216842651,-8.399879902754037e-07,0.5528548955917358,0.72179114818573,-0.03659556806087494,0.6120514869689941,0.5906805992126465,-0.05192997306585312,0.6691783666610718,0.5065257549285889,-0.06764134019613266,0.6913830041885376,0.42823824286460876,-0.07522323727607727,0.7286137938499451,0.6210848093032837,-0.0213486198335886,0.8067718744277954,0.5807415246963501,-0.0658302828669548,0.7464069724082947,0.6300903558731079,-0.08407076448202133,0.6990017890930176,0.654198169708252,-0.08845935016870499,0.7587928771972656,0.6961328983306885,-0.02244316227734089,0.8301073908805847,0.6667366027832031,-0.06885571032762527,0.7434913516044617,0.7158116698265076,-0.07389853894710541,0.7018585205078125,0.7239184379577637,-0.06563954800367355,0.773097574710846,0.7734180688858032,-0.031606853008270264,0.8488827347755432,0.7519645094871521,-0.07851263135671616,0.7663110494613647,0.7820592522621155,-0.06178973615169525,0.7195263504981995,0.7838289141654968,-0.03804286569356918,0.7762365341186523,0.8514305949211121,-0.04388197511434555,0.840674877166748,0.844475269317627,-0.0744737908244133,0.7858517169952393,0.8441044688224792,-0.06155848875641823,0.7438093423843384,0.8283183574676514,-0.04341043159365654,THANK_YOU
0.4648704528808594,0.8839893937110901,-9.218652508025116e-07,0.45755821466445923,0.7364572882652283,-0.05436009168624878,0.5276342630386353,0.5903610587120056,-0.07732588052749634,0.5925342440605164,0.49450790882110596,-0.09862961620092392,0.6185942888259888,0.4057317078113556,-0.10852881520986557,0.6715657711029053,0.6207399368286133,-0.025393730029463768,0.7456807494163513,0.5865557789802551,-0.08087227493524551,0.6698274612426758,0.6448087096214294,-0.10518874228000641,0.6203963160514832,0.6685622930526733,-0.11366923153400421,0.7083619236946106,0.7190940976142883,-0.024497494101524353,0.7774907350540161,0.6944601535797119,-0.08373831957578659,0.6684048771858215,0.7481592893600464,-0.09207313507795334,0.6301614046096802,0.7503725290298462,-0.08327087759971619,0.7219605445861816,0.822069525718689,-0.03516417741775513,0.7966144680976868,0.8098405003547668,-0.09449128061532974,0.7012671232223511,0.8381707668304443,-0.07475786656141281,0.6614968776702881,0.8330143690109253,-0.046522386372089386,0.7175605297088623,0.9232878088951111,-0.05080432817339897,0.7805280089378357,0.9298691749572754,-0.0872194692492485,0.7173938751220703,0.9236910939216614,-0.07122334837913513,0.6793676614761353,0.8994863033294678,-0.0495123416185379,THANK_YOU
0.40360307693481445,0.8716784715652466,-1.167044615613122e-06,0.4009343385696411,0.7229576110839844,-0.06725707650184631,0.47469383478164673,0.5643923282623291,-0.09635607898235321,0.5318168997764587,0.44900041818618774,-0.12235476076602936,0.5670867562294006,0.35189518332481384,-0.13553668558597565,0.6126365661621094,0.6220104694366455,-0.03858237341046333,0.653677761554718,0.5789647698402405,-0.10352586209774017,0.558053195476532,0.6330380439758301,-0.12942467629909515,0.5350159406661987,0.6596776843070984,-0.14141567051410675,0.6439254283905029,0.7370997071266174,-0.03584054112434387,0.6772631406784058,0.7073827981948853,-0.10551801323890686,0.5527788996696472,0.7376277446746826,-0.11039020866155624,0.543308675289154,0.7434711456298828,-0.10145691782236099,0.6480322480201721,0.8520306944847107,-0.04699931666254997,0.6886353492736816,0.840339720249176,-0.1209874078631401,0.5707839131355286,0.8411096930503845,-0.09259191155433655,0.5522506237030029,0.8331680297851562,-0.05865592882037163,0.6380960941314697,0.9581743478775024,-0.06468098610639572,0.6623058915138245,0.9637001752853394,-0.10763603448867798,0.5836644172668457,0.9398939609527588,-0.08817843347787857,0.5618147253990173,0.9169313907623291,-0.06564870476722717,THANK_YOU
0.3709813058376312,0.8657185435295105,-8.397531132686709e-07,0.3487280309200287,0.7111024856567383,-0.0644155889749527,0.38229623436927795,0.5374149084091187,-0.09044396877288818,0.4163871705532074,0.4141780734062195,-0.10677523165941238,0.44493141770362854,0.294363409280777,-0.11286874860525131,0.5222737789154053,0.574424684047699,-0.06486507505178452,0.35791105031967163,0.5594940185546875,-0.12119246274232864,0.337189257144928,0.6095761060714722,-0.15365242958068848,0.3842886984348297,0.6287289261817932,-0.17269723117351532,0.5464143753051758,0.6957111954689026,-0.06143975257873535,0.3524932265281677,0.6957340240478516,-0.1029268428683281,0.3514220714569092,0.7150325775146484,-0.1109522208571434,0.4060748517513275,0.705660879611969,-0.11609437316656113,0.539701521396637,0.826481819152832,-0.06751496344804764,0.35076576471328735,0.8302526473999023,-0.11228323727846146,0.35400354862213135,0.8363205790519714,-0.09215640276670456,0.40327188372612,0.8279483318328857,-0.07324341684579849,0.5145321488380432,0.9462192058563232,-0.08169714361429214,0.3642597198486328,0.9458042979240417,-0.12066636979579926,0.3691960871219635,0.9385040998458862,-0.11454672366380692,0.4163094460964203,0.9299413561820984,-0.10224314779043198,THANK_YOU
0.4979814887046814,0.8367981910705566,-7.570695856884413e-07,0.44577154517173767,0.6469581127166748,-0.02538614347577095,0.3877185881137848,0.4640657603740692,-0.06879863142967224,0.34627023339271545,0.3221309185028076,-0.10704337060451508,0.3481261432170868,0.18092691898345947,-0.14767123758792877,0.4239625334739685,0.45883607864379883,-0.17033010721206665,0.2045074701309204,0.43019548058509827,-0.21911215782165527,0.19247299432754517,0.4977416694164276,-0.20911018550395966,0.23740407824516296,0.5353710055351257,-0.19851593673229218,0.4313317537307739,0.5941020846366882,-0.19286036491394043,0.16942952573299408,0.5837262272834778,-0.24194513261318207,0.17630155384540558,0.6349583268165588,-0.21402056515216827,0.23575061559677124,0.6556816101074219,-0.1982344388961792,0.424810528755188,0.7433090806007385,-0.21139617264270782,0.16986434161663055,0.7386913895606995,-0.2611640393733978,0.1888570934534073,0.7698044776916504,-0.2167949378490448,0.260043203830719,0.7787387371063232,-0.18821893632411957,0.4037952125072479,0.8869993686676025,-0.22953464090824127,0.19373087584972382,0.8919472694396973,-0.28293576836586,0.20751246809959412,0.8922821283340454,-0.2678496539592743,0.2694637179374695,0.885683536529541,-0.252058207988739,THANK_YOU
0.5051717758178711,0.8002356290817261,-2.9973972459629294e-07,0.47398555278778076,0.6138319373130798,-0.006399850361049175,0.3966684639453888,0.4497523307800293,-0.04125355929136276,0.3361102342605591,0.32310861349105835,-0.07476120442152023,0.31199222803115845,0.20062005519866943,-0.10953161120414734,0.34779590368270874,0.4941219091415405,-0.12259834259748459,0.15382203459739685,0.4666503071784973,-0.1720053106546402,0.19406649470329285,0.48560136556625366,-0.1857900321483612,0.26303622126579285,0.5010185241699219,-0.18611444532871246,0.32566019892692566,0.6312578916549683,-0.13779385387897491,0.12602780759334564,0.5854901075363159,-0.17315852642059326,0.1747361570596695,0.5935097932815552,-0.16272933781147003,0.2437613308429718,0.6123977899551392,-0.15647129714488983,0.30440449714660645,0.7620830535888672,-0.14776459336280823,0.1187518835067749,0.7109500169754028,-0.1712329238653183,0.16836275160312653,0.7087308168411255,-0.13878051936626434,0.23694278299808502,0.723639190196991,-0.11787042766809464,0.28538939356803894,0.8827455639839172,-0.1563117504119873,0.1322336047887802,0.8426942825317383,-0.17326314747333527,0.17142492532730103,0.8238970041275024,-0.14801527559757233,0.23214486241340637,0.8273923993110657,-0.1281956434249878,THANK_YOU
0.5062416195869446,0.8161309361457825,1.2263421922398265e-07,0.5090692639350891,0.6447852253913879,-0.030497916042804718,0.47343721985816956,0.5089723467826843,-0.061685480177402496,0.41689011454582214,0.3905602693557739,-0.08471111208200455,0.39845481514930725,0.2796284556388855,-0.1011069118976593,0.3439662456512451,0.5769000053405762,-0.07605570554733276,0.2435581088066101,0.4780883193016052,-0.09463993459939957,0.28950557112693787,0.48504722118377686,-0.09359738975763321,0.3344944417476654,0.5205656290054321,-0.0876418799161911,0.2967439293861389,0.6759852170944214,-0.0649435818195343,0.21341900527477264,0.558810293674469,-0.06680650264024734,0.2588638663291931,0.5562337040901184,-0.052640825510025024,0.2945277988910675,0.5899356603622437,-0.04607584327459335,0.2689531445503235,0.7602487802505493,-0.052254799753427505,0.20085632801055908,0.6408106088638306,-0.0464947335422039,0.24078401923179626,0.6392309069633484,-0.022923365235328674,0.27439144253730774,0.6728222966194153,-0.012677237391471863,0.25434643030166626,0.8232331275939941,-0.0413280613720417,0.19987186789512634,0.7141335010528564,-0.03370288759469986,0.23329821228981018,0.7119266390800476,-0.011932230554521084,0.2595629096031189,0.7417793273925781,0.0026707174256443977,THANK_YOU
0.41411739587783813,0.8260736465454102,-3.802110626338617e-09,0.47863534092903137,0.7010031342506409,-0.016443828120827675,0.5017221570014954,0.5639819502830505,-0.04044460877776146,0.5013578534126282,0.44344988465309143,-0.05912451818585396,0.5414761900901794,0.3686034083366394,-0.07552091032266617,0.40822699666023254,0.5391268134117126,-0.07224529981613159,0.34846916794776917,0.4093039631843567,-0.08900917321443558,0.36583903431892395,0.4456089735031128,-0.08795075118541718,0.38796931505203247,0.49644237756729126,-0.08348429203033447,0.33654528856277466,0.590568482875824,-0.070368193089962,0.2905937433242798,0.44944554567337036,-0.07586511224508286,0.31292352080345154,0.4801681339740753,-0.06405559182167053,0.32919082045555115,0.5295602679252625,-0.05838320776820183,0.2759798467159271,0.6407824754714966,-0.06512013077735901,0.24138648808002472,0.5047685503959656,-0.0644453689455986,0.26697662472724915,0.5334336757659912,-0.0432300940155983,0.28503653407096863,0.5811246633529663,-0.03301936015486717,0.22908258438110352,0.6868948936462402,-0.059991586953401566,0.2045428305864334,0.5683783888816833,-0.056834712624549866,0.22958984971046448,0.5931071639060974,-0.036366771906614304,0.24508336186408997,0.6319643259048462,-0.0226189736276865,THANK_YOU
0.40171247720718384,0.7734191417694092,-4.067838332844076e-08,0.4762682616710663,0.6779254674911499,-0.007268134504556656,0.5098893642425537,0.5576809644699097,-0.017468323931097984,0.5215554237365723,0.44786858558654785,-0.026180202141404152,0.5630666613578796,0.38758158683776855,-0.03359261900186539,0.4245173931121826,0.4785095155239105,-0.017834868282079697,0.3959612250328064,0.3939742147922516,-0.02504943311214447,0.40145033597946167,0.4336380362510681,-0.029942503198981285,0.41279980540275574,0.47969263792037964,-0.03208950161933899,0.3581312596797943,0.5009568333625793,-0.017798494547605515,0.33524566888809204,0.4158238172531128,-0.015033764764666557,0.347623348236084,0.45414280891418457,-0.011045068502426147,0.35986098647117615,0.4960710406303406,-0.010312491096556187,0.2997358441352844,0.5359002351760864,-0.016839493066072464,0.2850832939147949,0.4553997814655304,-0.012451999820768833,0.3001745641231537,0.48956286907196045,-0.0009848882909864187,0.3127870559692383,0.5313080549240112,0.00390040990896523,0.252610981464386,0.5768032670021057,-0.0159890316426754,0.2434353083372116,0.5139694213867188,-0.010587993077933788,0.2604601979255676,0.5432316660881042,0.004336857702583075,0.2726098895072937,0.5742777585983276,0.015673115849494934,THANK_YOU
0.45373547077178955,0.7406889796257019,-1.3371554530294816e-07,0.5358704328536987,0.6726166605949402,-0.0015646275132894516,0.5902574062347412,0.5674271583557129,-0.00471661938354373,0.609879195690155,0.4675162434577942,-0.008765586651861668,0.6516622304916382,0.4199191629886627,-0.012052278034389019,0.5184680819511414,0.449312686920166,0.008119793608784676,0.48984187841415405,0.380547434091568,0.0065446761436760426,0.48465248942375183,0.41502371430397034,8.87847927515395e-05,0.49164846539497375,0.4559100270271301,-0.004472312051802874,0.4548962712287903,0.45293065905570984,0.0061154477298259735,0.4328140616416931,0.39125537872314453,0.013660041615366936,0.43188557028770447,0.428557425737381,0.012105409987270832,0.43950289487838745,0.46813973784446716,0.008299654349684715,0.39640331268310547,0.4716123640537262,0.004196185618638992,0.3835539221763611,0.41656774282455444,0.011166843585669994,0.38558727502822876,0.4496666491031647,0.01707245223224163,0.39311909675598145,0.4890933632850647,0.018109159544110298,0.34382227063179016,0.4984462857246399,0.0020680094603449106,0.337211549282074,0.4456828236579895,0.010817281901836395,0.3437046408653259,0.4771376848220825,0.024135710671544075,0.3515337109565735,0.5092394948005676,0.034132372587919235,THANK_YOU
0.5206511616706848,0.7179246544837952,-1.2612287036972702e-07,0.5926463007926941,0.6375579833984375,0.002363869920372963,0.629935622215271,0.5405598282814026,-0.0025475001893937588,0.6528257131576538,0.45309939980506897,-0.009723376482725143,0.6989617347717285,0.4178506135940552,-0.017517972737550735,0.5489055514335632,0.4276714622974396,0.004698089323937893,0.5070728063583374,0.3728042244911194,0.005572110414505005,0.5000673532485962,0.40661996603012085,0.000897643156349659,0.5075982809066772,0.44322842359542847,-0.003024584613740444,0.4889349639415741,0.44216591119766235,0.0009101313771679997,0.4556129276752472,0.3989991843700409,0.011024943552911282,0.4564567804336548,0.43573617935180664,0.01196550764143467,0.46880778670310974,0.47260892391204834,0.009297885000705719,0.4366081655025482,0.47522521018981934,-0.0016088871052488685,0.4115532636642456,0.4377163052558899,0.009141664020717144,0.41704246401786804,0.4728809893131256,0.015859074890613556,0.4313167929649353,0.5097897052764893,0.016509460285305977,0.393258273601532,0.5161210298538208,-0.004359195474535227,0.37474673986434937,0.4858233332633972,0.006305600982159376,0.3857290744781494,0.5170457363128662,0.01915268786251545,0.4014032483100891,0.5454191565513611,0.02833324484527111,THANK_YOU
0.49622222781181335,0.7609013319015503,-1.26217727824951e-07,0.5540114641189575,0.6622576117515564,-0.007878427393734455,0.5792210102081299,0.5402334332466125,-0.016722721979022026,0.5904625058174133,0.4429827034473419,-0.026697538793087006,0.626479983329773,0.3855302333831787,-0.0370478518307209,0.48842984437942505,0.4645749628543854,-0.009342600591480732,0.43250977993011475,0.395887553691864,-0.021332519128918648,0.42410528659820557,0.426622599363327,-0.03138597682118416,0.4376710057258606,0.4635234475135803,-0.037157218903303146,0.43720385432243347,0.4987504780292511,-0.011771255172789097,0.3826078474521637,0.44119367003440857,-0.017970681190490723,0.38639557361602783,0.4770129323005676,-0.021666329354047775,0.4076083302497864,0.5111121535301208,-0.024684086441993713,0.39098772406578064,0.5452617406845093,-0.01464826613664627,0.34278973937034607,0.49178650975227356,-0.019453562796115875,0.3501821458339691,0.5265830755233765,-0.013531249947845936,0.37191376090049744,0.559944748878479,-0.010128024034202099,0.3506276607513428,0.5968183279037476,-0.018191253766417503,0.31134873628616333,0.5586790442466736,-0.01997530832886696,0.321172297000885,0.583166241645813,-0.010796139016747475,0.341544508934021,0.6051894426345825,-0.0024636199232190847,THANK_YOU
0.47180622816085815,0.7962855100631714,-5.742522262153216e-07,0.46144357323646545,0.6628870368003845,0.016342975199222565,0.42838290333747864,0.537636935710907,0.008065293543040752,0.40277764201164246,0.4370437264442444,-0.005341692827641964,0.40751659870147705,0.35529083013534546,-0.019565381109714508,0.36849862337112427,0.5009058713912964,-0.03388243541121483,0.24044901132583618,0.48546302318573,-0.05201467126607895,0.248837411403656,0.5430030822753906,-0.0513911098241806,0.2832338809967041,0.564242422580719,-0.04912390932440758,0.3452138900756836,0.5672429800033569,-0.05440637469291687,0.21248602867126465,0.5676383972167969,-0.0694810301065445,0.23108361661434174,0.6189698576927185,-0.057071615010499954,0.27030205726623535,0.6283532977104187,-0.049576856195926666,0.32464277744293213,0.6484432816505432,-0.07219214737415314,0.19968852400779724,0.6466776132583618,-0.08498513698577881,0.22034737467765808,0.6888339519500732,-0.06169940531253815,0.25942087173461914,0.6948114633560181,-0.04673060402274132,0.30812183022499084,0.7361140251159668,-0.08795997500419617,0.20119193196296692,0.7303257584571838,-0.09849464148283005,0.21414107084274292,0.7498061060905457,-0.08326812088489532,0.24643516540527344,0.7485809326171875,-0.0703633651137352,THANK_YOU
0.49611127376556396,0.7529976963996887,-6.315020755209844e-07,0.4698454737663269,0.6229625344276428,0.013179422356188297,0.41762110590934753,0.4954289197921753,0.0018152017146348953,0.3781298100948334,0.39530056715011597,-0.013257802464067936,0.37603819370269775,0.3068249225616455,-0.029634984210133553,0.37087130546569824,0.4743209481239319,-0.05128781497478485,0.23294298350811005,0.47498148679733276,-0.07389909774065018,0.2442770004272461,0.5314537286758423,-0.0729338750243187,0.2813885807991028,0.5482666492462158,-0.0697212815284729,0.35876885056495667,0.5498462915420532,-0.07149723172187805,0.21324725449085236,0.5661990642547607,-0.09005478024482727,0.23492765426635742,0.6125182509422302,-0.07519169896841049,0.2775053381919861,0.6147538423538208,-0.06663265824317932,0.34848812222480774,0.6396908760070801,-0.08844303339719772,0.21003103256225586,0.6483402252197266,-0.10526197403669357,0.23855140805244446,0.684561014175415,-0.07987724989652634,0.2842704653739929,0.684049129486084,-0.06410331279039383,0.34063050150871277,0.7341041564941406,-0.10311371088027954,0.22799891233444214,0.7433735132217407,-0.11915765702724457,0.24930572509765625,0.7555721402168274,-0.105034239590168,0.28951406478881836,0.746738851070404,-0.0929187685251236,THANK_YOU
0.5061787366867065,0.7638190984725952,-5.414563588601595e-07,0.4822006821632385,0.6293966770172119,0.010838782414793968,0.4287772476673126,0.5045961141586304,-0.003931304439902306,0.38921642303466797,0.4077821373939514,-0.022537846118211746,0.38373732566833496,0.31913453340530396,-0.042837053537368774,0.3903091847896576,0.500540554523468,-0.055229298770427704,0.25036659836769104,0.4846991300582886,-0.08542941510677338,0.2678915560245514,0.5313860774040222,-0.0939192846417427,0.3128342926502228,0.547407865524292,-0.09573736786842346,0.37683260440826416,0.5831131339073181,-0.07497391104698181,0.2308424711227417,0.5816781520843506,-0.095810167491436,0.2559735178947449,0.6188189387321472,-0.08545749634504318,0.301869660615921,0.6230998635292053,-0.08035814762115479,0.3644982874393463,0.6762701272964478,-0.0920434296131134,0.22686707973480225,0.6698018312454224,-0.10993076860904694,0.25727638602256775,0.6956188678741455,-0.08645453304052353,0.30530089139938354,0.6987174153327942,-0.07161365449428558,0.3531101644039154,0.7707937955856323,-0.10704255104064941,0.23930901288986206,0.7655646800994873,-0.12169373780488968,0.26254040002822876,0.7675181031227112,-0.1058371439576149,0.30463528633117676,0.7606121301651001,-0.09285276383161545,THANK_YOU
0.5128952264785767,0.7738799452781677,-8.071438628576288e-07,0.46467098593711853,0.6593742370605469,0.005229898262768984,0.3955252170562744,0.5403574705123901,-0.010412181727588177,0.35684099793434143,0.43891215324401855,-0.028436671942472458,0.3554103970527649,0.347746342420578,-0.047249432653188705,0.39054015278816223,0.4857976734638214,-0.05999492481350899,0.24768944084644318,0.507664680480957,-0.09234576672315598,0.2563403844833374,0.57708740234375,-0.09476039558649063,0.2934618592262268,0.5934649705886841,-0.09356225281953812,0.4052857756614685,0.5542636513710022,-0.08093098551034927,0.246049165725708,0.6040543913841248,-0.11174925416707993,0.2696615159511566,0.6548226475715637,-0.09894602000713348,0.31299594044685364,0.6517989039421082,-0.09090627729892731,0.41641518473625183,0.6415461897850037,-0.10066734999418259,0.26584190130233765,0.6899168491363525,-0.13267092406749725,0.2986515462398529,0.7250316143035889,-0.11075854301452637,0.3445337414741516,0.7130706310272217,-0.0953064039349556,0.42289435863494873,0.7336940765380859,-0.11808202415704727,0.2980912923812866,0.7738296389579773,-0.1462954580783844,0.32690638303756714,0.7907063364982605,-0.13669957220554352,0.3707820475101471,0.7746400833129883,-0.1269860565662384,THANK_YOU
0.10197818279266357,0.8257251381874084,-4.1743348333511676e-07,0.13491204380989075,0.6982291340827942,0.0031953928992152214,0.19495658576488495,0.5849398970603943,-0.009468280710279942,0.22314277291297913,0.49450916051864624,-0.02473887801170349,0.21196380257606506,0.4226003885269165,-0.0364203043282032,0.2455483227968216,0.6467015147209167,-0.03817122057080269,0.36099401116371155,0.6333916187286377,-0.0588330440223217,0.3266439139842987,0.6347745656967163,-0.05940912663936615,0.2830665409564972,0.6436589956283569,-0.054441191256046295,0.2513965368270874,0.7329519987106323,-0.05245056748390198,0.37181299924850464,0.7023524045944214,-0.06848686933517456,0.3350798189640045,0.6952624320983887,-0.056312642991542816,0.2940642237663269,0.7096929550170898,-0.04483148083090782,0.2524868845939636,0.8111630082130432,-0.06517783552408218,0.36778080463409424,0.7754870653152466,-0.0717323049902916,0.3327074646949768,0.7676357626914978,-0.0449373759329319,0.29459065198898315,0.7812469005584717,-0.025443149730563164,0.24952976405620575,0.8832959532737732,-0.07742167264223099,0.3492920994758606,0.8524181842803955,-0.06994238495826721,0.32541725039482117,0.838120698928833,-0.04184488207101822,0.28998541831970215,0.8474587202072144,-0.022014761343598366,THANK_YOU
0.08003698289394379,0.9694327712059021,-4.316073614063498e-07,0.12541690468788147,0.8435193300247192,-0.0215385090559721,0.1976085603237152,0.6887770891189575,-0.04387051612138748,0.22762639820575714,0.5683631896972656,-0.06493956595659256,0.2144484519958496,0.46608200669288635,-0.08051847666501999,0.18300269544124603,0.6766095757484436,-0.06474748998880386,0.32910507917404175,0.6938579678535461,-0.11164184659719467,0.29756802320480347,0.7308353781700134,-0.13145865499973297,0.24742987751960754,0.7322991490364075,-0.13965396583080292,0.1706220507621765,0.7737262845039368,-0.0766436979174614,0.33396756649017334,0.789126455783844,-0.11115659773349762,0.2881188690662384,0.8131479620933533,-0.10674066096544266,0.23333415389060974,0.8193411231040955,-0.10397176444530487,0.16836699843406677,0.876294732093811,-0.09077278524637222,0.31701600551605225,0.8802815675735474,-0.11396357417106628,0.2692350149154663,0.8931139707565308,-0.08937669545412064,0.21860356628894806,0.8968665599822998,-0.0741337314248085,0.17077042162418365,0.9731252193450928,-0.10710084438323975,0.284356027841568,0.9623291492462158,-0.11318201571702957,0.24393481016159058,0.9678648114204407,-0.09038884192705154,0.1954796016216278,0.9706854224205017,-0.07609778642654419,THANK_YOU
0.09890399873256683,0.8575983643531799,-1.6113725109789812e-07,0.17455098032951355,0.7475378513336182,-0.051321107894182205,0.2177322655916214,0.6403367519378662,-0.08710081875324249,0.22449854016304016,0.5407224297523499,-0.11569776386022568,0.21407532691955566,0.4347321689128876,-0.14466986060142517,0.10871769487857819,0.6435317993164062,-0.09703025221824646,0.25611793994903564,0.7178566455841064,-0.1491059511899948,0.25955501198768616,0.7325974106788635,-0.1888718605041504,0.226461261510849,0.7224600315093994,-0.21802109479904175,0.06188957393169403,0.7379358410835266,-0.09401798248291016,0.24685557186603546,0.8085838556289673,-0.12925583124160767,0.23417484760284424,0.8024680018424988,-0.14511136710643768,0.1851273477077484,0.7810397148132324,-0.1683032512664795,0.0376596599817276,0.8276855945587158,-0.0936615914106369,0.20761962234973907,0.8865140676498413,-0.12423565983772278,0.19546279311180115,0.8793290257453918,-0.11608570069074631,0.15223684906959534,0.8609499335289001,-0.11810411512851715,0.026695631444454193,0.9089152216911316,-0.09959983080625534,0.15870007872581482,0.9436957240104675,-0.12837758660316467,0.1525939255952835,0.933082103729248,-0.12759308516979218,0.11398742347955704,0.923699676990509,-0.12898652255535126,THANK_YOU
0.21423450112342834,0.9151661992073059,-6.162537147247349e-07,0.2940318286418915,0.7947017550468445,-0.07124926894903183,0.31259214878082275,0.6175541877746582,-0.1024961993098259,0.30436065793037415,0.4916646480560303,-0.12554931640625,0.3336604833602905,0.3832811117172241,-0.13957281410694122,0.12979666888713837,0.5290167331695557,-0.07168574631214142,0.16692432761192322,0.5968145132064819,-0.12864206731319427,0.21579807996749878,0.6690201759338379,-0.15250562131404877,0.2182856798171997,0.6615310311317444,-0.1646161675453186,0.042860113084316254,0.601539134979248,-0.061176594346761703,0.1108398362994194,0.7067888379096985,-0.1157592236995697,0.1794445961713791,0.76792311668396,-0.12177909910678864,0.17961958050727844,0.7453146576881409,-0.12144950777292252,-0.011402323842048645,0.6984372138977051,-0.060128167271614075,0.04741126298904419,0.7937831878662109,-0.11608202755451202,0.1177685484290123,0.8346365690231323,-0.10683699697256088,0.12651118636131287,0.8075481057167053,-0.09433701634407043,-0.04752875864505768,0.8009548187255859,-0.06627161055803299,-0.005482479929924011,0.8642399311065674,-0.10168024152517319,0.056914642453193665,0.891084611415863,-0.09746737033128738,0.0744018405675888,0.8754029870033264,-0.08810894191265106,THANK_YOU
0.1845678985118866,0.8529366254806519,-1.19495467743036e-07,0.20002664625644684,0.6897557973861694,-0.02101014368236065,0.2603558599948883,0.5082154273986816,-0.055678654462099075,0.28444063663482666,0.37878310680389404,-0.08366096764802933,0.25892242789268494,0.2711329162120819,-0.10447131097316742,0.28512996435165405,0.5845193862915039,-0.12046249210834503,0.46055418252944946,0.5561554431915283,-0.16549493372440338,0.4373808801174164,0.5612102150917053,-0.17157769203186035,0.38398465514183044,0.5672570466995239,-0.1673884391784668,0.2983394265174866,0.7098982930183411,-0.12779830396175385,0.4884045422077179,0.6524744033813477,-0.16288088262081146,0.4581041932106018,0.637097954750061,-0.1465725600719452,0.40851229429244995,0.6371163129806519,-0.13407351076602936,0.31679877638816833,0.8173051476478577,-0.13118986785411835,0.4940311312675476,0.7485696077346802,-0.14999569952487946,0.47437337040901184,0.720868706703186,-0.11450108140707016,0.4347105622291565,0.7092061638832092,-0.09084896743297577,0.3353026807308197,0.9050044417381287,-0.13470140099525452,0.48034632205963135,0.8475077748298645,-0.13797345757484436,0.4987886846065521,0.8052526116371155,-0.11170145124197006,0.4945302903652191,0.7730696797370911,-0.09384505450725555,THANK_YOU
0.2540914714336395,0.7404682636260986,-5.364572643884458e-07,0.26322343945503235,0.575962245464325,-0.017171254381537437,0.3107988238334656,0.45639827847480774,-0.03847188875079155,0.35188165307044983,0.34592729806900024,-0.05800851061940193,0.3324193060398102,0.25543728470802307,-0.0744909718632698,0.4572961926460266,0.5149002075195312,-0.019938688725233078,0.4813605546951294,0.45242226123809814,-0.01706656999886036,0.43726056814193726,0.46588167548179626,-0.0148353585973382,0.39879342913627625,0.4994887411594391,-0.01467470359057188,0.4859970211982727,0.6053084135055542,-0.016740452498197556,0.5052556395530701,0.5293641686439514,-0.012048779986798763,0.4635206460952759,0.5338844060897827,-0.014162207022309303,0.43030622601509094,0.5689452886581421,-0.019931716844439507,0.49324050545692444,0.6878279447555542,-0.01109006442129612,0.5211868286132812,0.6062114238739014,-0.003688802244141698,0.48696625232696533,0.6030007600784302,0.003476325888186693,0.4531042277812958,0.6304846405982971,0.0036789323203265667,0.49161258339881897,0.7574747800827026,-0.0060939909890294075,0.5310144424438477,0.6870132088661194,0.003433212637901306,0.5059006214141846,0.6763222813606262,0.01916012540459633,0.4808598756790161,0.6963037252426147,0.029400546103715897,THANK_YOU
0.3108025789260864,0.7245146036148071,-5.838132892677095e-07,0.3103713393211365,0.5665853023529053,-0.018041493371129036,0.350901335477829,0.44819751381874084,-0.03530656173825264,0.38967716693878174,0.3501584529876709,-0.049757298082113266,0.39072510600090027,0.26848119497299194,-0.06134578585624695,0.4929381012916565,0.5025914311408997,-0.016161257401108742,0.4886893928050995,0.43640780448913574,-0.01259324885904789,0.44544219970703125,0.4545128345489502,-0.013532268814742565,0.4171115756034851,0.49181675910949707,-0.016038885340094566,0.5216072201728821,0.5755097270011902,-0.01032219547778368,0.5157392024993896,0.5021630525588989,-0.0034219608642160892,0.4746808707714081,0.5113406777381897,-0.007705661002546549,0.4478321671485901,0.550108790397644,-0.01563555747270584,0.5275490283966064,0.6483744382858276,-0.0022901720367372036,0.5309714674949646,0.5748716592788696,0.006405889056622982,0.4971823990345001,0.5783868432044983,0.011334704235196114,0.4689863324165344,0.6112791299819946,0.009390454739332199,0.5240461230278015,0.7132386565208435,0.0048079765401780605,0.5375818014144897,0.6504307985305786,0.013667097315192223,0.5076838731765747,0.6476982831954956,0.026913506910204887,0.483322411775589,0.6718805432319641,0.03556171432137489,THANK_YOU
0.3643531799316406,0.6974865198135376,-5.385909389588051e-07,0.3603277802467346,0.5535675287246704,-0.01690732128918171,0.39217236638069153,0.44624990224838257,-0.029853669926524162,0.4303496479988098,0.36621034145355225,-0.03853122517466545,0.4400883615016937,0.3072596788406372,-0.04449576511979103,0.5182323455810547,0.4862998127937317,-0.0180197823792696,0.4970545470714569,0.4524679481983185,-0.010582681745290756,0.4621657431125641,0.47342410683631897,-0.006949822884052992,0.4405703544616699,0.5014286637306213,-0.006594873499125242,0.5448923707008362,0.5521032214164734,-0.01123753096908331,0.5207128524780273,0.5098221898078918,-0.0003738212399184704,0.4898999333381653,0.5229154229164124,-0.001434930833056569,0.46839389204978943,0.5528799295425415,-0.007761679589748383,0.5510236620903015,0.6168503761291504,-0.002187808509916067,0.5291865468025208,0.5714388489723206,0.007520752958953381,0.502146303653717,0.581434965133667,0.010545230470597744,0.4794480800628662,0.6092300415039062,0.007279424462467432,0.5488194227218628,0.6742669343948364,0.005906390491873026,0.5356407165527344,0.6315086483955383,0.013751622289419174,0.5096262097358704,0.6377372145652771,0.023257886990904808,0.48995330929756165,0.6581956744194031,0.029268665239214897,THANK_YOU
0.4113231599330902,0.6714564561843872,-5.217636953602778e-07,0.40431392192840576,0.5374751091003418,-0.012034563347697258,0.4380853772163391,0.43700310587882996,-0.022248638793826103,0.4712373912334442,0.3544537425041199,-0.031203672289848328,0.4746457040309906,0.2815847098827362,-0.039168186485767365,0.5563585758209229,0.49206408858299255,-0.002132366644218564,0.5361248254776001,0.4808647632598877,0.009218898601830006,0.5048730373382568,0.49821382761001587,0.0091989915817976,0.48488566279411316,0.5162253379821777,0.004646048415452242,0.5788156986236572,0.557142972946167,0.0009799387771636248,0.5463753938674927,0.540256679058075,0.01823628880083561,0.5198389887809753,0.550619900226593,0.01411113329231739,0.5041613578796387,0.573135256767273,0.0026569615583866835,0.5795210599899292,0.6193222999572754,0.006152027752250433,0.5526063442230225,0.5913300514221191,0.022195303812623024,0.5309290289878845,0.6002309322357178,0.02387113682925701,0.5123789310455322,0.6203931570053101,0.01691398210823536,0.571427047252655,0.6728336811065674,0.010063588619232178,0.5560146570205688,0.6497343182563782,0.022954897955060005,0.5355000495910645,0.6536955833435059,0.033454783260822296,0.5180383920669556,0.6675035953521729,0.038028258830308914,THANK_YOU
0.3245037794113159,0.7058740854263306,-5.197434802539647e-07,0.35670119524002075,0.5693677067756653,-0.0002090835914714262,0.4104260802268982,0.4732286036014557,-0.008146293461322784,0.45655369758605957,0.3940041959285736,-0.017128022387623787,0.46370211243629456,0.3256431818008423,-0.022359762340784073,0.5073305368423462,0.5398170948028564,-0.008934875950217247,0.5579835176467896,0.5297472476959229,-0.002056627534329891,0.5347654819488525,0.5319930911064148,0.007808748632669449,0.5038303732872009,0.5352025628089905,0.01373082771897316,0.5233460068702698,0.6209032535552979,-0.014692035503685474,0.5697236061096191,0.5965856313705444,-0.0032127161975950003,0.5451095104217529,0.5923797488212585,0.00416909484192729,0.5151408910751343,0.602507472038269,0.004563807975500822,0.5251942873001099,0.6960315704345703,-0.018156271427869797,0.5755597949028015,0.662857174873352,-0.007362043019384146,0.5542663335800171,0.6587848663330078,0.0041670785285532475,0.5238134264945984,0.6700570583343506,0.0071025718934834,0.5180402398109436,0.7622232437133789,-0.021451707929372787,0.5787957906723022,0.7420784831047058,-0.012845940887928009,0.5727933049201965,0.7285897731781006,0.0018352757906541228,0.5537075400352478,0.729328989982605,0.011540527455508709,THANK_YOU
0.14423127472400665,0.7285425662994385,-2.85673820599186e-07,0.1758255511522293,0.5886808037757874,-0.008757154457271099,0.23949424922466278,0.45289698243141174,-0.03404005616903305,0.27115780115127563,0.347256064414978,-0.0591731071472168,0.2604186534881592,0.2560737431049347,-0.07764819264411926,0.2580379843711853,0.4952830374240875,-0.07683365046977997,0.404940128326416,0.49199923872947693,-0.11336245387792587,0.38226327300071716,0.5092809200286865,-0.11804338544607162,0.3316509425640106,0.5157819986343384,-0.11365523934364319,0.2632003426551819,0.5966639518737793,-0.09149089455604553,0.4240339994430542,0.5715048909187317,-0.12207227200269699,0.39308762550354004,0.584455668926239,-0.11080736666917801,0.3431466817855835,0.5920230746269226,-0.10034886747598648,0.2720418870449066,0.6943511366844177,-0.1040605753660202,0.43273842334747314,0.6566778421401978,-0.12421382963657379,0.403753399848938,0.6672238111495972,-0.09187915176153183,0.35497933626174927,0.6776010394096375,-0.06760450452566147,0.2805366516113281,0.782994270324707,-0.1167118176817894,0.4158211946487427,0.7532674074172974,-0.1202581599354744,0.401378333568573,0.749687910079956,-0.09172919392585754,0.36111557483673096,0.7518832087516785,-0.07086574286222458,THANK_YOU
0.16238561272621155,0.8990821838378906,-6.300437007666915e-07,0.19461162388324738,0.6973146796226501,-0.03141998127102852,0.20538929104804993,0.4975493252277374,-0.050998035818338394,0.19945839047431946,0.34925776720046997,-0.06861018389463425,0.17402905225753784,0.22161456942558289,-0.07975850999355316,0.09359443932771683,0.4830608367919922,-0.060455285012722015,0.2835804224014282,0.48180118203163147,-0.10943996906280518,0.2707445025444031,0.5478712916374207,-0.1334155648946762,0.21313069760799408,0.5517151951789856,-0.1532977670431137,0.07636456191539764,0.5918450951576233,-0.07246045768260956,0.29409557580947876,0.5785551071166992,-0.12215477973222733,0.25834524631500244,0.6323100328445435,-0.13358265161514282,0.1985456645488739,0.6403864622116089,-0.14905960857868195,0.0778803899884224,0.7069486379623413,-0.08841788023710251,0.2793506383895874,0.6872933506965637,-0.13375672698020935,0.24608007073402405,0.7385053038597107,-0.12664952874183655,0.19156122207641602,0.7449426054954529,-0.12549059092998505,0.09541723132133484,0.8134999871253967,-0.10860135406255722,0.2491786777973175,0.7898274660110474,-0.14411090314388275,0.228408545255661,0.8158238530158997,-0.14837676286697388,0.17176780104637146,0.8273965120315552,-0.15290740132331848,THANK_YOU
0.24207457900047302,0.8332456946372986,-4.960187425240292e-07,0.2692411243915558,0.6903170347213745,-0.051694344729185104,0.22767189145088196,0.5261441469192505,-0.07519057393074036,0.1812238097190857,0.4152378439903259,-0.09615190327167511,0.17502190172672272,0.3180669844150543,-0.10756592452526093,0.058755770325660706,0.5401114225387573,-0.024269603192806244,0.037693656980991364,0.49412816762924194,-0.08330759406089783,0.11523259431123734,0.5555068254470825,-0.1100025400519371,0.13669902086257935,0.5858880877494812,-0.12003271281719208,0.007241487503051758,0.6275100708007812,-0.020128941163420677,-0.000492393970489502,0.5840755105018616,-0.08365260064601898,0.09624513238668442,0.637366771697998,-0.09542340040206909,0.1089288741350174,0.6588197946548462,-0.0899287536740303,-0.023994706571102142,0.7205052971839905,-0.02651084028184414,-0.040962107479572296,0.6770142912864685,-0.09123824536800385,0.05555560439825058,0.7103089690208435,-0.07612030953168869,0.07569598406553268,0.7278625965118408,-0.050342436879873276,-0.04371624439954758,0.8167082071304321,-0.036733075976371765,-0.05448422580957413,0.7759623527526855,-0.07438495755195618,0.0207044780254364,0.7847219109535217,-0.05956273525953293,0.044873736798763275,0.7918862104415894,-0.03765054792165756,THANK_YOU
0.3050532341003418,0.8105243444442749,-7.591021926600661e-07,0.3328186273574829,0.6638182997703552,-0.07137798517942429,0.2855346202850342,0.49586647748947144,-0.10409301519393921,0.23449312150478363,0.38068586587905884,-0.13054192066192627,0.2189469188451767,0.26438331604003906,-0.14780636131763458,0.07585961371660233,0.4976757764816284,-0.05313564091920853,0.13983729481697083,0.5187848806381226,-0.11991149187088013,0.2147873342037201,0.5783364772796631,-0.15510936081409454,0.2205137014389038,0.5918083786964417,-0.17209680378437042,0.014093682169914246,0.6025010347366333,-0.0427841991186142,0.11645855009555817,0.6359320282936096,-0.10765150934457779,0.2053384780883789,0.6790022253990173,-0.12220217287540436,0.2058793157339096,0.6774219274520874,-0.12217443436384201,-0.012406140565872192,0.7132206559181213,-0.04376412183046341,0.07818830013275146,0.7461341023445129,-0.11117193847894669,0.1668986976146698,0.7713977694511414,-0.10504718124866486,0.1733107715845108,0.7610807418823242,-0.08798722922801971,-0.02011147141456604,0.8228033781051636,-0.05168365687131882,0.043412163853645325,0.8473940491676331,-0.09316909313201904,0.12169966101646423,0.8457958698272705,-0.08805981278419495,0.14271163940429688,0.8243357539176941,-0.07326861470937729,THANK_YOU
0.3128182291984558,0.763408899307251,-9.961914884115686e-07,0.32325029373168945,0.603443443775177,-0.05492763593792915,0.27866148948669434,0.4486689567565918,-0.0908510684967041,0.2500613033771515,0.3445553183555603,-0.12340126186609268,0.22430865466594696,0.23212462663650513,-0.15187299251556396,0.11251068860292435,0.5092490315437317,-0.10217514634132385,0.2588494122028351,0.49052995443344116,-0.16512347757816315,0.33135366439819336,0.5432455539703369,-0.19366636872291565,0.31247514486312866,0.5835853219032288,-0.21161136031150818,0.07346388697624207,0.6485782265663147,-0.10633830726146698,0.2655606269836426,0.621742308139801,-0.16143637895584106,0.3348243236541748,0.6486603617668152,-0.17134590446949005,0.3083077073097229,0.6666191220283508,-0.18092235922813416,0.07878125458955765,0.7785318493843079,-0.1142757385969162,0.24520747363567352,0.7433674931526184,-0.17329855263233185,0.32335954904556274,0.7523863315582275,-0.16250748932361603,0.3145589828491211,0.7655180096626282,-0.15291710197925568,0.10676008462905884,0.9030437469482422,-0.12788240611553192,0.21951088309288025,0.8881100416183472,-0.1734360158443451,0.2900198698043823,0.8467408418655396,-0.16935597360134125,0.30488699674606323,0.8153514266014099,-0.1611061990261078,THANK_YOU
0.21292664110660553,0.8517655730247498,-6.015537792336545e-07,0.22609251737594604,0.6625468730926514,-0.013518104329705238,0.2872008979320526,0.48806512355804443,-0.039489082992076874,0.3226136863231659,0.347347617149353,-0.06323450058698654,0.30010560154914856,0.23684999346733093,-0.08080209046602249,0.360027015209198,0.5666818022727966,-0.08282676339149475,0.5100120306015015,0.5069701671600342,-0.10732079297304153,0.4701070189476013,0.5151739716529846,-0.1011916771531105,0.41610071063041687,0.5402629971504211,-0.09116336703300476,0.3946259617805481,0.6870399117469788,-0.09160540252923965,0.5475013256072998,0.5997077822685242,-0.1071988195180893,0.5011447668075562,0.5971298813819885,-0.08780734986066818,0.4502856135368347,0.630688488483429,-0.07472679764032364,0.42219531536102295,0.7947639226913452,-0.0972747802734375,0.5692547559738159,0.6998781561851501,-0.10256749391555786,0.5236432552337646,0.6950193047523499,-0.06699611246585846,0.474513441324234,0.7268855571746826,-0.045257218182086945,0.442179799079895,0.8897542953491211,-0.10335089266300201,0.567022442817688,0.8130298852920532,-0.09648822247982025,0.5355031490325928,0.7980328798294067,-0.06397262215614319,0.49454689025878906,0.8182970285415649,-0.04295947402715683,THANK_YOU
0.22904182970523834,0.7861759066581726,-4.916452667202975e-07,0.2472287267446518,0.6225596070289612,-0.005873073358088732,0.3027096688747406,0.5049998760223389,-0.021377036347985268,0.3498632311820984,0.3958873152732849,-0.035470593720674515,0.3415777087211609,0.30299097299575806,-0.045157670974731445,0.4321478009223938,0.5706167221069336,-0.021266043186187744,0.48665717244148254,0.5213373899459839,-0.004544470924884081,0.4519616961479187,0.5183818936347961,0.015056703239679337,0.41592317819595337,0.5351444482803345,0.025393851101398468,0.4582153856754303,0.6606613397598267,-0.02217038720846176,0.5071934461593628,0.5938002467155457,-0.004811089951545,0.47516119480133057,0.587407648563385,0.006786629091948271,0.4467332661151886,0.6116107702255249,0.008340497501194477,0.4654201567173004,0.743003249168396,-0.018582504242658615,0.523069441318512,0.668327808380127,-0.0008425834821537137,0.49808579683303833,0.6580040454864502,0.01490109320729971,0.467152863740921,0.675732433795929,0.01809193380177021,0.463460773229599,0.8142096400260925,-0.014664421789348125,0.5298792123794556,0.7621316909790039,0.00024543824838474393,0.5204495191574097,0.7433711290359497,0.018742352724075317,0.5004200339317322,0.7489773035049438,0.029362322762608528,THANK_YOU
0.22364383935928345,0.7834197878837585,-4.6675987164235266e-07,0.23592640459537506,0.6160423755645752,-0.00610772892832756,0.291045606136322,0.4949396848678589,-0.020361382514238358,0.336719274520874,0.38627949357032776,-0.03332972526550293,0.32626593112945557,0.3000713288784027,-0.04154055193066597,0.41543662548065186,0.5587280988693237,-0.01990881748497486,0.47499072551727295,0.5124287605285645,-0.0060654133558273315,0.4427274465560913,0.5082600116729736,0.012159314937889576,0.4055243730545044,0.5246659517288208,0.022847754880785942,0.44352981448173523,0.6490351557731628,-0.021589534357190132,0.4996236562728882,0.5833203792572021,-0.006911191623657942,0.46958088874816895,0.5761649012565613,0.0064659700728952885,0.44101497530937195,0.5978559851646423,0.010830586776137352,0.4537639915943146,0.7315492630004883,-0.019615471363067627,0.5150490403175354,0.6592786908149719,-0.00428475858643651,0.49062246084213257,0.645548939704895,0.013746564276516438,0.46063828468322754,0.6607791185379028,0.020045330747961998,0.4538821876049042,0.8029924035072327,-0.017467917874455452,0.5218658447265625,0.7446439266204834,-0.0018392875790596008,0.5069358348846436,0.7228202819824219,0.01974726840853691,0.4813390076160431,0.7291761636734009,0.03294476494193077,THANK_YOU
0.2183411419391632,0.7498654127120972,-4.7015271320560714e-07,0.23318058252334595,0.5934712886810303,-0.008894291706383228,0.2851717472076416,0.479316383600235,-0.026185546070337296,0.33350491523742676,0.3741731643676758,-0.04208850860595703,0.3279084265232086,0.28569382429122925,-0.053370438516139984,0.4084450602531433,0.5344709753990173,-0.02203780598938465,0.467915415763855,0.49284738302230835,-0.010691107250750065,0.43512070178985596,0.49180880188941956,0.005859450902789831,0.39740949869155884,0.5064321160316467,0.015488808043301105,0.4367595911026001,0.6238046288490295,-0.023012235760688782,0.4914248585700989,0.5612000823020935,-0.010503942146897316,0.4590267837047577,0.558742880821228,0.0007485346868634224,0.42897239327430725,0.580637514591217,0.0037739649415016174,0.4478965997695923,0.7064273357391357,-0.020560365170240402,0.5052120685577393,0.6344240307807922,-0.00783463753759861,0.47926953434944153,0.6279720664024353,0.008703727275133133,0.4480575919151306,0.6467105150222778,0.014300044625997543,0.44918906688690186,0.7794779539108276,-0.018007582053542137,0.5137664079666138,0.7170217037200928,-0.005842840299010277,0.4971920847892761,0.701424777507782,0.014251208864152431,0.47209101915359497,0.7138312458992004,0.02695716917514801,THANK_YOU
0.21552979946136475,0.7481473684310913,-4.820278718398185e-07,0.23117905855178833,0.5919013619422913,-0.010287418961524963,0.2838258147239685,0.47804564237594604,-0.0273605827242136,0.3323204219341278,0.3752550482749939,-0.04289035126566887,0.32750654220581055,0.2878223657608032,-0.053879741579294205,0.4039449691772461,0.5343122482299805,-0.022843271493911743,0.4649869203567505,0.49395906925201416,-0.01395711675286293,0.43402764201164246,0.490060418844223,0.0007473916630260646,0.39604508876800537,0.5031691193580627,0.009553217329084873,0.43079185485839844,0.622600257396698,-0.023560265079140663,0.483568012714386,0.5627529621124268,-0.011410529725253582,0.45273077487945557,0.5586190223693848,-0.00019026298832613975,0.42403334379196167,0.5788867473602295,0.0024943097960203886,0.441253662109375,0.7044723629951477,-0.021567724645137787,0.4996309280395508,0.6361615061759949,-0.010319282300770283,0.47501879930496216,0.6278659105300903,0.0056175729259848595,0.44404876232147217,0.6442094445228577,0.010983077809214592,0.4425869286060333,0.7776004076004028,-0.01963232457637787,0.5080068111419678,0.7171190977096558,-0.00949713122099638,0.4944270849227905,0.7002549171447754,0.00943234097212553,0.4712476134300232,0.7092858552932739,0.02162332646548748,THANK_YOU
0.2122841328382492,0.7506181597709656,-5.065574555374042e-07,0.22487878799438477,0.5954620838165283,-0.01017955131828785,0.27353355288505554,0.4806053042411804,-0.02606932818889618,0.3212983012199402,0.3802018463611603,-0.04001418501138687,0.31775566935539246,0.29817238450050354,-0.04921843484044075,0.3926483392715454,0.5368103384971619,-0.026698900386691093,0.4542405605316162,0.4958533048629761,-0.01817943900823593,0.4229801297187805,0.49385279417037964,-0.0020262734033167362,0.3865790069103241,0.5079073905944824,0.007700046524405479,0.4219450354576111,0.6254934072494507,-0.02774103917181492,0.4749780297279358,0.5647885799407959,-0.017389683052897453,0.44346103072166443,0.5616591572761536,-0.005275447387248278,0.4146587550640106,0.5833764672279358,-0.0017173949163407087,0.4344559907913208,0.7059983611106873,-0.025922104716300964,0.49249765276908875,0.6360227465629578,-0.015856288373470306,0.4663558006286621,0.6301069259643555,0.0009348043822683394,0.4356997609138489,0.6483930945396423,0.006961758714169264,0.4374557137489319,0.7774218320846558,-0.024171380326151848,0.5014651417732239,0.7154657244682312,-0.01484700571745634,0.48701149225234985,0.7011318206787109,0.004040071740746498,0.4646903872489929,0.7115676999092102,0.01612052135169506,THANK_YOU
0.6842765212059021,0.7408076524734497,4.217003208850656e-07,0.7456716895103455,0.6753907203674316,-0.021181708201766014,0.775129497051239,0.5891925096511841,-0.02088809758424759,0.7789608240127563,0.515632688999176,-0.01983610726892948,0.782348096370697,0.4654688239097595,-0.018034225329756737,0.7089564204216003,0.5151284337043762,0.008464524522423744,0.7156142592430115,0.43461939692497253,0.0038318017031997442,0.7180711627006531,0.3857242465019226,-0.004420652519911528,0.7185346484184265,0.3448599576950073,-0.011637396179139614,0.6699671745300293,0.518807590007782,0.010003961622714996,0.658248245716095,0.43319007754325867,0.007021039724349976,0.6520875692367554,0.3792242705821991,-0.003021073993295431,0.6474875807762146,0.33254969120025635,-0.011364222504198551,0.636455774307251,0.5380661487579346,0.006702935788780451,0.6187577247619629,0.4657943546772003,-0.0013563097454607487,0.6109413504600525,0.4149191081523895,-0.015151381492614746,0.6052654981613159,0.369975209236145,-0.025335943326354027,0.6040352582931519,0.5728254914283752,0.0008653546101413667,0.5704571604728699,0.5295034050941467,-0.011237331666052341,0.5483879446983337,0.4960424304008484,-0.02103704772889614,0.5298165678977966,0.4626219868659973,-0.027651365846395493,HELLO
0.6821044683456421,0.7403249740600586,4.1484256030344113e-07,0.7423650026321411,0.6771456003189087,-0.022280706092715263,0.772224485874176,0.5895200371742249,-0.02310030907392502,0.7759516835212708,0.5154126882553101,-0.022906644269824028,0.7804419994354248,0.4640238285064697,-0.022015882655978203,0.7060984969139099,0.5159773230552673,0.003945379052311182,0.7139502763748169,0.43552637100219727,-0.002642757957801223,0.7168707847595215,0.3865411877632141,-0.01164728868752718,0.7178398370742798,0.34559929370880127,-0.019281767308712006,0.6671163439750671,0.5199131965637207,0.00536359753459692,0.6561216115951538,0.43430355191230774,0.00018623827781993896,0.6500998735427856,0.38014206290245056,-0.01038125716149807,0.645596981048584,0.33388951420783997,-0.018964368849992752,0.6336359977722168,0.5394371747970581,0.0020679642912000418,0.616249680519104,0.4658587574958801,-0.008137155324220657,0.6086716055870056,0.41504716873168945,-0.02194940485060215,0.6034440398216248,0.37059956789016724,-0.031861577183008194,0.6015625,0.5743787288665771,-0.003716659964993596,0.5681749582290649,0.5303046107292175,-0.017747431993484497,0.545933187007904,0.4966052770614624,-0.027911830693483353,0.5270364284515381,0.46314120292663574,-0.034516461193561554,HELLO
0.6816957592964172,0.7386871576309204,4.350891060767026e-07,0.7403780221939087,0.6745985150337219,-0.02384052239358425,0.7706637382507324,0.5900881886482239,-0.02691042795777321,0.7749689817428589,0.5159285068511963,-0.028783798217773438,0.7794196009635925,0.4624195396900177,-0.029855431988835335,0.705589771270752,0.5154217481613159,0.0009106173529289663,0.7137314081192017,0.43433213233947754,-0.007271787151694298,0.7163946628570557,0.38458484411239624,-0.01722518540918827,0.7167388200759888,0.34277838468551636,-0.025338955223560333,0.6663450002670288,0.5189156532287598,0.0024686430115252733,0.6552276611328125,0.4329895079135895,-0.0039055626839399338,0.6487905979156494,0.37870949506759644,-0.014814254827797413,0.6437987685203552,0.33170169591903687,-0.023539051413536072,0.6325109601020813,0.5381861925125122,-0.0007035984890535474,0.6148218512535095,0.4652363359928131,-0.01156721729785204,0.6071677207946777,0.4138484001159668,-0.024798087775707245,0.602152943611145,0.3691882789134979,-0.034220002591609955,0.600324273109436,0.5730016827583313,-0.0065221828408539295,0.5666334629058838,0.5291275382041931,-0.020622355863451958,0.5445356369018555,0.49517062306404114,-0.03002694435417652,0.5259928703308105,0.46199071407318115,-0.03595539182424545,HELLO
0.680569589138031,0.7410333156585693,4.2906316366497776e-07,0.7398252487182617,0.677706241607666,-0.02298635244369507,0.769701361656189,0.5908015966415405,-0.025061478838324547,0.773735761642456,0.5156208872795105,-0.02606879360973835,0.7784623503684998,0.4624174237251282,-0.026302704587578773,0.703642725944519,0.5146237015724182,0.0026648701168596745,0.711204469203949,0.4333445131778717,-0.004652073141187429,0.7142428755760193,0.38393503427505493,-0.014253941364586353,0.7152445316314697,0.34199070930480957,-0.022266147658228874,0.6649153232574463,0.518280565738678,0.003961094655096531,0.6540247201919556,0.4318617880344391,-0.0015132129192352295,0.6478716731071472,0.3767874240875244,-0.01222661230713129,0.6431146860122681,0.3291051387786865,-0.021011145785450935,0.6314375400543213,0.5379845499992371,0.0005055812653154135,0.6142089366912842,0.46456053853034973,-0.009668483398854733,0.6067417860031128,0.4130108952522278,-0.023088939487934113,0.6016919016838074,0.3679260015487671,-0.03285491466522217,0.5990816950798035,0.5734020471572876,-0.005555209703743458,0.5652036666870117,0.5292418003082275,-0.019307171925902367,0.5426771640777588,0.49534571170806885,-0.02891288883984089,0.5234373211860657,0.46185725927352905,-0.035187747329473495,HELLO
0.6787081360816956,0.7396994829177856,4.3247806047475024e-07,0.7380568981170654,0.6749973297119141,-0.023997165262699127,0.768779993057251,0.588933527469635,-0.02632070519030094,0.772426426410675,0.51432204246521,-0.027411827817559242,0.7775002717971802,0.4622640013694763,-0.027622006833553314,0.7031253576278687,0.5137788653373718,0.003236766904592514,0.7105849385261536,0.4329470992088318,-0.003845140803605318,0.7131766676902771,0.38369593024253845,-0.013493910431861877,0.7138038873672485,0.34208914637565613,-0.021601127460598946,0.6640362739562988,0.5174494981765747,0.005150320008397102,0.6520963311195374,0.4317154884338379,-0.00045028203749097884,0.6455872058868408,0.37732452154159546,-0.011681894771754742,0.6407607197761536,0.3303734064102173,-0.02073090150952339,0.6304007172584534,0.5371254086494446,0.0021844201255589724,0.6130491495132446,0.4644906520843506,-0.008414886891841888,0.6057416796684265,0.41334912180900574,-0.022577013820409775,0.6007959842681885,0.3687058687210083,-0.03268043324351311,0.5979912877082825,0.5722783207893372,-0.003430507378652692,0.564395546913147,0.5286847949028015,-0.017601560801267624,0.5418890714645386,0.49526116251945496,-0.027790894731879234,0.5227062702178955,0.46219485998153687,-0.03436452895402908,HELLO
