h1_x0             , h1_y0             , h1_z0                  , h1_x1             , h1_y1             , h1_z1                , h1_x2             , h1_y2             , h1_z2              , h1_x3             , h1_y3             , h1_z3                , h1_x4             , h1_y4             , h1_z4                , h1_x5             , h1_y5             , h1_z5              , h1_x6             , h1_y6             , h1_z6              , h1_x7             , h1_y7             , h1_z7              , h1_x8             , h1_y8             , h1_z8              , h1_x9             , h1_y9             , h1_z9              , h1_x10            , h1_y10            , h1_z10             , h1_x11            , h1_y11            , h1_z11             , h1_x12            , h1_y12            , h1_z12             , h1_x13            , h1_y13            , h1_z13             , h1_x14            , h1_y14            , h1_z14             , h1_x15            , h1_y15            , h1_z15             , h1_x16            , h1_y16            , h1_z16             , h1_x17            , h1_y17            , h1_z17                , h1_x18            , h1_y18            , h1_z18             , h1_x19            , h1_y19            , h1_z19             , h1_x20            , h1_y20            , h1_z20             , h2_x0, h2_y0, h2_z0, h2_x1, h2_y1, h2_z1, h2_x2, h2_y2, h2_z2, h2_x3, h2_y3, h2_z3, h2_x4, h2_y4, h2_z4, h2_x5, h2_y5, h2_z5, h2_x6, h2_y6, h2_z6, h2_x7, h2_y7, h2_z7, h2_x8, h2_y8, h2_z8, h2_x9, h2_y9, h2_z9, h2_x10, h2_y10, h2_z10, h2_x11, h2_y11, h2_z11, h2_x12, h2_y12, h2_z12, h2_x13, h2_y13, h2_z13, h2_x14, h2_y14, h2_z14, h2_x15, h2_y15, h2_z15, h2_x16, h2_y16, h2_z16, h2_x17, h2_y17, h2_z17, h2_x18, h2_y18, h2_z18, h2_x19, h2_y19, h2_z19, h2_x20, h2_y20, h2_z20, label
0.2823183536529541, 0.9094622135162354, 1.2324457543400058e-07 , 0.2724770903587341, 0.8191193342208862, -0.0215139929205179  , 0.2885962128639221, 0.7437452673912048, -0.036601185798645 , 0.3176425993442535, 0.6839591860771179, -0.0482807867228984  , 0.3394495844841003, 0.6403254270553589, -0.0597902759909629  , 0.3750896155834198, 0.7546481490135193, -0.0363961569964885, 0.4302469193935394, 0.6925336122512817, -0.0513174049556255, 0.4632954001426697, 0.6599447131156921, -0.0604179725050926, 0.4893614649772644, 0.636087954044342 , -0.0662615075707435, 0.3985502123832702, 0.7940790057182312, -0.0329467467963695, 0.4585264027118683, 0.7329763770103455, -0.0450184643268585, 0.4942809343338012, 0.6965087056159973, -0.0529384799301624, 0.5211859345436096, 0.6710202693939209, -0.0593837201595306, 0.409881979227066 , 0.8365656733512878, -0.0307639725506305, 0.4697204828262329, 0.7883498072624207, -0.04389663413167  , 0.5066632628440857, 0.755652129650116 , -0.0563752092421054, 0.5325967669487   , 0.730059027671814 , -0.0646847784519195, 0.414593756198883 , 0.8804090023040771, -0.0294889491051435   , 0.4685794115066528, 0.864382803440094 , -0.0414756461977958, 0.5002569556236267, 0.8512336015701294, -0.0507204532623291, 0.5249723196029663, 0.8369752764701843, -0.056550282984972 ,   0.0,   0.0,   0.0,   0.0,   0.0,   0.0,   0.0,   0.0,   0.0,   0.0,   0.0,   0.0,   0.0,   0.0,   0.0,   0.0,   0.0,   0.0,   0.0,   0.0,   0.0,   0.0,   0.0,   0.0,   0.0,   0.0,   0.0,   0.0,   0.0,   0.0,    0.0,    0.0,    0.0,    0.0,    0.0,    0.0,    0.0,    0.0,    0.0,    0.0,    0.0,    0.0,    0.0,    0.0,    0.0,    0.0,    0.0,    0.0,    0.0,    0.0,    0.0,    0.0,    0.0,    0.0,    0.0,    0.0,    0.0,    0.0,    0.0,    0.0,    0.0,    0.0,    0.0, I
0.2767561674118042, 0.8568831086158752, 1.597229726257865e-07  , 0.2676282823085785, 0.7705776691436768, -0.0217000562697649  , 0.2836133241653442, 0.6989122033119202, -0.0372276604175567, 0.312312513589859 , 0.6444678902626038, -0.0495669022202491  , 0.3356291651725769, 0.6045055389404297, -0.0618949458003044  , 0.3632842004299164, 0.7144812345504761, -0.037511721253395 , 0.4186399281024933, 0.6565330624580383, -0.0533519424498081, 0.4514015018939972, 0.6272376775741577, -0.0622849762439727, 0.4770217835903168, 0.6067097187042236, -0.0677795857191085, 0.3856109976768493, 0.7561776041984558, -0.0348776616156101, 0.4461199045181274, 0.6983181238174438, -0.0485038831830024, 0.4829993844032287, 0.6645027995109558, -0.0569473057985305, 0.5112112164497375, 0.6413404941558838, -0.0632942169904708, 0.3960687220096588, 0.8004084229469299, -0.0335799008607864, 0.4556505680084228, 0.7564257979393005, -0.0483870394527912, 0.4914642572402954, 0.7268632650375366, -0.0609051398932933, 0.5168030858039856, 0.7037733197212219, -0.0687118172645568, 0.3999819159507751, 0.8456714749336243, -0.0331039726734161   , 0.4517137408256531, 0.8315526843070984, -0.0469180531799793, 0.4825574457645416, 0.819011390209198 , -0.0565431229770183, 0.5068917274475098, 0.8050514459609985, -0.062239371240139 ,   0.0,   0.0,   0.0,   0.0,   0.0,   0.0,   0.0,   0.0,   0.0,   0.0,   0.0,   0.0,   0.0,   0.0,   0.0,   0.0,   0.0,   0.0,   0.0,   0.0,   0.0,   0.0,   0.0,   0.0,   0.0,   0.0,   0.0,   0.0,   0.0,   0.0,    0.0,    0.0,    0.0,    0.0,    0.0,    0.0,    0.0,    0.0,    0.0,    0.0,    0.0,    0.0,    0.0,    0.0,    0.0,    0.0,    0.0,    0.0,    0.0,    0.0,    0.0,    0.0,    0.0,    0.0,    0.0,    0.0,    0.0,    0.0,    0.0,    0.0,    0.0,    0.0,    0.0, I
0.2863063812255859, 0.8529959917068481, 6.703930921503344e-08  , 0.2749446630477905, 0.7667791247367859, -0.0137371681630611  , 0.2976117134094238, 0.697536826133728 , -0.0219139605760574, 0.3370753526687622, 0.6519280076026917, -0.0277169607579708  , 0.366000235080719 , 0.6197981834411621, -0.033268641680479   , 0.3639546036720276, 0.7057257890701294, -0.0247608236968517, 0.422240674495697 , 0.6541024446487427, -0.0362629294395446, 0.4560295045375824, 0.6252055764198303, -0.042493037879467 , 0.4819039404392242, 0.6043640375137329, -0.0462921448051929, 0.3856275677680969, 0.7433688044548035, -0.0235660541802644, 0.4432442784309387, 0.6850978136062622, -0.0327337048947811, 0.4788270890712738, 0.6496149897575378, -0.0388188511133194, 0.506377637386322 , 0.6244057416915894, -0.043547436594963 , 0.3980129659175873, 0.7827153205871582, -0.0232012141495943, 0.4542302191257477, 0.7316605448722839, -0.0332625694572925, 0.487256795167923 , 0.6985695362091064, -0.0420417301356792, 0.5106397867202759, 0.6722830533981323, -0.0475775450468063, 0.4050236642360687, 0.8236377835273743, -0.0233634207397699   , 0.4512335360050201, 0.7935579419136047, -0.0330307409167289, 0.4787695109844208, 0.7713969349861145, -0.0399400517344474, 0.5006031394004822, 0.7512221932411194, -0.0437941290438175,   0.0,   0.0,   0.0,   0.0,   0.0,   0.0,   0.0,   0.0,   0.0,   0.0,   0.0,   0.0,   0.0,   0.0,   0.0,   0.0,   0.0,   0.0,   0.0,   0.0,   0.0,   0.0,   0.0,   0.0,   0.0,   0.0,   0.0,   0.0,   0.0,   0.0,    0.0,    0.0,    0.0,    0.0,    0.0,    0.0,    0.0,    0.0,    0.0,    0.0,    0.0,    0.0,    0.0,    0.0,    0.0,    0.0,    0.0,    0.0,    0.0,    0.0,    0.0,    0.0,    0.0,    0.0,    0.0,    0.0,    0.0,    0.0,    0.0,    0.0,    0.0,    0.0,    0.0, I
0.2860701978206634, 0.8533918857574463, 1.4435433115522758e-07 , 0.2763119637966156, 0.7686006426811218, -0.0201975964009761  , 0.2952344119548797, 0.7002804279327393, -0.0335514955222606, 0.328688234090805 , 0.6500155925750732, -0.0436163395643234  , 0.3517355322837829, 0.6097422242164612, -0.0534771494567394  , 0.3670089244842529, 0.7094864845275879, -0.0359075814485549, 0.425769567489624 , 0.660363495349884 , -0.0512798018753528, 0.4610306918621063, 0.6334079504013062, -0.0594547986984252, 0.4882222414016723, 0.6131918430328369, -0.0643320828676223, 0.3870620131492615, 0.7479969263076782, -0.0331855677068233, 0.4456457495689392, 0.6939141154289246, -0.0466043166816234, 0.4828411340713501, 0.6602502465248108, -0.0543573722243309, 0.5118472576141357, 0.6355141401290894, -0.0599656216800212, 0.3980542719364166, 0.788440465927124 , -0.0317066758871078, 0.4546825587749481, 0.7422053217887878, -0.045507475733757 , 0.4891709685325622, 0.7112727761268616, -0.0567447282373905, 0.5141616463661194, 0.6862192153930664, -0.0635790973901748, 0.4045237600803375, 0.8306021690368652, -0.0311575382947921   , 0.453933835029602 , 0.8085628151893616, -0.0444356612861156, 0.4845911860466003, 0.7907904982566833, -0.0543963052332401, 0.5094905495643616, 0.772462785243988 , -0.060232900083065 ,   0.0,   0.0,   0.0,   0.0,   0.0,   0.0,   0.0,   0.0,   0.0,   0.0,   0.0,   0.0,   0.0,   0.0,   0.0,   0.0,   0.0,   0.0,   0.0,   0.0,   0.0,   0.0,   0.0,   0.0,   0.0,   0.0,   0.0,   0.0,   0.0,   0.0,    0.0,    0.0,    0.0,    0.0,    0.0,    0.0,    0.0,    0.0,    0.0,    0.0,    0.0,    0.0,    0.0,    0.0,    0.0,    0.0,    0.0,    0.0,    0.0,    0.0,    0.0,    0.0,    0.0,    0.0,    0.0,    0.0,    0.0,    0.0,    0.0,    0.0,    0.0,    0.0,    0.0, I
0.2860362231731415, 0.8180932402610779, 1.2710403041182874e-07 , 0.2763622999191284, 0.7328604459762573, -0.012887398712337   , 0.298356145620346 , 0.6661342978477478, -0.0219420995563268, 0.3348280191421509, 0.6205037832260132, -0.0288947988301515  , 0.3613024950027466, 0.5855221748352051, -0.0359122902154922  , 0.3677996397018432, 0.6748483180999756, -0.026777945458889 , 0.4285111427307129, 0.6308152675628662, -0.0389714874327182, 0.4639728367328644, 0.6080282926559448, -0.0453228019177913, 0.4914391934871673, 0.592044472694397 , -0.0488507375121116, 0.387956291437149 , 0.7152883410453796, -0.0261999759823083, 0.449912965297699 , 0.6646533608436584, -0.0353984348475933, 0.4879702031612396, 0.6332967281341553, -0.0407473370432853, 0.517227292060852 , 0.6113293766975403, -0.0448551587760448, 0.3986256420612335, 0.757411003112793 , -0.0263315662741661, 0.4581700563430786, 0.7119174003601074, -0.0364367440342903, 0.4934573769569397, 0.6814390420913696, -0.0450770035386085, 0.5175384283065796, 0.6569322943687439, -0.050268318504095 , 0.4037694036960602, 0.8004035353660583, -0.0269073732197284   , 0.4555824398994446, 0.7760413885116577, -0.036873459815979 , 0.4855715930461883, 0.7554738521575928, -0.0439528971910476, 0.5083526372909546, 0.7342312335968018, -0.047773964703083 ,   0.0,   0.0,   0.0,   0.0,   0.0,   0.0,   0.0,   0.0,   0.0,   0.0,   0.0,   0.0,   0.0,   0.0,   0.0,   0.0,   0.0,   0.0,   0.0,   0.0,   0.0,   0.0,   0.0,   0.0,   0.0,   0.0,   0.0,   0.0,   0.0,   0.0,    0.0,    0.0,    0.0,    0.0,    0.0,    0.0,    0.0,    0.0,    0.0,    0.0,    0.0,    0.0,    0.0,    0.0,    0.0,    0.0,    0.0,    0.0,    0.0,    0.0,    0.0,    0.0,    0.0,    0.0,    0.0,    0.0,    0.0,    0.0,    0.0,    0.0,    0.0,    0.0,    0.0, I
0.2796573042869568, 0.8027489185333252, 1.532099389578434e-07  , 0.2706729173660278, 0.7188795208930969, -0.0151969734579324  , 0.2919513881206512, 0.6527045369148254, -0.0264933165162801, 0.3283871412277221, 0.6099866032600403, -0.0351296551525592  , 0.3588045835494995, 0.5793867111206055, -0.0436227209866046  , 0.356845498085022 , 0.6655721664428711, -0.0345293544232845, 0.4207227230072021, 0.6243473887443542, -0.0493057072162628, 0.4580335319042206, 0.6028081178665161, -0.0556001402437686, 0.4860749244689941, 0.587602972984314 , -0.0587204955518245, 0.3768877685070038, 0.7075774669647217, -0.0337753407657146, 0.4416840970516205, 0.6572861075401306, -0.0470214635133743, 0.4807203710079193, 0.6272150874137878, -0.0533187948167324, 0.511319637298584 , 0.6057847738265991, -0.0573249347507953, 0.3883985877037048, 0.7504072785377502, -0.0334709361195564, 0.448326051235199 , 0.7063740491867065, -0.0470943301916122, 0.4857080578804016, 0.6779241561889648, -0.0562789477407932, 0.5129770636558533, 0.6547595262527466, -0.0611709542572498, 0.3943558037281036, 0.7932904362678528, -0.0334729701280593   , 0.4453103840351105, 0.7704898715019226, -0.0459771454334259, 0.4750418365001678, 0.7518824934959412, -0.0532999746501445, 0.4980230331420898, 0.7318843007087708, -0.056781705468893 ,   0.0,   0.0,   0.0,   0.0,   0.0,   0.0,   0.0,   0.0,   0.0,   0.0,   0.0,   0.0,   0.0,   0.0,   0.0,   0.0,   0.0,   0.0,   0.0,   0.0,   0.0,   0.0,   0.0,   0.0,   0.0,   0.0,   0.0,   0.0,   0.0,   0.0,    0.0,    0.0,    0.0,    0.0,    0.0,    0.0,    0.0,    0.0,    0.0,    0.0,    0.0,    0.0,    0.0,    0.0,    0.0,    0.0,    0.0,    0.0,    0.0,    0.0,    0.0,    0.0,    0.0,    0.0,    0.0,    0.0,    0.0,    0.0,    0.0,    0.0,    0.0,    0.0,    0.0, I
0.2568826377391815, 0.8069725632667542, 1.6569164529300909e-07 , 0.2490411102771759, 0.7191285490989685, -0.0141356065869331  , 0.2713995575904846, 0.6525650024414062, -0.0236640460789203, 0.3081481456756592, 0.6065331697463989, -0.0304297842085361  , 0.3375365138053894, 0.5762912631034851, -0.0368312373757362  , 0.3428329229354858, 0.6694356203079224, -0.0274060238152742, 0.4072334766387939, 0.6320382356643677, -0.0388735644519329, 0.4435493946075439, 0.6120451092720032, -0.0441556572914123, 0.4708601832389831, 0.5979918241500854, -0.0467314235866069, 0.3612024188041687, 0.7118818163871765, -0.0251762997359037, 0.425187200307846 , 0.6639479994773865, -0.0343491062521934, 0.4633137583732605, 0.636328935623169 , -0.0390797108411788, 0.493011474609375 , 0.6178455352783203, -0.0421544536948204, 0.3706494867801666, 0.7542420029640198, -0.0236662253737449, 0.43028324842453  , 0.7104161977767944, -0.0337055437266826, 0.4659758806228637, 0.6835096478462219, -0.0419574342668056, 0.4918875992298126, 0.6625552773475647, -0.0466498509049415, 0.3751372098922729, 0.7961558103561401, -0.0225369874387979   , 0.4240772426128387, 0.7722100615501404, -0.0321098454296588, 0.4525209069252014, 0.7547117471694946, -0.0386261232197284, 0.4755417108535766, 0.7375527620315552, -0.0418803207576274,   0.0,   0.0,   0.0,   0.0,   0.0,   0.0,   0.0,   0.0,   0.0,   0.0,   0.0,   0.0,   0.0,   0.0,   0.0,   0.0,   0.0,   0.0,   0.0,   0.0,   0.0,   0.0,   0.0,   0.0,   0.0,   0.0,   0.0,   0.0,   0.0,   0.0,    0.0,    0.0,    0.0,    0.0,    0.0,    0.0,    0.0,    0.0,    0.0,    0.0,    0.0,    0.0,    0.0,    0.0,    0.0,    0.0,    0.0,    0.0,    0.0,    0.0,    0.0,    0.0,    0.0,    0.0,    0.0,    0.0,    0.0,    0.0,    0.0,    0.0,    0.0,    0.0,    0.0, I
0.258490115404129 , 0.7806302309036255, 1.6111174261368433e-07 , 0.2560270428657532, 0.6987505555152893, -0.0081949699670076  , 0.2852309942245483, 0.639140248298645 , -0.0153117747977375, 0.3272612392902374, 0.6069058179855347, -0.0204596612602472  , 0.3610498309135437, 0.5890871286392212, -0.0258709620684385  , 0.340404748916626 , 0.6561330556869507, -0.0308145880699157, 0.4100273549556732, 0.6338739991188049, -0.044938638806343 , 0.450473815202713 , 0.621523380279541 , -0.0492932200431823, 0.4799755811691284, 0.6124932169914246, -0.0506277866661548, 0.3560212254524231, 0.7013453245162964, -0.0327124632894992, 0.4284115731716156, 0.6677883863449097, -0.0456839799880981, 0.4722264409065246, 0.647890031337738 , -0.0505761168897151, 0.5067638158798218, 0.6329113245010376, -0.0529212392866611, 0.3640028536319732, 0.7455068826675415, -0.0343097485601902, 0.4295743107795715, 0.7129738926887512, -0.0477956347167491, 0.4704360365867615, 0.6929072141647339, -0.0562039650976657, 0.5012854337692261, 0.6757227182388306, -0.0601564981043338, 0.3663990199565887, 0.7871137857437134, -0.0354152880609035   , 0.4185584485530853, 0.7664433717727661, -0.0484640225768089, 0.4502056241035461, 0.7507508397102356, -0.0556818433105945, 0.4761539697647095, 0.734451174736023 , -0.0586681626737117,   0.0,   0.0,   0.0,   0.0,   0.0,   0.0,   0.0,   0.0,   0.0,   0.0,   0.0,   0.0,   0.0,   0.0,   0.0,   0.0,   0.0,   0.0,   0.0,   0.0,   0.0,   0.0,   0.0,   0.0,   0.0,   0.0,   0.0,   0.0,   0.0,   0.0,    0.0,    0.0,    0.0,    0.0,    0.0,    0.0,    0.0,    0.0,    0.0,    0.0,    0.0,    0.0,    0.0,    0.0,    0.0,    0.0,    0.0,    0.0,    0.0,    0.0,    0.0,    0.0,    0.0,    0.0,    0.0,    0.0,    0.0,    0.0,    0.0,    0.0,    0.0,    0.0,    0.0, I
0.2523579597473144, 0.7995928525924683, 1.1103101371645609e-07 , 0.2485885024070739, 0.7137505412101746, -0.0057320091873407  , 0.2797427773475647, 0.6509189605712891, -0.0093965381383895, 0.3252797722816467, 0.6169370412826538, -0.0111743109300732  , 0.3588349521160126, 0.596120297908783 , -0.0123750632628798  , 0.3330173194408417, 0.6635492444038391, -0.0212054215371608, 0.3996165096759796, 0.6271661520004272, -0.0306369662284851, 0.4373064637184143, 0.6085613965988159, -0.0328603498637676, 0.4650819897651672, 0.5954950451850891, -0.0328872352838516, 0.3517628312110901, 0.7053041458129883, -0.0220740288496017, 0.4199867844581604, 0.6598502993583679, -0.0306028332561254, 0.461135983467102 , 0.632481038570404 , -0.0329147614538669, 0.4930304884910583, 0.6131948828697205, -0.0335238017141819, 0.3628522455692291, 0.7451770305633545, -0.0227073021233081, 0.4231404960155487, 0.7003198266029358, -0.0310051329433918, 0.4607429504394531, 0.6733269095420837, -0.0360979922115802, 0.487772136926651 , 0.6511517763137817, -0.0380220934748649, 0.3681208789348602, 0.7832613587379456, -0.0230895336717367   , 0.4165581464767456, 0.753150463104248 , -0.0293158404529094, 0.4455027282238006, 0.7322153449058533, -0.0325198285281658, 0.4680664539337158, 0.7131755948066711, -0.0331800431013107,   0.0,   0.0,   0.0,   0.0,   0.0,   0.0,   0.0,   0.0,   0.0,   0.0,   0.0,   0.0,   0.0,   0.0,   0.0,   0.0,   0.0,   0.0,   0.0,   0.0,   0.0,   0.0,   0.0,   0.0,   0.0,   0.0,   0.0,   0.0,   0.0,   0.0,    0.0,    0.0,    0.0,    0.0,    0.0,    0.0,    0.0,    0.0,    0.0,    0.0,    0.0,    0.0,    0.0,    0.0,    0.0,    0.0,    0.0,    0.0,    0.0,    0.0,    0.0,    0.0,    0.0,    0.0,    0.0,    0.0,    0.0,    0.0,    0.0,    0.0,    0.0,    0.0,    0.0, I
0.2541185915470123, 0.8050464987754822, 9.41620754701944e-08   , 0.2488032877445221, 0.719612717628479 , -0.0056663383729755  , 0.2796567678451538, 0.6593760251998901, -0.0086200274527072, 0.3265792727470398, 0.6291994452476501, -0.009314814582467   , 0.3614762723445892, 0.6114647388458252, -0.0091883260756731  , 0.3350831568241119, 0.6724034547805786, -0.0205726642161607, 0.4022544920444488, 0.6390114426612854, -0.0281370654702186, 0.43946373462677  , 0.6211737990379333, -0.0286175310611724, 0.4672146141529083, 0.6083816885948181, -0.027742613106966 , 0.3527974486351013, 0.7135280966758728, -0.0208125934004783, 0.4208050966262817, 0.6704612374305725, -0.0288012903183698, 0.4609309136867523, 0.645157516002655 , -0.0299765989184379, 0.4923056066036224, 0.6272065043449402, -0.0295594427734613, 0.3625963926315307, 0.7526705265045166, -0.0206959992647171, 0.4232161045074463, 0.7107557654380798, -0.0283414125442504, 0.4605554044246673, 0.6861883401870728, -0.0321605876088142, 0.4879634380340576, 0.6656984686851501, -0.0330144353210926, 0.3667067587375641, 0.7906455993652344, -0.0203542932868003   , 0.4152778387069702, 0.761986255645752 , -0.0257136356085538, 0.4437764286994934, 0.7413089871406555, -0.0281084273010492, 0.4654971957206726, 0.7226027250289917, -0.0281445290893316,   0.0,   0.0,   0.0,   0.0,   0.0,   0.0,   0.0,   0.0,   0.0,   0.0,   0.0,   0.0,   0.0,   0.0,   0.0,   0.0,   0.0,   0.0,   0.0,   0.0,   0.0,   0.0,   0.0,   0.0,   0.0,   0.0,   0.0,   0.0,   0.0,   0.0,    0.0,    0.0,    0.0,    0.0,    0.0,    0.0,    0.0,    0.0,    0.0,    0.0,    0.0,    0.0,    0.0,    0.0,    0.0,    0.0,    0.0,    0.0,    0.0,    0.0,    0.0,    0.0,    0.0,    0.0,    0.0,    0.0,    0.0,    0.0,    0.0,    0.0,    0.0,    0.0,    0.0, I
0.2602967321872711, 0.7853578329086304, 1.0113576109915813e-07 , 0.2562350928783417, 0.6990222930908203, -0.0040425984188914  , 0.2879872620105743, 0.6398627758026123, -0.0061658732593059, 0.3353069126605987, 0.6117287874221802, -0.0064036450348794  , 0.3707373738288879, 0.5953000783920288, -0.0059615508653223  , 0.3448494374752044, 0.6533181071281433, -0.017578687518835 , 0.4122587740421295, 0.6219812631607056, -0.0248103439807891, 0.4499231278896332, 0.6051374077796936, -0.0251330640166997, 0.4776021242141723, 0.5934391021728516, -0.0239405035972595, 0.3617636561393738, 0.6960410475730896, -0.0183682236820459, 0.4307079017162323, 0.6547149419784546, -0.026884663850069 , 0.4711475670337677, 0.6300961375236511, -0.0281382910907268, 0.502367377281189 , 0.6128139495849609, -0.0272302497178316, 0.3705319762229919, 0.7367929816246033, -0.0187637191265821, 0.4315946102142334, 0.6968024373054504, -0.0266801733523607, 0.469120442867279 , 0.6731539368629456, -0.0300410948693752, 0.4969189763069153, 0.6536190509796143, -0.0300618074834346, 0.373095154762268 , 0.7758108973503113, -0.0187466274946928   , 0.4228835701942444, 0.7467063665390015, -0.0233073346316814, 0.452422559261322 , 0.7273858785629272, -0.0246259085834026, 0.4755538702011108, 0.7106350064277649, -0.0236786864697933,   0.0,   0.0,   0.0,   0.0,   0.0,   0.0,   0.0,   0.0,   0.0,   0.0,   0.0,   0.0,   0.0,   0.0,   0.0,   0.0,   0.0,   0.0,   0.0,   0.0,   0.0,   0.0,   0.0,   0.0,   0.0,   0.0,   0.0,   0.0,   0.0,   0.0,    0.0,    0.0,    0.0,    0.0,    0.0,    0.0,    0.0,    0.0,    0.0,    0.0,    0.0,    0.0,    0.0,    0.0,    0.0,    0.0,    0.0,    0.0,    0.0,    0.0,    0.0,    0.0,    0.0,    0.0,    0.0,    0.0,    0.0,    0.0,    0.0,    0.0,    0.0,    0.0,    0.0, I
0.2691386342048645, 0.8104969263076782, 1.67859965927164e-07   , 0.2595565021038055, 0.7241683602333069, -0.0059791570529341  , 0.2899456620216369, 0.6653198599815369, -0.0085988361388444, 0.3347281515598297, 0.6340782046318054, -0.0090375123545527  , 0.3684022128582001, 0.6094245910644531, -0.0091403974220156  , 0.3465380072593689, 0.6787812113761902, -0.0184723585844039, 0.4128420352935791, 0.6473477482795715, -0.0256227832287549, 0.4497651755809784, 0.6278597712516785, -0.0266465432941913, 0.4776489436626434, 0.613630473613739 , -0.026235356926918 , 0.3645877242088318, 0.7221024632453918, -0.0189753007143735, 0.4307210445404053, 0.6791569590568542, -0.0264987722039222, 0.4709566831588745, 0.6521987318992615, -0.0289932508021593, 0.5032891035079956, 0.6330600380897522, -0.0297764427959918, 0.3734928667545318, 0.7625080347061157, -0.0192581340670585, 0.4335335195064544, 0.7228111028671265, -0.0276867672801017, 0.4716247320175171, 0.6974970102310181, -0.0335247218608856, 0.5011934041976929, 0.6775689125061035, -0.0360106527805328, 0.3772803843021393, 0.8010197281837463, -0.01911455206573     , 0.4253698885440826, 0.7745338678359985, -0.0264047943055629, 0.4548402726650238, 0.7535567879676819, -0.0304337386041879, 0.479202926158905 , 0.7345126271247864, -0.0317496620118618,   0.0,   0.0,   0.0,   0.0,   0.0,   0.0,   0.0,   0.0,   0.0,   0.0,   0.0,   0.0,   0.0,   0.0,   0.0,   0.0,   0.0,   0.0,   0.0,   0.0,   0.0,   0.0,   0.0,   0.0,   0.0,   0.0,   0.0,   0.0,   0.0,   0.0,    0.0,    0.0,    0.0,    0.0,    0.0,    0.0,    0.0,    0.0,    0.0,    0.0,    0.0,    0.0,    0.0,    0.0,    0.0,    0.0,    0.0,    0.0,    0.0,    0.0,    0.0,    0.0,    0.0,    0.0,    0.0,    0.0,    0.0,    0.0,    0.0,    0.0,    0.0,    0.0,    0.0, I
0.2566477656364441, 0.8094441294670105, 1.75623100062694e-07   , 0.2514193058013916, 0.7243266701698303, -0.008138446137309   , 0.2834377586841583, 0.6668306589126587, -0.0134380226954817, 0.3283398151397705, 0.6379777193069458, -0.0161108653992414  , 0.36292564868927  , 0.6152870059013367, -0.0188574641942977  , 0.3381895720958709, 0.6841884255409241, -0.0292875245213508, 0.4079248011112213, 0.6564438939094543, -0.0403258427977561, 0.4475419521331787, 0.6406294107437134, -0.0425688475370407, 0.4766359329223633, 0.6296968460083008, -0.0424199104309082, 0.3528751730918884, 0.7293158173561096, -0.0297998208552598, 0.4242083430290222, 0.6903395056724548, -0.0412648804485797, 0.4675315618515014, 0.6667386889457703, -0.0445987284183502, 0.5019872784614563, 0.6505961418151855, -0.0454915948212146, 0.3602542579174042, 0.7710001468658447, -0.0297662075608968, 0.4247328042984009, 0.7358313798904419, -0.0416230633854866, 0.465747982263565 , 0.7139580249786377, -0.0485553592443466, 0.4977346062660217, 0.696212112903595 , -0.0511203855276107, 0.3623986542224884, 0.8086987733840942, -0.0292113795876503   , 0.4141659140586853, 0.7855857610702515, -0.0396115183830261, 0.4462060332298279, 0.7678037285804749, -0.045010894536972 , 0.4725616872310638, 0.7506750226020813, -0.0467219054698944,   0.0,   0.0,   0.0,   0.0,   0.0,   0.0,   0.0,   0.0,   0.0,   0.0,   0.0,   0.0,   0.0,   0.0,   0.0,   0.0,   0.0,   0.0,   0.0,   0.0,   0.0,   0.0,   0.0,   0.0,   0.0,   0.0,   0.0,   0.0,   0.0,   0.0,    0.0,    0.0,    0.0,    0.0,    0.0,    0.0,    0.0,    0.0,    0.0,    0.0,    0.0,    0.0,    0.0,    0.0,    0.0,    0.0,    0.0,    0.0,    0.0,    0.0,    0.0,    0.0,    0.0,    0.0,    0.0,    0.0,    0.0,    0.0,    0.0,    0.0,    0.0,    0.0,    0.0, I
0.2730142474174499, 0.8436875939369202, 7.476454300103796e-08  , 0.2735213041305542, 0.7518798112869263, -0.0038675847463309  , 0.3078002333641052, 0.6919633150100708, -0.0054791402071714, 0.3583193719387054, 0.6633312702178955, -0.0040765288285911  , 0.3940372169017792, 0.6394738554954529, -0.0017652594251558  , 0.3681580722332001, 0.7130243182182312, -0.0208190232515335, 0.4390289783477783, 0.6801948547363281, -0.0248919371515512, 0.4766035377979278, 0.6624919772148132, -0.0224034506827592, 0.5048777461051941, 0.6504338383674622, -0.0194287337362766, 0.3845783174037933, 0.7575323581695557, -0.0187898986041545, 0.4580123424530029, 0.7163015604019165, -0.0264047179371118, 0.4999224245548248, 0.6916235685348511, -0.0256955455988645, 0.531328022480011 , 0.6754828095436096, -0.0236047599464654, 0.3926668167114258, 0.7980697154998779, -0.0156563855707645, 0.4585729539394378, 0.7600332498550415, -0.0222439635545015, 0.4979055523872375, 0.7366337776184082, -0.0249362867325544, 0.5257608890533447, 0.7182541489601135, -0.0247062053531408, 0.3950030207633972, 0.8367891907691956, -0.0116771254688501   , 0.448957622051239 , 0.8101431727409363, -0.0141314165666699, 0.4806929230690002, 0.7915003299713135, -0.0151044474914669, 0.5053409337997437, 0.7760187983512878, -0.0144085464999079,   0.0,   0.0,   0.0,   0.0,   0.0,   0.0,   0.0,   0.0,   0.0,   0.0,   0.0,   0.0,   0.0,   0.0,   0.0,   0.0,   0.0,   0.0,   0.0,   0.0,   0.0,   0.0,   0.0,   0.0,   0.0,   0.0,   0.0,   0.0,   0.0,   0.0,    0.0,    0.0,    0.0,    0.0,    0.0,    0.0,    0.0,    0.0,    0.0,    0.0,    0.0,    0.0,    0.0,    0.0,    0.0,    0.0,    0.0,    0.0,    0.0,    0.0,    0.0,    0.0,    0.0,    0.0,    0.0,    0.0,    0.0,    0.0,    0.0,    0.0,    0.0,    0.0,    0.0, I
0.2713941633701324, 0.8341233730316162, 1.523668231584452e-07  , 0.2649067640304565, 0.7440698742866516, -0.0088404519483447  , 0.2942187786102295, 0.6784325242042542, -0.0145672056823968, 0.3429830074310303, 0.6407911777496338, -0.0173394121229648  , 0.3797147572040558, 0.6149779558181763, -0.0189023464918136  , 0.3561976253986358, 0.6919331550598145, -0.0250688400119543, 0.4265555441379547, 0.6533613204956055, -0.0338495224714279, 0.464230328798294 , 0.633384108543396 , -0.0348889902234077, 0.4918201267719269, 0.6203609704971313, -0.0339493714272975, 0.3751700818538666, 0.7337642908096313, -0.0238399151712656, 0.4469551146030426, 0.6865323185920715, -0.0328797250986099, 0.4872617721557617, 0.6598162651062012, -0.0336506217718124, 0.516879141330719 , 0.6418404579162598, -0.0326569080352783, 0.385160893201828 , 0.7742092609405518, -0.0224668364971876, 0.450407326221466 , 0.7314236164093018, -0.0308039635419845, 0.4865218102931976, 0.7065596580505371, -0.0340987406671047, 0.5111938714981079, 0.6859768629074097, -0.0343841984868049, 0.3890951871871948, 0.8140323758125305, -0.0210330877453088   , 0.4412167370319366, 0.7845014333724976, -0.026595776900649 , 0.4697194695472717, 0.7620770335197449, -0.0285958796739578, 0.4903421700000763, 0.741460919380188 , -0.0281613878905773,   0.0,   0.0,   0.0,   0.0,   0.0,   0.0,   0.0,   0.0,   0.0,   0.0,   0.0,   0.0,   0.0,   0.0,   0.0,   0.0,   0.0,   0.0,   0.0,   0.0,   0.0,   0.0,   0.0,   0.0,   0.0,   0.0,   0.0,   0.0,   0.0,   0.0,    0.0,    0.0,    0.0,    0.0,    0.0,    0.0,    0.0,    0.0,    0.0,    0.0,    0.0,    0.0,    0.0,    0.0,    0.0,    0.0,    0.0,    0.0,    0.0,    0.0,    0.0,    0.0,    0.0,    0.0,    0.0,    0.0,    0.0,    0.0,    0.0,    0.0,    0.0,    0.0,    0.0, I
0.271911084651947 , 0.8686218857765198, 1.44606943308645e-07   , 0.2607851326465606, 0.777306318283081 , -0.0134128611534833  , 0.288808137178421 , 0.7124777436256409, -0.0203426219522953, 0.3354348540306091, 0.6759406328201294, -0.0234190095216035  , 0.3689972758293152, 0.6472673416137695, -0.0254994146525859  , 0.3512897789478302, 0.7265937924385071, -0.0285411681979894, 0.4197659492492676, 0.6865896582603455, -0.0388726554811   , 0.4580539464950561, 0.6655002236366272, -0.0415338277816772, 0.4864570498466491, 0.6527688503265381, -0.0414601974189281, 0.3718837797641754, 0.7682851552963257, -0.0247605927288532, 0.442098468542099 , 0.7203700542449951, -0.0348023027181625, 0.4825212657451629, 0.6904186606407166, -0.0365366488695144, 0.5131255984306335, 0.6712323427200317, -0.0360587872564792, 0.3835426568984985, 0.8060398101806641, -0.0211230590939521, 0.4475018680095672, 0.7637421488761902, -0.02962501719594  , 0.4838742315769195, 0.7380920052528381, -0.032762948423624 , 0.5096561908721924, 0.7189252376556396, -0.0326958000659942, 0.3881288468837738, 0.8400536775588989, -0.0178841650485992   , 0.4384973347187042, 0.807408332824707 , -0.0219006780534982, 0.4668434262275696, 0.7865074872970581, -0.0226797387003898, 0.4876834750175476, 0.7692149877548218, -0.021517502143979 ,   0.0,   0.0,   0.0,   0.0,   0.0,   0.0,   0.0,   0.0,   0.0,   0.0,   0.0,   0.0,   0.0,   0.0,   0.0,   0.0,   0.0,   0.0,   0.0,   0.0,   0.0,   0.0,   0.0,   0.0,   0.0,   0.0,   0.0,   0.0,   0.0,   0.0,    0.0,    0.0,    0.0,    0.0,    0.0,    0.0,    0.0,    0.0,    0.0,    0.0,    0.0,    0.0,    0.0,    0.0,    0.0,    0.0,    0.0,    0.0,    0.0,    0.0,    0.0,    0.0,    0.0,    0.0,    0.0,    0.0,    0.0,    0.0,    0.0,    0.0,    0.0,    0.0,    0.0, I
0.2661617994308471, 0.8342439532279968, 1.8325718542655522e-07 , 0.2608778774738312, 0.7420518398284912, -0.0085870362818241  , 0.2924656271934509, 0.6813993453979492, -0.0133186783641576, 0.341575026512146 , 0.6506854295730591, -0.0152988377958536  , 0.3784163296222687, 0.6264211535453796, -0.0163497943431139  , 0.3528278768062591, 0.6981939077377319, -0.0212112702429294, 0.4215996563434601, 0.6653506755828857, -0.0290367882698774, 0.45924112200737  , 0.6467757821083069, -0.0306344553828239, 0.4877272546291351, 0.6343683004379272, -0.0304150097072124, 0.3703750371932983, 0.7421567440032959, -0.0200975257903337, 0.4399991035461426, 0.6995067596435547, -0.0281327217817306, 0.4818621575832367, 0.6740104556083679, -0.0304175466299057, 0.5138727426528931, 0.6571410894393921, -0.031038885936141 , 0.37926185131073  , 0.7839772701263428, -0.0189581345766782, 0.4423246383666992, 0.7438225746154785, -0.0264467578381299, 0.4807143211364746, 0.7199884057044983, -0.031311348080635 , 0.5086351633071899, 0.7019320130348206, -0.0333200506865978, 0.3834047317504883, 0.8243914842605591, -0.0178106427192688   , 0.4313579201698303, 0.7963308095932007, -0.0228935349732637, 0.4603820443153381, 0.7751083970069885, -0.0258232820779085, 0.4833106398582458, 0.7571830153465271, -0.0265387091785669,   0.0,   0.0,   0.0,   0.0,   0.0,   0.0,   0.0,   0.0,   0.0,   0.0,   0.0,   0.0,   0.0,   0.0,   0.0,   0.0,   0.0,   0.0,   0.0,   0.0,   0.0,   0.0,   0.0,   0.0,   0.0,   0.0,   0.0,   0.0,   0.0,   0.0,    0.0,    0.0,    0.0,    0.0,    0.0,    0.0,    0.0,    0.0,    0.0,    0.0,    0.0,    0.0,    0.0,    0.0,    0.0,    0.0,    0.0,    0.0,    0.0,    0.0,    0.0,    0.0,    0.0,    0.0,    0.0,    0.0,    0.0,    0.0,    0.0,    0.0,    0.0,    0.0,    0.0, I
0.2599921226501465, 0.8404110074043274, 9.522509714088301e-08  , 0.2588127255439758, 0.7505548596382141, -0.0078609315678477  , 0.2914299666881561, 0.6906202435493469, -0.0128741143271327, 0.3405793905258178, 0.6605966687202454, -0.015244772657752   , 0.3763077557086944, 0.6377319097518921, -0.0167505703866481  , 0.3507546782493591, 0.7125925421714783, -0.0245376676321029, 0.4216878116130829, 0.6777326464653015, -0.0330165475606918, 0.4591985940933227, 0.6588785648345947, -0.0341244935989379, 0.4867891371250152, 0.6460366249084473, -0.0333923622965812, 0.3661641776561737, 0.7552562355995178, -0.0234832018613815, 0.4393110871315002, 0.7124075889587402, -0.0315954834222793, 0.4808298349380493, 0.687641441822052 , -0.0326860360801219, 0.5112471580505371, 0.671505868434906 , -0.0326381102204322, 0.3738409876823425, 0.7956019043922424, -0.022191209718585 , 0.4393031895160675, 0.7573279738426208, -0.0300185531377792, 0.4764668345451355, 0.735166609287262 , -0.034012172371149 , 0.5014693737030029, 0.7173141241073608, -0.0353347808122634, 0.3768355846405029, 0.8346641659736633, -0.0207944903522729   , 0.4280757308006286, 0.8099076747894287, -0.0267635602504014, 0.4577253460884094, 0.790605902671814 , -0.0299518853425979, 0.4802997708320617, 0.773253858089447 , -0.0307658314704895,   0.0,   0.0,   0.0,   0.0,   0.0,   0.0,   0.0,   0.0,   0.0,   0.0,   0.0,   0.0,   0.0,   0.0,   0.0,   0.0,   0.0,   0.0,   0.0,   0.0,   0.0,   0.0,   0.0,   0.0,   0.0,   0.0,   0.0,   0.0,   0.0,   0.0,    0.0,    0.0,    0.0,    0.0,    0.0,    0.0,    0.0,    0.0,    0.0,    0.0,    0.0,    0.0,    0.0,    0.0,    0.0,    0.0,    0.0,    0.0,    0.0,    0.0,    0.0,    0.0,    0.0,    0.0,    0.0,    0.0,    0.0,    0.0,    0.0,    0.0,    0.0,    0.0,    0.0, I
0.2549155354499817, 0.8036922812461853, 1.1020048873433554e-07 , 0.2564970850944519, 0.711082935333252 , -0.0041941553354263  , 0.2932996749877929, 0.6531178951263428, -0.0048635178245604, 0.3413988351821899, 0.6270760893821716, -0.0039599342271685  , 0.3758973479270935, 0.60612553358078  , -0.0024988874793052  , 0.3549015820026397, 0.6740522980690002, -0.0104534653946757, 0.420861542224884 , 0.6473519802093506, -0.016247559338808 , 0.4580225050449371, 0.631225049495697 , -0.0183427426964044, 0.4864719808101654, 0.6192197203636169, -0.0191867053508758, 0.3695584237575531, 0.718654453754425 , -0.0114493053406476, 0.4365015923976898, 0.6826531887054443, -0.018410075455904 , 0.4782953858375549, 0.6601500511169434, -0.021669303998351 , 0.5118030905723572, 0.6436558961868286, -0.0230769552290439, 0.374618798494339 , 0.7608544826507568, -0.0127477822825312, 0.4369952082633972, 0.728376030921936 , -0.020986083894968 , 0.4759663045406341, 0.7067312598228455, -0.0272555872797966, 0.5053822994232178, 0.6889376640319824, -0.0299350228160619, 0.3748402297496795, 0.8034411668777466, -0.0137251587584614   , 0.425064742565155 , 0.7831113934516907, -0.0203889533877372, 0.4564921259880066, 0.7652707099914551, -0.0245790723711252, 0.4824513494968414, 0.7494827508926392, -0.0261417273432016,   0.0,   0.0,   0.0,   0.0,   0.0,   0.0,   0.0,   0.0,   0.0,   0.0,   0.0,   0.0,   0.0,   0.0,   0.0,   0.0,   0.0,   0.0,   0.0,   0.0,   0.0,   0.0,   0.0,   0.0,   0.0,   0.0,   0.0,   0.0,   0.0,   0.0,    0.0,    0.0,    0.0,    0.0,    0.0,    0.0,    0.0,    0.0,    0.0,    0.0,    0.0,    0.0,    0.0,    0.0,    0.0,    0.0,    0.0,    0.0,    0.0,    0.0,    0.0,    0.0,    0.0,    0.0,    0.0,    0.0,    0.0,    0.0,    0.0,    0.0,    0.0,    0.0,    0.0, I
0.2635309100151062, 0.816293478012085 , 1.6938547275913154e-07 , 0.2582651972770691, 0.7266628742218018, -0.0097545003518462  , 0.2916092276573181, 0.6649284958839417, -0.0147966034710407, 0.3399172723293304, 0.6370754837989807, -0.01712491735816    , 0.376491516828537 , 0.6180988550186157, -0.0190750639885664  , 0.3500686585903168, 0.6882631182670593, -0.0247524324804544, 0.4192875027656555, 0.654460608959198 , -0.0356816314160823, 0.4578581154346466, 0.635223388671875 , -0.0395909659564495, 0.4870925843715668, 0.6217105388641357, -0.0411314889788627, 0.3667424321174621, 0.733261227607727 , -0.0247340947389602, 0.4364224970340729, 0.6898372769355774, -0.0353761836886405, 0.478573739528656 , 0.6639420390129089, -0.040149450302124 , 0.512423038482666 , 0.6462358236312866, -0.0425208546221256, 0.374471366405487 , 0.7759801149368286, -0.0248176865279674, 0.437339037656784 , 0.7376012802124023, -0.0360259786248207, 0.4762338101863861, 0.7132866978645325, -0.0433775261044502, 0.5059133768081665, 0.6945995688438416, -0.0468164272606372, 0.3772784769535064, 0.8178296089172363, -0.0248253569006919   , 0.4269418120384216, 0.7939031720161438, -0.0349938347935676, 0.4571124017238617, 0.7748890519142151, -0.0404710061848163, 0.4820008277893066, 0.7577168941497803, -0.0426158756017684,   0.0,   0.0,   0.0,   0.0,   0.0,   0.0,   0.0,   0.0,   0.0,   0.0,   0.0,   0.0,   0.0,   0.0,   0.0,   0.0,   0.0,   0.0,   0.0,   0.0,   0.0,   0.0,   0.0,   0.0,   0.0,   0.0,   0.0,   0.0,   0.0,   0.0,    0.0,    0.0,    0.0,    0.0,    0.0,    0.0,    0.0,    0.0,    0.0,    0.0,    0.0,    0.0,    0.0,    0.0,    0.0,    0.0,    0.0,    0.0,    0.0,    0.0,    0.0,    0.0,    0.0,    0.0,    0.0,    0.0,    0.0,    0.0,    0.0,    0.0,    0.0,    0.0,    0.0, I
0.2697855830192566, 0.8293126225471497, 1.009098440363232e-07  , 0.2721053659915924, 0.7376466989517212, -0.0034452558029443  , 0.3095390498638153, 0.6797826886177063, -0.0057156616821885, 0.359862357378006 , 0.6532756686210632, -0.0059702307917177  , 0.3940174281597137, 0.6287069916725159, -0.0059689902700483  , 0.3672352731227875, 0.7032897472381592, -0.0198299586772918, 0.4380878806114197, 0.6738585233688354, -0.0271963346749544, 0.4766252636909485, 0.657852292060852 , -0.0283350739628076, 0.5051209330558777, 0.6466202139854431, -0.0279528256505727, 0.3817038834095001, 0.748199999332428 , -0.0208926144987344, 0.4555113315582275, 0.7096706628799438, -0.029137784615159 , 0.4983161091804504, 0.6871551871299744, -0.0309365279972553, 0.5305995941162109, 0.6716369986534119, -0.0310699325054883, 0.3878699243068695, 0.7899490594863892, -0.0213665384799242, 0.4551306366920471, 0.7552436590194702, -0.029681472107768 , 0.4950280785560608, 0.734171986579895 , -0.0347861386835575, 0.5232904553413391, 0.7162562608718872, -0.0367368347942829, 0.3886989057064056, 0.8300342559814453, -0.0211687553673982   , 0.4412389397621155, 0.8084644079208374, -0.0273442603647708, 0.4730837345123291, 0.790650486946106 , -0.0308370422571897, 0.4984955787658691, 0.7740277647972107, -0.0319390594959259,   0.0,   0.0,   0.0,   0.0,   0.0,   0.0,   0.0,   0.0,   0.0,   0.0,   0.0,   0.0,   0.0,   0.0,   0.0,   0.0,   0.0,   0.0,   0.0,   0.0,   0.0,   0.0,   0.0,   0.0,   0.0,   0.0,   0.0,   0.0,   0.0,   0.0,    0.0,    0.0,    0.0,    0.0,    0.0,    0.0,    0.0,    0.0,    0.0,    0.0,    0.0,    0.0,    0.0,    0.0,    0.0,    0.0,    0.0,    0.0,    0.0,    0.0,    0.0,    0.0,    0.0,    0.0,    0.0,    0.0,    0.0,    0.0,    0.0,    0.0,    0.0,    0.0,    0.0, I
0.2668808698654175, 0.8265684843063354, 1.743534596698737e-07  , 0.2617585062980652, 0.7370440363883972, -0.0068845031782984  , 0.2958741784095764, 0.6775858998298645, -0.0111082820221781, 0.3426465392112732, 0.649025022983551 , -0.0127642313018441  , 0.3771093189716339, 0.623206377029419 , -0.0144046861678361  , 0.3519633114337921, 0.6977680921554565, -0.0259176194667816, 0.4218135774135589, 0.6662650108337402, -0.0360255166888237, 0.4608506262302398, 0.647923469543457 , -0.0383667536079883, 0.4899583756923675, 0.6345047354698181, -0.038698349148035 , 0.3685949444770813, 0.743872344493866 , -0.0267070308327674, 0.4402806162834167, 0.7007901668548584, -0.0383985750377178, 0.482630044221878 , 0.6756097078323364, -0.0423459075391292, 0.5162433981895447, 0.6573005318641663, -0.0436573848128318, 0.3765871524810791, 0.7874682545661926, -0.0269092656672   , 0.4421872496604919, 0.7473272085189819, -0.038588210940361 , 0.4819136559963226, 0.7225677371025085, -0.0447641499340534, 0.5120987892150879, 0.7030048370361328, -0.0469638258218765, 0.3797213733196258, 0.829512357711792 , -0.0265629589557647   , 0.4319117069244385, 0.8023402690887451, -0.0361187197268009, 0.462871253490448 , 0.7811412215232849, -0.0404676124453544, 0.4881820380687713, 0.7615147233009338, -0.041699331253767 ,   0.0,   0.0,   0.0,   0.0,   0.0,   0.0,   0.0,   0.0,   0.0,   0.0,   0.0,   0.0,   0.0,   0.0,   0.0,   0.0,   0.0,   0.0,   0.0,   0.0,   0.0,   0.0,   0.0,   0.0,   0.0,   0.0,   0.0,   0.0,   0.0,   0.0,    0.0,    0.0,    0.0,    0.0,    0.0,    0.0,    0.0,    0.0,    0.0,    0.0,    0.0,    0.0,    0.0,    0.0,    0.0,    0.0,    0.0,    0.0,    0.0,    0.0,    0.0,    0.0,    0.0,    0.0,    0.0,    0.0,    0.0,    0.0,    0.0,    0.0,    0.0,    0.0,    0.0, I
0.2660149037837982, 0.8496915698051453, 1.7181709210944973e-07 , 0.2630026340484619, 0.7610407471656799, -0.0101676331833004  , 0.2988148927688598, 0.7024286985397339, -0.0155472187325358, 0.3460762500762939, 0.6716227531433105, -0.0180792491883039  , 0.3782170712947845, 0.6432785391807556, -0.0207828022539615  , 0.3565282225608825, 0.723961353302002 , -0.0273008681833744, 0.4247247874736786, 0.6949719190597534, -0.038143515586853 , 0.4636821150779724, 0.6791846752166748, -0.0419691540300846, 0.4933977127075195, 0.6673668026924133, -0.043506734073162 , 0.3730568885803222, 0.7714385986328125, -0.026639312505722 , 0.4440356492996216, 0.7321997880935669, -0.0372738726437091, 0.4867934584617615, 0.7089484930038452, -0.0416924282908439, 0.5207687616348267, 0.6927018165588379, -0.0438765846192836, 0.379228413105011 , 0.8164049386978149, -0.0258270036429166, 0.4439588189125061, 0.782730221748352 , -0.0375556871294975, 0.483233779668808 , 0.7607337832450867, -0.0447332262992858, 0.5128313302993774, 0.743682324886322 , -0.0477352067828178, 0.3801642060279846, 0.858863115310669 , -0.0247512850910425   , 0.4343484342098236, 0.8408945798873901, -0.0349179990589618, 0.4664875864982605, 0.8254436254501343, -0.0401538871228694, 0.4931481480598449, 0.8109436631202698, -0.0421094447374343,   0.0,   0.0,   0.0,   0.0,   0.0,   0.0,   0.0,   0.0,   0.0,   0.0,   0.0,   0.0,   0.0,   0.0,   0.0,   0.0,   0.0,   0.0,   0.0,   0.0,   0.0,   0.0,   0.0,   0.0,   0.0,   0.0,   0.0,   0.0,   0.0,   0.0,    0.0,    0.0,    0.0,    0.0,    0.0,    0.0,    0.0,    0.0,    0.0,    0.0,    0.0,    0.0,    0.0,    0.0,    0.0,    0.0,    0.0,    0.0,    0.0,    0.0,    0.0,    0.0,    0.0,    0.0,    0.0,    0.0,    0.0,    0.0,    0.0,    0.0,    0.0,    0.0,    0.0, I
0.2815671563148498, 0.8878766894340515, 4.7830646110469395e-08 , 0.2680974006652832, 0.801296055316925 , -0.0079879602417349  , 0.2914992272853851, 0.7345123291015625, -0.0121315363794565, 0.3337013721466064, 0.6905962228775024, -0.0139113878831267  , 0.3604185283184051, 0.6552072763442993, -0.0155328856781125  , 0.3515531718730926, 0.7392829656600952, -0.0214423686265945, 0.4110839068889618, 0.6819630861282349, -0.0298692286014556, 0.4435008764266968, 0.6503375768661499, -0.0327487662434577, 0.4681505858898163, 0.6279941201210022, -0.0336695499718189, 0.3741728067398071, 0.7762112617492676, -0.0207026209682226, 0.4342465996742248, 0.7134428024291992, -0.0286828726530075, 0.4686804711818695, 0.6759325861930847, -0.0323492884635925, 0.4954184889793396, 0.6500154137611389, -0.0344752259552478, 0.388135552406311 , 0.8142304420471191, -0.0198324862867593, 0.4447636008262634, 0.7588518261909485, -0.0279683414846658, 0.476740300655365 , 0.7238917946815491, -0.034929446876049 , 0.4994236826896667, 0.6972209215164185, -0.0385795906186103, 0.396741509437561 , 0.8526455760002136, -0.018764242529869    , 0.4447843432426452, 0.8156459331512451, -0.024988330900669 , 0.4720259308815002, 0.7909131646156311, -0.0293897036463022, 0.4930422902107239, 0.7704738974571228, -0.0313424617052078,   0.0,   0.0,   0.0,   0.0,   0.0,   0.0,   0.0,   0.0,   0.0,   0.0,   0.0,   0.0,   0.0,   0.0,   0.0,   0.0,   0.0,   0.0,   0.0,   0.0,   0.0,   0.0,   0.0,   0.0,   0.0,   0.0,   0.0,   0.0,   0.0,   0.0,    0.0,    0.0,    0.0,    0.0,    0.0,    0.0,    0.0,    0.0,    0.0,    0.0,    0.0,    0.0,    0.0,    0.0,    0.0,    0.0,    0.0,    0.0,    0.0,    0.0,    0.0,    0.0,    0.0,    0.0,    0.0,    0.0,    0.0,    0.0,    0.0,    0.0,    0.0,    0.0,    0.0, I
0.2796257138252258, 0.8640040755271912, 5.1993705341146785e-08 , 0.2691358625888824, 0.7784268260002136, -0.0059663606807589  , 0.2947804033756256, 0.7116965651512146, -0.0094282580539584, 0.3372458815574646, 0.6701144576072693, -0.0110172443091869  , 0.3656207919120788, 0.6390138864517212, -0.0124973682686686  , 0.3517844974994659, 0.7162673473358154, -0.0205388031899929, 0.4119318127632141, 0.6639024019241333, -0.029500039294362 , 0.4464358985424042, 0.6343382596969604, -0.0323724932968616, 0.4721429646015167, 0.6130926609039307, -0.0334500484168529, 0.3739302456378937, 0.7540081143379211, -0.0214887484908103, 0.4340774714946747, 0.6927776336669922, -0.0301785487681627, 0.4705867767333984, 0.6566117405891418, -0.0335543937981128, 0.4990346133708954, 0.6313859820365906, -0.0353533625602722, 0.3878749907016754, 0.7934103608131409, -0.0222317650914192, 0.4455336928367615, 0.7373454570770264, -0.0314497649669647, 0.4789188206195831, 0.7039908170700073, -0.0374542623758316, 0.5026323795318604, 0.6779003739356995, -0.040072713047266 , 0.3962384164333343, 0.834424614906311 , -0.0226564966142177   , 0.4438879191875458, 0.7985487580299377, -0.0302178375422954, 0.471898466348648 , 0.7743516564369202, -0.0344258919358253, 0.4943807721138   , 0.7536867260932922, -0.0358168259263038,   0.0,   0.0,   0.0,   0.0,   0.0,   0.0,   0.0,   0.0,   0.0,   0.0,   0.0,   0.0,   0.0,   0.0,   0.0,   0.0,   0.0,   0.0,   0.0,   0.0,   0.0,   0.0,   0.0,   0.0,   0.0,   0.0,   0.0,   0.0,   0.0,   0.0,    0.0,    0.0,    0.0,    0.0,    0.0,    0.0,    0.0,    0.0,    0.0,    0.0,    0.0,    0.0,    0.0,    0.0,    0.0,    0.0,    0.0,    0.0,    0.0,    0.0,    0.0,    0.0,    0.0,    0.0,    0.0,    0.0,    0.0,    0.0,    0.0,    0.0,    0.0,    0.0,    0.0, I
0.2760307192802429, 0.8920797109603882, -8.527446482275992e-08 , 0.2623159885406494, 0.8056759238243103, -0.0061304722912609  , 0.2843957543373108, 0.7344150543212891, -0.0092322621494531, 0.3247710168361664, 0.6845442056655884, -0.0104633085429668  , 0.352727860212326 , 0.6476889252662659, -0.0113547565415501  , 0.3438019156455993, 0.7287410497665405, -0.0199808496981859, 0.3978367149829864, 0.6591364741325378, -0.0273376647382974, 0.4275839030742645, 0.6230655908584595, -0.0280405804514884, 0.4497258365154266, 0.597216010093689 , -0.0277383867651224, 0.3703688085079193, 0.7623605132102966, -0.0201909244060516, 0.4243474006652832, 0.685344398021698 , -0.0282201301306486, 0.454406589269638 , 0.6430457830429077, -0.0302290730178356, 0.4760357439517975, 0.6142005324363708, -0.0312943682074546, 0.3880890011787414, 0.7987432479858398, -0.0202907565981149, 0.4398668706417084, 0.7263991832733154, -0.0286134593188762, 0.469518631696701 , 0.6843008399009705, -0.0346757173538208, 0.4890933632850647, 0.6535313129425049, -0.037846527993679 , 0.3996247351169586, 0.83729088306427  , -0.0201597735285758   , 0.4433676600456238, 0.7892833948135376, -0.0258789248764514, 0.4685724377632141, 0.7581667304039001, -0.0301932636648416, 0.487207293510437 , 0.7323547005653381, -0.0324552878737449,   0.0,   0.0,   0.0,   0.0,   0.0,   0.0,   0.0,   0.0,   0.0,   0.0,   0.0,   0.0,   0.0,   0.0,   0.0,   0.0,   0.0,   0.0,   0.0,   0.0,   0.0,   0.0,   0.0,   0.0,   0.0,   0.0,   0.0,   0.0,   0.0,   0.0,    0.0,    0.0,    0.0,    0.0,    0.0,    0.0,    0.0,    0.0,    0.0,    0.0,    0.0,    0.0,    0.0,    0.0,    0.0,    0.0,    0.0,    0.0,    0.0,    0.0,    0.0,    0.0,    0.0,    0.0,    0.0,    0.0,    0.0,    0.0,    0.0,    0.0,    0.0,    0.0,    0.0, I
0.2705011367797851, 0.882876992225647 , -9.206293505314989e-09 , 0.2549496591091156, 0.7966513633728027, -0.0062696733511984  , 0.2750914990901947, 0.723068118095398 , -0.0092290434986352, 0.3145653307437897, 0.6724591851234436, -0.0105326920747756  , 0.3435278832912445, 0.6368284225463867, -0.0113722942769527  , 0.3330071270465851, 0.713313639163971 , -0.0170810539275407, 0.3874291181564331, 0.6462005972862244, -0.0243899431079626, 0.4173332750797272, 0.6104013323783875, -0.0259503982961177, 0.4397260546684265, 0.5849828720092773, -0.0262669865041971, 0.3602224886417389, 0.7472183704376221, -0.0178391896188259, 0.4141870737075805, 0.6717739701271057, -0.0240234807133674, 0.4446151256561279, 0.629385769367218 , -0.0267007891088724, 0.4665140211582184, 0.6004995107650757, -0.0288075786083936, 0.378700703382492 , 0.7836999893188477, -0.0188794191926717, 0.4304603934288025, 0.7124839425086975, -0.0268074981868267, 0.4598436057567596, 0.6694396734237671, -0.0345281288027763, 0.4783997535705566, 0.6369478106498718, -0.0392131432890892, 0.392250120639801 , 0.8220295310020447, -0.0196861140429973   , 0.4374241530895233, 0.7778608798980713, -0.0267732683569192, 0.4630260467529297, 0.7483794689178467, -0.0328072980046272, 0.4819788336753845, 0.7224254012107849, -0.0363659560680389,   0.0,   0.0,   0.0,   0.0,   0.0,   0.0,   0.0,   0.0,   0.0,   0.0,   0.0,   0.0,   0.0,   0.0,   0.0,   0.0,   0.0,   0.0,   0.0,   0.0,   0.0,   0.0,   0.0,   0.0,   0.0,   0.0,   0.0,   0.0,   0.0,   0.0,    0.0,    0.0,    0.0,    0.0,    0.0,    0.0,    0.0,    0.0,    0.0,    0.0,    0.0,    0.0,    0.0,    0.0,    0.0,    0.0,    0.0,    0.0,    0.0,    0.0,    0.0,    0.0,    0.0,    0.0,    0.0,    0.0,    0.0,    0.0,    0.0,    0.0,    0.0,    0.0,    0.0, I
0.2508838772773742, 0.7819299101829529, 3.1839584835324786e-07 , 0.2570637464523315, 0.6936264038085938, -0.0110581144690513  , 0.2992744445800781, 0.6430504322052002, -0.0186047703027725, 0.3476169407367706, 0.6228130459785461, -0.0230768844485282  , 0.3831473290920257, 0.601993203163147 , -0.0280453693121671  , 0.3520234227180481, 0.6754555702209473, -0.031371247023344 , 0.4240759611129761, 0.6779837608337402, -0.0434236750006675, 0.4651839435100555, 0.6813149452209473, -0.0477419719099998, 0.4957642555236816, 0.6840068101882935, -0.0492385812103748, 0.3604965507984161, 0.7266823053359985, -0.0314921364188194, 0.4360832870006561, 0.7216813564300537, -0.041614145040512 , 0.4816858172416687, 0.7201551198959351, -0.0464079156517982, 0.5169381499290466, 0.7197442650794983, -0.0490932129323482, 0.3603572249412536, 0.7729706764221191, -0.0313000567257404, 0.4301225543022156, 0.7663124799728394, -0.0415414236485958, 0.4730387032032013, 0.7632363438606262, -0.0493658334016799, 0.5061729550361633, 0.7604426145553589, -0.053664319217205 , 0.3552256226539612, 0.8147552013397217, -0.0308461058884859   , 0.4103769063949585, 0.8113688826560974, -0.0400731116533279, 0.444020539522171 , 0.8078080415725708, -0.045036070048809 , 0.4721588492393493, 0.8036293387413025, -0.0470706522464752,   0.0,   0.0,   0.0,   0.0,   0.0,   0.0,   0.0,   0.0,   0.0,   0.0,   0.0,   0.0,   0.0,   0.0,   0.0,   0.0,   0.0,   0.0,   0.0,   0.0,   0.0,   0.0,   0.0,   0.0,   0.0,   0.0,   0.0,   0.0,   0.0,   0.0,    0.0,    0.0,    0.0,    0.0,    0.0,    0.0,    0.0,    0.0,    0.0,    0.0,    0.0,    0.0,    0.0,    0.0,    0.0,    0.0,    0.0,    0.0,    0.0,    0.0,    0.0,    0.0,    0.0,    0.0,    0.0,    0.0,    0.0,    0.0,    0.0,    0.0,    0.0,    0.0,    0.0, I
0.283466100692749 , 0.8614996671676636, 2.254987947480913e-07  , 0.27757528424263  , 0.7740197777748108, -0.0151738189160823  , 0.3108403086662292, 0.716857373714447 , -0.0238623321056365, 0.3549120426177978, 0.682452917098999 , -0.0293524805456399  , 0.3859225213527679, 0.6523414850234985, -0.0350689552724361  , 0.3683061301708221, 0.7362714409828186, -0.0312602780759334, 0.4363241791725158, 0.7081523537635803, -0.0442827492952346, 0.4754744470119476, 0.6939701437950134, -0.0498122498393058, 0.5047718286514282, 0.6841892004013062, -0.0522700101137161, 0.3840180039405823, 0.7841393947601318, -0.0291112847626209, 0.4516269564628601, 0.7463641166687012, -0.039655864238739 , 0.4930889904499054, 0.7250083088874817, -0.0450344458222389, 0.5254233479499817, 0.7106249928474426, -0.0482921041548252, 0.3912467956542969, 0.8293933272361755, -0.027336549013853 , 0.455229640007019 , 0.7962504029273987, -0.0384790115058422, 0.4943307936191559, 0.7749183773994446, -0.0462922938168048, 0.5240157842636108, 0.7589209079742432, -0.0503235608339309, 0.3940460979938507, 0.870815098285675 , -0.025849163532257    , 0.4447126090526581, 0.852191686630249 , -0.035544529557228 , 0.4760356247425079, 0.837787926197052 , -0.0410797446966171, 0.5022701621055603, 0.8251728415489197, -0.0435043089091777,   0.0,   0.0,   0.0,   0.0,   0.0,   0.0,   0.0,   0.0,   0.0,   0.0,   0.0,   0.0,   0.0,   0.0,   0.0,   0.0,   0.0,   0.0,   0.0,   0.0,   0.0,   0.0,   0.0,   0.0,   0.0,   0.0,   0.0,   0.0,   0.0,   0.0,    0.0,    0.0,    0.0,    0.0,    0.0,    0.0,    0.0,    0.0,    0.0,    0.0,    0.0,    0.0,    0.0,    0.0,    0.0,    0.0,    0.0,    0.0,    0.0,    0.0,    0.0,    0.0,    0.0,    0.0,    0.0,    0.0,    0.0,    0.0,    0.0,    0.0,    0.0,    0.0,    0.0, I
0.2680763304233551, 0.819516658782959 , 8.304193954700169e-08  , 0.2645096480846405, 0.7323492169380188, -0.0041416059248149  , 0.295461356639862 , 0.6684624552726746, -0.0065716230310499, 0.3395337164402008, 0.6312472820281982, -0.0073223789222538  , 0.368409126996994 , 0.602457582950592 , -0.0078815063461661  , 0.353716492652893 , 0.6813762784004211, -0.0190438255667686, 0.419882208108902 , 0.6402904391288757, -0.027008656412363 , 0.456589788198471 , 0.6201061010360718, -0.0291249398142099, 0.4839152991771698, 0.6071449518203735, -0.0293585434556007, 0.3722931444644928, 0.7226168513298035, -0.0196883864700794, 0.4410178065299988, 0.6747546195983887, -0.0265631079673767, 0.4806565046310425, 0.6480026245117188, -0.028570394963026 , 0.5104182958602905, 0.6309559941291809, -0.0293672755360603, 0.3823263943195343, 0.764643669128418 , -0.0199447516351938, 0.445856511592865 , 0.7208069562911987, -0.027204168960452 , 0.4822315275669098, 0.6939094662666321, -0.0327864177525043, 0.5068662166595459, 0.6729971170425415, -0.0353514030575752, 0.3866353332996368, 0.8069992661476135, -0.0197339002043008   , 0.4377286732196808, 0.7809817790985107, -0.0255460683256387, 0.4668787717819214, 0.7598861455917358, -0.0293220523744821, 0.4887575209140777, 0.7400639653205872, -0.0306311417371034,   0.0,   0.0,   0.0,   0.0,   0.0,   0.0,   0.0,   0.0,   0.0,   0.0,   0.0,   0.0,   0.0,   0.0,   0.0,   0.0,   0.0,   0.0,   0.0,   0.0,   0.0,   0.0,   0.0,   0.0,   0.0,   0.0,   0.0,   0.0,   0.0,   0.0,    0.0,    0.0,    0.0,    0.0,    0.0,    0.0,    0.0,    0.0,    0.0,    0.0,    0.0,    0.0,    0.0,    0.0,    0.0,    0.0,    0.0,    0.0,    0.0,    0.0,    0.0,    0.0,    0.0,    0.0,    0.0,    0.0,    0.0,    0.0,    0.0,    0.0,    0.0,    0.0,    0.0, I
0.2641167342662811, 0.7731590270996094, 9.396210032264209e-08  , 0.2561163902282715, 0.6909909844398499, -0.0023536996450275  , 0.2830201387405395, 0.6295629143714905, -0.0054008183069527, 0.323319524526596 , 0.5935437679290771, -0.0072281868197023  , 0.3499054610729217, 0.5641169548034668, -0.0097550516948103  , 0.338254451751709 , 0.6318991780281067, -0.0234589856117963, 0.4038414061069488, 0.5919730067253113, -0.0339316576719284, 0.4422160387039184, 0.5715075135231018, -0.0359480045735836, 0.4702742099761963, 0.5582472085952759, -0.0358412899076938, 0.3576292097568512, 0.6729012131690979, -0.026430333033204 , 0.4248649179935455, 0.6228224039077759, -0.0375565662980079, 0.4642469882965088, 0.5943466424942017, -0.0403342917561531, 0.4955118298530578, 0.575011670589447 , -0.0407039187848567, 0.368931770324707 , 0.7149138450622559, -0.0285894237458705, 0.4309439063072204, 0.6690453886985779, -0.0399023406207561, 0.4679783880710602, 0.640463650226593 , -0.045724831521511 , 0.4960184395313263, 0.6174085736274719, -0.047485813498497 , 0.3735715746879577, 0.7570184469223022, -0.0298508796840906   , 0.4249748289585113, 0.7246479392051697, -0.0392779447138309, 0.4543047249317169, 0.7024354338645935, -0.0436019301414489, 0.4779582619667053, 0.6814855933189392, -0.0445882976055145,   0.0,   0.0,   0.0,   0.0,   0.0,   0.0,   0.0,   0.0,   0.0,   0.0,   0.0,   0.0,   0.0,   0.0,   0.0,   0.0,   0.0,   0.0,   0.0,   0.0,   0.0,   0.0,   0.0,   0.0,   0.0,   0.0,   0.0,   0.0,   0.0,   0.0,    0.0,    0.0,    0.0,    0.0,    0.0,    0.0,    0.0,    0.0,    0.0,    0.0,    0.0,    0.0,    0.0,    0.0,    0.0,    0.0,    0.0,    0.0,    0.0,    0.0,    0.0,    0.0,    0.0,    0.0,    0.0,    0.0,    0.0,    0.0,    0.0,    0.0,    0.0,    0.0,    0.0, I
0.2669190764427185, 0.8079889416694641, 1.195250263208436e-07  , 0.2606671452522278, 0.7209033966064453, -0.0026866996195167  , 0.2892329096794128, 0.6571010947227478, -0.0055689075961709, 0.333625853061676 , 0.6179867386817932, -0.0066590472124516  , 0.3643955886363983, 0.5872155427932739, -0.0074247885495424  , 0.344266265630722 , 0.6664301156997681, -0.0203060563653707, 0.4100524187088012, 0.6262680888175964, -0.0276182312518358, 0.4463257491588592, 0.6040630340576172, -0.0278398934751749, 0.4729902744293213, 0.5887883305549622, -0.0265625696629285, 0.3651357889175415, 0.7083115577697754, -0.0217973347753286, 0.4338799118995666, 0.6579196453094482, -0.0305289532989263, 0.4736566543579101, 0.6287189722061157, -0.031540498137474 , 0.5036529302597046, 0.6082954406738281, -0.0306117832660675, 0.3770990669727325, 0.7499679923057556, -0.0224453676491975, 0.4389563798904419, 0.7039070725440979, -0.0307970773428678, 0.4762327373027801, 0.6758012771606445, -0.0350098125636577, 0.5023574233055115, 0.6521747708320618, -0.0358565710484981, 0.3823571801185608, 0.7909023761749268, -0.0222644414752721   , 0.4332243204116821, 0.7596362233161926, -0.0274221822619438, 0.4621297717094421, 0.7370606064796448, -0.0293517354875803, 0.4836894869804382, 0.7155801653862   , -0.0290246754884719,   0.0,   0.0,   0.0,   0.0,   0.0,   0.0,   0.0,   0.0,   0.0,   0.0,   0.0,   0.0,   0.0,   0.0,   0.0,   0.0,   0.0,   0.0,   0.0,   0.0,   0.0,   0.0,   0.0,   0.0,   0.0,   0.0,   0.0,   0.0,   0.0,   0.0,    0.0,    0.0,    0.0,    0.0,    0.0,    0.0,    0.0,    0.0,    0.0,    0.0,    0.0,    0.0,    0.0,    0.0,    0.0,    0.0,    0.0,    0.0,    0.0,    0.0,    0.0,    0.0,    0.0,    0.0,    0.0,    0.0,    0.0,    0.0,    0.0,    0.0,    0.0,    0.0,    0.0, I
0.2594388127326965, 0.8518931865692139, 8.923309735564544e-08  , 0.2498452812433242, 0.7656217813491821, -0.0034059307072311  , 0.2792374193668365, 0.6988323926925659, -0.0045017399825155, 0.3235257565975189, 0.6576608419418335, -0.0031304706353694  , 0.3516164124011993, 0.6238269805908203, -0.0014488268643617  , 0.3339128494262695, 0.7032300233840942, -0.0188255701214075, 0.3988607823848724, 0.6542609930038452, -0.0236228238791227, 0.4338131546974182, 0.6278992891311646, -0.0232694055885076, 0.4604620337486267, 0.609466552734375 , -0.0221332814544439, 0.3551928699016571, 0.7418925762176514, -0.0183479115366935, 0.4202125370502472, 0.6839847564697266, -0.0229488648474216, 0.4585541486740112, 0.6504889130592346, -0.0236751344054937, 0.4887204170227051, 0.6275988817214966, -0.0239138919860124, 0.3682805895805359, 0.7810970544815063, -0.0170657206326723, 0.4279259741306305, 0.7274543642997742, -0.0215648990124464, 0.4631843268871307, 0.6958714723587036, -0.026507144793868 , 0.4879314303398132, 0.6706504821777344, -0.0291373692452907, 0.376498818397522 , 0.8206540942192078, -0.0151393944397568   , 0.4261185526847839, 0.7850986123085022, -0.0185450110584497, 0.4538727402687073, 0.7599009275436401, -0.0215987917035818, 0.4745311737060547, 0.7369863390922546, -0.0228365175426006,   0.0,   0.0,   0.0,   0.0,   0.0,   0.0,   0.0,   0.0,   0.0,   0.0,   0.0,   0.0,   0.0,   0.0,   0.0,   0.0,   0.0,   0.0,   0.0,   0.0,   0.0,   0.0,   0.0,   0.0,   0.0,   0.0,   0.0,   0.0,   0.0,   0.0,    0.0,    0.0,    0.0,    0.0,    0.0,    0.0,    0.0,    0.0,    0.0,    0.0,    0.0,    0.0,    0.0,    0.0,    0.0,    0.0,    0.0,    0.0,    0.0,    0.0,    0.0,    0.0,    0.0,    0.0,    0.0,    0.0,    0.0,    0.0,    0.0,    0.0,    0.0,    0.0,    0.0, I
0.2184596955776214, 0.8367041945457458, 7.919429378944187e-08  , 0.211540549993515 , 0.7537438869476318, -0.0070347343571484  , 0.2407641410827636, 0.6877375841140747, -0.012208997271955 , 0.2841217517852783, 0.6478492617607117, -0.0157756675034761  , 0.3174224197864532, 0.6201170086860657, -0.0188381150364875  , 0.2932380735874176, 0.6932873129844666, -0.0224704146385192, 0.3591667413711548, 0.6479992866516113, -0.0335047282278537, 0.3954381942749023, 0.6235275268554688, -0.0370736382901668, 0.4222940802574157, 0.6057249307632446, -0.0380498729646205, 0.3131729364395141, 0.7332674860954285, -0.0238105356693267, 0.3790677189826965, 0.6807279586791992, -0.0329184904694557, 0.418265163898468 , 0.6477077007293701, -0.0365187786519527, 0.4485006630420685, 0.6234568357467651, -0.0384426601231098, 0.3262157440185547, 0.7730143070220947, -0.0250980574637651, 0.3867404162883758, 0.7235170602798462, -0.0334208980202674, 0.4230985641479492, 0.6934075951576233, -0.0387302935123443, 0.4488565623760223, 0.6691849827766418, -0.0412396192550659, 0.3346956670284271, 0.8118927478790283, -0.0263879522681236   , 0.3832393884658813, 0.7793225049972534, -0.0330164730548858, 0.4123399555683136, 0.7560442686080933, -0.0365613065659999, 0.4350709915161133, 0.7347569465637207, -0.0376125201582908,   0.0,   0.0,   0.0,   0.0,   0.0,   0.0,   0.0,   0.0,   0.0,   0.0,   0.0,   0.0,   0.0,   0.0,   0.0,   0.0,   0.0,   0.0,   0.0,   0.0,   0.0,   0.0,   0.0,   0.0,   0.0,   0.0,   0.0,   0.0,   0.0,   0.0,    0.0,    0.0,    0.0,    0.0,    0.0,    0.0,    0.0,    0.0,    0.0,    0.0,    0.0,    0.0,    0.0,    0.0,    0.0,    0.0,    0.0,    0.0,    0.0,    0.0,    0.0,    0.0,    0.0,    0.0,    0.0,    0.0,    0.0,    0.0,    0.0,    0.0,    0.0,    0.0,    0.0, I
0.1761385053396225, 0.8192452788352966, 1.0890645540939661e-07 , 0.1777198314666748, 0.7398467063903809, -0.0050799692980945  , 0.2092115730047226, 0.6757103800773621, -0.010328727774322 , 0.2502636909484863, 0.6336076259613037, -0.0150332059711217  , 0.2848444879055023, 0.6062957644462585, -0.0191906560212373  , 0.2562643885612488, 0.6754145622253418, -0.0205225404351949, 0.3231825232505798, 0.6297749876976013, -0.0328913293778896, 0.3605481386184692, 0.6059393286705017, -0.0367911607027053, 0.387734591960907 , 0.5882960557937622, -0.0378771759569644, 0.2752232551574707, 0.7143011689186096, -0.0241681858897209, 0.3426534533500671, 0.6592350006103516, -0.0352078005671501, 0.382686048746109 , 0.6275823712348938, -0.0394748002290725, 0.4124920666217804, 0.6036009192466736, -0.0416574515402317, 0.2879286110401153, 0.7559927105903625, -0.0279121026396751, 0.3502575159072876, 0.7011865377426147, -0.0383007265627384, 0.3857591152191162, 0.6708683371543884, -0.0438829138875007, 0.4097341299057007, 0.6465160250663757, -0.0462963618338108, 0.2960855960845947, 0.7979912757873535, -0.0315393768250942   , 0.3455875813961029, 0.7637878656387329, -0.0402046106755733, 0.3751215636730194, 0.7412239909172058, -0.0445163957774639, 0.39761483669281  , 0.7216476202011108, -0.0458623729646205,   0.0,   0.0,   0.0,   0.0,   0.0,   0.0,   0.0,   0.0,   0.0,   0.0,   0.0,   0.0,   0.0,   0.0,   0.0,   0.0,   0.0,   0.0,   0.0,   0.0,   0.0,   0.0,   0.0,   0.0,   0.0,   0.0,   0.0,   0.0,   0.0,   0.0,    0.0,    0.0,    0.0,    0.0,    0.0,    0.0,    0.0,    0.0,    0.0,    0.0,    0.0,    0.0,    0.0,    0.0,    0.0,    0.0,    0.0,    0.0,    0.0,    0.0,    0.0,    0.0,    0.0,    0.0,    0.0,    0.0,    0.0,    0.0,    0.0,    0.0,    0.0,    0.0,    0.0, I
0.2975022494792938, 0.8270696401596069, 8.228455694592184e-10  , 0.287678599357605 , 0.7437527775764465, -0.0023241194430738  , 0.3146708607673645, 0.6792408227920532, -0.0035013838205486, 0.3565051555633545, 0.6363354921340942, -0.00304925465025    , 0.3817314207553863, 0.6027371287345886, -0.0022499177139252  , 0.3687781393527984, 0.6778143644332886, -0.0173499286174774, 0.4282597601413727, 0.6213379502296448, -0.0239916257560253, 0.4603930413722992, 0.5916585922241211, -0.024145059287548 , 0.4840610921382904, 0.5712544918060303, -0.0233317725360393, 0.3909429609775543, 0.7146294713020325, -0.0185167659074068, 0.4502702355384826, 0.6480205655097961, -0.0264180339872837, 0.4834277927875519, 0.6116528511047363, -0.0283203609287738, 0.508852481842041 , 0.5864638686180115, -0.0288549978286027, 0.4052095115184784, 0.7544109225273132, -0.0190688930451869, 0.4620961844921112, 0.6934093832969666, -0.0281354151666164, 0.4930306077003479, 0.6566274166107178, -0.0339416451752185, 0.5138365030288696, 0.6278907656669617, -0.0360862500965595, 0.4142466485500335, 0.796423077583313 , -0.0187933072447776   , 0.4626923501491546, 0.7593171000480652, -0.0264210645109415, 0.4903449416160583, 0.7319889068603516, -0.0313857160508632, 0.5107458233833313, 0.7074235081672668, -0.0332248471677303,   0.0,   0.0,   0.0,   0.0,   0.0,   0.0,   0.0,   0.0,   0.0,   0.0,   0.0,   0.0,   0.0,   0.0,   0.0,   0.0,   0.0,   0.0,   0.0,   0.0,   0.0,   0.0,   0.0,   0.0,   0.0,   0.0,   0.0,   0.0,   0.0,   0.0,    0.0,    0.0,    0.0,    0.0,    0.0,    0.0,    0.0,    0.0,    0.0,    0.0,    0.0,    0.0,    0.0,    0.0,    0.0,    0.0,    0.0,    0.0,    0.0,    0.0,    0.0,    0.0,    0.0,    0.0,    0.0,    0.0,    0.0,    0.0,    0.0,    0.0,    0.0,    0.0,    0.0, I
0.3715500831604004, 0.8218214511871338, -6.368196636685752e-08 , 0.3624003529548645, 0.7378379702568054, -0.0018706331029534  , 0.3901246786117553, 0.6742923259735107, -0.0012476306874305, 0.4314939379692077, 0.6335603594779968, 0.0009136088774539   , 0.4595092535018921, 0.6079651117324829, 0.003622658085078    , 0.4437187314033508, 0.6753526926040649, -0.0105613758787512, 0.4986018538475036, 0.6281121373176575, -0.0146735403686761, 0.5296566486358643, 0.6027921438217163, -0.0140975695103406, 0.5517025589942932, 0.5857291221618652, -0.0128885935992002, 0.4667045474052429, 0.7133314609527588, -0.0106153935194015, 0.5221807360649109, 0.656279981136322 , -0.0147473607212305, 0.5542889833450317, 0.6256272196769714, -0.0153360022231936, 0.5775973200798035, 0.6056686639785767, -0.0151685513556003, 0.4822163581848144, 0.7529882192611694, -0.0103938141837716, 0.5334022045135498, 0.6980475783348083, -0.0150640374049544, 0.563721239566803 , 0.6662321090698242, -0.0192357841879129, 0.5844061374664307, 0.6426326632499695, -0.0207629632204771, 0.4911944270133972, 0.7946915030479431, -0.0096436971798539   , 0.5344169735908508, 0.7583228349685669, -0.0109818996861577, 0.5591769814491272, 0.7364449501037598, -0.0123559515923261, 0.5775285959243774, 0.719066858291626 , -0.0123809091746807,   0.0,   0.0,   0.0,   0.0,   0.0,   0.0,   0.0,   0.0,   0.0,   0.0,   0.0,   0.0,   0.0,   0.0,   0.0,   0.0,   0.0,   0.0,   0.0,   0.0,   0.0,   0.0,   0.0,   0.0,   0.0,   0.0,   0.0,   0.0,   0.0,   0.0,    0.0,    0.0,    0.0,    0.0,    0.0,    0.0,    0.0,    0.0,    0.0,    0.0,    0.0,    0.0,    0.0,    0.0,    0.0,    0.0,    0.0,    0.0,    0.0,    0.0,    0.0,    0.0,    0.0,    0.0,    0.0,    0.0,    0.0,    0.0,    0.0,    0.0,    0.0,    0.0,    0.0, I
0.3237345814704895, 0.8623496294021606, 7.385239797486065e-08  , 0.3187519311904907, 0.7800735831260681, -0.004867410287261   , 0.3497719764709472, 0.7200672030448914, -0.0077695208601653, 0.3941306471824646, 0.684072732925415 , -0.0084491707384586  , 0.4251332879066467, 0.6565138697624207, -0.0086842775344848  , 0.4024038910865783, 0.7308757901191711, -0.0217290949076414, 0.4673969447612762, 0.6935232877731323, -0.0280888900160789, 0.5034804940223694, 0.6715547442436218, -0.0271678399294614, 0.5294834971427917, 0.6557363271713257, -0.0255402047187089, 0.4205130636692047, 0.7725752592086792, -0.0217820741236209, 0.4857620000839233, 0.724130392074585 , -0.0293732061982154, 0.5225839018821716, 0.6956377029418945, -0.0299153737723827, 0.5514039397239685, 0.6759936809539795, -0.0293240919709205, 0.4307556450366974, 0.813091516494751 , -0.0211257562041282, 0.4927555322647095, 0.7682915329933167, -0.0290428344160318, 0.5276281833648682, 0.7417472004890442, -0.0322020687162876, 0.5530383586883545, 0.7197333574295044, -0.0326411761343479, 0.4348991513252258, 0.8525752425193787, -0.019869364798069    , 0.4839310050010681, 0.825920820236206 , -0.0249145179986953, 0.5120739340782166, 0.807515025138855 , -0.0267717838287353, 0.5340051054954529, 0.7903607487678528, -0.0266291014850139,   0.0,   0.0,   0.0,   0.0,   0.0,   0.0,   0.0,   0.0,   0.0,   0.0,   0.0,   0.0,   0.0,   0.0,   0.0,   0.0,   0.0,   0.0,   0.0,   0.0,   0.0,   0.0,   0.0,   0.0,   0.0,   0.0,   0.0,   0.0,   0.0,   0.0,    0.0,    0.0,    0.0,    0.0,    0.0,    0.0,    0.0,    0.0,    0.0,    0.0,    0.0,    0.0,    0.0,    0.0,    0.0,    0.0,    0.0,    0.0,    0.0,    0.0,    0.0,    0.0,    0.0,    0.0,    0.0,    0.0,    0.0,    0.0,    0.0,    0.0,    0.0,    0.0,    0.0, I
0.2593410611152649, 0.8098855018615723, -3.0190189903578364e-08, 0.2516224384307861, 0.7254071831703186, -0.0015966446371749  , 0.2808538377285003, 0.660239577293396 , -0.0013207951560616, 0.323970228433609 , 0.6212878823280334, 5.134841921972111e-05, 0.355224609375    , 0.5959857106208801, 0.0018753834301605   , 0.3337037563323974, 0.6634669899940491, -0.0114757670089602, 0.3922072947025299, 0.6139602661132812, -0.0160064548254013, 0.4239532947540283, 0.5865826606750488, -0.0157158691436052, 0.4469209909439087, 0.5679806470870972, -0.0148854218423366, 0.3557632267475128, 0.6994758248329163, -0.0127952601760625, 0.4150101244449615, 0.6410420536994934, -0.0174245033413171, 0.4481071829795837, 0.6082543730735779, -0.0185402687638998, 0.4720353782176971, 0.5864944458007812, -0.0190844871103763, 0.369338184595108 , 0.7362060546875   , -0.0138692138716578, 0.4253664016723633, 0.6838139891624451, -0.0194736383855342, 0.4572126865386963, 0.6525278091430664, -0.0251110903918743, 0.478673368692398 , 0.6277450919151306, -0.0281727481633424, 0.3765489757061004, 0.7736831307411194, -0.0143364099785685   , 0.4207012355327606, 0.7396870851516724, -0.018270218744874 , 0.4461146891117096, 0.715747594833374 , -0.0219320282340049, 0.4647393226623535, 0.6940068602561951, -0.0237418916076421,   0.0,   0.0,   0.0,   0.0,   0.0,   0.0,   0.0,   0.0,   0.0,   0.0,   0.0,   0.0,   0.0,   0.0,   0.0,   0.0,   0.0,   0.0,   0.0,   0.0,   0.0,   0.0,   0.0,   0.0,   0.0,   0.0,   0.0,   0.0,   0.0,   0.0,    0.0,    0.0,    0.0,    0.0,    0.0,    0.0,    0.0,    0.0,    0.0,    0.0,    0.0,    0.0,    0.0,    0.0,    0.0,    0.0,    0.0,    0.0,    0.0,    0.0,    0.0,    0.0,    0.0,    0.0,    0.0,    0.0,    0.0,    0.0,    0.0,    0.0,    0.0,    0.0,    0.0, I
0.3453259766101837, 0.797440767288208 , -3.5447648372155534e-08, 0.3378359973430633, 0.716402530670166 , -0.0050297901034355  , 0.3627524375915527, 0.653295636177063 , -0.0079850619658827, 0.4030317068099975, 0.6132185459136963, -0.0096057429909706  , 0.4322760999202728, 0.5864943265914917, -0.0109448423609137  , 0.4155821800231933, 0.6575413346290588, -0.0177890956401824, 0.4739580154418945, 0.6086702942848206, -0.0259245783090591, 0.5060596466064453, 0.5821629762649536, -0.0278518069535493, 0.5294039845466614, 0.5637655258178711, -0.0281944032758474, 0.4375301599502563, 0.6931777000427246, -0.0184229891747236, 0.4954960346221924, 0.6357027888298035, -0.0256496220827102, 0.5280437469482422, 0.6047685742378235, -0.0278746020048856, 0.5513548254966736, 0.5840286612510681, -0.0290758907794952, 0.4524452090263366, 0.7306857705116272, -0.0190050024539232, 0.5067685842514038, 0.6767020225524902, -0.0261112693697214, 0.5377647280693054, 0.6457989811897278, -0.0311790369451046, 0.5593246817588806, 0.622236430644989 , -0.0336881056427955, 0.4624137878417969, 0.769196629524231 , -0.0194066260010004   , 0.5071460008621216, 0.7335004210472107, -0.0243213959038257, 0.5326860547065735, 0.7112417221069336, -0.0276409145444631, 0.5524982213973999, 0.6931334733963013, -0.0290014203637838,   0.0,   0.0,   0.0,   0.0,   0.0,   0.0,   0.0,   0.0,   0.0,   0.0,   0.0,   0.0,   0.0,   0.0,   0.0,   0.0,   0.0,   0.0,   0.0,   0.0,   0.0,   0.0,   0.0,   0.0,   0.0,   0.0,   0.0,   0.0,   0.0,   0.0,    0.0,    0.0,    0.0,    0.0,    0.0,    0.0,    0.0,    0.0,    0.0,    0.0,    0.0,    0.0,    0.0,    0.0,    0.0,    0.0,    0.0,    0.0,    0.0,    0.0,    0.0,    0.0,    0.0,    0.0,    0.0,    0.0,    0.0,    0.0,    0.0,    0.0,    0.0,    0.0,    0.0, I
0.3544459342956543, 0.8551211953163147, 1.867508103714499e-08  , 0.3516794145107269, 0.7733644247055054, -0.0089863324537873  , 0.381401777267456 , 0.7142465114593506, -0.0146122155711054, 0.4240469336509704, 0.6815636157989502, -0.018158109858632   , 0.454444944858551 , 0.6587747931480408, -0.0215934235602617  , 0.4318301379680633, 0.7278943061828613, -0.0248423740267753, 0.4949034452438354, 0.6893042922019958, -0.0352976135909557, 0.5296986103057861, 0.6685092449188232, -0.0386533364653587, 0.5551810264587402, 0.6538666486740112, -0.0399365276098251, 0.4502514898777008, 0.769978940486908 , -0.024751529097557 , 0.5132749676704407, 0.7221714854240417, -0.0338086038827896, 0.5498168468475342, 0.6937130093574524, -0.0379086844623088, 0.5775002837181091, 0.6737762093544006, -0.0404179282486438, 0.4611672759056091, 0.8113462924957275, -0.0245422460138797, 0.520089864730835 , 0.7672131657600403, -0.0334262959659099, 0.5537717342376709, 0.7397057414054871, -0.0393719896674156, 0.5780991315841675, 0.7176843285560608, -0.042403507977724 , 0.4666298031806946, 0.8518232703208923, -0.0243169851601123   , 0.5124675035476685, 0.8252890706062317, -0.0312914550304412, 0.5396780371665955, 0.8063872456550598, -0.0351393707096576, 0.56123948097229  , 0.7892055511474609, -0.0365904159843921,   0.0,   0.0,   0.0,   0.0,   0.0,   0.0,   0.0,   0.0,   0.0,   0.0,   0.0,   0.0,   0.0,   0.0,   0.0,   0.0,   0.0,   0.0,   0.0,   0.0,   0.0,   0.0,   0.0,   0.0,   0.0,   0.0,   0.0,   0.0,   0.0,   0.0,    0.0,    0.0,    0.0,    0.0,    0.0,    0.0,    0.0,    0.0,    0.0,    0.0,    0.0,    0.0,    0.0,    0.0,    0.0,    0.0,    0.0,    0.0,    0.0,    0.0,    0.0,    0.0,    0.0,    0.0,    0.0,    0.0,    0.0,    0.0,    0.0,    0.0,    0.0,    0.0,    0.0, I
0.3260282278060913, 0.9277106523513794, 5.535755676078225e-08  , 0.3314580023288727, 0.8433899879455566, -0.0064743026159703  , 0.3670275509357452, 0.7853276133537292, -0.0112889511510729, 0.4130284190177917, 0.7499524354934692, -0.0140363816171884  , 0.4452283084392547, 0.7216735482215881, -0.0161178186535835  , 0.4249035716056824, 0.803064227104187 , -0.0214439332485198, 0.4909132719039917, 0.768769383430481 , -0.0307376366108655, 0.5280689001083374, 0.7507511973381042, -0.033094584941864 , 0.554436981678009 , 0.7378766536712646, -0.0332034155726432, 0.4415988326072693, 0.8465890288352966, -0.0214705504477024, 0.5112364292144775, 0.8059385418891907, -0.0299625918269157, 0.549260675907135 , 0.7812519073486328, -0.0311220772564411, 0.5769418478012085, 0.7630162239074707, -0.0306852292269468, 0.44903165102005  , 0.8876104950904846, -0.0212724469602108, 0.5139551162719727, 0.8495274782180786, -0.0296677164733409, 0.5489319562911987, 0.8256564140319824, -0.0326515510678291, 0.5719448328018188, 0.8051844835281372, -0.0328911133110523, 0.4494994878768921, 0.9251852631568908, -0.0208551064133644   , 0.5007529258728027, 0.9029910564422609, -0.0260819774121046, 0.530411422252655 , 0.8873350024223328, -0.0275913178920745, 0.5526636242866516, 0.873261034488678 , -0.0270165260881185,   0.0,   0.0,   0.0,   0.0,   0.0,   0.0,   0.0,   0.0,   0.0,   0.0,   0.0,   0.0,   0.0,   0.0,   0.0,   0.0,   0.0,   0.0,   0.0,   0.0,   0.0,   0.0,   0.0,   0.0,   0.0,   0.0,   0.0,   0.0,   0.0,   0.0,    0.0,    0.0,    0.0,    0.0,    0.0,    0.0,    0.0,    0.0,    0.0,    0.0,    0.0,    0.0,    0.0,    0.0,    0.0,    0.0,    0.0,    0.0,    0.0,    0.0,    0.0,    0.0,    0.0,    0.0,    0.0,    0.0,    0.0,    0.0,    0.0,    0.0,    0.0,    0.0,    0.0, I
0.2994834184646606, 0.8959173560142517, 9.79988783456065e-08   , 0.3005327880382538, 0.8097421526908875, -0.0059531810693442  , 0.3354293704032898, 0.7514302134513855, -0.0097391651943326, 0.3822792470455169, 0.7193931937217712, -0.0115118669345974  , 0.4152864813804626, 0.6948065757751465, -0.0128780025988817  , 0.390826940536499 , 0.7703191637992859, -0.0198020357638597, 0.4572096467018127, 0.7391477227210999, -0.0289802011102437, 0.4944080710411072, 0.7210060954093933, -0.0318369641900062, 0.5217030644416809, 0.7077487707138062, -0.0325170308351516, 0.4063478708267212, 0.8131757974624634, -0.0206750612705945, 0.474556028842926 , 0.774695634841919 , -0.0290306638926267, 0.5145950317382812, 0.7499217987060547, -0.0319448560476303, 0.5443962812423706, 0.7316461801528931, -0.0330843590199947, 0.413004994392395 , 0.8538914322853088, -0.0213610287755727, 0.4767285883426666, 0.8191046714782715, -0.0296283178031444, 0.5136681199073792, 0.7976977229118347, -0.0344968028366565, 0.5397056341171265, 0.7792044878005981, -0.036424059420824 , 0.41415935754776  , 0.892448365688324 , -0.0217721797525882   , 0.4645390808582306, 0.8729196786880493, -0.0279021393507719, 0.4948233664035797, 0.8567914962768555, -0.0308311283588409, 0.518254280090332 , 0.8418934345245361, -0.0314615629613399,   0.0,   0.0,   0.0,   0.0,   0.0,   0.0,   0.0,   0.0,   0.0,   0.0,   0.0,   0.0,   0.0,   0.0,   0.0,   0.0,   0.0,   0.0,   0.0,   0.0,   0.0,   0.0,   0.0,   0.0,   0.0,   0.0,   0.0,   0.0,   0.0,   0.0,    0.0,    0.0,    0.0,    0.0,    0.0,    0.0,    0.0,    0.0,    0.0,    0.0,    0.0,    0.0,    0.0,    0.0,    0.0,    0.0,    0.0,    0.0,    0.0,    0.0,    0.0,    0.0,    0.0,    0.0,    0.0,    0.0,    0.0,    0.0,    0.0,    0.0,    0.0,    0.0,    0.0, I
0.2673675417900085, 0.8493910431861877, 1.2711309693713704e-07 , 0.2640863060951233, 0.7630569338798523, -0.0053204675205051  , 0.2949057817459106, 0.7027764916419983, -0.0092137223109602, 0.3386573195457458, 0.6688486933708191, -0.0108310291543602  , 0.3683880865573883, 0.6407912969589233, -0.0123889222741127  , 0.3505892753601074, 0.717797040939331 , -0.0238571371883153, 0.4172098636627197, 0.6799052357673645, -0.0323979556560516, 0.4535182118415832, 0.6598966717720032, -0.034380167722702 , 0.4802748262882232, 0.6461806297302246, -0.0344633944332599, 0.367036372423172 , 0.7606896162033081, -0.0242185983806848, 0.4343875646591186, 0.7128010988235474, -0.0323137305676937, 0.4732537269592285, 0.6855502724647522, -0.0345733724534511, 0.5032551288604736, 0.6670130491256714, -0.0354753471910953, 0.3757264912128448, 0.8013270497322083, -0.0239136032760143, 0.4380928575992584, 0.7562265992164612, -0.0320522300899028, 0.474457323551178 , 0.7296180725097656, -0.0372748300433158, 0.5002570748329163, 0.7089889049530029, -0.0397179722785949, 0.379708468914032 , 0.8398865461349487, -0.0230700131505727   , 0.4283561706542969, 0.8113387227058411, -0.0295646879822015, 0.4579023420810699, 0.7905713319778442, -0.0333681181073188, 0.4819366633892059, 0.7723714709281921, -0.0348405018448829,   0.0,   0.0,   0.0,   0.0,   0.0,   0.0,   0.0,   0.0,   0.0,   0.0,   0.0,   0.0,   0.0,   0.0,   0.0,   0.0,   0.0,   0.0,   0.0,   0.0,   0.0,   0.0,   0.0,   0.0,   0.0,   0.0,   0.0,   0.0,   0.0,   0.0,    0.0,    0.0,    0.0,    0.0,    0.0,    0.0,    0.0,    0.0,    0.0,    0.0,    0.0,    0.0,    0.0,    0.0,    0.0,    0.0,    0.0,    0.0,    0.0,    0.0,    0.0,    0.0,    0.0,    0.0,    0.0,    0.0,    0.0,    0.0,    0.0,    0.0,    0.0,    0.0,    0.0, I
0.2303967326879501, 0.8089247941970825, -1.7481688985299115e-08, 0.2278234958648681, 0.721235990524292 , -0.0046911430545151  , 0.2589080929756164, 0.655697762966156 , -0.0071214507333934, 0.3060030937194824, 0.6183456182479858, -0.0086412727832794  , 0.3401449620723724, 0.5937018394470215, -0.009171487763524   , 0.3164395689964294, 0.6639075875282288, -0.0124329151585698, 0.3788039088249206, 0.6243480443954468, -0.0195328369736671, 0.4136096239089966, 0.6021561622619629, -0.0215963069349527, 0.4391497671604156, 0.586199939250946 , -0.0222632568329572, 0.3364621996879577, 0.702512800693512 , -0.0137438401579856, 0.400658369064331 , 0.6553143858909607, -0.0207402482628822, 0.438484251499176 , 0.6268803477287292, -0.022916616871953 , 0.4659196734428406, 0.6070671081542969, -0.0240684207528829, 0.3480314314365387, 0.7412124276161194, -0.0153319844976067, 0.4074448645114898, 0.6977289319038391, -0.0221942700445652, 0.4419610202312469, 0.6705496311187744, -0.0264150351285934, 0.465186059474945 , 0.6482039093971252, -0.0283335968852043, 0.3538546860218048, 0.7801521420478821, -0.0170011296868324   , 0.4008554220199585, 0.7499272227287292, -0.02124366723001  , 0.4275801181793213, 0.7273398637771606, -0.0235032271593809, 0.4467320442199707, 0.7076931595802307, -0.0240839589387178,   0.0,   0.0,   0.0,   0.0,   0.0,   0.0,   0.0,   0.0,   0.0,   0.0,   0.0,   0.0,   0.0,   0.0,   0.0,   0.0,   0.0,   0.0,   0.0,   0.0,   0.0,   0.0,   0.0,   0.0,   0.0,   0.0,   0.0,   0.0,   0.0,   0.0,    0.0,    0.0,    0.0,    0.0,    0.0,    0.0,    0.0,    0.0,    0.0,    0.0,    0.0,    0.0,    0.0,    0.0,    0.0,    0.0,    0.0,    0.0,    0.0,    0.0,    0.0,    0.0,    0.0,    0.0,    0.0,    0.0,    0.0,    0.0,    0.0,    0.0,    0.0,    0.0,    0.0, I
0.2519380450248718, 0.8629917502403259, 1.3257205466743474e-07 , 0.2479464709758758, 0.7765125036239624, -0.007806992623955   , 0.2775000929832458, 0.7139636278152466, -0.0125900153070688, 0.3229244947433471, 0.6779447197914124, -0.0146771352738142  , 0.3568747937679291, 0.6525239944458008, -0.0160983819514513  , 0.3335238695144653, 0.7252826690673828, -0.0243361741304397, 0.3994035720825195, 0.6886101961135864, -0.0337965935468673, 0.4359740018844604, 0.6680915355682373, -0.0361347682774066, 0.4636646509170532, 0.6538982391357422, -0.0364665202796459, 0.3511143624782562, 0.7665696740150452, -0.0236834473907947, 0.4183163046836853, 0.7206318378448486, -0.0334741882979869, 0.4590589106082916, 0.6939250826835632, -0.0364038050174713, 0.4915830492973327, 0.6755006313323975, -0.0373185314238071, 0.3603560924530029, 0.8072256445884705, -0.0226784143596887, 0.4205594360828399, 0.765755832195282 , -0.03211485221982  , 0.4576618075370788, 0.7409646511077881, -0.0376013666391372, 0.4849740862846374, 0.720757246017456 , -0.0395942069590091, 0.3642570674419403, 0.8474322557449341, -0.0213813688606023   , 0.4119309484958648, 0.82011479139328  , -0.0282334238290786, 0.4409126043319702, 0.7995860576629639, -0.0318409167230129, 0.4638870060443878, 0.7818563580513   , -0.0328105501830577,   0.0,   0.0,   0.0,   0.0,   0.0,   0.0,   0.0,   0.0,   0.0,   0.0,   0.0,   0.0,   0.0,   0.0,   0.0,   0.0,   0.0,   0.0,   0.0,   0.0,   0.0,   0.0,   0.0,   0.0,   0.0,   0.0,   0.0,   0.0,   0.0,   0.0,    0.0,    0.0,    0.0,    0.0,    0.0,    0.0,    0.0,    0.0,    0.0,    0.0,    0.0,    0.0,    0.0,    0.0,    0.0,    0.0,    0.0,    0.0,    0.0,    0.0,    0.0,    0.0,    0.0,    0.0,    0.0,    0.0,    0.0,    0.0,    0.0,    0.0,    0.0,    0.0,    0.0, I
0.2454761564731598, 0.9001103043556213, 1.9849645127578697e-07 , 0.2405346930027008, 0.8165338635444641, -0.0119170909747481  , 0.2707214653491974, 0.7547328472137451, -0.0179474502801895, 0.3148325383663177, 0.7168903350830078, -0.0211760140955448  , 0.3500900268554687, 0.68939608335495  , -0.0236379466950893  , 0.3291279673576355, 0.7682410478591919, -0.0224914327263832, 0.3943327069282532, 0.7288743853569031, -0.032961368560791 , 0.4308249056339264, 0.7064931392669678, -0.0373793542385101, 0.4588209986686706, 0.6900730133056641, -0.0391562618315219, 0.3461368680000305, 0.8096978068351746, -0.0211523622274398, 0.4109112620353699, 0.7628442049026489, -0.0305833425372838, 0.4509525597095489, 0.7344634532928467, -0.035738356411457 , 0.4823026657104492, 0.7132239937782288, -0.0385872162878513, 0.3545700907707214, 0.8495514988899231, -0.0203502960503101, 0.4137837290763855, 0.8081088662147522, -0.0302497670054435, 0.4504886865615845, 0.7827697396278381, -0.0378152020275592, 0.4775030314922333, 0.7620100378990173, -0.0415590703487396, 0.359027087688446 , 0.8874574899673462, -0.0197829268872737   , 0.4065247774124145, 0.8639979362487793, -0.0277927722781896, 0.4352766275405884, 0.8457401394844055, -0.0327498912811279, 0.4577227830886841, 0.8292865753173828, -0.0348043367266655,   0.0,   0.0,   0.0,   0.0,   0.0,   0.0,   0.0,   0.0,   0.0,   0.0,   0.0,   0.0,   0.0,   0.0,   0.0,   0.0,   0.0,   0.0,   0.0,   0.0,   0.0,   0.0,   0.0,   0.0,   0.0,   0.0,   0.0,   0.0,   0.0,   0.0,    0.0,    0.0,    0.0,    0.0,    0.0,    0.0,    0.0,    0.0,    0.0,    0.0,    0.0,    0.0,    0.0,    0.0,    0.0,    0.0,    0.0,    0.0,    0.0,    0.0,    0.0,    0.0,    0.0,    0.0,    0.0,    0.0,    0.0,    0.0,    0.0,    0.0,    0.0,    0.0,    0.0, I
0.2689771950244903, 0.96505868434906  , 2.620473935621704e-07  , 0.2664746046066284, 0.8812498450279236, -0.0179114565253257  , 0.3027253150939941, 0.8210477232933044, -0.0283353812992572, 0.3510299623012543, 0.7917097210884094, -0.0341557264328002  , 0.3862088322639465, 0.7771459817886353, -0.0394562408328056  , 0.3533233106136322, 0.847450315952301 , -0.0394371189177036, 0.4244228899478912, 0.8242497444152832, -0.054028607904911 , 0.4668145179748535, 0.8105580806732178, -0.0589962117373943, 0.4970720112323761, 0.801206648349762 , -0.0606177598237991, 0.3678239583969116, 0.8967114686965942, -0.0358882918953895, 0.4403428137302398, 0.863660991191864 , -0.0479194894433021, 0.4842759966850281, 0.8442813158035278, -0.0514499135315418, 0.5175727605819702, 0.8318285346031189, -0.052744586020708 , 0.3747055828571319, 0.9406411051750184, -0.0324513241648674, 0.440282940864563 , 0.9078937768936156, -0.0437299348413944, 0.4803909659385681, 0.888272762298584 , -0.0488983243703842, 0.510473370552063 , 0.8739935755729675, -0.0506865866482257, 0.3766475319862366, 0.9797826409339904, -0.029542364180088    , 0.4273591041564941, 0.9587366580963136, -0.0393510237336158, 0.45799320936203  , 0.9427127242088318, -0.043153490871191 , 0.4822587966918945, 0.9285609126091005, -0.0437639281153678,   0.0,   0.0,   0.0,   0.0,   0.0,   0.0,   0.0,   0.0,   0.0,   0.0,   0.0,   0.0,   0.0,   0.0,   0.0,   0.0,   0.0,   0.0,   0.0,   0.0,   0.0,   0.0,   0.0,   0.0,   0.0,   0.0,   0.0,   0.0,   0.0,   0.0,    0.0,    0.0,    0.0,    0.0,    0.0,    0.0,    0.0,    0.0,    0.0,    0.0,    0.0,    0.0,    0.0,    0.0,    0.0,    0.0,    0.0,    0.0,    0.0,    0.0,    0.0,    0.0,    0.0,    0.0,    0.0,    0.0,    0.0,    0.0,    0.0,    0.0,    0.0,    0.0,    0.0, I
0.2566495537757873, 0.8748681545257568, 8.170425047637765e-08  , 0.255088210105896 , 0.7868383526802063, -0.0068130851723253  , 0.2893314957618713, 0.7260080575942993, -0.0093467375263571, 0.3365264534950256, 0.6898460984230042, -0.0098251774907112  , 0.3692393004894256, 0.6601837873458862, -0.0097031537443399  , 0.3495533466339111, 0.7401067018508911, -0.0152547126635909, 0.4161916971206665, 0.6970292329788208, -0.0216150656342506, 0.4519113004207611, 0.6748427152633667, -0.0235169399529695, 0.4790445566177368, 0.6599636077880859, -0.023978741839528 , 0.3658399283885956, 0.7812745571136475, -0.0141144143417477, 0.4322285056114197, 0.7312728762626648, -0.0193571355193853, 0.4707973599433899, 0.7032663822174072, -0.0218625329434871, 0.5004851818084717, 0.6845917105674744, -0.0234627369791269, 0.3731537461280823, 0.8220473527908325, -0.0131705710664391, 0.4348396062850952, 0.7773289084434509, -0.0197000540792942, 0.4702769219875335, 0.7505227327346802, -0.0256178695708513, 0.4952504336833954, 0.7294573783874512, -0.0288267415016889, 0.3760539889335632, 0.8626333475112915, -0.0120762214064598   , 0.4252668619155884, 0.8370628952980042, -0.0178601760417222, 0.4548007249832153, 0.8172785639762878, -0.0224200431257486, 0.4784568250179291, 0.8002932667732239, -0.0246511157602071,   0.0,   0.0,   0.0,   0.0,   0.0,   0.0,   0.0,   0.0,   0.0,   0.0,   0.0,   0.0,   0.0,   0.0,   0.0,   0.0,   0.0,   0.0,   0.0,   0.0,   0.0,   0.0,   0.0,   0.0,   0.0,   0.0,   0.0,   0.0,   0.0,   0.0,    0.0,    0.0,    0.0,    0.0,    0.0,    0.0,    0.0,    0.0,    0.0,    0.0,    0.0,    0.0,    0.0,    0.0,    0.0,    0.0,    0.0,    0.0,    0.0,    0.0,    0.0,    0.0,    0.0,    0.0,    0.0,    0.0,    0.0,    0.0,    0.0,    0.0,    0.0,    0.0,    0.0, I
0.2576448321342468, 0.8071792125701904, 5.1566317438300764e-08 , 0.2541782855987549, 0.7195894718170166, -0.0034817741252481  , 0.2851696014404297, 0.6558027863502502, -0.0053696734830737, 0.3300477862358093, 0.6204866766929626, -0.0058665736578404  , 0.3605616688728332, 0.5944012403488159, -0.0061128633096814  , 0.3409635126590729, 0.6669855713844299, -0.0168192461133003, 0.405939370393753 , 0.6247563362121582, -0.0249017179012298, 0.4415069818496704, 0.6026257276535034, -0.0273950546979904, 0.4682973325252533, 0.5870704650878906, -0.0280183721333742, 0.3591967225074768, 0.7069770693778992, -0.0183089151978492, 0.4242841303348541, 0.6580408811569214, -0.0252051353454589, 0.4634272158145904, 0.6291743516921997, -0.027975870296359 , 0.4939325451850891, 0.6097020506858826, -0.0294645838439464, 0.3696006834506988, 0.747672438621521 , -0.0195470210164785, 0.4291731417179107, 0.701099693775177 , -0.0267663765698671, 0.4651462435722351, 0.6733501553535461, -0.0325669795274734, 0.4904740750789642, 0.6518388986587524, -0.0355146750807762, 0.3748882412910461, 0.7888400554656982, -0.0203908197581768   , 0.4232940375804901, 0.7577924728393555, -0.0266436096280813, 0.4523000717163086, 0.7368901371955872, -0.0306592881679534, 0.4753983616828918, 0.7190974950790405, -0.032190840691328 ,   0.0,   0.0,   0.0,   0.0,   0.0,   0.0,   0.0,   0.0,   0.0,   0.0,   0.0,   0.0,   0.0,   0.0,   0.0,   0.0,   0.0,   0.0,   0.0,   0.0,   0.0,   0.0,   0.0,   0.0,   0.0,   0.0,   0.0,   0.0,   0.0,   0.0,    0.0,    0.0,    0.0,    0.0,    0.0,    0.0,    0.0,    0.0,    0.0,    0.0,    0.0,    0.0,    0.0,    0.0,    0.0,    0.0,    0.0,    0.0,    0.0,    0.0,    0.0,    0.0,    0.0,    0.0,    0.0,    0.0,    0.0,    0.0,    0.0,    0.0,    0.0,    0.0,    0.0, I
0.2560399770736694, 0.8455175161361694, 1.600969596893265e-07  , 0.2507328391075134, 0.7603505849838257, -0.0089510073885321  , 0.2811146974563598, 0.6990552544593811, -0.014982127584517 , 0.3251502811908722, 0.6659213304519653, -0.0181195773184299  , 0.3572736084461212, 0.6401422023773193, -0.0213123634457588  , 0.3336580991744995, 0.7139831781387329, -0.0310794208198785, 0.3998230993747711, 0.6733807921409607, -0.042642418295145 , 0.4375432133674621, 0.6496458053588867, -0.0461532324552536, 0.4663606286048889, 0.6318966150283813, -0.0472800619900226, 0.3517560958862304, 0.7571884393692017, -0.0309624448418617, 0.4187022745609283, 0.7085105180740356, -0.0435045436024665, 0.4607072174549103, 0.676837682723999 , -0.048834778368473 , 0.4945775866508484, 0.6528423428535461, -0.0515880547463893, 0.3619756698608398, 0.7987167835235596, -0.0300114601850509, 0.4224084317684173, 0.7544535994529724, -0.0419819429516792, 0.4603381156921386, 0.7255213260650635, -0.0494758039712905, 0.4886709749698639, 0.7016122937202454, -0.0527658723294734, 0.3669536113739013, 0.8378769755363464, -0.0285994671285152   , 0.4158188700675964, 0.8076114654541016, -0.0380914583802223, 0.4456322193145752, 0.7853754758834839, -0.0432423837482929, 0.4695127606391907, 0.7654142379760742, -0.0451730415225029,   0.0,   0.0,   0.0,   0.0,   0.0,   0.0,   0.0,   0.0,   0.0,   0.0,   0.0,   0.0,   0.0,   0.0,   0.0,   0.0,   0.0,   0.0,   0.0,   0.0,   0.0,   0.0,   0.0,   0.0,   0.0,   0.0,   0.0,   0.0,   0.0,   0.0,    0.0,    0.0,    0.0,    0.0,    0.0,    0.0,    0.0,    0.0,    0.0,    0.0,    0.0,    0.0,    0.0,    0.0,    0.0,    0.0,    0.0,    0.0,    0.0,    0.0,    0.0,    0.0,    0.0,    0.0,    0.0,    0.0,    0.0,    0.0,    0.0,    0.0,    0.0,    0.0,    0.0, I
0.2885028719902038, 0.8060348033905029, 5.2554927520986894e-08 , 0.2801185250282287, 0.7230437994003296, 0.0011025113053619   , 0.3088909983634949, 0.662535548210144 , 0.0011543956352397 , 0.351633608341217 , 0.6253796219825745, 0.0020837236661463   , 0.3789554834365845, 0.5935978293418884, 0.0031438623555004   , 0.3654399216175079, 0.6668744087219238, -0.0140558900311589, 0.4286612570285797, 0.6234255433082581, -0.0206728745251894, 0.4634828567504883, 0.6004142165184021, -0.020958375185728 , 0.4883881509304046, 0.5841273069381714, -0.019993083551526 , 0.3854126036167145, 0.7069231867790222, -0.0174284018576145, 0.4499128460884094, 0.6525477170944214, -0.0253524649888277, 0.4867779612541199, 0.6223072409629822, -0.0266206339001655, 0.5145415663719177, 0.6004509925842285, -0.0260741710662841, 0.3974983394145965, 0.7479063868522644, -0.0200070943683385, 0.4572010934352875, 0.6951310038566589, -0.0282455720007419, 0.4927257001399994, 0.6634050011634827, -0.0322164259850978, 0.5178602337837219, 0.6385261416435242, -0.0331454798579216, 0.404032289981842 , 0.7893603444099426, -0.0216302685439586   , 0.4506635069847107, 0.7554551959037781, -0.0275103338062763, 0.4787666797637939, 0.7305300235748291, -0.0301135946065187, 0.5006694197654724, 0.7086372375488281, -0.0304227136075496,   0.0,   0.0,   0.0,   0.0,   0.0,   0.0,   0.0,   0.0,   0.0,   0.0,   0.0,   0.0,   0.0,   0.0,   0.0,   0.0,   0.0,   0.0,   0.0,   0.0,   0.0,   0.0,   0.0,   0.0,   0.0,   0.0,   0.0,   0.0,   0.0,   0.0,    0.0,    0.0,    0.0,    0.0,    0.0,    0.0,    0.0,    0.0,    0.0,    0.0,    0.0,    0.0,    0.0,    0.0,    0.0,    0.0,    0.0,    0.0,    0.0,    0.0,    0.0,    0.0,    0.0,    0.0,    0.0,    0.0,    0.0,    0.0,    0.0,    0.0,    0.0,    0.0,    0.0, I
0.2138856947422027, 0.824321448802948 , 5.761201293807972e-08  , 0.2106705754995346, 0.7353047132492065, -0.0027618275489658  , 0.2443031370639801, 0.6694971919059753, -0.0040332525968551, 0.2915374636650085, 0.6319832801818848, -0.0042340639047324  , 0.3259051442146301, 0.6037188768386841, -0.0034541699569672  , 0.3016101419925689, 0.6792685985565186, -0.0128035712987184, 0.3678023517131805, 0.6364132165908813, -0.0192523673176765, 0.4037427306175232, 0.6130362153053284, -0.0204340871423482, 0.4303314089775085, 0.5967800617218018, -0.0201985109597444, 0.3216359615325928, 0.7191672325134277, -0.0145866312086582, 0.3898577690124511, 0.6681853532791138, -0.0200880542397499, 0.4292894303798675, 0.6389434933662415, -0.021456928923726 , 0.4579439759254455, 0.6190248727798462, -0.022040132433176 , 0.3329145610332489, 0.7581558227539062, -0.0163617208600044, 0.3944128155708313, 0.7128244638442993, -0.0218722950667142, 0.4298635423183441, 0.6858820915222168, -0.0265516843646764, 0.4530307650566101, 0.6630795001983643, -0.0290248282253742, 0.3381533622741699, 0.7961846590042114, -0.0179254058748483   , 0.3861058950424194, 0.7676221132278442, -0.0215121638029813, 0.4129607677459717, 0.7447221875190735, -0.0242603793740272, 0.4321566820144653, 0.7229780554771423, -0.0253430865705013,   0.0,   0.0,   0.0,   0.0,   0.0,   0.0,   0.0,   0.0,   0.0,   0.0,   0.0,   0.0,   0.0,   0.0,   0.0,   0.0,   0.0,   0.0,   0.0,   0.0,   0.0,   0.0,   0.0,   0.0,   0.0,   0.0,   0.0,   0.0,   0.0,   0.0,    0.0,    0.0,    0.0,    0.0,    0.0,    0.0,    0.0,    0.0,    0.0,    0.0,    0.0,    0.0,    0.0,    0.0,    0.0,    0.0,    0.0,    0.0,    0.0,    0.0,    0.0,    0.0,    0.0,    0.0,    0.0,    0.0,    0.0,    0.0,    0.0,    0.0,    0.0,    0.0,    0.0, I
0.2442134767770767, 0.8649939298629761, 1.1863263438272045e-07 , 0.238583356142044 , 0.77783203125     , -0.008618920110166   , 0.2672763168811798, 0.7148995399475098, -0.0140918185934424, 0.3130703866481781, 0.6784337759017944, -0.0174246281385421  , 0.3475691974163055, 0.6494448781013489, -0.0204465724527835  , 0.3264750838279724, 0.7244371175765991, -0.023482721298933 , 0.3906228840351105, 0.6794383525848389, -0.034233458340168 , 0.4264392256736755, 0.6541883945465088, -0.0386292524635791, 0.4538979530334472, 0.6358581185340881, -0.0406811870634555, 0.345942348241806 , 0.7647517323493958, -0.0241377241909503, 0.4105295240879059, 0.7120422720909119, -0.0330239087343215, 0.4492910206317901, 0.680621325969696 , -0.0373914688825607, 0.4796406328678131, 0.6582784652709961, -0.0404885709285736, 0.356487512588501 , 0.8058187365531921, -0.0249380674213171, 0.4171636998653412, 0.7582262754440308, -0.0347845591604709, 0.4529954791069031, 0.7287452816963196, -0.0421237610280513, 0.4778951406478882, 0.7054422497749329, -0.0464327335357666, 0.3623477518558502, 0.8461191654205322, -0.0256932284682989   , 0.4109484255313873, 0.8183483481407166, -0.0349221043288707, 0.4398407936096191, 0.7970618605613708, -0.0409079305827617, 0.462394118309021 , 0.7780947685241699, -0.0440231412649154,   0.0,   0.0,   0.0,   0.0,   0.0,   0.0,   0.0,   0.0,   0.0,   0.0,   0.0,   0.0,   0.0,   0.0,   0.0,   0.0,   0.0,   0.0,   0.0,   0.0,   0.0,   0.0,   0.0,   0.0,   0.0,   0.0,   0.0,   0.0,   0.0,   0.0,    0.0,    0.0,    0.0,    0.0,    0.0,    0.0,    0.0,    0.0,    0.0,    0.0,    0.0,    0.0,    0.0,    0.0,    0.0,    0.0,    0.0,    0.0,    0.0,    0.0,    0.0,    0.0,    0.0,    0.0,    0.0,    0.0,    0.0,    0.0,    0.0,    0.0,    0.0,    0.0,    0.0, I
0.2289003133773803, 0.8366327285766602, 3.6020622928845114e-08 , 0.2224809825420379, 0.7489919662475586, -0.0024294899776577  , 0.2516849935054779, 0.6837670207023621, -0.0028139685746282, 0.2970401644706726, 0.6447277665138245, -0.0022743474692106  , 0.330057144165039 , 0.6149857640266418, -0.000969088927377   , 0.31191486120224  , 0.6872785091400146, -0.0090521452948451, 0.3739226460456848, 0.6410126686096191, -0.0144149586558341, 0.4078940749168396, 0.616032600402832 , -0.0160037968307733, 0.4333864450454712, 0.5988589525222778, -0.0163252092897892, 0.3332681059837341, 0.7250421643257141, -0.0102658113464713, 0.3957826495170593, 0.6712260246276855, -0.0143799744546413, 0.4314690232276916, 0.6404005885124207, -0.0163119919598102, 0.4580228626728058, 0.6199588775634766, -0.0177204571664333, 0.3452035784721374, 0.7637690901756287, -0.011616576462984 , 0.4036555886268616, 0.7146425843238831, -0.016708705574274 , 0.4363271296024322, 0.6848928332328796, -0.0220304504036903, 0.4580975770950317, 0.6615909337997437, -0.0251901280134916, 0.351650059223175 , 0.8026708364486694, -0.0126945804804563   , 0.3991215527057647, 0.772738516330719 , -0.0166533272713422, 0.4255436658859253, 0.7506511211395264, -0.0201684180647134, 0.4454789757728576, 0.7312604784965515, -0.0218996349722147,   0.0,   0.0,   0.0,   0.0,   0.0,   0.0,   0.0,   0.0,   0.0,   0.0,   0.0,   0.0,   0.0,   0.0,   0.0,   0.0,   0.0,   0.0,   0.0,   0.0,   0.0,   0.0,   0.0,   0.0,   0.0,   0.0,   0.0,   0.0,   0.0,   0.0,    0.0,    0.0,    0.0,    0.0,    0.0,    0.0,    0.0,    0.0,    0.0,    0.0,    0.0,    0.0,    0.0,    0.0,    0.0,    0.0,    0.0,    0.0,    0.0,    0.0,    0.0,    0.0,    0.0,    0.0,    0.0,    0.0,    0.0,    0.0,    0.0,    0.0,    0.0,    0.0,    0.0, I
0.2412261366844177, 0.8800007700920105, 1.1794826804134573e-07 , 0.2395352721214294, 0.7912353277206421, -0.0066303419880568  , 0.2727930247783661, 0.7299350500106812, -0.0097916843369603, 0.3191319406032562, 0.6948499083518982, -0.0107128666713833  , 0.3501738309860229, 0.6633511185646057, -0.0114006465300917  , 0.3291542530059814, 0.7433769106864929, -0.0205687638372182, 0.395043671131134 , 0.7004159688949585, -0.0283696670085191, 0.4315183162689209, 0.6769140362739563, -0.030865553766489 , 0.4595445394515991, 0.6597345471382141, -0.0317493341863155, 0.34673872590065  , 0.7847727537155151, -0.0204269494861364, 0.4131860435009002, 0.7354162931442261, -0.0273189358413219, 0.4524232149124145, 0.7055901885032654, -0.0304527431726455, 0.4824454486370086, 0.684377133846283 , -0.0326328203082084, 0.3553373217582702, 0.8256902098655701, -0.0200878549367189, 0.4172080755233764, 0.781737208366394 , -0.0280871018767356, 0.4538114070892334, 0.7528194189071655, -0.0349968783557415, 0.47888845205307  , 0.7296088337898254, -0.0389586836099624, 0.3596930205821991, 0.8652665019035339, -0.0194215234369039   , 0.4103462994098663, 0.8431191444396973, -0.0264001004397869, 0.4413698315620422, 0.824155867099762 , -0.0317586064338684, 0.4657511413097381, 0.8071827292442322, -0.0346925109624862,   0.0,   0.0,   0.0,   0.0,   0.0,   0.0,   0.0,   0.0,   0.0,   0.0,   0.0,   0.0,   0.0,   0.0,   0.0,   0.0,   0.0,   0.0,   0.0,   0.0,   0.0,   0.0,   0.0,   0.0,   0.0,   0.0,   0.0,   0.0,   0.0,   0.0,    0.0,    0.0,    0.0,    0.0,    0.0,    0.0,    0.0,    0.0,    0.0,    0.0,    0.0,    0.0,    0.0,    0.0,    0.0,    0.0,    0.0,    0.0,    0.0,    0.0,    0.0,    0.0,    0.0,    0.0,    0.0,    0.0,    0.0,    0.0,    0.0,    0.0,    0.0,    0.0,    0.0, I
0.2394294738769531, 0.8627148270606995, 9.211513685158935e-08  , 0.2356569468975067, 0.7743580341339111, -0.0080012641847133  , 0.2663842439651489, 0.7099852561950684, -0.0134405344724655, 0.3128427267074585, 0.6724193096160889, -0.0169350001960992  , 0.3464971780776977, 0.6423364281654358, -0.0199968125671148  , 0.3239417672157287, 0.721023678779602 , -0.0234791319817304, 0.3898192048072815, 0.676613450050354 , -0.0347759574651718, 0.4266543090343475, 0.6528288125991821, -0.0388987809419631, 0.4542460143566131, 0.6362119317054749, -0.0403753817081451, 0.3436547219753265, 0.7610043287277222, -0.0243500731885433, 0.4116382598876953, 0.7099534273147583, -0.0345533266663551, 0.4526025354862213, 0.6799085140228271, -0.0383947193622589, 0.4836019277572632, 0.6592816710472107, -0.0403074622154235, 0.3547596037387848, 0.8011793494224548, -0.0252933669835329, 0.4173249900341034, 0.7552685737609863, -0.034913532435894 , 0.4542153775691986, 0.728145956993103 , -0.0406791307032108, 0.4795788824558258, 0.7067366242408752, -0.0433635078370571, 0.3599258363246918, 0.8413203954696655, -0.0262602306902408   , 0.4095178842544555, 0.8108332753181458, -0.0337698049843311, 0.4383024573326111, 0.7887635827064514, -0.0376871488988399, 0.4604339897632599, 0.7695709466934204, -0.0390465445816516,   0.0,   0.0,   0.0,   0.0,   0.0,   0.0,   0.0,   0.0,   0.0,   0.0,   0.0,   0.0,   0.0,   0.0,   0.0,   0.0,   0.0,   0.0,   0.0,   0.0,   0.0,   0.0,   0.0,   0.0,   0.0,   0.0,   0.0,   0.0,   0.0,   0.0,    0.0,    0.0,    0.0,    0.0,    0.0,    0.0,    0.0,    0.0,    0.0,    0.0,    0.0,    0.0,    0.0,    0.0,    0.0,    0.0,    0.0,    0.0,    0.0,    0.0,    0.0,    0.0,    0.0,    0.0,    0.0,    0.0,    0.0,    0.0,    0.0,    0.0,    0.0,    0.0,    0.0, I
0.2389925718307495, 0.8781761527061462, 1.6718777828828024e-07 , 0.2377974689006805, 0.7869030833244324, -0.0084603438153862  , 0.270133763551712 , 0.7234131693840027, -0.013158407062292 , 0.3182944655418396, 0.6873781681060791, -0.0157134905457496  , 0.3549546003341675, 0.6595230102539062, -0.017616219818592   , 0.3317026197910309, 0.7381899356842041, -0.0182855296880006, 0.3992433845996856, 0.702285885810852 , -0.0269020479172468, 0.4364967942237854, 0.6819212436676025, -0.0303547792136669, 0.465192437171936 , 0.6675515174865723, -0.0317290723323822, 0.3487375974655151, 0.7814607620239258, -0.0183787681162357, 0.4175218343734741, 0.7368801236152649, -0.0258493721485137, 0.4591404795646667, 0.7098714113235474, -0.0299769453704357, 0.4914999604225158, 0.6906124353408813, -0.0325549468398094, 0.3563879430294037, 0.8238993287086487, -0.018904248252511 , 0.4208439290523529, 0.7841167449951172, -0.0275066886097192, 0.4596571028232574, 0.7592124938964844, -0.0349635705351829, 0.4874759316444397, 0.7389106750488281, -0.0390390194952487, 0.3598430156707763, 0.865199089050293 , -0.0193703081458807   , 0.4123285412788391, 0.8441525101661682, -0.0267575439065694, 0.4439895153045654, 0.8276445865631104, -0.0319677554070949, 0.469105988740921 , 0.8130555152893066, -0.0344835817813873,   0.0,   0.0,   0.0,   0.0,   0.0,   0.0,   0.0,   0.0,   0.0,   0.0,   0.0,   0.0,   0.0,   0.0,   0.0,   0.0,   0.0,   0.0,   0.0,   0.0,   0.0,   0.0,   0.0,   0.0,   0.0,   0.0,   0.0,   0.0,   0.0,   0.0,    0.0,    0.0,    0.0,    0.0,    0.0,    0.0,    0.0,    0.0,    0.0,    0.0,    0.0,    0.0,    0.0,    0.0,    0.0,    0.0,    0.0,    0.0,    0.0,    0.0,    0.0,    0.0,    0.0,    0.0,    0.0,    0.0,    0.0,    0.0,    0.0,    0.0,    0.0,    0.0,    0.0, I
0.2468366920948028, 0.8563774824142456, 9.267991885053561e-08  , 0.2443919330835342, 0.7658142447471619, -0.006709333974868   , 0.2751179933547973, 0.7023693323135376, -0.0110836317762732, 0.3222708404064178, 0.6639754772186279, -0.0135373901575803  , 0.3570968508720398, 0.6343159675598145, -0.0150501886382699  , 0.3379048109054565, 0.7140682339668274, -0.018231201916933 , 0.4062370657920837, 0.6731526255607605, -0.02631183154881  , 0.4425622820854187, 0.6505747437477112, -0.0284185893833637, 0.4692918360233307, 0.6348044872283936, -0.0285997670143842, 0.3569678664207458, 0.7556197047233582, -0.0183562356978654, 0.4261790812015533, 0.7051894068717957, -0.0253017377108335, 0.4655933380126953, 0.6764954328536987, -0.0274410955607891, 0.4947267770767212, 0.6570669412612915, -0.0284469537436962, 0.3668822646141052, 0.796836793422699 , -0.0186128877103328, 0.4307110905647278, 0.7512185573577881, -0.0259087830781936, 0.4661452770233154, 0.7244997024536133, -0.0307183060795068, 0.4899781942367553, 0.7032518982887268, -0.0329262837767601, 0.3714390695095062, 0.8373576998710632, -0.0188184697180986   , 0.4213940799236297, 0.8077667355537415, -0.0247418656945228, 0.4499038159847259, 0.7850189805030823, -0.0283579770475626, 0.471617728471756 , 0.7650741338729858, -0.0295763034373521,   0.0,   0.0,   0.0,   0.0,   0.0,   0.0,   0.0,   0.0,   0.0,   0.0,   0.0,   0.0,   0.0,   0.0,   0.0,   0.0,   0.0,   0.0,   0.0,   0.0,   0.0,   0.0,   0.0,   0.0,   0.0,   0.0,   0.0,   0.0,   0.0,   0.0,    0.0,    0.0,    0.0,    0.0,    0.0,    0.0,    0.0,    0.0,    0.0,    0.0,    0.0,    0.0,    0.0,    0.0,    0.0,    0.0,    0.0,    0.0,    0.0,    0.0,    0.0,    0.0,    0.0,    0.0,    0.0,    0.0,    0.0,    0.0,    0.0,    0.0,    0.0,    0.0,    0.0, I
0.2648917734622955, 0.8734312653541565, 1.960768400977031e-07  , 0.257943719625473 , 0.785001814365387 , -0.0109467385336756  , 0.2911984324455261, 0.7253469824790955, -0.0166583210229873, 0.336023211479187 , 0.6922014355659485, -0.0196069870144128  , 0.3670370876789093, 0.6620004773139954, -0.0225399434566497  , 0.3476328253746032, 0.7466320395469666, -0.0250363517552614, 0.4141607880592346, 0.7129538059234619, -0.0351560302078723, 0.4523206651210785, 0.6934071183204651, -0.0388290472328662, 0.4809868335723877, 0.6782997846603394, -0.0403122678399086, 0.3643953800201416, 0.7918722629547119, -0.0242658667266368, 0.4320612847805023, 0.7479597330093384, -0.0351203270256519, 0.473613440990448 , 0.7215665578842163, -0.0404894389212131, 0.50714111328125  , 0.7022997140884399, -0.0431861281394958, 0.3720717430114746, 0.8344665169715881, -0.0234800484031438, 0.4344394207000732, 0.796814501285553 , -0.0352988839149475, 0.4735203385353088, 0.7722097039222717, -0.0429404936730861, 0.5034960508346558, 0.7530158162117004, -0.046189147979021 , 0.3753077685832977, 0.8753571510314941, -0.0225035138428211   , 0.4269756078720093, 0.854029655456543 , -0.0318753831088542, 0.4582307636737823, 0.836686372756958 , -0.036411877721548 , 0.4840693175792694, 0.8211367130279541, -0.037937369197607 ,   0.0,   0.0,   0.0,   0.0,   0.0,   0.0,   0.0,   0.0,   0.0,   0.0,   0.0,   0.0,   0.0,   0.0,   0.0,   0.0,   0.0,   0.0,   0.0,   0.0,   0.0,   0.0,   0.0,   0.0,   0.0,   0.0,   0.0,   0.0,   0.0,   0.0,    0.0,    0.0,    0.0,    0.0,    0.0,    0.0,    0.0,    0.0,    0.0,    0.0,    0.0,    0.0,    0.0,    0.0,    0.0,    0.0,    0.0,    0.0,    0.0,    0.0,    0.0,    0.0,    0.0,    0.0,    0.0,    0.0,    0.0,    0.0,    0.0,    0.0,    0.0,    0.0,    0.0, I
0.2655746042728424, 0.8588852882385254, 1.3216106253821638e-07 , 0.2624447345733642, 0.7708191871643066, -0.009094932116568   , 0.2959977984428406, 0.7114969491958618, -0.0142468074336647, 0.3418560922145843, 0.6795040369033813, -0.0167458988726139  , 0.3738070428371429, 0.6494538187980652, -0.0193497743457555  , 0.3541005551815033, 0.7289942502975464, -0.0270814877003431, 0.4217529594898224, 0.6919518113136292, -0.0376936197280883, 0.4598845541477203, 0.6722297072410583, -0.0414774119853973, 0.4889549016952514, 0.6581422090530396, -0.0431200042366981, 0.370480477809906 , 0.7744555473327637, -0.0270629655569791, 0.43898406624794  , 0.7280752062797546, -0.0372351519763469, 0.4797110259532928, 0.7001557946205139, -0.0416556820273399, 0.5120238661766052, 0.680465817451477 , -0.0443740673363208, 0.377789556980133 , 0.8182258605957031, -0.0268475320190191, 0.4428942799568176, 0.7778423428535461, -0.0383278802037239, 0.4817458987236023, 0.750696063041687 , -0.0459363758563995, 0.5100588798522949, 0.728831946849823 , -0.0497649274766445, 0.3802528083324432, 0.8596637845039368, -0.0263202153146266   , 0.4323450326919555, 0.8396718502044678, -0.0366157405078411, 0.4643166363239288, 0.822259783744812 , -0.0426775589585304, 0.4901109337806701, 0.8055738806724548, -0.0456052646040916,   0.0,   0.0,   0.0,   0.0,   0.0,   0.0,   0.0,   0.0,   0.0,   0.0,   0.0,   0.0,   0.0,   0.0,   0.0,   0.0,   0.0,   0.0,   0.0,   0.0,   0.0,   0.0,   0.0,   0.0,   0.0,   0.0,   0.0,   0.0,   0.0,   0.0,    0.0,    0.0,    0.0,    0.0,    0.0,    0.0,    0.0,    0.0,    0.0,    0.0,    0.0,    0.0,    0.0,    0.0,    0.0,    0.0,    0.0,    0.0,    0.0,    0.0,    0.0,    0.0,    0.0,    0.0,    0.0,    0.0,    0.0,    0.0,    0.0,    0.0,    0.0,    0.0,    0.0, I
0.2604570388793945, 0.852349579334259 , 7.045128569416192e-08  , 0.2595372796058655, 0.7633315324783325, -0.0041613769717514  , 0.293975293636322 , 0.7011268138885498, -0.0065413070842623, 0.3420961797237396, 0.6685786247253418, -0.0065900152549147  , 0.3745938241481781, 0.6408244371414185, -0.006499420851469   , 0.3534791469573974, 0.7186561822891235, -0.0234620552510023, 0.4243633449077606, 0.6802945733070374, -0.0310641024261713, 0.4623241722583771, 0.6607052087783813, -0.0318734608590602, 0.4908137619495392, 0.6473526954650879, -0.0312766470015049, 0.3700041472911834, 0.7637894749641418, -0.0236594341695308, 0.4429817199707031, 0.7178165912628174, -0.0312409810721874, 0.4843842983245849, 0.6914671063423157, -0.0328626669943332, 0.5156712532043457, 0.673746645450592 , -0.0334384255111217, 0.3779670894145965, 0.8071637153625488, -0.0230210814625024, 0.4461173415184021, 0.7653155326843262, -0.0315088927745819, 0.4849016368389129, 0.7390852570533752, -0.0370668061077594, 0.5114186406135559, 0.7179309129714966, -0.039535604417324 , 0.3807428181171417, 0.8485715389251709, -0.0215991288423538   , 0.4347827434539795, 0.824546217918396 , -0.0289295110851526, 0.4676458239555359, 0.8054822087287903, -0.0336518846452236, 0.49355149269104  , 0.78806072473526  , -0.0356567092239856,   0.0,   0.0,   0.0,   0.0,   0.0,   0.0,   0.0,   0.0,   0.0,   0.0,   0.0,   0.0,   0.0,   0.0,   0.0,   0.0,   0.0,   0.0,   0.0,   0.0,   0.0,   0.0,   0.0,   0.0,   0.0,   0.0,   0.0,   0.0,   0.0,   0.0,    0.0,    0.0,    0.0,    0.0,    0.0,    0.0,    0.0,    0.0,    0.0,    0.0,    0.0,    0.0,    0.0,    0.0,    0.0,    0.0,    0.0,    0.0,    0.0,    0.0,    0.0,    0.0,    0.0,    0.0,    0.0,    0.0,    0.0,    0.0,    0.0,    0.0,    0.0,    0.0,    0.0, I
0.2579815983772278, 0.8598577380180359, 9.629972197444658e-08  , 0.2561523616313934, 0.7678408622741699, -0.0072404700331389  , 0.291357547044754 , 0.7083083987236023, -0.0106870681047439, 0.3405270278453827, 0.6806559562683105, -0.0114007452502846  , 0.3739809393882751, 0.6553792357444763, -0.0117985866963863  , 0.3492331504821777, 0.7300241589546204, -0.0237241815775632, 0.4179506599903106, 0.6937016844749451, -0.031757216900587 , 0.4553667306900024, 0.6739134788513184, -0.033305250108242 , 0.4838966131210327, 0.6598659753799438, -0.0333381481468677, 0.3655307590961456, 0.7740797400474548, -0.0227738749235868, 0.4366403520107269, 0.7298727631568909, -0.0320893004536628, 0.4776961505413055, 0.7030507326126099, -0.0344308167695999, 0.5096508860588074, 0.6846760511398315, -0.0350022912025451, 0.3730119168758392, 0.8150090575218201, -0.0213691424578428, 0.4385935664176941, 0.7750803232192993, -0.0307499691843986, 0.4778049886226654, 0.7504475712776184, -0.0359384566545486, 0.5059624910354614, 0.7310025095939636, -0.0377420149743557, 0.3749633133411407, 0.8545845746994019, -0.0195756703615188   , 0.4276959300041199, 0.8298517465591431, -0.026213327422738 , 0.4594486355781555, 0.8109034299850464, -0.0296202097088098, 0.4849429130554199, 0.7942819595336914, -0.0305946134030818,   0.0,   0.0,   0.0,   0.0,   0.0,   0.0,   0.0,   0.0,   0.0,   0.0,   0.0,   0.0,   0.0,   0.0,   0.0,   0.0,   0.0,   0.0,   0.0,   0.0,   0.0,   0.0,   0.0,   0.0,   0.0,   0.0,   0.0,   0.0,   0.0,   0.0,    0.0,    0.0,    0.0,    0.0,    0.0,    0.0,    0.0,    0.0,    0.0,    0.0,    0.0,    0.0,    0.0,    0.0,    0.0,    0.0,    0.0,    0.0,    0.0,    0.0,    0.0,    0.0,    0.0,    0.0,    0.0,    0.0,    0.0,    0.0,    0.0,    0.0,    0.0,    0.0,    0.0, I
0.2625070810317993, 0.8682917356491089, 1.0567880792677897e-07 , 0.2573858797550201, 0.7808860540390015, -0.0126816676929593  , 0.2888230681419372, 0.7181695103645325, -0.0197538956999778, 0.3352693915367126, 0.6853067874908447, -0.0237382650375366  , 0.367903470993042 , 0.6573300361633301, -0.0277980621904134  , 0.348442018032074 , 0.7368848323822021, -0.0309445448219776, 0.4150505661964416, 0.6969379782676697, -0.0429683998227119, 0.4533287584781647, 0.6752320528030396, -0.0476211942732334, 0.4825226366519928, 0.6591359376907349, -0.0498842634260654, 0.3659094572067261, 0.7812182307243347, -0.0298410095274448, 0.4333381652832031, 0.7329635620117188, -0.0410998947918415, 0.4735842943191528, 0.7023558020591736, -0.0462221056222915, 0.5051165819168091, 0.6806653141975403, -0.0493838042020797, 0.3742528557777405, 0.8240904211997986, -0.0287887454032897, 0.4376388788223266, 0.7817097902297974, -0.0410363748669624, 0.47750124335289  , 0.7526528835296631, -0.0492604561150074, 0.5069292783737183, 0.7296071648597717, -0.0534855611622333, 0.3776252865791321, 0.8659646511077881, -0.0277605783194303   , 0.4300446510314941, 0.8445569276809692, -0.0385963506996631, 0.4623241424560547, 0.826831042766571 , -0.0449853390455246, 0.488134890794754 , 0.8099539279937744, -0.0480013564229011,   0.0,   0.0,   0.0,   0.0,   0.0,   0.0,   0.0,   0.0,   0.0,   0.0,   0.0,   0.0,   0.0,   0.0,   0.0,   0.0,   0.0,   0.0,   0.0,   0.0,   0.0,   0.0,   0.0,   0.0,   0.0,   0.0,   0.0,   0.0,   0.0,   0.0,    0.0,    0.0,    0.0,    0.0,    0.0,    0.0,    0.0,    0.0,    0.0,    0.0,    0.0,    0.0,    0.0,    0.0,    0.0,    0.0,    0.0,    0.0,    0.0,    0.0,    0.0,    0.0,    0.0,    0.0,    0.0,    0.0,    0.0,    0.0,    0.0,    0.0,    0.0,    0.0,    0.0, I
0.4810422658920288, 0.8619301915168762, 1.2768130375206965e-07 , 0.4788913130760193, 0.7709082961082458, 3.833705704892054e-05, 0.4456490278244018, 0.702167809009552 , -0.0011356030590832, 0.4010100066661834, 0.6634841561317444, -0.0017000305233523  , 0.3664153814315796, 0.6517840027809143, -0.0045056492090225  , 0.3946534991264343, 0.7242076396942139, -0.0116063198074698, 0.329056829214096 , 0.6907711029052734, -0.0193176362663507, 0.2913418412208557, 0.6711806654930115, -0.0262847784906625, 0.2603194415569305, 0.6575281620025635, -0.0315187498927116, 0.3750542998313904, 0.7707454562187195, -0.0167296584695577, 0.3058258593082428, 0.7333107590675354, -0.023016944527626 , 0.2659148871898651, 0.7102678418159485, -0.0318249762058258, 0.2368620932102203, 0.6944852471351624, -0.0395667180418968, 0.3639353811740875, 0.814418613910675 , -0.0204839892685413, 0.3000084459781647, 0.783565878868103 , -0.0258372407406568, 0.2618334889411926, 0.7589132189750671, -0.0335476249456405, 0.2340064942836761, 0.7399473786354065, -0.0398870296776294, 0.3618651926517486, 0.8550631999969482, -0.0233623702079057   , 0.3085525035858154, 0.8317724466323853, -0.0285988897085189, 0.2778190672397613, 0.8185606002807617, -0.0306468214839696, 0.2544149756431579, 0.8036837577819824, -0.0318238250911235,   0.0,   0.0,   0.0,   0.0,   0.0,   0.0,   0.0,   0.0,   0.0,   0.0,   0.0,   0.0,   0.0,   0.0,   0.0,   0.0,   0.0,   0.0,   0.0,   0.0,   0.0,   0.0,   0.0,   0.0,   0.0,   0.0,   0.0,   0.0,   0.0,   0.0,    0.0,    0.0,    0.0,    0.0,    0.0,    0.0,    0.0,    0.0,    0.0,    0.0,    0.0,    0.0,    0.0,    0.0,    0.0,    0.0,    0.0,    0.0,    0.0,    0.0,    0.0,    0.0,    0.0,    0.0,    0.0,    0.0,    0.0,    0.0,    0.0,    0.0,    0.0,    0.0,    0.0, I
0.4757084548473358, 0.881272554397583 , 9.165521674958654e-08  , 0.4765121042728424, 0.7918441295623779, -0.0017202048329636  , 0.4464144706726074, 0.7197856307029724, -0.0037152313161641, 0.4026616811752319, 0.6822060942649841, -0.0049509136006236  , 0.3697294592857361, 0.6667279601097107, -0.008324546739459   , 0.3905336260795593, 0.7354120016098022, -0.0149657344445586, 0.32757768034935  , 0.7005501389503479, -0.024228511378169 , 0.2908863127231598, 0.6814987063407898, -0.032055739313364 , 0.2605908513069153, 0.6679490804672241, -0.0378081873059272, 0.3694305419921875, 0.780876100063324 , -0.0200962573289871, 0.3031623363494873, 0.7395718693733215, -0.0271762274205684, 0.2630979120731354, 0.7156212329864502, -0.0351442098617553, 0.2338018119335174, 0.6983969211578369, -0.0425416193902492, 0.3577553331851959, 0.8251051902770996, -0.0241518337279558, 0.2956465780735016, 0.7886439561843872, -0.0305968765169382, 0.2591098845005035, 0.7648794054985046, -0.0375415869057178, 0.2325998544692993, 0.7470293641090393, -0.0434915386140346, 0.3552301526069641, 0.867845892906189 , -0.027538863942027    , 0.3050127029418945, 0.8413493633270264, -0.0336876213550567, 0.2765415906906128, 0.8255294561386108, -0.0358415208756923, 0.255282998085022 , 0.8097370862960815, -0.0372764132916927,   0.0,   0.0,   0.0,   0.0,   0.0,   0.0,   0.0,   0.0,   0.0,   0.0,   0.0,   0.0,   0.0,   0.0,   0.0,   0.0,   0.0,   0.0,   0.0,   0.0,   0.0,   0.0,   0.0,   0.0,   0.0,   0.0,   0.0,   0.0,   0.0,   0.0,    0.0,    0.0,    0.0,    0.0,    0.0,    0.0,    0.0,    0.0,    0.0,    0.0,    0.0,    0.0,    0.0,    0.0,    0.0,    0.0,    0.0,    0.0,    0.0,    0.0,    0.0,    0.0,    0.0,    0.0,    0.0,    0.0,    0.0,    0.0,    0.0,    0.0,    0.0,    0.0,    0.0, I
0.4780758917331695, 0.8740253448486328, 8.173168453140535e-08  , 0.4893276691436767, 0.7886992692947388, -0.0010148200672119  , 0.4647227525711059, 0.7151187062263489, -0.0006710851448588, 0.4199903011322021, 0.6679239869117737, 0.0009807544993236   , 0.388490617275238 , 0.644580066204071 , 0.0012831592466682   , 0.4066582918167114, 0.7217801213264465, -0.0107390508055686, 0.3479487299919128, 0.6738322973251343, -0.016011044383049 , 0.3144879937171936, 0.6497893333435059, -0.0202916637063026, 0.2879417836666107, 0.6334124207496643, -0.0232526212930679, 0.3796489238739013, 0.7615089416503906, -0.0131179774180054, 0.3190073072910309, 0.7066746950149536, -0.0156061751767992, 0.2840431630611419, 0.6753652095794678, -0.0196933280676603, 0.2594683468341827, 0.652860164642334 , -0.0242535583674907, 0.3633849620819092, 0.7994917631149292, -0.0144771942868828, 0.306424617767334 , 0.7539160847663879, -0.0165523383766412, 0.2762053608894348, 0.7241052389144897, -0.0213377941399812, 0.2547134757041931, 0.7020831108093262, -0.0260100290179252, 0.3570545613765716, 0.8367630243301392, -0.0152049008756876   , 0.3106203973293304, 0.8039057850837708, -0.0171242207288742, 0.2876245677471161, 0.7854393124580383, -0.0176478549838066, 0.2717394232749939, 0.7683526277542114, -0.0181158185005188,   0.0,   0.0,   0.0,   0.0,   0.0,   0.0,   0.0,   0.0,   0.0,   0.0,   0.0,   0.0,   0.0,   0.0,   0.0,   0.0,   0.0,   0.0,   0.0,   0.0,   0.0,   0.0,   0.0,   0.0,   0.0,   0.0,   0.0,   0.0,   0.0,   0.0,    0.0,    0.0,    0.0,    0.0,    0.0,    0.0,    0.0,    0.0,    0.0,    0.0,    0.0,    0.0,    0.0,    0.0,    0.0,    0.0,    0.0,    0.0,    0.0,    0.0,    0.0,    0.0,    0.0,    0.0,    0.0,    0.0,    0.0,    0.0,    0.0,    0.0,    0.0,    0.0,    0.0, I
0.4774424433708191, 0.8913029432296753, 1.0275075368326725e-07 , 0.4885140061378479, 0.804667592048645 , -0.0020306352525949  , 0.4647809863090515, 0.7324379086494446, -0.001721549895592 , 0.4225757420063019, 0.6878363490104675, -0.0007022264762781  , 0.3911815881729126, 0.667174220085144 , -0.0014212483074516  , 0.3992261290550232, 0.7357639074325562, -0.008577786386013 , 0.342296689748764 , 0.6947221755981445, -0.0146362027153372, 0.3092551827430725, 0.6715784668922424, -0.0203901343047618, 0.2822714447975158, 0.6528961062431335, -0.0250417757779359, 0.3742528557777405, 0.7749877572059631, -0.0122314095497131, 0.3153598308563232, 0.7251002192497253, -0.0163633599877357, 0.2813554406166076, 0.6949117183685303, -0.0225357785820961, 0.2558650374412536, 0.6722380518913269, -0.0286351013928651, 0.3606912493705749, 0.8162186145782471, -0.0152743943035602, 0.305829793214798 , 0.7720717191696167, -0.0201931484043598, 0.2739756107330322, 0.7442232370376587, -0.0270156189799308, 0.2498103678226471, 0.7232345342636108, -0.0328084044158458, 0.3566066920757293, 0.8581769466400146, -0.0178228933364152   , 0.3129558563232422, 0.8289254903793335, -0.0226479955017566, 0.2893743515014648, 0.810904860496521 , -0.0249455347657203, 0.271549791097641 , 0.7944788336753845, -0.0265471190214157,   0.0,   0.0,   0.0,   0.0,   0.0,   0.0,   0.0,   0.0,   0.0,   0.0,   0.0,   0.0,   0.0,   0.0,   0.0,   0.0,   0.0,   0.0,   0.0,   0.0,   0.0,   0.0,   0.0,   0.0,   0.0,   0.0,   0.0,   0.0,   0.0,   0.0,    0.0,    0.0,    0.0,    0.0,    0.0,    0.0,    0.0,    0.0,    0.0,    0.0,    0.0,    0.0,    0.0,    0.0,    0.0,    0.0,    0.0,    0.0,    0.0,    0.0,    0.0,    0.0,    0.0,    0.0,    0.0,    0.0,    0.0,    0.0,    0.0,    0.0,    0.0,    0.0,    0.0, I
0.4584780633449554, 0.8926229476928711, 5.5843646151743094e-08 , 0.4609935879707336, 0.8061650395393372, 0.0031135480385273   , 0.4357804954051971, 0.7363560795783997, 0.0056916018947958 , 0.4058794975280761, 0.6872631311416626, 0.0070433891378343   , 0.385831207036972 , 0.6522281169891357, 0.0064047258347272   , 0.3696848750114441, 0.739899218082428 , -0.0001391352998325, 0.3132911324501037, 0.7045391798019409, -0.0049597802571952, 0.2810491323471069, 0.6878402233123779, -0.0109908953309059, 0.2539076805114746, 0.6756154298782349, -0.015985045582056 , 0.3498063087463379, 0.7800416350364685, -0.0072421836666762, 0.288274347782135 , 0.7395700216293335, -0.0109121790155768, 0.2509167194366455, 0.7152875065803528, -0.0187210012227296, 0.2217340022325515, 0.6965833306312561, -0.0263148508965969, 0.3391852378845215, 0.8238463401794434, -0.0139222471043467, 0.2814744710922241, 0.787611186504364 , -0.0196310449391603, 0.2457781136035919, 0.7641927003860474, -0.0284138116985559, 0.2176796495914459, 0.7465216517448425, -0.035706341266632 , 0.3370279967784881, 0.8685210943222046, -0.0197567883878946   , 0.289854496717453 , 0.8453308343887329, -0.0263964924961328, 0.263211041688919 , 0.831028938293457 , -0.0303687527775764, 0.2420367002487182, 0.8172897100448608, -0.0331568010151386,   0.0,   0.0,   0.0,   0.0,   0.0,   0.0,   0.0,   0.0,   0.0,   0.0,   0.0,   0.0,   0.0,   0.0,   0.0,   0.0,   0.0,   0.0,   0.0,   0.0,   0.0,   0.0,   0.0,   0.0,   0.0,   0.0,   0.0,   0.0,   0.0,   0.0,    0.0,    0.0,    0.0,    0.0,    0.0,    0.0,    0.0,    0.0,    0.0,    0.0,    0.0,    0.0,    0.0,    0.0,    0.0,    0.0,    0.0,    0.0,    0.0,    0.0,    0.0,    0.0,    0.0,    0.0,    0.0,    0.0,    0.0,    0.0,    0.0,    0.0,    0.0,    0.0,    0.0, I
0.4735960364341736, 0.8864046335220337, 1.2112599279134886e-07 , 0.4880378842353821, 0.8001604080200195, -0.0008820646326057  , 0.4648253619670868, 0.7268775105476379, -0.0010900533525273, 0.4252485334873199, 0.6761627793312073, 6.596998719032854e-05, 0.4006614983081817, 0.6432701349258423, -0.0001211120325024  , 0.4092125594615936, 0.7334266304969788, -0.0135075543075799, 0.3532330989837646, 0.6784547567367554, -0.0188032947480678, 0.3217714726924896, 0.6478675603866577, -0.0216382145881652, 0.2987171709537506, 0.6256322264671326, -0.0233518350869417, 0.381971001625061 , 0.7719640135765076, -0.0156615525484085, 0.3237746953964233, 0.7097668051719666, -0.0184971839189529, 0.2908767163753509, 0.6726261973381042, -0.0211327448487281, 0.2693747282028198, 0.6456993818283081, -0.0242688413709402, 0.3650065064430237, 0.8093488812446594, -0.0166072715073823, 0.3101202547550201, 0.7572422027587891, -0.0183759704232215, 0.280503511428833 , 0.7224233746528625, -0.0216358955949544, 0.2607676982879638, 0.6965020298957825, -0.0250180792063474, 0.3577503263950348, 0.8457736968994141, -0.0168899148702621   , 0.3138271570205688, 0.8100731372833252, -0.0180401131510734, 0.2911508679389953, 0.7879886031150818, -0.0177735593169927, 0.2761754989624023, 0.7683948278427124, -0.0175321400165557,   0.0,   0.0,   0.0,   0.0,   0.0,   0.0,   0.0,   0.0,   0.0,   0.0,   0.0,   0.0,   0.0,   0.0,   0.0,   0.0,   0.0,   0.0,   0.0,   0.0,   0.0,   0.0,   0.0,   0.0,   0.0,   0.0,   0.0,   0.0,   0.0,   0.0,    0.0,    0.0,    0.0,    0.0,    0.0,    0.0,    0.0,    0.0,    0.0,    0.0,    0.0,    0.0,    0.0,    0.0,    0.0,    0.0,    0.0,    0.0,    0.0,    0.0,    0.0,    0.0,    0.0,    0.0,    0.0,    0.0,    0.0,    0.0,    0.0,    0.0,    0.0,    0.0,    0.0, I
0.4602850973606109, 0.8910602927207947, 3.2094018820316705e-07 , 0.4770181179046631, 0.811844527721405 , -0.0168707873672246  , 0.467485636472702 , 0.7351014018058777, -0.0224264170974493, 0.4522722661495209, 0.6773368120193481, -0.0240837074816226  , 0.4448766708374023, 0.6309602856636047, -0.026196589693427   , 0.3862602114677429, 0.7508076429367065, -0.0268482100218534, 0.3456969857215881, 0.6883701682090759, -0.0332546681165695, 0.3221938610076904, 0.6513069272041321, -0.03760676831007  , 0.3044250011444092, 0.6238138675689697, -0.0420573614537715, 0.3606034219264984, 0.7904215455055237, -0.0239546261727809, 0.3090273141860962, 0.7352915406227112, -0.0309760384261608, 0.277165025472641 , 0.7020140290260315, -0.0399184338748455, 0.2530911564826965, 0.6780210733413696, -0.0484837554395198, 0.3490020930767059, 0.8318474292755127, -0.0209117420017719, 0.2967402935028076, 0.7902538180351257, -0.0309343878179788, 0.2635421752929687, 0.761461615562439 , -0.0432604886591434, 0.2387752383947372, 0.7394896745681763, -0.0529329366981983, 0.350020557641983 , 0.8703558444976807, -0.0180131122469902   , 0.3033452928066253, 0.8574661016464233, -0.0313634425401687, 0.2718963325023651, 0.8469921946525574, -0.0407362058758735, 0.2465449720621109, 0.8349995613098145, -0.0468029826879501,   0.0,   0.0,   0.0,   0.0,   0.0,   0.0,   0.0,   0.0,   0.0,   0.0,   0.0,   0.0,   0.0,   0.0,   0.0,   0.0,   0.0,   0.0,   0.0,   0.0,   0.0,   0.0,   0.0,   0.0,   0.0,   0.0,   0.0,   0.0,   0.0,   0.0,    0.0,    0.0,    0.0,    0.0,    0.0,    0.0,    0.0,    0.0,    0.0,    0.0,    0.0,    0.0,    0.0,    0.0,    0.0,    0.0,    0.0,    0.0,    0.0,    0.0,    0.0,    0.0,    0.0,    0.0,    0.0,    0.0,    0.0,    0.0,    0.0,    0.0,    0.0,    0.0,    0.0, I
0.4624090194702148, 0.8884848952293396, 1.0828072305457681e-07 , 0.4754900634288788, 0.8038983941078186, -0.0059256278909742  , 0.4590169489383697, 0.7271101474761963, -0.0080411164090037, 0.4352365136146545, 0.6640909910202026, -0.0091326748952269  , 0.4157063066959381, 0.6212759017944336, -0.0111548276618123  , 0.3889057636260986, 0.7249686121940613, -0.0077856350690126, 0.3361741304397583, 0.6765807271003723, -0.0133849736303091, 0.3043113350868225, 0.6525222063064575, -0.0201928690075874, 0.2774695754051208, 0.6348023414611816, -0.0255526378750801, 0.36328986287117  , 0.7603750228881836, -0.0095729129388928, 0.308604896068573 , 0.705697774887085 , -0.0122991809621453, 0.2771618962287903, 0.6747361421585083, -0.0186565499752759, 0.2539054751396179, 0.650966227054596 , -0.0256832856684923, 0.3473815321922302, 0.798861026763916 , -0.0114975199103355, 0.2961760759353637, 0.7514334917068481, -0.0145215382799506, 0.2690974771976471, 0.7206843495368958, -0.0199112053960561, 0.2493190914392471, 0.6985838413238525, -0.0255310628563165, 0.3404544591903686, 0.8370092511177063, -0.0137266190722584   , 0.3000030517578125, 0.8033758997917175, -0.0167877897620201, 0.2792924344539642, 0.7816569805145264, -0.0180672574788332, 0.2642916440963745, 0.7638022899627686, -0.019464336335659 ,   0.0,   0.0,   0.0,   0.0,   0.0,   0.0,   0.0,   0.0,   0.0,   0.0,   0.0,   0.0,   0.0,   0.0,   0.0,   0.0,   0.0,   0.0,   0.0,   0.0,   0.0,   0.0,   0.0,   0.0,   0.0,   0.0,   0.0,   0.0,   0.0,   0.0,    0.0,    0.0,    0.0,    0.0,    0.0,    0.0,    0.0,    0.0,    0.0,    0.0,    0.0,    0.0,    0.0,    0.0,    0.0,    0.0,    0.0,    0.0,    0.0,    0.0,    0.0,    0.0,    0.0,    0.0,    0.0,    0.0,    0.0,    0.0,    0.0,    0.0,    0.0,    0.0,    0.0, I
0.5034880638122559, 0.8883921504020691, 1.6827493709570265e-07 , 0.5182854533195496, 0.8062929511070251, -0.0089692566543817  , 0.5051310658454895, 0.7280526161193848, -0.013167867437005 , 0.4863140881061554, 0.6612347960472107, -0.0157832354307174  , 0.471699446439743 , 0.6114867925643921, -0.0194439850747585  , 0.4322001039981842, 0.7207359671592712, -0.011949336156249 , 0.3802893161773681, 0.6671693921089172, -0.0185988470911979, 0.3496533036231994, 0.639589250087738 , -0.0254888758063316, 0.324083149433136 , 0.6193308234214783, -0.0308064352720975, 0.4075180292129516, 0.7545633912086487, -0.0130835892632603, 0.3533728122711181, 0.6961168050765991, -0.0161645486950874, 0.322366714477539 , 0.6605319380760193, -0.0229227431118488, 0.2990718483924866, 0.6336393356323242, -0.0302266031503677, 0.3913709223270416, 0.7937349081039429, -0.0145776709541678, 0.3412814736366272, 0.7417076230049133, -0.018772343173623 , 0.3130637109279632, 0.7078089118003845, -0.0262350849807262, 0.2912810444831848, 0.6813681125640869, -0.0332319550216198, 0.3835977911949157, 0.8332160115242004, -0.0164147447794675   , 0.3434476256370544, 0.7993216514587402, -0.0219094697386026, 0.3204932808876037, 0.7770270109176636, -0.0256777349859476, 0.3022781908512115, 0.757064938545227 , -0.0286156721413135,   0.0,   0.0,   0.0,   0.0,   0.0,   0.0,   0.0,   0.0,   0.0,   0.0,   0.0,   0.0,   0.0,   0.0,   0.0,   0.0,   0.0,   0.0,   0.0,   0.0,   0.0,   0.0,   0.0,   0.0,   0.0,   0.0,   0.0,   0.0,   0.0,   0.0,    0.0,    0.0,    0.0,    0.0,    0.0,    0.0,    0.0,    0.0,    0.0,    0.0,    0.0,    0.0,    0.0,    0.0,    0.0,    0.0,    0.0,    0.0,    0.0,    0.0,    0.0,    0.0,    0.0,    0.0,    0.0,    0.0,    0.0,    0.0,    0.0,    0.0,    0.0,    0.0,    0.0, I
0.5001885294914246, 0.8301043510437012, 1.5961485644311327e-07 , 0.5064107775688171, 0.7491479516029358, -0.012812721543014   , 0.4781414270401001, 0.67233806848526  , -0.0175364520400762, 0.4463147521018982, 0.6178326606750488, -0.0199870485812425  , 0.4230558574199676, 0.5782054662704468, -0.0242308434098958  , 0.4123285412788391, 0.6990107893943787, -0.016554769128561 , 0.3484431505203247, 0.675649106502533 , -0.0258060954511165, 0.3085011839866638, 0.6633340716362   , -0.0357238724827766, 0.2738406062126159, 0.6555544137954712, -0.043647427111864 , 0.3955168426036834, 0.743225634098053 , -0.0174080338329076, 0.3309428989887237, 0.7148047685623169, -0.0240761563181877, 0.2858079075813293, 0.696847677230835 , -0.0361408963799476, 0.2499109208583831, 0.6870445013046265, -0.0474038496613502, 0.387022316455841 , 0.7848602533340454, -0.0185196660459041, 0.330060064792633 , 0.7601102590560913, -0.0258309803903102, 0.2900769114494324, 0.7407663464546204, -0.0352922566235065, 0.2596368193626404, 0.7270070314407349, -0.0432920157909393, 0.3857722878456116, 0.8242557048797607, -0.0203584432601928   , 0.339609831571579 , 0.8050844669342041, -0.0283914022147655, 0.3093143701553345, 0.7937315106391907, -0.0318377465009689, 0.2850420176982879, 0.782311737537384 , -0.0342868082225322,   0.0,   0.0,   0.0,   0.0,   0.0,   0.0,   0.0,   0.0,   0.0,   0.0,   0.0,   0.0,   0.0,   0.0,   0.0,   0.0,   0.0,   0.0,   0.0,   0.0,   0.0,   0.0,   0.0,   0.0,   0.0,   0.0,   0.0,   0.0,   0.0,   0.0,    0.0,    0.0,    0.0,    0.0,    0.0,    0.0,    0.0,    0.0,    0.0,    0.0,    0.0,    0.0,    0.0,    0.0,    0.0,    0.0,    0.0,    0.0,    0.0,    0.0,    0.0,    0.0,    0.0,    0.0,    0.0,    0.0,    0.0,    0.0,    0.0,    0.0,    0.0,    0.0,    0.0, I
0.4849480390548706, 0.9367371797561646, 1.2105000735118665e-07 , 0.4888162910938263, 0.8495088815689087, -0.0028445988427847  , 0.4564466178417206, 0.7755022644996643, 0.0006453375099226 , 0.4130552113056183, 0.7295945882797241, 0.0052051781676709   , 0.383044421672821 , 0.6995114088058472, 0.008738150820136    , 0.3829711973667145, 0.7811972498893738, 0.0002443193807266 , 0.3254414796829223, 0.7461707592010498, -0.000997225055471 , 0.2921138107776642, 0.7287736535072327, -0.0049911658279597, 0.2636656165122986, 0.7155147194862366, -0.0089351050555706, 0.3618395924568176, 0.8251009583473206, -0.0014973412035033, 0.3014299273490906, 0.7833542823791504, -0.0020046858116984, 0.2650350928306579, 0.7572591304779053, -0.0086126560345292, 0.2359870970249176, 0.7369312047958374, -0.015346810221672 , 0.3524806201457977, 0.868547797203064 , -0.0032026977278292, 0.2943384647369385, 0.8334475159645081, -0.0060471054166555, 0.2601685523986816, 0.8087500929832458, -0.0148788103833794, 0.2322449535131454, 0.7891000509262085, -0.022179041057825 , 0.3527398407459259, 0.9116061925888062, -0.0046080579049885   , 0.3035007417201996, 0.8893523216247559, -0.0085760653018951, 0.2764438688755035, 0.875046968460083 , -0.0125017752870917, 0.2553590834140777, 0.859513521194458 , -0.0153797538951039,   0.0,   0.0,   0.0,   0.0,   0.0,   0.0,   0.0,   0.0,   0.0,   0.0,   0.0,   0.0,   0.0,   0.0,   0.0,   0.0,   0.0,   0.0,   0.0,   0.0,   0.0,   0.0,   0.0,   0.0,   0.0,   0.0,   0.0,   0.0,   0.0,   0.0,    0.0,    0.0,    0.0,    0.0,    0.0,    0.0,    0.0,    0.0,    0.0,    0.0,    0.0,    0.0,    0.0,    0.0,    0.0,    0.0,    0.0,    0.0,    0.0,    0.0,    0.0,    0.0,    0.0,    0.0,    0.0,    0.0,    0.0,    0.0,    0.0,    0.0,    0.0,    0.0,    0.0, I
0.4758238792419433, 0.896475076675415 , 1.4383148538854584e-07 , 0.4826629757881164, 0.8135130405426025, -0.0006871072691865  , 0.4530582726001739, 0.7439283132553101, 0.0019831317476928 , 0.4081686437129974, 0.7037845849990845, 0.0056244172155857   , 0.3773228824138641, 0.6807557940483093, 0.0081033827736973   , 0.3859609067440033, 0.7435014843940735, -0.0040237950161099, 0.3273575603961944, 0.7043310403823853, -0.0063096922822296, 0.2936185002326965, 0.6819412708282471, -0.0095477169379591, 0.2674213945865631, 0.6659821271896362, -0.0124000972136855, 0.3609392940998077, 0.7855094075202942, -0.0059836814180016, 0.3011581897735595, 0.7388598322868347, -0.0064624245278537, 0.2662398219108581, 0.7106146812438965, -0.0105770966038107, 0.2414914071559906, 0.6908035278320312, -0.0152037972584366, 0.3472365140914917, 0.8270905017852783, -0.0073066810145974, 0.2927128672599792, 0.7849965691566467, -0.008730748668313 , 0.2605047523975372, 0.7585259675979614, -0.0147245051339268, 0.2366869002580642, 0.7399457693099976, -0.0201708264648914, 0.3431006371974945, 0.8693398237228394, -0.0080479457974433   , 0.2975093126296997, 0.8418835997581482, -0.0103426296263933, 0.2735178768634796, 0.8244742155075073, -0.0125436577945947, 0.2560956478118896, 0.8080168962478638, -0.0141434296965599,   0.0,   0.0,   0.0,   0.0,   0.0,   0.0,   0.0,   0.0,   0.0,   0.0,   0.0,   0.0,   0.0,   0.0,   0.0,   0.0,   0.0,   0.0,   0.0,   0.0,   0.0,   0.0,   0.0,   0.0,   0.0,   0.0,   0.0,   0.0,   0.0,   0.0,    0.0,    0.0,    0.0,    0.0,    0.0,    0.0,    0.0,    0.0,    0.0,    0.0,    0.0,    0.0,    0.0,    0.0,    0.0,    0.0,    0.0,    0.0,    0.0,    0.0,    0.0,    0.0,    0.0,    0.0,    0.0,    0.0,    0.0,    0.0,    0.0,    0.0,    0.0,    0.0,    0.0, I
0.4685466587543487, 0.8830891251564026, 1.631988197914325e-07  , 0.4762498438358307, 0.8010941743850708, -0.0026185144670307  , 0.451446920633316 , 0.7304427027702332, -0.0021980265155434, 0.4164770841598511, 0.6805673837661743, -0.0005602405290119  , 0.3938464820384979, 0.6456774473190308, 1.613067252037581e-05, 0.3843568861484527, 0.733826756477356 , -0.0070385742001235, 0.3290246129035949, 0.6917783617973328, -0.0106473173946142, 0.296422392129898 , 0.669869601726532 , -0.0144913457334041, 0.2703759372234344, 0.6539873480796814, -0.0177630297839641, 0.3614316284656524, 0.7745170593261719, -0.0092119248583912, 0.3032236695289612, 0.7243726849555969, -0.0113447280600667, 0.2698276340961456, 0.6965073347091675, -0.0158135462552309, 0.2455928027629852, 0.6762093305587769, -0.0205258410423994, 0.3485323488712311, 0.8159579634666443, -0.0109017975628376, 0.2941646575927734, 0.7733220458030701, -0.0137802604585886, 0.2629272937774658, 0.7460818290710449, -0.018807616084814 , 0.2398147732019424, 0.7266172766685486, -0.0233245398849248, 0.3455439209938049, 0.8571574091911316, -0.0122492061927914   , 0.3008639812469482, 0.8304561972618103, -0.0150752607733011, 0.2769715785980224, 0.813544511795044 , -0.0162320733070373, 0.2591128945350647, 0.7980540990829468, -0.0169622506946325,   0.0,   0.0,   0.0,   0.0,   0.0,   0.0,   0.0,   0.0,   0.0,   0.0,   0.0,   0.0,   0.0,   0.0,   0.0,   0.0,   0.0,   0.0,   0.0,   0.0,   0.0,   0.0,   0.0,   0.0,   0.0,   0.0,   0.0,   0.0,   0.0,   0.0,    0.0,    0.0,    0.0,    0.0,    0.0,    0.0,    0.0,    0.0,    0.0,    0.0,    0.0,    0.0,    0.0,    0.0,    0.0,    0.0,    0.0,    0.0,    0.0,    0.0,    0.0,    0.0,    0.0,    0.0,    0.0,    0.0,    0.0,    0.0,    0.0,    0.0,    0.0,    0.0,    0.0, I
0.4164526164531708, 0.8645219802856445, 1.4712308882280922e-07 , 0.4290204644203186, 0.7846928238868713, -0.0024036804679781  , 0.4026427567005157, 0.7184273600578308, -0.0016114803729578, 0.3619287610054016, 0.6739909052848816, 0.0007235542871057   , 0.3391995429992676, 0.6401764154434204, 0.0027097584679722   , 0.3385871052742004, 0.7197505831718445, -0.0093112522736191, 0.2865504324436188, 0.6732410192489624, -0.0130576910451054, 0.2564174234867096, 0.6518545746803284, -0.0152941225096583, 0.2335754781961441, 0.639006495475769 , -0.0163485147058963, 0.3118670284748077, 0.7582058906555176, -0.0092493882402777, 0.2590777277946472, 0.7041904926300049, -0.0107260514050722, 0.2301893234252929, 0.6756168603897095, -0.0115194851532578, 0.2104334533214569, 0.6579347252845764, -0.0123922051861882, 0.2967967391014099, 0.7972820997238159, -0.0084881130605936, 0.245972990989685 , 0.7516556978225708, -0.008595329709351 , 0.2203271090984344, 0.7237421870231628, -0.0094591621309518, 0.2026049792766571, 0.7050155401229858, -0.0107303094118833, 0.2929891645908355, 0.8373000025749207, -0.0074597718194127   , 0.2520410120487213, 0.8083803653717041, -0.0072065759450197, 0.2317884862422943, 0.7892594933509827, -0.0058943126350641, 0.2180793583393097, 0.7728676199913025, -0.0044681318104267,   0.0,   0.0,   0.0,   0.0,   0.0,   0.0,   0.0,   0.0,   0.0,   0.0,   0.0,   0.0,   0.0,   0.0,   0.0,   0.0,   0.0,   0.0,   0.0,   0.0,   0.0,   0.0,   0.0,   0.0,   0.0,   0.0,   0.0,   0.0,   0.0,   0.0,    0.0,    0.0,    0.0,    0.0,    0.0,    0.0,    0.0,    0.0,    0.0,    0.0,    0.0,    0.0,    0.0,    0.0,    0.0,    0.0,    0.0,    0.0,    0.0,    0.0,    0.0,    0.0,    0.0,    0.0,    0.0,    0.0,    0.0,    0.0,    0.0,    0.0,    0.0,    0.0,    0.0, I
0.4103593826293945, 0.8117765188217163, 1.396301456679794e-07  , 0.4278847277164459, 0.735942006111145 , 7.569748413516209e-05, 0.404921680688858 , 0.6668081283569336, 0.0029209917411208 , 0.3645269274711609, 0.6194654107093811, 0.0065162242390215   , 0.3412275612354278, 0.5881933569908142, 0.0097195487469434   , 0.3397683799266815, 0.6546910405158997, -0.0006654175813309, 0.2923406660556793, 0.6062751412391663, -0.0009270224836654, 0.2671410143375397, 0.5843613147735596, -0.0009517350117675, 0.2509522438049316, 0.5737987160682678, -0.0004469014238566, 0.3112058639526367, 0.6904071569442749, -0.0011346997926011, 0.2626164853572845, 0.6325485706329346, 0.001393822254613  , 0.2411278784275055, 0.6053140163421631, 0.0031498412135988 , 0.2297317385673523, 0.5903269648551941, 0.0040317205712199 , 0.2948530912399292, 0.7282200455665588, -0.0014229424996301, 0.2460152804851532, 0.6751319766044617, -0.0001537116477265, 0.224487766623497 , 0.6459366679191589, -0.0007428516400977, 0.2122184485197067, 0.6286278367042542, -0.001756910351105 , 0.2888722717761993, 0.768938422203064 , -0.0012638290645554   , 0.2488501667976379, 0.7345417737960815, -0.000363543163985 , 0.2311920225620269, 0.7117765545845032, 0.0005299163749441 , 0.2210250347852707, 0.6927998661994934, 0.0015252819284796 ,   0.0,   0.0,   0.0,   0.0,   0.0,   0.0,   0.0,   0.0,   0.0,   0.0,   0.0,   0.0,   0.0,   0.0,   0.0,   0.0,   0.0,   0.0,   0.0,   0.0,   0.0,   0.0,   0.0,   0.0,   0.0,   0.0,   0.0,   0.0,   0.0,   0.0,    0.0,    0.0,    0.0,    0.0,    0.0,    0.0,    0.0,    0.0,    0.0,    0.0,    0.0,    0.0,    0.0,    0.0,    0.0,    0.0,    0.0,    0.0,    0.0,    0.0,    0.0,    0.0,    0.0,    0.0,    0.0,    0.0,    0.0,    0.0,    0.0,    0.0,    0.0,    0.0,    0.0, I
0.4003798365592956, 0.883363664150238 , 2.073001326152735e-07  , 0.4093844890594482, 0.8037585020065308, -0.0032449353020638  , 0.3785445094108581, 0.7351008653640747, -0.0011470777681097, 0.3341829478740692, 0.6903629899024963, 0.0028639126103371   , 0.3077903985977173, 0.6587391495704651, 0.0071101863868534   , 0.3095848858356476, 0.7377772331237793, -0.0032882846426218, 0.2560683488845825, 0.6966016292572021, -0.0017766829114407, 0.2253227233886718, 0.6754579544067383, -0.0006176010356284, 0.2024753093719482, 0.6627731919288635, 0.0003032119129784 , 0.2849073708057403, 0.7799511551856995, -0.0013589590089395, 0.2306932210922241, 0.7303962707519531, 0.003389498218894  , 0.2039052248001098, 0.7040439248085022, 0.0067812725901603 , 0.1865462958812713, 0.6869929432868958, 0.0085695153102278 , 0.2718583941459656, 0.8201662302017212, 0.0007880849298089 , 0.2198869884014129, 0.7770333886146545, 0.0046619498170912 , 0.1975746899843216, 0.7500855922698975, 0.0066720251925289 , 0.1841709613800048, 0.732348620891571 , 0.0073099709115922 , 0.2689994871616363, 0.8600043058395386, 0.0028217986691743    , 0.2254508882761001, 0.8301197290420532, 0.0060106725431978 , 0.2073834538459777, 0.8107203245162964, 0.0091387648135423 , 0.1978231817483902, 0.7945300340652466, 0.0118383215740323 ,   0.0,   0.0,   0.0,   0.0,   0.0,   0.0,   0.0,   0.0,   0.0,   0.0,   0.0,   0.0,   0.0,   0.0,   0.0,   0.0,   0.0,   0.0,   0.0,   0.0,   0.0,   0.0,   0.0,   0.0,   0.0,   0.0,   0.0,   0.0,   0.0,   0.0,    0.0,    0.0,    0.0,    0.0,    0.0,    0.0,    0.0,    0.0,    0.0,    0.0,    0.0,    0.0,    0.0,    0.0,    0.0,    0.0,    0.0,    0.0,    0.0,    0.0,    0.0,    0.0,    0.0,    0.0,    0.0,    0.0,    0.0,    0.0,    0.0,    0.0,    0.0,    0.0,    0.0, I
0.4891096353530884, 0.9165419340133668, 1.1274477884626323e-07 , 0.4900536239147186, 0.8296846151351929, -0.0026816464960575  , 0.4535177946090698, 0.7575289607048035, -0.0031002906616777, 0.4075227081775665, 0.7169780135154724, -0.00244863005355    , 0.3756316006183624, 0.6970570683479309, -0.0042436369694769  , 0.394586980342865 , 0.7779729962348938, -0.0122163007035851, 0.3277327716350555, 0.7472600936889648, -0.0188919175416231, 0.2878742218017578, 0.7302219271659851, -0.0249536596238613, 0.2559115886688232, 0.7190468907356262, -0.029680298641324 , 0.3784992694854736, 0.8249649405479431, -0.0159612540155649, 0.310016393661499 , 0.7875506281852722, -0.0209365375339984, 0.265225201845169 , 0.7629238963127136, -0.0296593196690082, 0.231742262840271 , 0.7472333908081055, -0.0377347692847251, 0.3723108172416687, 0.8680181503295898, -0.0186983849853277, 0.3079004287719726, 0.8334649205207825, -0.0242126192897558, 0.2662717700004577, 0.8097454905509949, -0.0333664789795875, 0.2349300682544708, 0.7917059063911438, -0.0407644174993038, 0.3738123476505279, 0.9085057377815248, -0.0207838993519544   , 0.3188450038433075, 0.8847870826721191, -0.0280786957591772, 0.2857397198677063, 0.8703998923301697, -0.0327874422073364, 0.2602021694183349, 0.8543616533279419, -0.0357416830956935,   0.0,   0.0,   0.0,   0.0,   0.0,   0.0,   0.0,   0.0,   0.0,   0.0,   0.0,   0.0,   0.0,   0.0,   0.0,   0.0,   0.0,   0.0,   0.0,   0.0,   0.0,   0.0,   0.0,   0.0,   0.0,   0.0,   0.0,   0.0,   0.0,   0.0,    0.0,    0.0,    0.0,    0.0,    0.0,    0.0,    0.0,    0.0,    0.0,    0.0,    0.0,    0.0,    0.0,    0.0,    0.0,    0.0,    0.0,    0.0,    0.0,    0.0,    0.0,    0.0,    0.0,    0.0,    0.0,    0.0,    0.0,    0.0,    0.0,    0.0,    0.0,    0.0,    0.0, I
0.5567625761032104, 0.8461830019950867, 3.0811428075594456e-08 , 0.5513342618942261, 0.760281503200531 , 0.0021844774018973   , 0.5193440318107605, 0.6940914988517761, 0.0040641222149133 , 0.473390132188797 , 0.6569140553474426, 0.0059061981737613   , 0.4424313604831695, 0.6364048719406128, 0.0059948558919131   , 0.459316074848175 , 0.7088111042976379, -0.0051393527537584, 0.3952245116233825, 0.6793094277381897, -0.0110276211053133, 0.3582849502563476, 0.6662874221801758, -0.0167484320700168, 0.3280137777328491, 0.6586707234382629, -0.020979581400752 , 0.4388794898986816, 0.7520241141319275, -0.0110222194343805, 0.3721140027046203, 0.7172038555145264, -0.0155545603483915, 0.3333309888839721, 0.699172854423523 , -0.0211972706019878, 0.3043728470802307, 0.6861580610275269, -0.0265057608485221, 0.4278942048549652, 0.7957243323326111, -0.016135161742568 , 0.3654646873474121, 0.7652117609977722, -0.021095372736454 , 0.3312616348266601, 0.7454305291175842, -0.025771452113986 , 0.3057553172111511, 0.7311996221542358, -0.0296452082693576, 0.4265116155147552, 0.8406789302825928, -0.0204749647527933   , 0.3737774491310119, 0.8166885375976562, -0.0250045154243707, 0.3467519581317901, 0.8039522171020508, -0.0253078490495681, 0.3266132473945617, 0.7914271354675293, -0.0250043664127588,   0.0,   0.0,   0.0,   0.0,   0.0,   0.0,   0.0,   0.0,   0.0,   0.0,   0.0,   0.0,   0.0,   0.0,   0.0,   0.0,   0.0,   0.0,   0.0,   0.0,   0.0,   0.0,   0.0,   0.0,   0.0,   0.0,   0.0,   0.0,   0.0,   0.0,    0.0,    0.0,    0.0,    0.0,    0.0,    0.0,    0.0,    0.0,    0.0,    0.0,    0.0,    0.0,    0.0,    0.0,    0.0,    0.0,    0.0,    0.0,    0.0,    0.0,    0.0,    0.0,    0.0,    0.0,    0.0,    0.0,    0.0,    0.0,    0.0,    0.0,    0.0,    0.0,    0.0, I
0.5790376663208008, 0.8060665726661682, 9.479386164912285e-08  , 0.5777246356010437, 0.7264223098754883, -0.0020833748858422  , 0.5437998175621033, 0.6654651165008545, -0.0028286769520491, 0.498856633901596 , 0.6309927701950073, -0.0033823295962065  , 0.4710221588611603, 0.6038179993629456, -0.0056921830400824  , 0.4877230525016784, 0.671719491481781 , -0.0104206344112753, 0.4250980019569397, 0.6429949402809143, -0.0192471202462911, 0.3879942893981933, 0.6278600692749023, -0.0264836717396974, 0.3580050766468048, 0.6169053912162781, -0.0319889411330223, 0.4671408534049988, 0.7129075527191162, -0.0160950478166341, 0.401637852191925 , 0.6763967275619507, -0.0241068098694086, 0.3619838356971741, 0.6558400392532349, -0.0320820957422256, 0.3321906924247741, 0.6408585906028748, -0.038669217377901 , 0.4567087292671203, 0.7564384341239929, -0.0213904771953821, 0.3960312306880951, 0.7233584523200989, -0.0300653111189603, 0.3593397140502929, 0.703033447265625 , -0.0378992781043052, 0.3310050368309021, 0.6868059039115906, -0.0435084588825702, 0.4563314914703369, 0.8015779256820679, -0.026137214154005    , 0.4063418805599212, 0.7807799577713013, -0.0347434431314468, 0.3781144022941589, 0.7702200412750244, -0.0384949222207069, 0.3555863499641418, 0.7583436369895935, -0.0403572432696819,   0.0,   0.0,   0.0,   0.0,   0.0,   0.0,   0.0,   0.0,   0.0,   0.0,   0.0,   0.0,   0.0,   0.0,   0.0,   0.0,   0.0,   0.0,   0.0,   0.0,   0.0,   0.0,   0.0,   0.0,   0.0,   0.0,   0.0,   0.0,   0.0,   0.0,    0.0,    0.0,    0.0,    0.0,    0.0,    0.0,    0.0,    0.0,    0.0,    0.0,    0.0,    0.0,    0.0,    0.0,    0.0,    0.0,    0.0,    0.0,    0.0,    0.0,    0.0,    0.0,    0.0,    0.0,    0.0,    0.0,    0.0,    0.0,    0.0,    0.0,    0.0,    0.0,    0.0, I
0.5382779836654663, 0.8013396859169006, 4.048979818094267e-08  , 0.5418258905410767, 0.7168271541595459, 0.0055756447836756   , 0.5164246559143066, 0.6508656144142151, 0.0076864273287355 , 0.4757795333862304, 0.6149386167526245, 0.0091616893187165   , 0.448441594839096 , 0.5981967449188232, 0.0087660187855362   , 0.4602347016334533, 0.64778733253479  , -0.0045612640678882, 0.403258353471756 , 0.6049425005912781, -0.0104844812303781, 0.3708341419696808, 0.5838955044746399, -0.0149207413196563, 0.3466033935546875, 0.5689460635185242, -0.0178354233503341, 0.434893250465393 , 0.6842126846313477, -0.0112956995144486, 0.3754854202270508, 0.6333183646202087, -0.0146732591092586, 0.3439278602600097, 0.6071175336837769, -0.0178169421851634, 0.3234444856643677, 0.5903215408325195, -0.0209720935672521, 0.4186282157897949, 0.725571870803833 , -0.0168982837349176, 0.3602304458618164, 0.6811420321464539, -0.020784106105566 , 0.3303221762180328, 0.6552296876907349, -0.0238168332725763, 0.3109875917434692, 0.637403130531311 , -0.026660643517971 , 0.4113935828208923, 0.7706396579742432, -0.0213093291968107   , 0.3650409877300262, 0.7380629181861877, -0.0251169055700302, 0.3420133888721466, 0.7198941707611084, -0.0246376302093267, 0.3263450264930725, 0.7039793133735657, -0.0238797944039106,   0.0,   0.0,   0.0,   0.0,   0.0,   0.0,   0.0,   0.0,   0.0,   0.0,   0.0,   0.0,   0.0,   0.0,   0.0,   0.0,   0.0,   0.0,   0.0,   0.0,   0.0,   0.0,   0.0,   0.0,   0.0,   0.0,   0.0,   0.0,   0.0,   0.0,    0.0,    0.0,    0.0,    0.0,    0.0,    0.0,    0.0,    0.0,    0.0,    0.0,    0.0,    0.0,    0.0,    0.0,    0.0,    0.0,    0.0,    0.0,    0.0,    0.0,    0.0,    0.0,    0.0,    0.0,    0.0,    0.0,    0.0,    0.0,    0.0,    0.0,    0.0,    0.0,    0.0, I
0.4745313823223114, 0.8413867354393005, 1.0660619409463835e-07 , 0.4847988486289978, 0.7603694796562195, -0.0011858928482979  , 0.4591207802295685, 0.6952309012413025, -0.0002856769715435, 0.4185513854026794, 0.6506214737892151, 0.0010838808957487   , 0.3934630155563354, 0.6160786747932434, 0.0014866553246974   , 0.3982483446598053, 0.6948326230049133, -0.0030112273525446, 0.3438588976860046, 0.6535869836807251, -0.0071857459843158, 0.312401533126831 , 0.6331512331962585, -0.0113075347617268, 0.2876800000667572, 0.6187254190444946, -0.0144431879743933, 0.3735260963439941, 0.7335668206214905, -0.0060248058289289, 0.3166168332099914, 0.6843820810317993, -0.0086458157747983, 0.2839943468570709, 0.6559581160545349, -0.0132722314447164, 0.260568231344223 , 0.6352484226226807, -0.017933215945959 , 0.3599852323532104, 0.7742112874984741, -0.0088712973520159, 0.3058540225028991, 0.7316240072250366, -0.0127055561169981, 0.2755068242549896, 0.7044770121574402, -0.0180383995175361, 0.253163993358612 , 0.6837679743766785, -0.022518154233694 , 0.3560087084770202, 0.8154584169387817, -0.0112633062526583   , 0.3121273517608642, 0.7892221212387085, -0.0150565430521965, 0.288573682308197 , 0.7722686529159546, -0.0167792420834302, 0.2712861597537994, 0.7556582093238831, -0.0177744626998901,   0.0,   0.0,   0.0,   0.0,   0.0,   0.0,   0.0,   0.0,   0.0,   0.0,   0.0,   0.0,   0.0,   0.0,   0.0,   0.0,   0.0,   0.0,   0.0,   0.0,   0.0,   0.0,   0.0,   0.0,   0.0,   0.0,   0.0,   0.0,   0.0,   0.0,    0.0,    0.0,    0.0,    0.0,    0.0,    0.0,    0.0,    0.0,    0.0,    0.0,    0.0,    0.0,    0.0,    0.0,    0.0,    0.0,    0.0,    0.0,    0.0,    0.0,    0.0,    0.0,    0.0,    0.0,    0.0,    0.0,    0.0,    0.0,    0.0,    0.0,    0.0,    0.0,    0.0, I
0.4875953793525696, 0.906196653842926 , 1.32252793605403e-07   , 0.4897118806838989, 0.8269950151443481, -0.0053525357507169  , 0.4557355940341949, 0.755961000919342 , -0.0058743143454194, 0.4113060534000397, 0.7106649875640869, -0.00497817248106    , 0.3785251379013061, 0.6791318655014038, -0.0057528489269316  , 0.394359141588211 , 0.7615033388137817, -0.0106626916676759, 0.3317876756191253, 0.7248969674110413, -0.0167685896158218, 0.2945951223373413, 0.7044875025749207, -0.0226779412478208, 0.2636635303497314, 0.6900995969772339, -0.0276941880583763, 0.3755149245262146, 0.8053231239318848, -0.0133533207699656, 0.3100192248821258, 0.7641572952270508, -0.0180900227278471, 0.2695326805114746, 0.7384366989135742, -0.0265885461121797, 0.2392036318778991, 0.7193517684936523, -0.0347340255975723, 0.366513580083847 , 0.848672091960907 , -0.0157728735357522, 0.3048510551452636, 0.8115586042404175, -0.022065931931138 , 0.2665813565254211, 0.7877601981163025, -0.0320282690227031, 0.2371682375669479, 0.7683945894241333, -0.0401673093438148, 0.365665465593338 , 0.8914502859115601, -0.0178334023803472   , 0.3126156330108642, 0.8693742156028748, -0.0264830514788627, 0.2808414101600647, 0.8571335077285767, -0.0329022221267223, 0.2564163208007812, 0.8414464592933655, -0.0372167564928531,   0.0,   0.0,   0.0,   0.0,   0.0,   0.0,   0.0,   0.0,   0.0,   0.0,   0.0,   0.0,   0.0,   0.0,   0.0,   0.0,   0.0,   0.0,   0.0,   0.0,   0.0,   0.0,   0.0,   0.0,   0.0,   0.0,   0.0,   0.0,   0.0,   0.0,    0.0,    0.0,    0.0,    0.0,    0.0,    0.0,    0.0,    0.0,    0.0,    0.0,    0.0,    0.0,    0.0,    0.0,    0.0,    0.0,    0.0,    0.0,    0.0,    0.0,    0.0,    0.0,    0.0,    0.0,    0.0,    0.0,    0.0,    0.0,    0.0,    0.0,    0.0,    0.0,    0.0, I
0.4576815366744995, 0.8400037288665771, 1.6000963398710158e-07 , 0.466501772403717 , 0.7584933042526245, -0.0015768039738759  , 0.4394469559192657, 0.6885916590690613, 0.0007489976705983 , 0.3969563841819763, 0.6488425135612488, 0.0044330158270895   , 0.3692628443241119, 0.630785346031189 , 0.0071165808476507   , 0.37443408370018  , 0.6984207630157471, -0.006880038883537 , 0.3211588859558105, 0.657328188419342 , -0.0091366283595561, 0.2897785305976867, 0.6346530914306641, -0.0107951248064637, 0.2661992907524109, 0.6192911267280579, -0.0122788371518254, 0.3507130146026611, 0.7390272617340088, -0.0087696509435772, 0.2946931719779968, 0.6889181137084961, -0.0098916944116353, 0.2634296715259552, 0.6603634357452393, -0.0117830801755189, 0.2422119528055191, 0.6403731107711792, -0.0139127485454082, 0.3380449116230011, 0.7790632843971252, -0.0100798876956105, 0.2856091558933258, 0.73454749584198  , -0.0121830375865101, 0.2566424906253814, 0.7065048217773438, -0.0163101181387901, 0.2361086308956146, 0.685947597026825 , -0.0196915715932846, 0.3354746103286743, 0.8201755285263062, -0.0109128542244434   , 0.292525053024292 , 0.7931229472160339, -0.01343082357198  , 0.2685096859931946, 0.7759462594985962, -0.0146087659522891, 0.2507267594337463, 0.7605197429656982, -0.0150549570098519,   0.0,   0.0,   0.0,   0.0,   0.0,   0.0,   0.0,   0.0,   0.0,   0.0,   0.0,   0.0,   0.0,   0.0,   0.0,   0.0,   0.0,   0.0,   0.0,   0.0,   0.0,   0.0,   0.0,   0.0,   0.0,   0.0,   0.0,   0.0,   0.0,   0.0,    0.0,    0.0,    0.0,    0.0,    0.0,    0.0,    0.0,    0.0,    0.0,    0.0,    0.0,    0.0,    0.0,    0.0,    0.0,    0.0,    0.0,    0.0,    0.0,    0.0,    0.0,    0.0,    0.0,    0.0,    0.0,    0.0,    0.0,    0.0,    0.0,    0.0,    0.0,    0.0,    0.0, I
0.4153541326522827, 0.8432117700576782, 1.3700694978524552e-07 , 0.4246207177639007, 0.763672411441803 , -0.0008668390801176  , 0.3970218896865845, 0.6988658308982849, 0.0013053216971457 , 0.3527579307556152, 0.6595827341079712, 0.0046244757249951   , 0.3254854381084442, 0.6342583298683167, 0.0078660883009433   , 0.3321860730648041, 0.6947958469390869, -0.0025237924419343, 0.279900461435318 , 0.64798903465271  , -0.0036837826482951, 0.252086341381073 , 0.6282496452331543, -0.0045778593048453, 0.232643112540245 , 0.6179792284965515, -0.0043889158405363, 0.3054434955120086, 0.7345705628395081, -0.0019791538361459, 0.2541731595993042, 0.6812722682952881, 0.0003939436574    , 0.2282387316226959, 0.655195415019989 , 0.0019767868798226 , 0.2120203077793121, 0.6400715112686157, 0.0027746208943426 , 0.2909494042396545, 0.7747944593429565, -0.0011134882224723, 0.2417526841163635, 0.7277108430862427, 0.0016998719656839 , 0.2196458578109741, 0.7020683288574219, 0.0030171540565788 , 0.2065610438585281, 0.6865944862365723, 0.0032887959387153 , 0.2873159050941467, 0.8157320618629456, -5.576152761932463e-05, 0.2461126893758773, 0.7856501936912537, 0.0028117103502154 , 0.2269602864980697, 0.7657713890075684, 0.0057084183208644 , 0.2154145538806915, 0.7489118576049805, 0.0083180405199527 ,   0.0,   0.0,   0.0,   0.0,   0.0,   0.0,   0.0,   0.0,   0.0,   0.0,   0.0,   0.0,   0.0,   0.0,   0.0,   0.0,   0.0,   0.0,   0.0,   0.0,   0.0,   0.0,   0.0,   0.0,   0.0,   0.0,   0.0,   0.0,   0.0,   0.0,    0.0,    0.0,    0.0,    0.0,    0.0,    0.0,    0.0,    0.0,    0.0,    0.0,    0.0,    0.0,    0.0,    0.0,    0.0,    0.0,    0.0,    0.0,    0.0,    0.0,    0.0,    0.0,    0.0,    0.0,    0.0,    0.0,    0.0,    0.0,    0.0,    0.0,    0.0,    0.0,    0.0, I
0.4163777530193329, 0.824993908405304 , 2.741540470196924e-07  , 0.427036702632904 , 0.7519646883010864, -0.0131777571514248  , 0.4095138609409332, 0.6821954250335693, -0.016351455822587 , 0.3841011226177215, 0.6260919570922852, -0.0174787454307079  , 0.3687142431735992, 0.5842282176017761, -0.0192032307386398  , 0.3350148499011993, 0.6813433170318604, -0.0124346408993005, 0.2921271026134491, 0.6313481330871582, -0.0157846715301275, 0.2647346556186676, 0.6047521829605103, -0.0182646177709102, 0.2435163110494613, 0.5886303186416626, -0.020916162058711 , 0.3100298643112182, 0.7206548452377319, -0.0119946803897619, 0.2586201429367065, 0.6696462035179138, -0.0136088468134403, 0.2276917845010757, 0.6435883641242981, -0.0182053614407777, 0.2039360553026199, 0.6260031461715698, -0.0228815115988254, 0.2994646728038788, 0.7649030089378357, -0.012459522113204 , 0.248522400856018 , 0.7252194881439209, -0.0194305907934904, 0.2171837836503982, 0.7002696990966797, -0.0288120303303003, 0.1931775510311126, 0.6834247708320618, -0.036144383251667 , 0.3013423979282379, 0.81004399061203  , -0.0133548825979232   , 0.2541896402835846, 0.8031783103942871, -0.0254008844494819, 0.2235238701105117, 0.797126829624176 , -0.0335042737424373, 0.1981195509433746, 0.7896210551261902, -0.038258422166109 ,   0.0,   0.0,   0.0,   0.0,   0.0,   0.0,   0.0,   0.0,   0.0,   0.0,   0.0,   0.0,   0.0,   0.0,   0.0,   0.0,   0.0,   0.0,   0.0,   0.0,   0.0,   0.0,   0.0,   0.0,   0.0,   0.0,   0.0,   0.0,   0.0,   0.0,    0.0,    0.0,    0.0,    0.0,    0.0,    0.0,    0.0,    0.0,    0.0,    0.0,    0.0,    0.0,    0.0,    0.0,    0.0,    0.0,    0.0,    0.0,    0.0,    0.0,    0.0,    0.0,    0.0,    0.0,    0.0,    0.0,    0.0,    0.0,    0.0,    0.0,    0.0,    0.0,    0.0, I
0.4342648983001709, 0.8365482091903687, 4.206465007428051e-07  , 0.4467418491840362, 0.7600516080856323, -0.0169963669031858  , 0.4321905374526977, 0.6867850422859192, -0.0200712382793426, 0.411606878042221 , 0.6302832365036011, -0.0184053592383861  , 0.3938597440719604, 0.5888580083847046, -0.016506053507328   , 0.3524225354194641, 0.7034643888473511, -0.0204703565686941, 0.3147327899932861, 0.6459696292877197, -0.0208012424409389, 0.2893399596214294, 0.6160682439804077, -0.0208235885947942, 0.2701883614063263, 0.5966406464576721, -0.022581348195672 , 0.3294498920440674, 0.7460407614707947, -0.0156442541629076, 0.276409238576889 , 0.6988412737846375, -0.0188627112656831, 0.2449392974376678, 0.6686061024665833, -0.0263492465019226, 0.2220706939697265, 0.6495220065116882, -0.0333976112306118, 0.3222686648368835, 0.791688084602356 , -0.0105777503922581, 0.2662062048912048, 0.7616758346557617, -0.0189037080854177, 0.2305544912815094, 0.740801990032196 , -0.0317965187132358, 0.20354525744915  , 0.7266696095466614, -0.0415103361010551, 0.3290256857872009, 0.8327772617340088, -0.0054814368486404   , 0.2863928377628326, 0.8338587284088135, -0.0168655533343553, 0.2577007412910461, 0.8313732743263245, -0.0265154857188463, 0.2333439737558365, 0.8260735273361206, -0.0328743979334831,   0.0,   0.0,   0.0,   0.0,   0.0,   0.0,   0.0,   0.0,   0.0,   0.0,   0.0,   0.0,   0.0,   0.0,   0.0,   0.0,   0.0,   0.0,   0.0,   0.0,   0.0,   0.0,   0.0,   0.0,   0.0,   0.0,   0.0,   0.0,   0.0,   0.0,    0.0,    0.0,    0.0,    0.0,    0.0,    0.0,    0.0,    0.0,    0.0,    0.0,    0.0,    0.0,    0.0,    0.0,    0.0,    0.0,    0.0,    0.0,    0.0,    0.0,    0.0,    0.0,    0.0,    0.0,    0.0,    0.0,    0.0,    0.0,    0.0,    0.0,    0.0,    0.0,    0.0, I
0.5024789571762085, 0.8725075721740723, 3.42791082630356e-07   , 0.5104158520698547, 0.7898251414299011, -0.0150556862354278  , 0.496684581041336 , 0.7125034332275391, -0.0214626621454954, 0.4805058538913727, 0.6528597474098206, -0.0246171467006206  , 0.4670609831809997, 0.6091735363006592, -0.0286954659968614  , 0.4218706488609314, 0.733070969581604 , -0.0258557237684726, 0.374078631401062 , 0.6771860122680664, -0.0338111072778701, 0.3465126454830169, 0.6433142423629761, -0.0404900796711444, 0.3256206512451172, 0.6159284710884094, -0.0471305251121521, 0.400089293718338 , 0.7751416563987732, -0.0258657056838274, 0.3404793441295624, 0.7304946184158325, -0.0360408686101436, 0.3052714467048645, 0.7017307281494141, -0.0492414571344852, 0.2789902687072754, 0.68047034740448  , -0.0607172213494777, 0.3913935124874115, 0.8212952017784119, -0.0250571388751268, 0.3334392309188843, 0.7891471982002258, -0.0379143916070461, 0.2968490123748779, 0.7654389142990112, -0.0522260479629039, 0.2691365778446197, 0.7476513385772705, -0.0632400959730148, 0.3952857255935669, 0.8638931512832642, -0.0241356436163187   , 0.3513907194137573, 0.8639769554138184, -0.0392303727567195, 0.3212815821170807, 0.8607538938522339, -0.048520591109991 , 0.2955401539802551, 0.8552423715591431, -0.0544031038880348,   0.0,   0.0,   0.0,   0.0,   0.0,   0.0,   0.0,   0.0,   0.0,   0.0,   0.0,   0.0,   0.0,   0.0,   0.0,   0.0,   0.0,   0.0,   0.0,   0.0,   0.0,   0.0,   0.0,   0.0,   0.0,   0.0,   0.0,   0.0,   0.0,   0.0,    0.0,    0.0,    0.0,    0.0,    0.0,    0.0,    0.0,    0.0,    0.0,    0.0,    0.0,    0.0,    0.0,    0.0,    0.0,    0.0,    0.0,    0.0,    0.0,    0.0,    0.0,    0.0,    0.0,    0.0,    0.0,    0.0,    0.0,    0.0,    0.0,    0.0,    0.0,    0.0,    0.0, I
0.5107394456863403, 0.8257005214691162, 2.232617646313884e-07  , 0.5215670466423035, 0.7462703585624695, -0.0079872328788042  , 0.5086673498153687, 0.6717091202735901, -0.0100743826478719, 0.4946780204772949, 0.6123970746994019, -0.0103462133556604  , 0.4866670370101928, 0.571868896484375 , -0.0118458652868866  , 0.4316492676734924, 0.6817009449005127, -0.018153203651309 , 0.3888092041015625, 0.6251683235168457, -0.0225043147802352, 0.3609522879123688, 0.5931339263916016, -0.0254338253289461, 0.3394250869750976, 0.5710634589195251, -0.0291470363736152, 0.4048120081424713, 0.7209765315055847, -0.0200280267745256, 0.3462503552436828, 0.6725300550460815, -0.0262684635818004, 0.3128899931907654, 0.6465613842010498, -0.0347658172249794, 0.2882300317287445, 0.6288684606552124, -0.0425821356475353, 0.3929048478603363, 0.7647533416748047, -0.0209712628275156, 0.3341837525367737, 0.729955792427063 , -0.0313418209552764, 0.2998276352882385, 0.7061396837234497, -0.0435243025422096, 0.2742161750793457, 0.6910351514816284, -0.0530670210719108, 0.3950413465499878, 0.8071804642677307, -0.02124017290771     , 0.3474771082401275, 0.8053842782974243, -0.0350283794105052, 0.3156113028526306, 0.8020871877670288, -0.0441748797893524, 0.2897738814353943, 0.7983394861221313, -0.0499263703823089,   0.0,   0.0,   0.0,   0.0,   0.0,   0.0,   0.0,   0.0,   0.0,   0.0,   0.0,   0.0,   0.0,   0.0,   0.0,   0.0,   0.0,   0.0,   0.0,   0.0,   0.0,   0.0,   0.0,   0.0,   0.0,   0.0,   0.0,   0.0,   0.0,   0.0,    0.0,    0.0,    0.0,    0.0,    0.0,    0.0,    0.0,    0.0,    0.0,    0.0,    0.0,    0.0,    0.0,    0.0,    0.0,    0.0,    0.0,    0.0,    0.0,    0.0,    0.0,    0.0,    0.0,    0.0,    0.0,    0.0,    0.0,    0.0,    0.0,    0.0,    0.0,    0.0,    0.0, I
0.5556949973106384, 0.8140166401863098, 2.461271151332767e-07  , 0.5611358880996704, 0.7379477024078369, -0.0074823955073952  , 0.5430160760879517, 0.6681600213050842, -0.0083522703498601, 0.5239931344985962, 0.6107271909713745, -0.0076836543157696  , 0.513988733291626 , 0.5703319311141968, -0.0081149665638804  , 0.4653725922107696, 0.6777163147926331, -0.0108040804043412, 0.4180826842784881, 0.6298255920410156, -0.0123835504055023, 0.3861685991287231, 0.604973554611206 , -0.015067228116095 , 0.3598042130470276, 0.587779700756073 , -0.0191601011902093, 0.4434951543807983, 0.7176358699798584, -0.0126743204891681, 0.3833729922771454, 0.6803699731826782, -0.0154729727655649, 0.3479393124580383, 0.6627116799354553, -0.023478178307414 , 0.3214570879936218, 0.6516737937927246, -0.0313776992261409, 0.4349868297576904, 0.7641334533691406, -0.0140146818011999, 0.37645423412323  , 0.7407304644584656, -0.0209855623543262, 0.3402072191238403, 0.7266635894775391, -0.0319230817258358, 0.3129846751689911, 0.7197099328041077, -0.041067749261856 , 0.4396634697914123, 0.8110299110412598, -0.0150726987048983   , 0.3959218263626098, 0.8151847720146179, -0.0249126013368368, 0.3668334186077118, 0.8163781762123108, -0.0320022590458393, 0.3429242372512817, 0.8162066340446472, -0.0368583686649799,   0.0,   0.0,   0.0,   0.0,   0.0,   0.0,   0.0,   0.0,   0.0,   0.0,   0.0,   0.0,   0.0,   0.0,   0.0,   0.0,   0.0,   0.0,   0.0,   0.0,   0.0,   0.0,   0.0,   0.0,   0.0,   0.0,   0.0,   0.0,   0.0,   0.0,    0.0,    0.0,    0.0,    0.0,    0.0,    0.0,    0.0,    0.0,    0.0,    0.0,    0.0,    0.0,    0.0,    0.0,    0.0,    0.0,    0.0,    0.0,    0.0,    0.0,    0.0,    0.0,    0.0,    0.0,    0.0,    0.0,    0.0,    0.0,    0.0,    0.0,    0.0,    0.0,    0.0, I
0.5341722369194031, 0.8740091323852539, 3.151108103338629e-07  , 0.5372176766395569, 0.7973154187202454, -0.0182144865393638  , 0.5199974179267883, 0.7218215465545654, -0.026609556749463 , 0.5096603631973267, 0.6605842709541321, -0.0315024480223655  , 0.5006439089775085, 0.6161227226257324, -0.0380325391888618  , 0.4487839937210083, 0.748550534248352 , -0.034924179315567 , 0.4005969762802124, 0.7059946656227112, -0.0462191775441169, 0.3680916428565979, 0.6796485781669617, -0.0548139289021492, 0.3420298397541046, 0.6594160199165344, -0.0627529621124267, 0.4324460327625274, 0.7958131432533264, -0.0356149189174175, 0.3695743680000305, 0.7633827328681946, -0.0489896237850189, 0.3285681009292602, 0.7443867325782776, -0.0634544044733047, 0.2980855107307434, 0.7314897775650024, -0.0757217109203338, 0.4305561184883117, 0.8454251289367676, -0.0354963727295398, 0.3733274042606354, 0.8269837498664856, -0.0518624112010002, 0.3363479673862457, 0.8140061497688293, -0.0660024210810661, 0.3097224831581116, 0.8045257925987244, -0.0760583356022834, 0.439430683851242 , 0.8907030820846558, -0.0354455336928367   , 0.3976235389709472, 0.8942186832427979, -0.0537863448262214, 0.3662738502025604, 0.8936467170715332, -0.0632796585559845, 0.3401185274124145, 0.890344500541687 , -0.0688451677560806,   0.0,   0.0,   0.0,   0.0,   0.0,   0.0,   0.0,   0.0,   0.0,   0.0,   0.0,   0.0,   0.0,   0.0,   0.0,   0.0,   0.0,   0.0,   0.0,   0.0,   0.0,   0.0,   0.0,   0.0,   0.0,   0.0,   0.0,   0.0,   0.0,   0.0,    0.0,    0.0,    0.0,    0.0,    0.0,    0.0,    0.0,    0.0,    0.0,    0.0,    0.0,    0.0,    0.0,    0.0,    0.0,    0.0,    0.0,    0.0,    0.0,    0.0,    0.0,    0.0,    0.0,    0.0,    0.0,    0.0,    0.0,    0.0,    0.0,    0.0,    0.0,    0.0,    0.0, I
0.4814901649951935, 0.9418043494224548, 3.8897485410416266e-07 , 0.486759215593338 , 0.8622284531593323, -0.0223003607243299  , 0.4737556278705597, 0.7856441736221313, -0.0313380472362041, 0.4531555771827698, 0.7241699695587158, -0.0355806164443492  , 0.432981789112091 , 0.6785479784011841, -0.0398676916956901  , 0.3888216614723205, 0.8101862668991089, -0.029799610376358 , 0.3402528166770935, 0.754496693611145 , -0.0363513715565204, 0.3083254694938659, 0.7234938144683838, -0.0417886488139629, 0.281833291053772 , 0.7011657357215881, -0.0473118424415588, 0.3661133050918579, 0.8546862006187439, -0.0245830025523901, 0.3038768768310547, 0.811776876449585 , -0.031354546546936 , 0.2659917771816253, 0.7864689230918884, -0.040813747793436 , 0.2378497570753097, 0.7680858373641968, -0.0499413982033729, 0.3569336235523224, 0.898873507976532 , -0.0196726955473423, 0.296700656414032 , 0.8663629293441772, -0.0288920477032661, 0.2593075037002563, 0.8460408449172974, -0.0405501797795295, 0.2314473837614059, 0.831704318523407 , -0.0499047264456748, 0.3595671057701111, 0.9382424354553224, -0.0155649129301309   , 0.3122309148311615, 0.9252036809921264, -0.0274076461791992, 0.2808047235012054, 0.9174167513847352, -0.0359835773706436, 0.2557803988456726, 0.9082419872283936, -0.0414944775402545,   0.0,   0.0,   0.0,   0.0,   0.0,   0.0,   0.0,   0.0,   0.0,   0.0,   0.0,   0.0,   0.0,   0.0,   0.0,   0.0,   0.0,   0.0,   0.0,   0.0,   0.0,   0.0,   0.0,   0.0,   0.0,   0.0,   0.0,   0.0,   0.0,   0.0,    0.0,    0.0,    0.0,    0.0,    0.0,    0.0,    0.0,    0.0,    0.0,    0.0,    0.0,    0.0,    0.0,    0.0,    0.0,    0.0,    0.0,    0.0,    0.0,    0.0,    0.0,    0.0,    0.0,    0.0,    0.0,    0.0,    0.0,    0.0,    0.0,    0.0,    0.0,    0.0,    0.0, I
0.4640423357486725, 0.9019887447357178, 3.7163633237469195e-07 , 0.47177854180336  , 0.8220033049583435, -0.0177755188196897  , 0.4595434963703155, 0.7480241656303406, -0.0258194413036108, 0.44243323802948  , 0.6841713786125183, -0.0307057052850723  , 0.4273873269557953, 0.6352100372314453, -0.035255204886198   , 0.3724007606506347, 0.7522236108779907, -0.0171778183430433, 0.3287643790245056, 0.6914964914321899, -0.0212898254394531, 0.303935170173645 , 0.6576169729232788, -0.0248699486255645, 0.2855905294418335, 0.6342052221298218, -0.0279133804142475, 0.3456220030784607, 0.7910323143005371, -0.0126070277765393, 0.2915283143520355, 0.7352778911590576, -0.0140283927321434, 0.2616629600524902, 0.7025399804115295, -0.0176371708512306, 0.2408575415611267, 0.6791409850120544, -0.0218811184167861, 0.3327947854995727, 0.8320598602294922, -0.009121149778366 , 0.2789256572723388, 0.7873552441596985, -0.0113755669444799, 0.2500700354576111, 0.7558987736701965, -0.0169934015721082, 0.2294564247131347, 0.733193039894104 , -0.0227270536124706, 0.3321427702903747, 0.8701315522193909, -0.0068947128020226   , 0.289499819278717 , 0.8464534282684326, -0.0117714740335941, 0.2644529938697815, 0.8287537097930908, -0.0158179029822349, 0.2453358471393585, 0.8128087520599365, -0.0185843650251626,   0.0,   0.0,   0.0,   0.0,   0.0,   0.0,   0.0,   0.0,   0.0,   0.0,   0.0,   0.0,   0.0,   0.0,   0.0,   0.0,   0.0,   0.0,   0.0,   0.0,   0.0,   0.0,   0.0,   0.0,   0.0,   0.0,   0.0,   0.0,   0.0,   0.0,    0.0,    0.0,    0.0,    0.0,    0.0,    0.0,    0.0,    0.0,    0.0,    0.0,    0.0,    0.0,    0.0,    0.0,    0.0,    0.0,    0.0,    0.0,    0.0,    0.0,    0.0,    0.0,    0.0,    0.0,    0.0,    0.0,    0.0,    0.0,    0.0,    0.0,    0.0,    0.0,    0.0, I
0.4288884103298187, 0.8966131210327148, 3.9993361156120965e-07 , 0.4421327114105224, 0.814663827419281 , -0.0127202002331614  , 0.4302559196949005, 0.7400705814361572, -0.0165605098009109, 0.4119187593460083, 0.6762966513633728, -0.0174070056527853  , 0.3916287124156952, 0.63226318359375  , -0.0173340085893869  , 0.3467536568641662, 0.7345550060272217, -0.0114565789699554, 0.3157571256160736, 0.6632217764854431, -0.0115496581420302, 0.2999158501625061, 0.6266413331031799, -0.0111251408234238, 0.2886625230312347, 0.6028229594230652, -0.0106607498601078, 0.3180278837680816, 0.7691125273704529, -0.006650123745203 , 0.2769456505775451, 0.6959980726242065, -0.0048775631003081, 0.2554943561553955, 0.655728816986084 , -0.0039410251192748, 0.2411129921674728, 0.6287980675697327, -0.0037337790708988, 0.3032822906970978, 0.8074740171432495, -0.0024439392145723, 0.2565882205963135, 0.74550861120224  , -0.0024769320152699, 0.2346226274967193, 0.707383930683136 , -0.0051425052806735, 0.2198597937822342, 0.6816374063491821, -0.0077280295081436, 0.3004542589187622, 0.8458493947982788, 0.0010902367066591    , 0.2598277628421783, 0.8100056648254395, -0.001886075711809 , 0.2394989877939224, 0.78353351354599  , -0.0041820504702627, 0.2258065640926361, 0.7607921957969666, -0.0050171399489045,   0.0,   0.0,   0.0,   0.0,   0.0,   0.0,   0.0,   0.0,   0.0,   0.0,   0.0,   0.0,   0.0,   0.0,   0.0,   0.0,   0.0,   0.0,   0.0,   0.0,   0.0,   0.0,   0.0,   0.0,   0.0,   0.0,   0.0,   0.0,   0.0,   0.0,    0.0,    0.0,    0.0,    0.0,    0.0,    0.0,    0.0,    0.0,    0.0,    0.0,    0.0,    0.0,    0.0,    0.0,    0.0,    0.0,    0.0,    0.0,    0.0,    0.0,    0.0,    0.0,    0.0,    0.0,    0.0,    0.0,    0.0,    0.0,    0.0,    0.0,    0.0,    0.0,    0.0, I
0.4097790718078613, 0.8932125568389893, 4.825194537261268e-07  , 0.4291703104972839, 0.8149990439414978, -0.0166581906378269  , 0.4279268980026245, 0.7405455112457275, -0.0222609154880046, 0.4199695587158203, 0.6742078065872192, -0.023937227204442   , 0.4057406187057495, 0.6236337423324585, -0.0246628522872924  , 0.3421197831630707, 0.7243038415908813, -0.0136922392994165, 0.3227526247501373, 0.6465800404548645, -0.0125588411465287, 0.3140501081943512, 0.6066715717315674, -0.0114662582054734, 0.3085638284683227, 0.579914391040802 , -0.0107625257223844, 0.3109913766384125, 0.7553871870040894, -0.006768284831196 , 0.2786884307861328, 0.6777563691139221, -0.0028932427521795, 0.264134019613266 , 0.634484052658081 , -0.0016287169419229, 0.2554734349250793, 0.6056717038154602, -0.0019021382322534, 0.2942982912063598, 0.7917606830596924, -0.0008025652496144, 0.2573089897632599, 0.7250145673751831, 0.0009277968783862 , 0.2401022613048553, 0.6840544939041138, -0.0021362686529755, 0.2284458577632904, 0.6557323932647705, -0.0058037913404405, 0.2902976870536804, 0.8287370204925537, 0.0041703847236931    , 0.2547703981399536, 0.7896308302879333, 0.0021616236772388 , 0.2372609376907348, 0.7609397768974304, -0.0004919732455164, 0.2259587943553924, 0.736501157283783 , -0.0021302779205143,   0.0,   0.0,   0.0,   0.0,   0.0,   0.0,   0.0,   0.0,   0.0,   0.0,   0.0,   0.0,   0.0,   0.0,   0.0,   0.0,   0.0,   0.0,   0.0,   0.0,   0.0,   0.0,   0.0,   0.0,   0.0,   0.0,   0.0,   0.0,   0.0,   0.0,    0.0,    0.0,    0.0,    0.0,    0.0,    0.0,    0.0,    0.0,    0.0,    0.0,    0.0,    0.0,    0.0,    0.0,    0.0,    0.0,    0.0,    0.0,    0.0,    0.0,    0.0,    0.0,    0.0,    0.0,    0.0,    0.0,    0.0,    0.0,    0.0,    0.0,    0.0,    0.0,    0.0, I
0.3936846256256103, 0.8918830752372742, 4.49507666644422e-07   , 0.4108530879020691, 0.8130695819854736, -0.0121311536058783  , 0.4034982323646545, 0.7391203045845032, -0.0164068955928087, 0.3893642127513885, 0.6720033884048462, -0.0171444714069366  , 0.377732366323471 , 0.6230800151824951, -0.0166454929858446  , 0.3221611678600311, 0.7301981449127197, -0.012312781997025 , 0.2977934181690216, 0.6533666849136353, -0.0095902839675545, 0.284805417060852 , 0.6136765480041504, -0.0059175807982683, 0.2756144106388092, 0.5886229872703552, -0.0023190358188003, 0.2904919385910034, 0.7633055448532104, -0.0054302532225847, 0.2550538182258606, 0.6843060851097107, 0.0018879519775509 , 0.2372733205556869, 0.6443861722946167, 0.0086407521739602 , 0.2249882966279983, 0.6188600063323975, 0.013425463810563  , 0.2732079327106476, 0.7998231053352356, 0.0012609651312232 , 0.233762115240097 , 0.7341257333755493, 0.0087692299857735 , 0.2178017497062683, 0.6969364881515503, 0.0136687764897942 , 0.207682266831398 , 0.6747972965240479, 0.0161951426416635 , 0.2676457166671753, 0.8371855020523071, 0.0069154072552919    , 0.2308357805013656, 0.7973816990852356, 0.0126087563112378 , 0.214834839105606 , 0.7702146172523499, 0.0171337258070707 , 0.2056844532489776, 0.7504125237464905, 0.0212492551654577 ,   0.0,   0.0,   0.0,   0.0,   0.0,   0.0,   0.0,   0.0,   0.0,   0.0,   0.0,   0.0,   0.0,   0.0,   0.0,   0.0,   0.0,   0.0,   0.0,   0.0,   0.0,   0.0,   0.0,   0.0,   0.0,   0.0,   0.0,   0.0,   0.0,   0.0,    0.0,    0.0,    0.0,    0.0,    0.0,    0.0,    0.0,    0.0,    0.0,    0.0,    0.0,    0.0,    0.0,    0.0,    0.0,    0.0,    0.0,    0.0,    0.0,    0.0,    0.0,    0.0,    0.0,    0.0,    0.0,    0.0,    0.0,    0.0,    0.0,    0.0,    0.0,    0.0,    0.0, I
0.4967612326145172, 0.5810052156448364, -3.697521435697127e-07 , 0.4451402723789215, 0.5985535383224487, -0.0482634007930755  , 0.4101249277591705, 0.6215326189994812, -0.084437072277069 , 0.4284505248069763, 0.6760503053665161, -0.1144813001155853  , 0.4682660698890686, 0.713401198387146 , -0.1436493694782257  , 0.411905288696289 , 0.4920681715011596, -0.0888517200946807, 0.4043055772781372, 0.5042756199836731, -0.1283609718084335, 0.3982375860214233, 0.5204150676727295, -0.1514843255281448, 0.3978468775749206, 0.5354065895080566, -0.164967730641365 , 0.4760499894618988, 0.4643884003162384, -0.083776369690895 , 0.4851330816745758, 0.6268020868301392, -0.1230892688035965, 0.4646695852279663, 0.6761484146118164, -0.131986603140831 , 0.4503836333751678, 0.684512734413147 , -0.1352913230657577, 0.5377312898635864, 0.4830828607082367, -0.081187829375267 , 0.5319893956184387, 0.6501739025115967, -0.1105569154024124, 0.5018777847290039, 0.6856635808944702, -0.0981272086501121, 0.4811655282974243, 0.6884205341339111, -0.0858620926737785, 0.5799981951713562, 0.5182888507843018, -0.0845705643296241   , 0.5725760459899902, 0.6433660984039307, -0.1139465942978859, 0.5482065081596375, 0.673035204410553 , -0.1090869829058647, 0.5289555788040161, 0.6740045547485352, -0.0981233566999435,   0.0,   0.0,   0.0,   0.0,   0.0,   0.0,   0.0,   0.0,   0.0,   0.0,   0.0,   0.0,   0.0,   0.0,   0.0,   0.0,   0.0,   0.0,   0.0,   0.0,   0.0,   0.0,   0.0,   0.0,   0.0,   0.0,   0.0,   0.0,   0.0,   0.0,    0.0,    0.0,    0.0,    0.0,    0.0,    0.0,    0.0,    0.0,    0.0,    0.0,    0.0,    0.0,    0.0,    0.0,    0.0,    0.0,    0.0,    0.0,    0.0,    0.0,    0.0,    0.0,    0.0,    0.0,    0.0,    0.0,    0.0,    0.0,    0.0,    0.0,    0.0,    0.0,    0.0, YOU
0.536083459854126 , 0.6157630681991577, -4.989183821635379e-07 , 0.4887706339359283, 0.6294333934783936, -0.0395675115287303  , 0.4441176652908325, 0.6434611082077026, -0.0705475807189941, 0.455436497926712 , 0.6954602599143982, -0.0969228222966194  , 0.4957160055637359, 0.7365319728851318, -0.1198453530669212  , 0.45802903175354  , 0.4932522475719452, -0.0756968632340431, 0.454976886510849 , 0.5128961205482483, -0.1178938597440719, 0.4596262574195862, 0.5390132069587708, -0.1409234553575515, 0.4681693911552429, 0.5619586110115051, -0.1525202542543411, 0.5229800939559937, 0.4694648087024688, -0.0744414925575256, 0.5295850038528442, 0.6458927392959595, -0.1146128699183464, 0.5039188265800476, 0.6955132484436035, -0.1198342517018318, 0.4879161715507507, 0.6981620788574219, -0.1182455569505691, 0.5835378170013428, 0.4919178187847137, -0.0765120312571525, 0.5778708457946777, 0.6709040999412537, -0.1065008267760276, 0.5435235500335693, 0.6940804719924927, -0.0899830386042594, 0.5236268043518066, 0.6826927065849304, -0.0729721412062645, 0.6245492100715637, 0.5293307900428772, -0.0843344181776046   , 0.6168606877326965, 0.6576706767082214, -0.115546315908432 , 0.589840829372406 , 0.672382116317749 , -0.1104248464107513, 0.5725708603858948, 0.6518390774726868, -0.0968273356556892,   0.0,   0.0,   0.0,   0.0,   0.0,   0.0,   0.0,   0.0,   0.0,   0.0,   0.0,   0.0,   0.0,   0.0,   0.0,   0.0,   0.0,   0.0,   0.0,   0.0,   0.0,   0.0,   0.0,   0.0,   0.0,   0.0,   0.0,   0.0,   0.0,   0.0,    0.0,    0.0,    0.0,    0.0,    0.0,    0.0,    0.0,    0.0,    0.0,    0.0,    0.0,    0.0,    0.0,    0.0,    0.0,    0.0,    0.0,    0.0,    0.0,    0.0,    0.0,    0.0,    0.0,    0.0,    0.0,    0.0,    0.0,    0.0,    0.0,    0.0,    0.0,    0.0,    0.0, YOU
0.5270698070526123, 0.609687089920044 , -3.316615106996324e-07 , 0.4826670289039612, 0.6198602914810181, -0.0393427014350891  , 0.4434301853179931, 0.6243113875389099, -0.0693753436207771, 0.4572274088859558, 0.6660918593406677, -0.0959730967879295  , 0.4894372522830963, 0.6924291849136353, -0.1200557872653007  , 0.4503045082092285, 0.48922860622406  , -0.0758460238575935, 0.4513654708862304, 0.4712497293949127, -0.1278757601976394, 0.4595092236995697, 0.4781388640403747, -0.1582028269767761, 0.4687139689922333, 0.4899988174438476, -0.1742620915174484, 0.5118896961212158, 0.4580769836902618, -0.0761923417448997, 0.5142953395843506, 0.6144266128540039, -0.1268711686134338, 0.4926152229309082, 0.6764825582504272, -0.1329271048307418, 0.4768913388252258, 0.6768466234207153, -0.1291002780199051, 0.5710105299949646, 0.4771154522895813, -0.0811339914798736, 0.5654011964797974, 0.6319353580474854, -0.118740901350975 , 0.5323017835617065, 0.6696271896362305, -0.0984948724508285, 0.5104345679283142, 0.6612766981124878, -0.0779324620962143, 0.6129021048545837, 0.5123889446258545, -0.0920767486095428   , 0.6051546931266785, 0.634878396987915 , -0.1307036131620407, 0.577750027179718 , 0.6677680611610413, -0.1256402134895324, 0.5611642599105835, 0.6582928895950317, -0.1106781736016273,   0.0,   0.0,   0.0,   0.0,   0.0,   0.0,   0.0,   0.0,   0.0,   0.0,   0.0,   0.0,   0.0,   0.0,   0.0,   0.0,   0.0,   0.0,   0.0,   0.0,   0.0,   0.0,   0.0,   0.0,   0.0,   0.0,   0.0,   0.0,   0.0,   0.0,    0.0,    0.0,    0.0,    0.0,    0.0,    0.0,    0.0,    0.0,    0.0,    0.0,    0.0,    0.0,    0.0,    0.0,    0.0,    0.0,    0.0,    0.0,    0.0,    0.0,    0.0,    0.0,    0.0,    0.0,    0.0,    0.0,    0.0,    0.0,    0.0,    0.0,    0.0,    0.0,    0.0, YOU
0.4474389851093292, 0.4626666605472564, -5.866027663614659e-07 , 0.3841690421104431, 0.5257762670516968, -0.0498960427939891  , 0.3582675158977508, 0.6035987734794617, -0.1010917276144027, 0.3749208450317383, 0.6818445920944214, -0.1456021964550018  , 0.4187450706958771, 0.731742262840271 , -0.192263513803482   , 0.4214041829109192, 0.4895607233047485, -0.1287873685359954, 0.4080366790294647, 0.5970276594161987, -0.1805879175662994, 0.4098553359508514, 0.6745361685752869, -0.2128174006938934, 0.4207951426506042, 0.7228752374649048, -0.2313029021024704, 0.4910216331481933, 0.4774971902370453, -0.12923264503479  , 0.4841354191303253, 0.6631298065185547, -0.1622112840414047, 0.4759937524795532, 0.6800172924995422, -0.1659299582242965, 0.4693192839622497, 0.6624813675880432, -0.1748413294553756, 0.54525226354599  , 0.4903179407119751, -0.1297271698713302, 0.5332674384117126, 0.6823204159736633, -0.1509698033332824, 0.5206054449081421, 0.6794401407241821, -0.1325890123844146, 0.510890543460846 , 0.6512084007263184, -0.1248334497213363, 0.5830403566360474, 0.5142974257469177, -0.1366510242223739   , 0.5768018960952759, 0.6735972762107849, -0.1537137627601623, 0.5631807446479797, 0.6933959126472473, -0.1364143192768097, 0.5536796450614929, 0.6874984502792358, -0.1249918639659881,   0.0,   0.0,   0.0,   0.0,   0.0,   0.0,   0.0,   0.0,   0.0,   0.0,   0.0,   0.0,   0.0,   0.0,   0.0,   0.0,   0.0,   0.0,   0.0,   0.0,   0.0,   0.0,   0.0,   0.0,   0.0,   0.0,   0.0,   0.0,   0.0,   0.0,    0.0,    0.0,    0.0,    0.0,    0.0,    0.0,    0.0,    0.0,    0.0,    0.0,    0.0,    0.0,    0.0,    0.0,    0.0,    0.0,    0.0,    0.0,    0.0,    0.0,    0.0,    0.0,    0.0,    0.0,    0.0,    0.0,    0.0,    0.0,    0.0,    0.0,    0.0,    0.0,    0.0, YOU
0.4621319472789764, 0.5456231832504272, -6.390683893187088e-08 , 0.4045400023460388, 0.589480459690094 , -0.0420761257410049  , 0.4007225632667541, 0.6692842841148376, -0.0889361798763275, 0.4407482743263244, 0.7626515626907349, -0.129970520734787   , 0.4936981201171875, 0.8302561044692993, -0.1772990673780441  , 0.4665938913822174, 0.5322167277336121, -0.1204409897327423, 0.4555766582489013, 0.5896035432815552, -0.1691355109214782, 0.4234872460365295, 0.626287579536438 , -0.2081194221973419, 0.39303058385849  , 0.6520236730575562, -0.2378368377685547, 0.5231320261955261, 0.5368989706039429, -0.1257289201021194, 0.5182853937149048, 0.7123321294784546, -0.1671529412269592, 0.5176902413368225, 0.7299338579177856, -0.1781030893325805, 0.5118604898452759, 0.698785662651062 , -0.1921286433935165, 0.5680592060089111, 0.5633281469345093, -0.1300017535686493, 0.5682656764984131, 0.7276813387870789, -0.1683132648468017, 0.5582371950149536, 0.7255371809005737, -0.160305306315422 , 0.5479992032051086, 0.6829132437705994, -0.155988797545433 , 0.6013984680175781, 0.5930142402648926, -0.1379521489143371   , 0.6082484126091003, 0.7171655893325806, -0.1709637939929962, 0.6007645130157471, 0.7242568135261536, -0.1636008769273758, 0.5970383286476135, 0.6960195899009705, -0.1592903137207031,   0.0,   0.0,   0.0,   0.0,   0.0,   0.0,   0.0,   0.0,   0.0,   0.0,   0.0,   0.0,   0.0,   0.0,   0.0,   0.0,   0.0,   0.0,   0.0,   0.0,   0.0,   0.0,   0.0,   0.0,   0.0,   0.0,   0.0,   0.0,   0.0,   0.0,    0.0,    0.0,    0.0,    0.0,    0.0,    0.0,    0.0,    0.0,    0.0,    0.0,    0.0,    0.0,    0.0,    0.0,    0.0,    0.0,    0.0,    0.0,    0.0,    0.0,    0.0,    0.0,    0.0,    0.0,    0.0,    0.0,    0.0,    0.0,    0.0,    0.0,    0.0,    0.0,    0.0, YOU
0.5095034837722778, 0.5325235724449158, -3.260871608290472e-07 , 0.4669642448425293, 0.5666505098342896, -0.0596491806209087  , 0.4423393607139587, 0.6103391647338867, -0.1030705422163009, 0.4683914184570312, 0.6732826828956604, -0.13755963742733    , 0.5124542713165283, 0.7110381722450256, -0.1707885116338729  , 0.465247094631195 , 0.5087533593177795, -0.1022553294897079, 0.4728977382183075, 0.6177334785461426, -0.146407812833786 , 0.495029091835022 , 0.6905130743980408, -0.1721370220184326, 0.5175138711929321, 0.7248547077178955, -0.1858978867530822, 0.5278445482254028, 0.508390486240387 , -0.0947759747505188, 0.5410778522491455, 0.6433829665184021, -0.1327201724052429, 0.5254359245300293, 0.6836212873458862, -0.1455229222774505, 0.5057094693183899, 0.6801477670669556, -0.1553515344858169, 0.5775347948074341, 0.5310022830963135, -0.0898386016488075, 0.5733445286750793, 0.6712145805358887, -0.1190114766359329, 0.551788330078125 , 0.7142136693000793, -0.1114182546734809, 0.5304452180862427, 0.712428092956543 , -0.1056628972291946, 0.6064541935920715, 0.5657699108123779, -0.0909742712974548   , 0.5981549620628357, 0.6816661953926086, -0.113397479057312 , 0.5782049894332886, 0.7210515737533569, -0.1036380529403686, 0.5616816282272339, 0.7284084558486938, -0.0939656943082809,   0.0,   0.0,   0.0,   0.0,   0.0,   0.0,   0.0,   0.0,   0.0,   0.0,   0.0,   0.0,   0.0,   0.0,   0.0,   0.0,   0.0,   0.0,   0.0,   0.0,   0.0,   0.0,   0.0,   0.0,   0.0,   0.0,   0.0,   0.0,   0.0,   0.0,    0.0,    0.0,    0.0,    0.0,    0.0,    0.0,    0.0,    0.0,    0.0,    0.0,    0.0,    0.0,    0.0,    0.0,    0.0,    0.0,    0.0,    0.0,    0.0,    0.0,    0.0,    0.0,    0.0,    0.0,    0.0,    0.0,    0.0,    0.0,    0.0,    0.0,    0.0,    0.0,    0.0, YOU
0.5603349804878235, 0.5695094466209412, -2.605818281153916e-07 , 0.5084560513496399, 0.561104953289032 , -0.0349376462399959  , 0.4698374569416046, 0.5502667427062988, -0.0624274984002113, 0.4556279182434082, 0.5592688918113708, -0.0872829407453537  , 0.447781890630722 , 0.5849661827087402, -0.116129532456398   , 0.4826335310935974, 0.4928610026836395, -0.0673843026161193, 0.4626966416835785, 0.5387786030769348, -0.1071537584066391, 0.4497241377830505, 0.543791651725769 , -0.1391272991895675, 0.4419916868209839, 0.5388559699058533, -0.1611663103103637, 0.5251733660697937, 0.5010145306587219, -0.0710602924227714, 0.5070577263832092, 0.6290302276611328, -0.1117438003420829, 0.5039294958114624, 0.6799927949905396, -0.1280297487974167, 0.5051048994064331, 0.7002550959587097, -0.1366944462060928, 0.5696731209754944, 0.532935619354248 , -0.0768513306975364, 0.5506933927536011, 0.6501472592353821, -0.1131038218736648, 0.5518003106117249, 0.6724215745925903, -0.1123906672000885, 0.5541375279426575, 0.6706308126449585, -0.1078592985868454, 0.6092420220375061, 0.5682229995727539, -0.0858658328652381   , 0.5939350128173828, 0.6618137955665588, -0.1165792569518089, 0.5928053855895996, 0.6821043491363525, -0.1140985563397407, 0.5942614674568176, 0.6730601191520691, -0.1076364144682884,   0.0,   0.0,   0.0,   0.0,   0.0,   0.0,   0.0,   0.0,   0.0,   0.0,   0.0,   0.0,   0.0,   0.0,   0.0,   0.0,   0.0,   0.0,   0.0,   0.0,   0.0,   0.0,   0.0,   0.0,   0.0,   0.0,   0.0,   0.0,   0.0,   0.0,    0.0,    0.0,    0.0,    0.0,    0.0,    0.0,    0.0,    0.0,    0.0,    0.0,    0.0,    0.0,    0.0,    0.0,    0.0,    0.0,    0.0,    0.0,    0.0,    0.0,    0.0,    0.0,    0.0,    0.0,    0.0,    0.0,    0.0,    0.0,    0.0,    0.0,    0.0,    0.0,    0.0, YOU
0.567205548286438 , 0.5704188942909241, -1.3540385168653304e-07, 0.51246178150177  , 0.5635838508605957, -0.0319812335073947  , 0.4640958905220032, 0.53436279296875  , -0.0543483197689056, 0.4358847737312317, 0.5028431415557861, -0.0725639164447784  , 0.4156519770622253, 0.4730871319770813, -0.0914069190621376  , 0.4876711964607239, 0.4834950566291809, -0.0687389448285102, 0.4716370105743408, 0.5099579095840454, -0.1065589562058448, 0.4555559158325195, 0.5078050494194031, -0.1328008323907852, 0.4396748542785644, 0.4994728863239288, -0.1508602648973465, 0.5309543609619141, 0.486208975315094 , -0.0716314166784286, 0.5228399634361267, 0.5662931203842163, -0.1074721068143844, 0.5177055597305298, 0.5780775547027588, -0.1164517626166343, 0.5123113989830017, 0.5693554878234863, -0.1218638494610786, 0.5740390419960022, 0.5100715160369873, -0.0767521187663078, 0.5585931539535522, 0.5922132134437561, -0.1070147156715393, 0.5534096956253052, 0.5919756293296814, -0.0986440628767013, 0.5502080917358398, 0.5805836915969849, -0.0914157480001449, 0.6101325154304504, 0.5414988398551941, -0.0853919610381126   , 0.595894455909729 , 0.6069140434265137, -0.1132928431034088, 0.5880062580108643, 0.6122766733169556, -0.1104348227381706, 0.5833488702774048, 0.6018287539482117, -0.1049333810806274,   0.0,   0.0,   0.0,   0.0,   0.0,   0.0,   0.0,   0.0,   0.0,   0.0,   0.0,   0.0,   0.0,   0.0,   0.0,   0.0,   0.0,   0.0,   0.0,   0.0,   0.0,   0.0,   0.0,   0.0,   0.0,   0.0,   0.0,   0.0,   0.0,   0.0,    0.0,    0.0,    0.0,    0.0,    0.0,    0.0,    0.0,    0.0,    0.0,    0.0,    0.0,    0.0,    0.0,    0.0,    0.0,    0.0,    0.0,    0.0,    0.0,    0.0,    0.0,    0.0,    0.0,    0.0,    0.0,    0.0,    0.0,    0.0,    0.0,    0.0,    0.0,    0.0,    0.0, YOU
0.5066623687744141, 0.6157189607620239, -9.826539582036277e-08 , 0.4199246168136596, 0.6421108841896057, -0.0317691043019294  , 0.363534539937973 , 0.7026714086532593, -0.0683565661311149, 0.3608587980270386, 0.7947834134101868, -0.1021452024579048  , 0.3963798284530639, 0.8642665147781372, -0.140562042593956   , 0.4109670221805572, 0.5863208174705505, -0.0857273563742637, 0.3702661991119385, 0.6417010426521301, -0.1204488575458526, 0.3297798931598663, 0.6563296318054199, -0.1466173976659774, 0.2936449348926544, 0.660305380821228 , -0.1675681471824646, 0.4689948558807373, 0.5917163491249084, -0.0927514135837555, 0.432996928691864 , 0.7664496302604675, -0.120843231678009 , 0.4365373253822326, 0.7707657814025879, -0.1271658241748809, 0.4394893646240234, 0.7337778806686401, -0.1376872807741165, 0.5216221213340759, 0.6229788661003113, -0.0995397046208381, 0.4926805794239044, 0.801547110080719 , -0.1229083985090255, 0.4867821335792541, 0.7859910726547241, -0.1158323734998703, 0.4823431968688965, 0.7391583323478699, -0.1139871031045913, 0.5625119805335999, 0.663740873336792 , -0.1098785027861595   , 0.5397220849990845, 0.7974100112915039, -0.1309032291173935, 0.527195930480957 , 0.7892479300498962, -0.1245593652129173, 0.5207882523536682, 0.7518050670623779, -0.1210057511925697,   0.0,   0.0,   0.0,   0.0,   0.0,   0.0,   0.0,   0.0,   0.0,   0.0,   0.0,   0.0,   0.0,   0.0,   0.0,   0.0,   0.0,   0.0,   0.0,   0.0,   0.0,   0.0,   0.0,   0.0,   0.0,   0.0,   0.0,   0.0,   0.0,   0.0,    0.0,    0.0,    0.0,    0.0,    0.0,    0.0,    0.0,    0.0,    0.0,    0.0,    0.0,    0.0,    0.0,    0.0,    0.0,    0.0,    0.0,    0.0,    0.0,    0.0,    0.0,    0.0,    0.0,    0.0,    0.0,    0.0,    0.0,    0.0,    0.0,    0.0,    0.0,    0.0,    0.0, YOU
0.4542489945888519, 0.4988862574100494, -7.654412002011668e-07 , 0.3940739631652832, 0.5546284317970276, -0.0450271368026733  , 0.3762964606285095, 0.6285945773124695, -0.0930001512169838, 0.3934997320175171, 0.7010149955749512, -0.1366885751485824  , 0.4294579029083252, 0.7570762038230896, -0.1827221661806106  , 0.4269939661026001, 0.5274827480316162, -0.1117682680487632, 0.4244405627250671, 0.6326662302017212, -0.157681331038475 , 0.43733811378479  , 0.7185057401657104, -0.1875319927930832, 0.4552490413188934, 0.7718843817710876, -0.2050958424806594, 0.4975120723247528, 0.5166619420051575, -0.1158196777105331, 0.5004339218139648, 0.6883201599121094, -0.1466808021068573, 0.5013071894645691, 0.7184622883796692, -0.1543574035167694, 0.5008917450904846, 0.7121068239212036, -0.1662957519292831, 0.5553238391876221, 0.5244393944740295, -0.1196942999958992, 0.5535604953765869, 0.7003614902496338, -0.1432662904262542, 0.5506017208099365, 0.7148001194000244, -0.1306512504816055, 0.5452018976211548, 0.7000732421875   , -0.1266877651214599, 0.5965744256973267, 0.5434004068374634, -0.1290180534124374   , 0.6014941930770874, 0.6994450688362122, -0.145338624715805 , 0.59788578748703  , 0.7216998934745789, -0.1281640082597732, 0.5934879183769226, 0.7158517837524414, -0.1178525239229202,   0.0,   0.0,   0.0,   0.0,   0.0,   0.0,   0.0,   0.0,   0.0,   0.0,   0.0,   0.0,   0.0,   0.0,   0.0,   0.0,   0.0,   0.0,   0.0,   0.0,   0.0,   0.0,   0.0,   0.0,   0.0,   0.0,   0.0,   0.0,   0.0,   0.0,    0.0,    0.0,    0.0,    0.0,    0.0,    0.0,    0.0,    0.0,    0.0,    0.0,    0.0,    0.0,    0.0,    0.0,    0.0,    0.0,    0.0,    0.0,    0.0,    0.0,    0.0,    0.0,    0.0,    0.0,    0.0,    0.0,    0.0,    0.0,    0.0,    0.0,    0.0,    0.0,    0.0, YOU
0.6045676469802856, 0.5902760624885559, -5.211388156567409e-07 , 0.5617152452468872, 0.580921471118927 , -0.0362362079322338  , 0.5320433378219604, 0.5662677884101868, -0.0652323812246322, 0.5226850509643555, 0.5590046048164368, -0.091268204152584   , 0.5101001262664795, 0.562311053276062 , -0.1156051307916641  , 0.542797863483429 , 0.4770738482475281, -0.0683561041951179, 0.5395618081092834, 0.49117511510849  , -0.1084978729486465, 0.5342961549758911, 0.5195492506027222, -0.133158728480339 , 0.5297103524208069, 0.5475198030471802, -0.1481251567602157, 0.5952320694923401, 0.4726845026016235, -0.0722505152225494, 0.5895964503288269, 0.6030806303024292, -0.1138301566243171, 0.5714631080627441, 0.6670737862586975, -0.1281932890415191, 0.5571280121803284, 0.6916095614433289, -0.1361050009727478, 0.6438735127449036, 0.5016515254974365, -0.0784046724438667, 0.631930410861969 , 0.6362237930297852, -0.1168942973017692, 0.6151750683784485, 0.6977187395095825, -0.111120581626892 , 0.6005227565765381, 0.7267672419548035, -0.103003904223442 , 0.6817631721496582, 0.5433343648910522, -0.0883540734648704   , 0.6716737151145935, 0.6392390727996826, -0.1209346428513526, 0.658321738243103 , 0.6869434118270874, -0.115641675889492 , 0.6465101838111877, 0.707379162311554 , -0.1058572307229042,   0.0,   0.0,   0.0,   0.0,   0.0,   0.0,   0.0,   0.0,   0.0,   0.0,   0.0,   0.0,   0.0,   0.0,   0.0,   0.0,   0.0,   0.0,   0.0,   0.0,   0.0,   0.0,   0.0,   0.0,   0.0,   0.0,   0.0,   0.0,   0.0,   0.0,    0.0,    0.0,    0.0,    0.0,    0.0,    0.0,    0.0,    0.0,    0.0,    0.0,    0.0,    0.0,    0.0,    0.0,    0.0,    0.0,    0.0,    0.0,    0.0,    0.0,    0.0,    0.0,    0.0,    0.0,    0.0,    0.0,    0.0,    0.0,    0.0,    0.0,    0.0,    0.0,    0.0, YOU
0.5676866769790649, 0.5639599561691284, -3.090616473855335e-07 , 0.5153162479400635, 0.5641141533851624, -0.0410977825522422  , 0.4764644205570221, 0.5643120408058167, -0.0753917247056961, 0.4584998488426208, 0.5843358039855957, -0.1073397621512413  , 0.4463169872760772, 0.6115765571594238, -0.1412243694067001  , 0.4905023574829101, 0.4801949858665466, -0.0683259740471839, 0.4769552946090698, 0.5148776173591614, -0.1113705262541771, 0.4693834781646728, 0.5393328666687012, -0.1456150859594345, 0.4682488739490509, 0.5564103126525879, -0.1678682267665863, 0.5469396710395813, 0.4801284968852997, -0.0724606066942215, 0.5421904921531677, 0.6149919033050537, -0.1154896393418312, 0.5299067497253418, 0.6714192628860474, -0.1389603465795517, 0.5202755331993103, 0.6933541893959045, -0.1540781557559967, 0.5995649695396423, 0.5097169876098633, -0.0791133940219879, 0.5841057300567627, 0.645684003829956 , -0.1178919970989227, 0.5690010786056519, 0.698775589466095 , -0.1192190274596214, 0.5525569319725037, 0.7242387533187866, -0.1162490546703338, 0.6386641263961792, 0.5498966574668884, -0.0897646769881248   , 0.6234921216964722, 0.6447306871414185, -0.1198727861046791, 0.6088449954986572, 0.6880239248275757, -0.1144740581512451, 0.5935211181640625, 0.7092366814613342, -0.1058938205242157,   0.0,   0.0,   0.0,   0.0,   0.0,   0.0,   0.0,   0.0,   0.0,   0.0,   0.0,   0.0,   0.0,   0.0,   0.0,   0.0,   0.0,   0.0,   0.0,   0.0,   0.0,   0.0,   0.0,   0.0,   0.0,   0.0,   0.0,   0.0,   0.0,   0.0,    0.0,    0.0,    0.0,    0.0,    0.0,    0.0,    0.0,    0.0,    0.0,    0.0,    0.0,    0.0,    0.0,    0.0,    0.0,    0.0,    0.0,    0.0,    0.0,    0.0,    0.0,    0.0,    0.0,    0.0,    0.0,    0.0,    0.0,    0.0,    0.0,    0.0,    0.0,    0.0,    0.0, YOU
0.5775139927864075, 0.6082271337509155, -9.258329924932697e-08 , 0.5274701714515686, 0.6180880665779114, -0.0413367487490177  , 0.4879336953163147, 0.6323270201683044, -0.0743963792920112, 0.4893457889556885, 0.6890246868133545, -0.1047651916742324  , 0.5136386156082153, 0.7332800626754761, -0.1355926841497421  , 0.496371865272522 , 0.4986847639083862, -0.066517636179924 , 0.4924202263355255, 0.4912170171737671, -0.1014065742492675, 0.4881584644317627, 0.4946547746658325, -0.1285164207220077, 0.4849077761173248, 0.4970007836818695, -0.1470464468002319, 0.5538570284843445, 0.4766401350498199, -0.0674548149108886, 0.5507655143737793, 0.631095290184021 , -0.1011542826890945, 0.5354994535446167, 0.6645070910453796, -0.1172513887286186, 0.5263247489929199, 0.6575550436973572, -0.1270720064640045, 0.6124477982521057, 0.5037755370140076, -0.0709851831197738, 0.5956310033798218, 0.6654186844825745, -0.0948816463351249, 0.5720004439353943, 0.6894116401672363, -0.0886520817875862, 0.5558331608772278, 0.6816022396087646, -0.0822033435106277, 0.6563014388084412, 0.5484428405761719, -0.0802114605903625   , 0.6401258707046509, 0.66102534532547  , -0.1042427197098732, 0.6189925074577332, 0.684949517250061 , -0.0987448021769523, 0.604762852191925 , 0.6827804446220398, -0.0885716080665588,   0.0,   0.0,   0.0,   0.0,   0.0,   0.0,   0.0,   0.0,   0.0,   0.0,   0.0,   0.0,   0.0,   0.0,   0.0,   0.0,   0.0,   0.0,   0.0,   0.0,   0.0,   0.0,   0.0,   0.0,   0.0,   0.0,   0.0,   0.0,   0.0,   0.0,    0.0,    0.0,    0.0,    0.0,    0.0,    0.0,    0.0,    0.0,    0.0,    0.0,    0.0,    0.0,    0.0,    0.0,    0.0,    0.0,    0.0,    0.0,    0.0,    0.0,    0.0,    0.0,    0.0,    0.0,    0.0,    0.0,    0.0,    0.0,    0.0,    0.0,    0.0,    0.0,    0.0, YOU
0.4952000975608825, 0.5547572374343872, -3.275221729381883e-07 , 0.4276787936687469, 0.5974482893943787, -0.0510057546198368  , 0.3896929323673248, 0.6505432724952698, -0.1028118804097175, 0.379790335893631 , 0.6992660760879517, -0.1490989923477172  , 0.3965248167514801, 0.7041097283363342, -0.1984167546033859  , 0.4560134410858154, 0.505306601524353 , -0.1145335212349891, 0.4376733601093292, 0.5535414218902588, -0.1676230579614639, 0.4095403552055359, 0.5981358289718628, -0.2072117328643798, 0.3884342312812805, 0.6344990134239197, -0.234129250049591 , 0.5161677002906799, 0.5152237415313721, -0.1170494183897972, 0.4744465947151184, 0.6745779514312744, -0.1580362766981125, 0.4642485976219177, 0.6835635304450989, -0.1699708551168441, 0.4578441381454468, 0.6547411680221558, -0.1845428794622421, 0.5636649131774902, 0.5449499487876892, -0.1211140677332878, 0.5202677845954895, 0.7079991102218628, -0.156604528427124 , 0.5150548219680786, 0.6987918019294739, -0.1442711353302002, 0.5155296921730042, 0.6586825251579285, -0.1381549090147018, 0.5969674587249756, 0.5828337073326111, -0.1305007040500641   , 0.5649820566177368, 0.7134248614311218, -0.1608094871044159, 0.5592688918113708, 0.71104496717453  , -0.1504871398210525, 0.560071587562561 , 0.6757916212081909, -0.143059566617012 ,   0.0,   0.0,   0.0,   0.0,   0.0,   0.0,   0.0,   0.0,   0.0,   0.0,   0.0,   0.0,   0.0,   0.0,   0.0,   0.0,   0.0,   0.0,   0.0,   0.0,   0.0,   0.0,   0.0,   0.0,   0.0,   0.0,   0.0,   0.0,   0.0,   0.0,    0.0,    0.0,    0.0,    0.0,    0.0,    0.0,    0.0,    0.0,    0.0,    0.0,    0.0,    0.0,    0.0,    0.0,    0.0,    0.0,    0.0,    0.0,    0.0,    0.0,    0.0,    0.0,    0.0,    0.0,    0.0,    0.0,    0.0,    0.0,    0.0,    0.0,    0.0,    0.0,    0.0, YOU
0.5284284949302673, 0.6029021739959717, -2.5230605160686537e-07, 0.4784273207187652, 0.6209418177604675, -0.0479158721864223  , 0.4368647038936615, 0.6406408548355103, -0.0861171409487724, 0.4462085366249084, 0.68785560131073  , -0.1188651323318481  , 0.4795408844947815, 0.7175904512405396, -0.1509293466806411  , 0.4454432427883148, 0.5062786936759949, -0.0880503430962562, 0.426766037940979 , 0.5096230506896973, -0.1271990835666656, 0.4157483279705047, 0.5232363939285278, -0.152100384235382 , 0.4114343225955963, 0.535554051399231 , -0.1678840667009353, 0.505921483039856 , 0.4854757487773895, -0.0854674130678176, 0.4942013621330261, 0.6501964926719666, -0.1227496489882469, 0.4839408695697784, 0.6907628774642944, -0.1323364824056625, 0.4856634736061096, 0.6904231905937195, -0.1368059962987899, 0.5640444159507751, 0.5128611922264099, -0.0850734412670135, 0.5395573377609253, 0.6869317889213562, -0.1103654578328132, 0.5206139087677002, 0.7163004875183105, -0.094627670943737 , 0.5136964321136475, 0.7122776508331299, -0.0811212211847305, 0.6058862209320068, 0.5571519136428833, -0.0910784602165222   , 0.5793207883834839, 0.6840085387229919, -0.1168375760316848, 0.5607750415802002, 0.7043726444244385, -0.1076868399977684, 0.5519068837165833, 0.6945728063583374, -0.0939688086509704,   0.0,   0.0,   0.0,   0.0,   0.0,   0.0,   0.0,   0.0,   0.0,   0.0,   0.0,   0.0,   0.0,   0.0,   0.0,   0.0,   0.0,   0.0,   0.0,   0.0,   0.0,   0.0,   0.0,   0.0,   0.0,   0.0,   0.0,   0.0,   0.0,   0.0,    0.0,    0.0,    0.0,    0.0,    0.0,    0.0,    0.0,    0.0,    0.0,    0.0,    0.0,    0.0,    0.0,    0.0,    0.0,    0.0,    0.0,    0.0,    0.0,    0.0,    0.0,    0.0,    0.0,    0.0,    0.0,    0.0,    0.0,    0.0,    0.0,    0.0,    0.0,    0.0,    0.0, YOU
0.5450229048728943, 0.6117007732391357, -4.575638854475983e-07 , 0.4955905377864837, 0.6072961091995239, -0.0505657084286212  , 0.4530731439590454, 0.5858844518661499, -0.0823367163538932, 0.45755735039711  , 0.5805501937866211, -0.1084523350000381  , 0.5044727921485901, 0.5736606121063232, -0.1289025396108627  , 0.4839479327201843, 0.4702148735523224, -0.070700503885746 , 0.476466953754425 , 0.4890215694904327, -0.1214777678251266, 0.4717151522636413, 0.5147256255149841, -0.148975983262062 , 0.4724295437335968, 0.5266273021697998, -0.1621039509773254, 0.545098066329956 , 0.4612218737602234, -0.0652670636773109, 0.5404316186904907, 0.622590959072113 , -0.1135578453540802, 0.5193444490432739, 0.6554182767868042, -0.1206419989466667, 0.5064696669578552, 0.6315642595291138, -0.1172324866056442, 0.6004539132118225, 0.4925937950611114, -0.0659401342272758, 0.5807297229766846, 0.6532567739486694, -0.1049786135554313, 0.5548616647720337, 0.668266773223877 , -0.0855868086218833, 0.541523277759552 , 0.6469482183456421, -0.0629786550998687, 0.6393945217132568, 0.5371010303497314, -0.0735121816396713   , 0.6179762482643127, 0.6524485349655151, -0.1089109852910041, 0.592738687992096 , 0.6599127054214478, -0.1024770513176918, 0.5802305340766907, 0.6365033984184265, -0.0858786404132843,   0.0,   0.0,   0.0,   0.0,   0.0,   0.0,   0.0,   0.0,   0.0,   0.0,   0.0,   0.0,   0.0,   0.0,   0.0,   0.0,   0.0,   0.0,   0.0,   0.0,   0.0,   0.0,   0.0,   0.0,   0.0,   0.0,   0.0,   0.0,   0.0,   0.0,    0.0,    0.0,    0.0,    0.0,    0.0,    0.0,    0.0,    0.0,    0.0,    0.0,    0.0,    0.0,    0.0,    0.0,    0.0,    0.0,    0.0,    0.0,    0.0,    0.0,    0.0,    0.0,    0.0,    0.0,    0.0,    0.0,    0.0,    0.0,    0.0,    0.0,    0.0,    0.0,    0.0, YOU
0.5319094657897949, 0.6043791770935059, -5.27578549736063e-07  , 0.4771575927734375, 0.6033620834350586, -0.0489247739315032  , 0.4245936572551727, 0.5932794213294983, -0.0827747657895088, 0.4192069768905639, 0.603638768196106 , -0.11004488915205    , 0.4542779326438904, 0.6066324710845947, -0.1334818750619888  , 0.4623963832855224, 0.4779208302497864, -0.0788146257400512, 0.442037284374237 , 0.5092604756355286, -0.1250422000885009, 0.4156831800937652, 0.5250225067138672, -0.1564826667308807, 0.3968738913536072, 0.5365532636642456, -0.1754036098718643, 0.5255194902420044, 0.4674097895622253, -0.0747030079364776, 0.5098167061805725, 0.6389144659042358, -0.1145843118429184, 0.4901144206523895, 0.6555162668228149, -0.123987928032875 , 0.4833677113056183, 0.6349914073944092, -0.1269816160202026, 0.583782970905304 , 0.5009944438934326, -0.0748785436153411, 0.5545058846473694, 0.6732801795005798, -0.10862647742033  , 0.5348580479621887, 0.6771950125694275, -0.091442160308361 , 0.5290136337280273, 0.6559955477714539, -0.0733922496438026, 0.6268314719200134, 0.5478087067604065, -0.0818162187933921   , 0.5974767208099365, 0.6703916788101196, -0.1160118356347084, 0.5782910585403442, 0.6693312525749207, -0.1096239760518074, 0.5711488723754883, 0.6398310661315918, -0.0954244434833526,   0.0,   0.0,   0.0,   0.0,   0.0,   0.0,   0.0,   0.0,   0.0,   0.0,   0.0,   0.0,   0.0,   0.0,   0.0,   0.0,   0.0,   0.0,   0.0,   0.0,   0.0,   0.0,   0.0,   0.0,   0.0,   0.0,   0.0,   0.0,   0.0,   0.0,    0.0,    0.0,    0.0,    0.0,    0.0,    0.0,    0.0,    0.0,    0.0,    0.0,    0.0,    0.0,    0.0,    0.0,    0.0,    0.0,    0.0,    0.0,    0.0,    0.0,    0.0,    0.0,    0.0,    0.0,    0.0,    0.0,    0.0,    0.0,    0.0,    0.0,    0.0,    0.0,    0.0, YOU
0.4969443678855896, 0.5777969360351562, -1.2566196971874888e-07, 0.4432655274868011, 0.590406060218811 , -0.0374946966767311  , 0.3884889483451843, 0.6127344369888306, -0.0716270133852958, 0.376935064792633 , 0.6459556221961975, -0.1008063107728958  , 0.3992891907691955, 0.6667906045913696, -0.1287571191787719  , 0.3777197599411011, 0.5234724879264832, -0.0756381675601005, 0.3532133102416992, 0.6069145798683167, -0.1190889254212379, 0.3785234987735748, 0.6293365955352783, -0.1469355076551437, 0.395328164100647 , 0.6166775822639465, -0.1646594405174255, 0.4314670860767364, 0.5045763254165649, -0.0784557536244392, 0.4166097939014435, 0.6117467880249023, -0.11343914270401  , 0.4320959448814392, 0.6207033395767212, -0.121393583714962 , 0.4371359944343567, 0.5977938771247864, -0.1266236752271652, 0.4892427027225494, 0.5119948983192444, -0.0839267447590828, 0.4790278077125549, 0.629814088344574 , -0.1089212074875831, 0.4860357344150543, 0.6349685192108154, -0.0947026535868644, 0.4848321378231048, 0.6118623614311218, -0.0849509313702583, 0.5398526787757874, 0.5323463678359985, -0.0935790985822677   , 0.5332416296005249, 0.6320025324821472, -0.1112570539116859, 0.5315079689025879, 0.6355989575386047, -0.0995767787098884, 0.5251244902610779, 0.6133092641830444, -0.0892402306199073,   0.0,   0.0,   0.0,   0.0,   0.0,   0.0,   0.0,   0.0,   0.0,   0.0,   0.0,   0.0,   0.0,   0.0,   0.0,   0.0,   0.0,   0.0,   0.0,   0.0,   0.0,   0.0,   0.0,   0.0,   0.0,   0.0,   0.0,   0.0,   0.0,   0.0,    0.0,    0.0,    0.0,    0.0,    0.0,    0.0,    0.0,    0.0,    0.0,    0.0,    0.0,    0.0,    0.0,    0.0,    0.0,    0.0,    0.0,    0.0,    0.0,    0.0,    0.0,    0.0,    0.0,    0.0,    0.0,    0.0,    0.0,    0.0,    0.0,    0.0,    0.0,    0.0,    0.0, YOU
0.5783818364143372, 0.5689903497695923, -1.6751518217006378e-07, 0.5384519696235657, 0.5790646076202393, -0.0557614751160144  , 0.5129268765449524, 0.5736280083656311, -0.0947305783629417, 0.5487164855003357, 0.5839547514915466, -0.1250878572463989  , 0.5998324751853943, 0.5822691917419434, -0.1517650634050369  , 0.5276816487312317, 0.4261511862277984, -0.0794360861182212, 0.5303913354873657, 0.4666384756565094, -0.1290114372968673, 0.5237587094306946, 0.4968796670436859, -0.1637494564056396, 0.5169184803962708, 0.5024221539497375, -0.1863066554069519, 0.5841162800788879, 0.4113511145114898, -0.0735099613666534, 0.6017446517944336, 0.50948566198349  , -0.1171677112579345, 0.5860174298286438, 0.5434528589248657, -0.1342221647500991, 0.5706983208656311, 0.5282704830169678, -0.1438679993152618, 0.6358179450035095, 0.4328328371047973, -0.0723682269454002, 0.6399425268173218, 0.5562558174133301, -0.1096375733613967, 0.6159911751747131, 0.6080908179283142, -0.1028071865439415, 0.5996918678283691, 0.6108410358428955, -0.0939924269914627, 0.6768074631690979, 0.4699722826480865, -0.0776095017790794   , 0.677359938621521 , 0.565664529800415 , -0.1094883009791374, 0.6576849818229675, 0.6081781387329102, -0.1056277304887771, 0.6479847431182861, 0.615178108215332 , -0.0965841487050056,   0.0,   0.0,   0.0,   0.0,   0.0,   0.0,   0.0,   0.0,   0.0,   0.0,   0.0,   0.0,   0.0,   0.0,   0.0,   0.0,   0.0,   0.0,   0.0,   0.0,   0.0,   0.0,   0.0,   0.0,   0.0,   0.0,   0.0,   0.0,   0.0,   0.0,    0.0,    0.0,    0.0,    0.0,    0.0,    0.0,    0.0,    0.0,    0.0,    0.0,    0.0,    0.0,    0.0,    0.0,    0.0,    0.0,    0.0,    0.0,    0.0,    0.0,    0.0,    0.0,    0.0,    0.0,    0.0,    0.0,    0.0,    0.0,    0.0,    0.0,    0.0,    0.0,    0.0, YOU
0.4963720440864563, 0.6392178535461426, -4.7608469344595516e-07, 0.4314011633396148, 0.6425221562385559, -0.0586170144379138  , 0.3737101852893829, 0.6297363638877869, -0.0963813289999961, 0.3819991648197174, 0.636946439743042 , -0.1269384324550628  , 0.4387844204902649, 0.6350612044334412, -0.1536600291728973  , 0.4146224856376648, 0.4992371201515198, -0.0888823792338371, 0.4030217230319977, 0.506553590297699 , -0.13816799223423  , 0.3824299573898315, 0.527374267578125 , -0.16729037463665  , 0.3712808489799499, 0.5513083934783936, -0.1838721334934234, 0.4815818965435028, 0.4735950827598572, -0.0830730572342872, 0.4894804060459137, 0.6378883123397827, -0.1290072947740554, 0.4639474153518677, 0.6724695563316345, -0.1339024156332016, 0.4516599178314209, 0.6700913310050964, -0.1314969956874847, 0.5465275645256042, 0.5013408660888672, -0.0831300914287567, 0.5385580062866211, 0.6716700196266174, -0.1199072822928428, 0.5102663040161133, 0.6851310729980469, -0.0978323891758918, 0.4976333975791931, 0.6711795330047607, -0.0755349770188331, 0.5930243730545044, 0.5472009778022766, -0.0914436057209968   , 0.5824015140533447, 0.6794745922088623, -0.129097506403923 , 0.5564820766448975, 0.6824936866760254, -0.1229850351810455, 0.5414224863052368, 0.655692458152771 , -0.1079714223742485,   0.0,   0.0,   0.0,   0.0,   0.0,   0.0,   0.0,   0.0,   0.0,   0.0,   0.0,   0.0,   0.0,   0.0,   0.0,   0.0,   0.0,   0.0,   0.0,   0.0,   0.0,   0.0,   0.0,   0.0,   0.0,   0.0,   0.0,   0.0,   0.0,   0.0,    0.0,    0.0,    0.0,    0.0,    0.0,    0.0,    0.0,    0.0,    0.0,    0.0,    0.0,    0.0,    0.0,    0.0,    0.0,    0.0,    0.0,    0.0,    0.0,    0.0,    0.0,    0.0,    0.0,    0.0,    0.0,    0.0,    0.0,    0.0,    0.0,    0.0,    0.0,    0.0,    0.0, YOU
0.5185680985450745, 0.540294885635376 , -5.342301960808982e-07 , 0.4535881280899048, 0.585864782333374 , -0.0476992987096309  , 0.4128164052963257, 0.6502422094345093, -0.0907707288861274, 0.3997271060943603, 0.7066999673843384, -0.1280944794416427  , 0.4141096174716949, 0.7411962747573853, -0.1658594459295272  , 0.4656741321086883, 0.5447533130645752, -0.1018642336130142, 0.4556794762611389, 0.6545220613479614, -0.1444974541664123, 0.4361224472522735, 0.7008460760116577, -0.1703531891107559, 0.4246457517147064, 0.723372757434845 , -0.1855271905660629, 0.5286485552787781, 0.5384864211082458, -0.1020284667611122, 0.5289974212646484, 0.7257946729660034, -0.1340872645378112, 0.5155998468399048, 0.7397254705429077, -0.1371653974056244, 0.5048597455024719, 0.716755211353302 , -0.1419449150562286, 0.5825459957122803, 0.5514807105064392, -0.1035712882876396, 0.5767289400100708, 0.7356035113334656, -0.1307641118764877, 0.5655437707901001, 0.7285825610160828, -0.1125307604670524, 0.5592390894889832, 0.6983665823936462, -0.0996396169066429, 0.6229515075683594, 0.5758395195007324, -0.1111660599708557   , 0.6198673844337463, 0.71407151222229  , -0.1332120150327682, 0.6086986660957336, 0.717377781867981 , -0.1189997345209121, 0.5995631814002991, 0.6954370737075806, -0.1061736121773719,   0.0,   0.0,   0.0,   0.0,   0.0,   0.0,   0.0,   0.0,   0.0,   0.0,   0.0,   0.0,   0.0,   0.0,   0.0,   0.0,   0.0,   0.0,   0.0,   0.0,   0.0,   0.0,   0.0,   0.0,   0.0,   0.0,   0.0,   0.0,   0.0,   0.0,    0.0,    0.0,    0.0,    0.0,    0.0,    0.0,    0.0,    0.0,    0.0,    0.0,    0.0,    0.0,    0.0,    0.0,    0.0,    0.0,    0.0,    0.0,    0.0,    0.0,    0.0,    0.0,    0.0,    0.0,    0.0,    0.0,    0.0,    0.0,    0.0,    0.0,    0.0,    0.0,    0.0, YOU
0.5438923239707947, 0.6198238134384155, -6.754173114131845e-07 , 0.4941354393959045, 0.6183944344520569, -0.0467258282005786  , 0.4449484944343567, 0.6132973432540894, -0.0851336419582367, 0.446507453918457 , 0.6216977834701538, -0.1185391098260879  , 0.4817487001419067, 0.6135649681091309, -0.1501082479953766  , 0.4686610400676727, 0.4725535213947296, -0.0864539071917533, 0.4516656100749969, 0.4675423204898834, -0.1363540440797805, 0.4289151132106781, 0.4826624989509582, -0.1712085902690887, 0.4082571566104889, 0.4996957182884216, -0.1938464939594268, 0.5338895320892334, 0.4539375305175781, -0.0875884890556335, 0.5285590887069702, 0.6161850690841675, -0.1376754492521286, 0.5084556341171265, 0.6899224519729614, -0.1530821919441223, 0.4974046051502228, 0.7104445099830627, -0.1607596576213836, 0.5958501696586609, 0.4863424301147461, -0.0919561609625816, 0.582615077495575 , 0.6509954929351807, -0.1333201229572296, 0.5565887093544006, 0.7030236721038818, -0.1219360306859016, 0.5403618812561035, 0.7092030048370361, -0.1099027767777443, 0.6434245109558105, 0.5349465608596802, -0.1017735451459884   , 0.6290623545646667, 0.6516432762145996, -0.13538458943367  , 0.6059573292732239, 0.6931558847427368, -0.1264272481203079, 0.5916661024093628, 0.6955246925354004, -0.1132581010460853,   0.0,   0.0,   0.0,   0.0,   0.0,   0.0,   0.0,   0.0,   0.0,   0.0,   0.0,   0.0,   0.0,   0.0,   0.0,   0.0,   0.0,   0.0,   0.0,   0.0,   0.0,   0.0,   0.0,   0.0,   0.0,   0.0,   0.0,   0.0,   0.0,   0.0,    0.0,    0.0,    0.0,    0.0,    0.0,    0.0,    0.0,    0.0,    0.0,    0.0,    0.0,    0.0,    0.0,    0.0,    0.0,    0.0,    0.0,    0.0,    0.0,    0.0,    0.0,    0.0,    0.0,    0.0,    0.0,    0.0,    0.0,    0.0,    0.0,    0.0,    0.0,    0.0,    0.0, YOU
0.5291098356246948, 0.5596623420715332, -2.674978532013484e-07 , 0.4809211790561676, 0.5625978112220764, -0.0185272023081779  , 0.4439382553100586, 0.5652986168861389, -0.0358356051146984, 0.4275317788124084, 0.5835829973220825, -0.0529263913631439  , 0.4184232056140899, 0.6070042848587036, -0.0717629492282867  , 0.458974152803421 , 0.5137510895729065, -0.037039116024971 , 0.4413045942783355, 0.5510281920433044, -0.0603933930397033, 0.4365967512130737, 0.5666085481643677, -0.0785911455750465, 0.440428763628006 , 0.57347571849823  , -0.0904501900076866, 0.5015872120857239, 0.5144097208976746, -0.0430273227393627, 0.4837488830089569, 0.632114052772522 , -0.0634987279772758, 0.4814407229423523, 0.6531086564064026, -0.0739320218563079, 0.4853616058826446, 0.6490193009376526, -0.0818164274096489, 0.5422534942626953, 0.5325952172279358, -0.0499714016914367, 0.5182499289512634, 0.6487853527069092, -0.0671923160552978, 0.5157639384269714, 0.6506171822547913, -0.0645209550857544, 0.5154070854187012, 0.6341768503189087, -0.0622957348823547, 0.5751649141311646, 0.5575610399246216, -0.0591326691210269   , 0.5564873218536377, 0.6514149308204651, -0.0749819129705429, 0.5490401983261108, 0.6571228504180908, -0.0703846886754036, 0.5445834398269653, 0.6414017677307129, -0.0646598413586616,   0.0,   0.0,   0.0,   0.0,   0.0,   0.0,   0.0,   0.0,   0.0,   0.0,   0.0,   0.0,   0.0,   0.0,   0.0,   0.0,   0.0,   0.0,   0.0,   0.0,   0.0,   0.0,   0.0,   0.0,   0.0,   0.0,   0.0,   0.0,   0.0,   0.0,    0.0,    0.0,    0.0,    0.0,    0.0,    0.0,    0.0,    0.0,    0.0,    0.0,    0.0,    0.0,    0.0,    0.0,    0.0,    0.0,    0.0,    0.0,    0.0,    0.0,    0.0,    0.0,    0.0,    0.0,    0.0,    0.0,    0.0,    0.0,    0.0,    0.0,    0.0,    0.0,    0.0, YOU
0.6346907019615173, 0.6371974945068359, -2.6006395614786015e-07, 0.599942147731781 , 0.6391460299491882, -0.0296886544674634  , 0.5763622522354126, 0.6214507222175598, -0.0474607422947883, 0.5837292075157166, 0.6175927519798279, -0.0616114474833011  , 0.6039973497390747, 0.6214028000831604, -0.0729310140013694  , 0.5990574359893799, 0.5156117081642151, -0.033035259693861 , 0.6039658784866333, 0.5758644938468933, -0.0541184693574905, 0.6078848838806152, 0.6075799465179443, -0.0659688562154769, 0.611291229724884 , 0.6022815704345703, -0.0745724439620971, 0.6317680478096008, 0.509066641330719 , -0.0311155021190643, 0.6352867484092712, 0.5777068138122559, -0.0517364181578159, 0.6370165348052979, 0.6091453433036804, -0.0579701364040374, 0.6376045346260071, 0.6015088558197021, -0.060875479131937 , 0.6614412665367126, 0.5211337208747864, -0.0321123860776424, 0.6622171401977539, 0.5859102010726929, -0.0514968298375606, 0.6630905866622925, 0.6139847636222839, -0.0486241057515144, 0.6612184643745422, 0.6088805794715881, -0.0444273799657821, 0.6851294040679932, 0.5438064336776733, -0.0364708304405212   , 0.6873348951339722, 0.5937796831130981, -0.0500475130975246, 0.6879212856292725, 0.6146636605262756, -0.0476531013846397, 0.6887725591659546, 0.6120707988739014, -0.042863193899393 ,   0.0,   0.0,   0.0,   0.0,   0.0,   0.0,   0.0,   0.0,   0.0,   0.0,   0.0,   0.0,   0.0,   0.0,   0.0,   0.0,   0.0,   0.0,   0.0,   0.0,   0.0,   0.0,   0.0,   0.0,   0.0,   0.0,   0.0,   0.0,   0.0,   0.0,    0.0,    0.0,    0.0,    0.0,    0.0,    0.0,    0.0,    0.0,    0.0,    0.0,    0.0,    0.0,    0.0,    0.0,    0.0,    0.0,    0.0,    0.0,    0.0,    0.0,    0.0,    0.0,    0.0,    0.0,    0.0,    0.0,    0.0,    0.0,    0.0,    0.0,    0.0,    0.0,    0.0, YOU
0.5396155714988708, 0.5909976959228516, -2.913784555858001e-07 , 0.5004909634590149, 0.6055999994277954, -0.026263864710927   , 0.4745700359344482, 0.6312276124954224, -0.0539657175540924, 0.4809123575687408, 0.6723560690879822, -0.0795264020562172  , 0.4962780177593231, 0.7060200572013855, -0.1070697754621505  , 0.4539829790592193, 0.5536769032478333, -0.0669513344764709, 0.4488045573234558, 0.6303998827934265, -0.0982216894626617, 0.4639395177364349, 0.6904308795928955, -0.1171625927090644, 0.4828049540519714, 0.727706789970398 , -0.1281483322381973, 0.4942105412483215, 0.5362469553947449, -0.0724078193306922, 0.4786286652088165, 0.599330484867096 , -0.0965772569179534, 0.4841843843460083, 0.6402075290679932, -0.1057982370257377, 0.4951916038990021, 0.6614511609077454, -0.1128778010606765, 0.5383135676383972, 0.5375558137893677, -0.0779355019330978, 0.5370154976844788, 0.6132358312606812, -0.0994284301996231, 0.5441726446151733, 0.6521440744400024, -0.0983059480786323, 0.5479089617729187, 0.6638936400413513, -0.0973863676190376, 0.5797654986381531, 0.5508782863616943, -0.0853992477059364   , 0.5817527174949646, 0.6162452101707458, -0.1014400795102119, 0.5814518332481384, 0.6428191065788269, -0.0954865962266922, 0.5782548189163208, 0.6470518112182617, -0.0902753695845604,   0.0,   0.0,   0.0,   0.0,   0.0,   0.0,   0.0,   0.0,   0.0,   0.0,   0.0,   0.0,   0.0,   0.0,   0.0,   0.0,   0.0,   0.0,   0.0,   0.0,   0.0,   0.0,   0.0,   0.0,   0.0,   0.0,   0.0,   0.0,   0.0,   0.0,    0.0,    0.0,    0.0,    0.0,    0.0,    0.0,    0.0,    0.0,    0.0,    0.0,    0.0,    0.0,    0.0,    0.0,    0.0,    0.0,    0.0,    0.0,    0.0,    0.0,    0.0,    0.0,    0.0,    0.0,    0.0,    0.0,    0.0,    0.0,    0.0,    0.0,    0.0,    0.0,    0.0, YOU
0.5937661528587341, 0.6383087038993835, -4.472342425287934e-07 , 0.5513358116149902, 0.647700846195221 , -0.0490546412765979  , 0.5122604966163635, 0.6533920168876648, -0.082499474287033 , 0.5185350179672241, 0.6874225735664368, -0.1078702360391616  , 0.5583918690681458, 0.708063542842865 , -0.1283742934465408  , 0.5416759252548218, 0.5247935056686401, -0.0827616155147552, 0.5310606956481934, 0.6001961827278137, -0.1179590001702308, 0.5450459718704224, 0.6648237109184265, -0.1346267014741897, 0.5604197382926941, 0.6820129752159119, -0.1445954293012619, 0.5972372889518738, 0.5324075222015381, -0.0772564560174942, 0.5898040533065796, 0.6569726467132568, -0.1110510826110839, 0.5710974335670471, 0.6950691938400269, -0.1174307167530059, 0.5584927797317505, 0.6847949028015137, -0.1208360195159912, 0.6425626277923584, 0.5654403567314148, -0.0744377076625824, 0.6247431635856628, 0.6874434947967529, -0.1014502048492431, 0.5985806584358215, 0.7197660207748413, -0.0898226797580719, 0.5844070315361023, 0.7147254943847656, -0.0794461593031883, 0.6731125712394714, 0.6072779893875122, -0.0770724564790725   , 0.6542929410934448, 0.6913681626319885, -0.1017813012003898, 0.630805253982544 , 0.7178373336791992, -0.0957873091101646, 0.6184549331665039, 0.7183388471603394, -0.0862670913338661,   0.0,   0.0,   0.0,   0.0,   0.0,   0.0,   0.0,   0.0,   0.0,   0.0,   0.0,   0.0,   0.0,   0.0,   0.0,   0.0,   0.0,   0.0,   0.0,   0.0,   0.0,   0.0,   0.0,   0.0,   0.0,   0.0,   0.0,   0.0,   0.0,   0.0,    0.0,    0.0,    0.0,    0.0,    0.0,    0.0,    0.0,    0.0,    0.0,    0.0,    0.0,    0.0,    0.0,    0.0,    0.0,    0.0,    0.0,    0.0,    0.0,    0.0,    0.0,    0.0,    0.0,    0.0,    0.0,    0.0,    0.0,    0.0,    0.0,    0.0,    0.0,    0.0,    0.0, YOU
0.5626299381256104, 0.5921015739440918, -3.248529196753225e-07 , 0.5183093547821045, 0.5859954357147217, -0.0381109528243541  , 0.4818989932537079, 0.567673921585083 , -0.0650540515780448, 0.5007442235946655, 0.5882693529129028, -0.0869609415531158  , 0.541464626789093 , 0.6090380549430847, -0.104369543492794   , 0.5183088779449463, 0.4267575144767761, -0.0600666366517543, 0.5222502946853638, 0.4310845732688904, -0.1008640304207801, 0.5321903824806213, 0.4492696225643158, -0.1253966838121414, 0.543199360370636 , 0.4617243409156799, -0.1394889056682586, 0.5766190886497498, 0.4169589877128601, -0.0583621151745319, 0.5730974674224854, 0.5447849631309509, -0.0980085730552673, 0.5443646311759949, 0.5867117047309875, -0.1061450988054275, 0.5307420492172241, 0.572079062461853 , -0.1075481846928596, 0.6252081990242004, 0.4463557302951813, -0.061239618808031 , 0.6115015149116516, 0.5808866024017334, -0.0900008827447891, 0.5724607706069946, 0.6080762147903442, -0.0783146098256111, 0.5532342195510864, 0.5905234217643738, -0.0673942640423774, 0.6629477143287659, 0.4867450892925262, -0.069904550909996    , 0.6494125127792358, 0.5887324213981628, -0.0970412790775299, 0.6201110482215881, 0.6139563918113708, -0.0944171175360679, 0.6077772378921509, 0.6012973189353943, -0.0860525295138359,   0.0,   0.0,   0.0,   0.0,   0.0,   0.0,   0.0,   0.0,   0.0,   0.0,   0.0,   0.0,   0.0,   0.0,   0.0,   0.0,   0.0,   0.0,   0.0,   0.0,   0.0,   0.0,   0.0,   0.0,   0.0,   0.0,   0.0,   0.0,   0.0,   0.0,    0.0,    0.0,    0.0,    0.0,    0.0,    0.0,    0.0,    0.0,    0.0,    0.0,    0.0,    0.0,    0.0,    0.0,    0.0,    0.0,    0.0,    0.0,    0.0,    0.0,    0.0,    0.0,    0.0,    0.0,    0.0,    0.0,    0.0,    0.0,    0.0,    0.0,    0.0,    0.0,    0.0, YOU
0.5911845564842224, 0.6036611795425415, -5.074032287666341e-07 , 0.5444532632827759, 0.6111432909965515, -0.0398178547620773  , 0.509479284286499 , 0.6134723424911499, -0.0651039108633995, 0.5317135453224182, 0.650030255317688 , -0.0842672735452652  , 0.5775814652442932, 0.664118766784668 , -0.0986178442835807  , 0.5388254523277283, 0.4588587284088135, -0.0654751509428024, 0.5481456518173218, 0.4946627020835876, -0.1029807105660438, 0.5613626837730408, 0.5182409882545471, -0.1229237541556358, 0.573367178440094 , 0.5201639533042908, -0.1334397047758102, 0.6003915667533875, 0.447339117527008 , -0.0614453479647636, 0.6015629172325134, 0.6048665642738342, -0.0983630195260047, 0.5692212581634521, 0.65250563621521  , -0.1016923710703849, 0.5500718951225281, 0.6464396119117737, -0.0988501608371734, 0.6515241265296936, 0.4755703210830688, -0.0613994412124156, 0.6419746279716492, 0.6264389157295227, -0.0879142805933952, 0.6081153154373169, 0.6436868906021118, -0.0723802968859672, 0.5904020667076111, 0.6231784224510193, -0.0565746203064918, 0.684327244758606 , 0.5166770815849304, -0.0671895071864128   , 0.6725837588310242, 0.6243651509284973, -0.0967486426234245, 0.6441704034805298, 0.6353130340576172, -0.0938245058059692, 0.6270958781242371, 0.6132773160934448, -0.0823484882712364,   0.0,   0.0,   0.0,   0.0,   0.0,   0.0,   0.0,   0.0,   0.0,   0.0,   0.0,   0.0,   0.0,   0.0,   0.0,   0.0,   0.0,   0.0,   0.0,   0.0,   0.0,   0.0,   0.0,   0.0,   0.0,   0.0,   0.0,   0.0,   0.0,   0.0,    0.0,    0.0,    0.0,    0.0,    0.0,    0.0,    0.0,    0.0,    0.0,    0.0,    0.0,    0.0,    0.0,    0.0,    0.0,    0.0,    0.0,    0.0,    0.0,    0.0,    0.0,    0.0,    0.0,    0.0,    0.0,    0.0,    0.0,    0.0,    0.0,    0.0,    0.0,    0.0,    0.0, YOU
0.5843698382377625, 0.584412693977356 , -6.448237854783656e-07 , 0.5422700047492981, 0.5997412800788879, -0.0383979082107543  , 0.5021605491638184, 0.6218215227127075, -0.0661080777645111, 0.515807032585144 , 0.6661512851715088, -0.0869242548942565  , 0.565852165222168 , 0.6868106126785278, -0.1007454246282577  , 0.5143999457359314, 0.4856596291065216, -0.0719164833426475, 0.5031622648239136, 0.5842925906181335, -0.1097463071346283, 0.5269882082939148, 0.6575284600257874, -0.125707522034645 , 0.5521765947341919, 0.6939374208450317, -0.1316032856702804, 0.57163006067276  , 0.4834638833999634, -0.0693365857005119, 0.5736294388771057, 0.6330200433731079, -0.1018914580345153, 0.5571873188018799, 0.6595500707626343, -0.1035982966423034, 0.5436779856681824, 0.6426575183868408, -0.1020146831870079, 0.6226462125778198, 0.5091262459754944, -0.0697511509060859, 0.616318941116333 , 0.6497480869293213, -0.0937970131635665, 0.5905755758285522, 0.6566439867019653, -0.0781251043081283, 0.5740793943405151, 0.6304736137390137, -0.0635556951165199, 0.6589711904525757, 0.5450500249862671, -0.0752422958612442   , 0.6476467251777649, 0.6462482213973999, -0.0991230830550193, 0.6236578226089478, 0.6492698192596436, -0.0932313799858093, 0.608025312423706 , 0.6234518885612488, -0.0817698165774345,   0.0,   0.0,   0.0,   0.0,   0.0,   0.0,   0.0,   0.0,   0.0,   0.0,   0.0,   0.0,   0.0,   0.0,   0.0,   0.0,   0.0,   0.0,   0.0,   0.0,   0.0,   0.0,   0.0,   0.0,   0.0,   0.0,   0.0,   0.0,   0.0,   0.0,    0.0,    0.0,    0.0,    0.0,    0.0,    0.0,    0.0,    0.0,    0.0,    0.0,    0.0,    0.0,    0.0,    0.0,    0.0,    0.0,    0.0,    0.0,    0.0,    0.0,    0.0,    0.0,    0.0,    0.0,    0.0,    0.0,    0.0,    0.0,    0.0,    0.0,    0.0,    0.0,    0.0, YOU
0.582266628742218 , 0.6009681224822998, -5.38820472684165e-07  , 0.5375230312347412, 0.6130387783050537, -0.0436470434069633  , 0.501042366027832 , 0.6186145544052124, -0.0733618885278701, 0.5221390724182129, 0.6567330956459045, -0.0956854671239852  , 0.5718152523040771, 0.6743162870407104, -0.1119021773338317  , 0.532573938369751 , 0.4825884401798248, -0.0798330008983612, 0.5307725071907043, 0.5306463837623596, -0.1207723766565322, 0.5436893701553345, 0.5745601654052734, -0.1397629082202911, 0.5579321384429932, 0.5878241062164307, -0.1493079364299774, 0.590237557888031 , 0.4809899032115936, -0.0746250450611114, 0.5815437436103821, 0.6263259053230286, -0.1135668754577636, 0.557361900806427 , 0.6591115593910217, -0.1160410493612289, 0.5439201593399048, 0.6401150226593018, -0.1135364696383476, 0.6377160549163818, 0.5099260210990906, -0.0728391930460929, 0.6254871487617493, 0.650219738483429 , -0.1013623848557472, 0.5977229475975037, 0.6595160365104675, -0.082947239279747 , 0.5840140581130981, 0.6313390135765076, -0.0658304765820503, 0.6688583493232727, 0.5483121871948242, -0.0768980234861373   , 0.6556825637817383, 0.6507725119590759, -0.1076089218258857, 0.6325088143348694, 0.6560907959938049, -0.1035608053207397, 0.6206260323524475, 0.6283596754074097, -0.0919867679476738,   0.0,   0.0,   0.0,   0.0,   0.0,   0.0,   0.0,   0.0,   0.0,   0.0,   0.0,   0.0,   0.0,   0.0,   0.0,   0.0,   0.0,   0.0,   0.0,   0.0,   0.0,   0.0,   0.0,   0.0,   0.0,   0.0,   0.0,   0.0,   0.0,   0.0,    0.0,    0.0,    0.0,    0.0,    0.0,    0.0,    0.0,    0.0,    0.0,    0.0,    0.0,    0.0,    0.0,    0.0,    0.0,    0.0,    0.0,    0.0,    0.0,    0.0,    0.0,    0.0,    0.0,    0.0,    0.0,    0.0,    0.0,    0.0,    0.0,    0.0,    0.0,    0.0,    0.0, YOU
0.5504013895988464, 0.6004188656806946, -5.325351821738877e-07 , 0.5059028267860413, 0.6043901443481445, -0.0381063558161258  , 0.4632234573364258, 0.6081333756446838, -0.0669751167297363, 0.477236807346344 , 0.6519601345062256, -0.0913424342870712  , 0.5251716375350952, 0.6802352070808411, -0.1112801879644393  , 0.4912946224212646, 0.4765152931213379, -0.0679014101624488, 0.4826286733150482, 0.488429844379425 , -0.1108520552515983, 0.4769685864448547, 0.5131272673606873, -0.1351592242717743, 0.4760192930698395, 0.5307949185371399, -0.1478033363819122, 0.5486626029014587, 0.4615157544612884, -0.0660957098007202, 0.5359944701194763, 0.6158739328384399, -0.1060000658035278, 0.5133368968963623, 0.6592246294021606, -0.1095000430941581, 0.5052058100700378, 0.6511048078536987, -0.1064414456486702, 0.5987675786018372, 0.4881584048271179, -0.0687464922666549, 0.5803029537200928, 0.6420619487762451, -0.098398208618164 , 0.5478522181510925, 0.6610248684883118, -0.0816774517297744, 0.5321781635284424, 0.6455942392349243, -0.0644293799996376, 0.6351365447044373, 0.5269643068313599, -0.0772233828902244   , 0.6160959005355835, 0.6387476921081543, -0.1074037328362464, 0.587274968624115 , 0.6513667106628418, -0.1038980558514595, 0.5721789002418518, 0.632127046585083 , -0.0920591577887535,   0.0,   0.0,   0.0,   0.0,   0.0,   0.0,   0.0,   0.0,   0.0,   0.0,   0.0,   0.0,   0.0,   0.0,   0.0,   0.0,   0.0,   0.0,   0.0,   0.0,   0.0,   0.0,   0.0,   0.0,   0.0,   0.0,   0.0,   0.0,   0.0,   0.0,    0.0,    0.0,    0.0,    0.0,    0.0,    0.0,    0.0,    0.0,    0.0,    0.0,    0.0,    0.0,    0.0,    0.0,    0.0,    0.0,    0.0,    0.0,    0.0,    0.0,    0.0,    0.0,    0.0,    0.0,    0.0,    0.0,    0.0,    0.0,    0.0,    0.0,    0.0,    0.0,    0.0, YOU
0.602327823638916 , 0.5861619710922241, -4.816209866476129e-07 , 0.5652256608009338, 0.5956705212593079, -0.047360498458147   , 0.5359508991241455, 0.5988161563873291, -0.0809705257415771, 0.5583004951477051, 0.6187402009963989, -0.1071720421314239  , 0.6071739196777344, 0.6226922869682312, -0.1278564929962158  , 0.5587282776832581, 0.4751246571540832, -0.077077992260456 , 0.5650123953819275, 0.5355503559112549, -0.1169823855161666, 0.5774432420730591, 0.5906755924224854, -0.1361781060695648, 0.5868377089500427, 0.6148035526275635, -0.145971417427063 , 0.6102772951126099, 0.4742277860641479, -0.0719609856605529, 0.6145429611206055, 0.5962966084480286, -0.1113677993416786, 0.5939458012580872, 0.6412078142166138, -0.1194123700261116, 0.5740786194801331, 0.639855146408081 , -0.1219242215156555, 0.6534498929977417, 0.4985389411449432, -0.0702709704637527, 0.6480314135551453, 0.6208803653717041, -0.1035536229610443, 0.6258417367935181, 0.6640194654464722, -0.094233326613903 , 0.6084021329879761, 0.6663257479667664, -0.0831850245594978, 0.6837676763534546, 0.5335023403167725, -0.0735254660248756   , 0.6768867373466492, 0.6209505796432495, -0.1013330072164535, 0.656449019908905 , 0.6571750044822693, -0.0958757102489471, 0.6418858766555786, 0.6632120609283447, -0.0854851678013801,   0.0,   0.0,   0.0,   0.0,   0.0,   0.0,   0.0,   0.0,   0.0,   0.0,   0.0,   0.0,   0.0,   0.0,   0.0,   0.0,   0.0,   0.0,   0.0,   0.0,   0.0,   0.0,   0.0,   0.0,   0.0,   0.0,   0.0,   0.0,   0.0,   0.0,    0.0,    0.0,    0.0,    0.0,    0.0,    0.0,    0.0,    0.0,    0.0,    0.0,    0.0,    0.0,    0.0,    0.0,    0.0,    0.0,    0.0,    0.0,    0.0,    0.0,    0.0,    0.0,    0.0,    0.0,    0.0,    0.0,    0.0,    0.0,    0.0,    0.0,    0.0,    0.0,    0.0, YOU
0.5327386856079102, 0.582128643989563 , -5.64780464173964e-07  , 0.487344741821289 , 0.5915731191635132, -0.0393011644482612  , 0.4471471309661865, 0.5980644226074219, -0.0689069554209709, 0.4623430073261261, 0.6454285979270935, -0.0934711843729019  , 0.5070894956588745, 0.6775909662246704, -0.1142624914646148  , 0.4753802120685577, 0.4721502959728241, -0.0759909749031066, 0.4669209718704223, 0.4792166948318481, -0.1180216446518898, 0.4603205919265747, 0.5043581128120422, -0.1412963569164276, 0.4590095579624176, 0.5256171226501465, -0.1535364687442779, 0.5319654941558838, 0.4568644165992737, -0.0734266862273216, 0.5210849642753601, 0.6095153093338013, -0.1137053072452545, 0.5006065964698792, 0.6512159109115601, -0.1172710359096527, 0.4919612109661102, 0.6484527587890625, -0.1144575402140617, 0.5812289118766785, 0.4827126860618591, -0.0742696598172187, 0.5632070899009705, 0.6374711990356445, -0.1030653268098831, 0.5356598496437073, 0.6577244997024536, -0.0843688026070594, 0.5218907594680786, 0.6451708674430847, -0.0662416890263557, 0.6154083013534546, 0.519973635673523 , -0.0810568258166313   , 0.5949850678443909, 0.6360464692115784, -0.1111307367682457, 0.5692663192749023, 0.6521714329719543, -0.1061054989695549, 0.5556479692459106, 0.6350006461143494, -0.093240700662136 ,   0.0,   0.0,   0.0,   0.0,   0.0,   0.0,   0.0,   0.0,   0.0,   0.0,   0.0,   0.0,   0.0,   0.0,   0.0,   0.0,   0.0,   0.0,   0.0,   0.0,   0.0,   0.0,   0.0,   0.0,   0.0,   0.0,   0.0,   0.0,   0.0,   0.0,    0.0,    0.0,    0.0,    0.0,    0.0,    0.0,    0.0,    0.0,    0.0,    0.0,    0.0,    0.0,    0.0,    0.0,    0.0,    0.0,    0.0,    0.0,    0.0,    0.0,    0.0,    0.0,    0.0,    0.0,    0.0,    0.0,    0.0,    0.0,    0.0,    0.0,    0.0,    0.0,    0.0, YOU
0.5411120653152466, 0.5999017357826233, -5.384094379223825e-07 , 0.4928943514823913, 0.5981491804122925, -0.0462489277124404  , 0.4543061256408691, 0.5802243947982788, -0.0789021402597427, 0.4794350862503052, 0.6149861812591553, -0.1047811582684516  , 0.5340832471847534, 0.6464149355888367, -0.1253446340560913  , 0.4977093338966369, 0.4443195760250091, -0.0740399435162544, 0.4905246496200561, 0.4589026868343353, -0.116609938442707 , 0.4859840273857116, 0.4784640073776245, -0.1392675936222076, 0.4868767261505127, 0.4865423738956451, -0.1530211716890335, 0.5568077564239502, 0.4292340278625488, -0.0690243542194366, 0.5428616404533386, 0.5656505823135376, -0.1125281453132629, 0.5194417834281921, 0.6219347715377808, -0.1164291724562645, 0.514744758605957 , 0.6215435862541199, -0.1142719611525535, 0.6031889915466309, 0.453749418258667 , -0.0691848993301391, 0.582048773765564 , 0.6097131371498108, -0.1049345508217811, 0.5473882555961609, 0.6398618817329407, -0.092906504869461 , 0.533174991607666 , 0.6206455230712891, -0.0799814164638519, 0.6394997835159302, 0.4905281960964203, -0.0753159299492836   , 0.6174253821372986, 0.6091811656951904, -0.1070758402347564, 0.5885705947875977, 0.635258674621582 , -0.1063738539814949, 0.5752888917922974, 0.6170087456703186, -0.0990462303161621,   0.0,   0.0,   0.0,   0.0,   0.0,   0.0,   0.0,   0.0,   0.0,   0.0,   0.0,   0.0,   0.0,   0.0,   0.0,   0.0,   0.0,   0.0,   0.0,   0.0,   0.0,   0.0,   0.0,   0.0,   0.0,   0.0,   0.0,   0.0,   0.0,   0.0,    0.0,    0.0,    0.0,    0.0,    0.0,    0.0,    0.0,    0.0,    0.0,    0.0,    0.0,    0.0,    0.0,    0.0,    0.0,    0.0,    0.0,    0.0,    0.0,    0.0,    0.0,    0.0,    0.0,    0.0,    0.0,    0.0,    0.0,    0.0,    0.0,    0.0,    0.0,    0.0,    0.0, YOU
0.5386335253715515, 0.5989055633544922, -5.43816611298098e-07  , 0.4931732416152954, 0.601372241973877 , -0.0418878234922885  , 0.4529671669006347, 0.5933277010917664, -0.0705761387944221, 0.4722000956535339, 0.6358962059020996, -0.0935832634568214  , 0.5248000621795654, 0.661186695098877 , -0.1114971488714218  , 0.488370269536972 , 0.4621517360210418, -0.0709347352385521, 0.483119934797287 , 0.4645628333091736, -0.1164189949631691, 0.4787334501743316, 0.4966113269329071, -0.1405764371156692, 0.4801210463047027, 0.5236806869506836, -0.1523985564708709, 0.5472690463066101, 0.4456040263175964, -0.0665486454963684, 0.537152111530304 , 0.5902509093284607, -0.109810471534729 , 0.5157468318939209, 0.6382530927658081, -0.1127848029136657, 0.5090336799621582, 0.6330736875534058, -0.1079350262880325, 0.5954651236534119, 0.4707868695259094, -0.0674541071057319, 0.5744768381118774, 0.6287572383880615, -0.100401371717453 , 0.5419692397117615, 0.6508517265319824, -0.0842183157801628, 0.5266076922416687, 0.6304914951324463, -0.066607728600502 , 0.63018399477005  , 0.5069549083709717, -0.0743215009570121   , 0.6063862442970276, 0.6251034736633301, -0.1070694401860237, 0.5796042084693909, 0.6420844197273254, -0.1051336377859115, 0.5668260455131531, 0.6190196871757507, -0.0940663069486618,   0.0,   0.0,   0.0,   0.0,   0.0,   0.0,   0.0,   0.0,   0.0,   0.0,   0.0,   0.0,   0.0,   0.0,   0.0,   0.0,   0.0,   0.0,   0.0,   0.0,   0.0,   0.0,   0.0,   0.0,   0.0,   0.0,   0.0,   0.0,   0.0,   0.0,    0.0,    0.0,    0.0,    0.0,    0.0,    0.0,    0.0,    0.0,    0.0,    0.0,    0.0,    0.0,    0.0,    0.0,    0.0,    0.0,    0.0,    0.0,    0.0,    0.0,    0.0,    0.0,    0.0,    0.0,    0.0,    0.0,    0.0,    0.0,    0.0,    0.0,    0.0,    0.0,    0.0, YOU
0.5466629266738892, 0.5875845551490784, -5.08485072714393e-07  , 0.4996888935565948, 0.5976394414901733, -0.0405403710901737  , 0.456456184387207 , 0.6009137034416199, -0.0688237026333808, 0.4737874567508697, 0.6445014476776123, -0.0914578586816787  , 0.5243142247200012, 0.673263430595398 , -0.1096793264150619  , 0.4883742034435272, 0.4705868363380432, -0.0716982260346412, 0.4857838749885559, 0.4736900627613067, -0.1111269518733024, 0.4833494126796722, 0.4921006262302398, -0.1327414363622665, 0.485262006521225 , 0.502962589263916 , -0.1450973451137542, 0.5480132699012756, 0.4544256329536438, -0.0675546377897262, 0.533352255821228 , 0.6004035472869873, -0.1056992709636688, 0.5115920305252075, 0.6437015533447266, -0.1087141558527946, 0.5040949583053589, 0.6364386677742004, -0.106627307832241 , 0.5979683995246887, 0.4789538383483886, -0.067444123327732 , 0.5770568251609802, 0.6377930641174316, -0.0946303233504295, 0.5440289974212646, 0.6603418588638306, -0.0793953165411949, 0.5284243226051331, 0.6441643238067627, -0.0649723634123802, 0.6345016956329346, 0.5153213143348694, -0.0734123587608337   , 0.6128820776939392, 0.6331648826599121, -0.1020766347646713, 0.5842100977897644, 0.6504920721054077, -0.1001798212528228, 0.5696836113929749, 0.6320024728775024, -0.0910370051860809,   0.0,   0.0,   0.0,   0.0,   0.0,   0.0,   0.0,   0.0,   0.0,   0.0,   0.0,   0.0,   0.0,   0.0,   0.0,   0.0,   0.0,   0.0,   0.0,   0.0,   0.0,   0.0,   0.0,   0.0,   0.0,   0.0,   0.0,   0.0,   0.0,   0.0,    0.0,    0.0,    0.0,    0.0,    0.0,    0.0,    0.0,    0.0,    0.0,    0.0,    0.0,    0.0,    0.0,    0.0,    0.0,    0.0,    0.0,    0.0,    0.0,    0.0,    0.0,    0.0,    0.0,    0.0,    0.0,    0.0,    0.0,    0.0,    0.0,    0.0,    0.0,    0.0,    0.0, YOU
0.5469835996627808, 0.5920577049255371, -4.155997146426671e-07 , 0.5034856796264648, 0.6056567430496216, -0.0443182811141014  , 0.4634913802146911, 0.6333926320075989, -0.0786864459514617, 0.4721284806728363, 0.6894372701644897, -0.1056001931428909  , 0.5145125985145569, 0.7273840308189392, -0.1278090626001358  , 0.4757042825222015, 0.5033169984817505, -0.0842691510915756, 0.4720643162727356, 0.5933963060379028, -0.1232187151908874, 0.4945432245731354, 0.645867645740509 , -0.1420262306928634, 0.5168130397796631, 0.6644842028617859, -0.1508256793022155, 0.5360147953033447, 0.5027211308479309, -0.0799904689192771, 0.5296357274055481, 0.6620256304740906, -0.1155326142907142, 0.5155833959579468, 0.6893886923789978, -0.1199423670768737, 0.5050577521324158, 0.6740830540657043, -0.1204703748226165, 0.5875860452651978, 0.5300381779670715, -0.0780193954706192, 0.5694361925125122, 0.6794460415840149, -0.1016329750418663, 0.5469290018081665, 0.6896464228630066, -0.0859037488698959, 0.5326037406921387, 0.669130802154541 , -0.0718641653656959, 0.6228673458099365, 0.5665014982223511, -0.0817259028553962   , 0.6033321619033813, 0.6766086220741272, -0.1032137125730514, 0.5810372829437256, 0.6835683584213257, -0.0946657061576843, 0.5658351182937622, 0.6646143198013306, -0.0819441750645637,   0.0,   0.0,   0.0,   0.0,   0.0,   0.0,   0.0,   0.0,   0.0,   0.0,   0.0,   0.0,   0.0,   0.0,   0.0,   0.0,   0.0,   0.0,   0.0,   0.0,   0.0,   0.0,   0.0,   0.0,   0.0,   0.0,   0.0,   0.0,   0.0,   0.0,    0.0,    0.0,    0.0,    0.0,    0.0,    0.0,    0.0,    0.0,    0.0,    0.0,    0.0,    0.0,    0.0,    0.0,    0.0,    0.0,    0.0,    0.0,    0.0,    0.0,    0.0,    0.0,    0.0,    0.0,    0.0,    0.0,    0.0,    0.0,    0.0,    0.0,    0.0,    0.0,    0.0, YOU
0.5679515600204468, 0.592808723449707 , -6.148669626782066e-07 , 0.5235852599143982, 0.6071853041648865, -0.0401553474366664  , 0.4821831583976745, 0.6261197328567505, -0.0690478980541229, 0.4955074489116668, 0.6746768951416016, -0.0913081392645835  , 0.5434226989746094, 0.7001222968101501, -0.1062216609716415  , 0.4918336272239685, 0.4930795133113861, -0.0752110034227371, 0.4825657606124878, 0.5669417977333069, -0.118593044579029 , 0.5074974298477173, 0.6326265335083008, -0.1354790031909942, 0.5338984727859497, 0.672150731086731 , -0.1391472369432449, 0.5531372427940369, 0.4842607676982879, -0.071686141192913 , 0.5486356019973755, 0.6531411409378052, -0.1125267893075943, 0.5343553423881531, 0.6844081878662109, -0.1121894940733909, 0.5237195491790771, 0.6730769872665405, -0.104255199432373 , 0.6066895723342896, 0.5088493824005127, -0.0717746838927269, 0.5903379321098328, 0.6673988699913025, -0.1000193208456039, 0.5686722993850708, 0.6685320138931274, -0.0778502821922302, 0.5560944676399231, 0.6380454301834106, -0.0545049794018268, 0.6435733437538147, 0.5436205863952637, -0.0774151682853698   , 0.6238437294960022, 0.6584144234657288, -0.1024296656250953, 0.6037684679031372, 0.6555041074752808, -0.0917657315731048, 0.5924093723297119, 0.6211740970611572, -0.0732810646295547,   0.0,   0.0,   0.0,   0.0,   0.0,   0.0,   0.0,   0.0,   0.0,   0.0,   0.0,   0.0,   0.0,   0.0,   0.0,   0.0,   0.0,   0.0,   0.0,   0.0,   0.0,   0.0,   0.0,   0.0,   0.0,   0.0,   0.0,   0.0,   0.0,   0.0,    0.0,    0.0,    0.0,    0.0,    0.0,    0.0,    0.0,    0.0,    0.0,    0.0,    0.0,    0.0,    0.0,    0.0,    0.0,    0.0,    0.0,    0.0,    0.0,    0.0,    0.0,    0.0,    0.0,    0.0,    0.0,    0.0,    0.0,    0.0,    0.0,    0.0,    0.0,    0.0,    0.0, YOU
0.5143249034881592, 0.5484224557876587, -3.5321073710292694e-07, 0.4752971231937408, 0.5939133763313293, -0.035477589815855   , 0.4660703837871551, 0.6555980443954468, -0.0737633556127548, 0.4992388188838959, 0.7250538468360901, -0.1069549471139907  , 0.5409798622131348, 0.7632788419723511, -0.1410972028970718  , 0.4896882772445678, 0.5703045725822449, -0.0996856763958931, 0.4838230311870575, 0.6866119503974915, -0.1343492567539215, 0.5014531016349792, 0.7521054148674011, -0.1514598578214645, 0.5242041945457458, 0.780805766582489 , -0.1594437956809997, 0.5424184799194336, 0.5631857514381409, -0.0988373458385467, 0.5555257201194763, 0.710968554019928 , -0.1204523667693138, 0.552638828754425 , 0.7209687829017639, -0.1196866482496261, 0.5497092604637146, 0.7005637884140015, -0.1225561872124672, 0.5867660641670227, 0.5730727314949036, -0.0970445498824119, 0.5939072370529175, 0.7184233069419861, -0.1091945469379425, 0.585991621017456 , 0.7212755680084229, -0.0912029519677162, 0.5763805508613586, 0.699985682964325 , -0.0810332968831062, 0.6179537773132324, 0.5936939120292664, -0.0994972139596939   , 0.6188116073608398, 0.7055989503860474, -0.1105595529079437, 0.6054635047912598, 0.7211903929710388, -0.0950341820716857, 0.5936251282691956, 0.7149362564086914, -0.0822639688849449,   0.0,   0.0,   0.0,   0.0,   0.0,   0.0,   0.0,   0.0,   0.0,   0.0,   0.0,   0.0,   0.0,   0.0,   0.0,   0.0,   0.0,   0.0,   0.0,   0.0,   0.0,   0.0,   0.0,   0.0,   0.0,   0.0,   0.0,   0.0,   0.0,   0.0,    0.0,    0.0,    0.0,    0.0,    0.0,    0.0,    0.0,    0.0,    0.0,    0.0,    0.0,    0.0,    0.0,    0.0,    0.0,    0.0,    0.0,    0.0,    0.0,    0.0,    0.0,    0.0,    0.0,    0.0,    0.0,    0.0,    0.0,    0.0,    0.0,    0.0,    0.0,    0.0,    0.0, YOU
0.5597954988479614, 0.5624346733093262, -5.351912477635778e-07 , 0.5127776861190796, 0.5850082635879517, -0.0432327948510646  , 0.47104212641716  , 0.624408483505249 , -0.0776088312268257, 0.4763152301311493, 0.6821181774139404, -0.1046312376856803  , 0.5198036432266235, 0.7107089161872864, -0.1255142539739608  , 0.4831854999065399, 0.5089480876922607, -0.085197664797306 , 0.4673316776752472, 0.6217696666717529, -0.1288206875324249, 0.4876888394355774, 0.6931869983673096, -0.1489436775445938, 0.5110563039779663, 0.7324440479278564, -0.1558494418859481, 0.5437718629837036, 0.5068944692611694, -0.0807792395353317, 0.5346129536628723, 0.6707512140274048, -0.11359803378582  , 0.5243229269981384, 0.6803944706916809, -0.1130047738552093, 0.5177322030067444, 0.6585484743118286, -0.109610728919506 , 0.596923291683197 , 0.5298624038696289, -0.0793342515826225, 0.5765775442123413, 0.6829992532730103, -0.1012929230928421, 0.557479202747345 , 0.6743710041046143, -0.0788462981581687, 0.5474995374679565, 0.6416229009628296, -0.059008490294218 , 0.6342139840126038, 0.5625091791152954, -0.0838531404733657   , 0.6105172038078308, 0.6796764135360718, -0.1048132702708244, 0.5911299586296082, 0.6690204739570618, -0.0932384058833122, 0.5804979205131531, 0.633610725402832 , -0.0770762637257576,   0.0,   0.0,   0.0,   0.0,   0.0,   0.0,   0.0,   0.0,   0.0,   0.0,   0.0,   0.0,   0.0,   0.0,   0.0,   0.0,   0.0,   0.0,   0.0,   0.0,   0.0,   0.0,   0.0,   0.0,   0.0,   0.0,   0.0,   0.0,   0.0,   0.0,    0.0,    0.0,    0.0,    0.0,    0.0,    0.0,    0.0,    0.0,    0.0,    0.0,    0.0,    0.0,    0.0,    0.0,    0.0,    0.0,    0.0,    0.0,    0.0,    0.0,    0.0,    0.0,    0.0,    0.0,    0.0,    0.0,    0.0,    0.0,    0.0,    0.0,    0.0,    0.0,    0.0, YOU
0.5174116492271423, 0.5753527879714966, -2.7317500439494324e-07, 0.4685612916946411, 0.5774105787277222, -0.0254132691770792  , 0.4270893633365631, 0.5884464383125305, -0.0489679239690303, 0.4143605232238769, 0.626688539981842 , -0.0730304419994354  , 0.4103332757949829, 0.664919376373291 , -0.10024294257164    , 0.4281452596187591, 0.5202571153640747, -0.0431144163012504, 0.4037232100963592, 0.5382134318351746, -0.0733102187514305, 0.3851386308670044, 0.5565004348754883, -0.097227893769741 , 0.3798092603683471, 0.5718194246292114, -0.1136902198195457, 0.4709401130676269, 0.5124623775482178, -0.0498107112944126, 0.4569603204727173, 0.6356605291366577, -0.0832409411668777, 0.4655167758464813, 0.6863445043563843, -0.0971274450421333, 0.4803063869476318, 0.7011043429374695, -0.1041207835078239, 0.5182371735572815, 0.5319227576255798, -0.0590217374265193, 0.504730224609375 , 0.6519150137901306, -0.0868655815720558, 0.5072897672653198, 0.677040696144104 , -0.0859062373638153, 0.5082381963729858, 0.671949565410614 , -0.0825279876589775, 0.5605181455612183, 0.5591811537742615, -0.0708832889795303   , 0.5479637384414673, 0.6545859575271606, -0.0919251441955566, 0.5405414700508118, 0.6808370351791382, -0.087419256567955 , 0.5334405899047852, 0.6788815855979919, -0.081081748008728 ,   0.0,   0.0,   0.0,   0.0,   0.0,   0.0,   0.0,   0.0,   0.0,   0.0,   0.0,   0.0,   0.0,   0.0,   0.0,   0.0,   0.0,   0.0,   0.0,   0.0,   0.0,   0.0,   0.0,   0.0,   0.0,   0.0,   0.0,   0.0,   0.0,   0.0,    0.0,    0.0,    0.0,    0.0,    0.0,    0.0,    0.0,    0.0,    0.0,    0.0,    0.0,    0.0,    0.0,    0.0,    0.0,    0.0,    0.0,    0.0,    0.0,    0.0,    0.0,    0.0,    0.0,    0.0,    0.0,    0.0,    0.0,    0.0,    0.0,    0.0,    0.0,    0.0,    0.0, YOU
0.4648791253566742, 0.5928298830986023, -4.52133946282629e-07  , 0.4057537615299225, 0.6264464855194092, -0.0311224814504385  , 0.3742972910404205, 0.6747311353683472, -0.0612513422966003, 0.3762430846691131, 0.7342725992202759, -0.0897636264562606  , 0.3950419127941131, 0.7681781053543091, -0.1212816685438156  , 0.4041255414485931, 0.5772570371627808, -0.0623424760997295, 0.3839273154735565, 0.6469250917434692, -0.0993227958679199, 0.378819465637207 , 0.7149096727371216, -0.1255600601434707, 0.3816300928592682, 0.7561384439468384, -0.1428799331188202, 0.4590537846088409, 0.5720334649085999, -0.0662776976823806, 0.4490724503993988, 0.7161635756492615, -0.0972725227475166, 0.4665903747081756, 0.7562068104743958, -0.1065268367528915, 0.4705162048339844, 0.7463475465774536, -0.1155760958790779, 0.5083127021789551, 0.5860539078712463, -0.0725072026252746, 0.50508713722229  , 0.726177990436554 , -0.0987722650170326, 0.506126880645752 , 0.755871057510376 , -0.0939836502075195, 0.4950390160083771, 0.748081624507904 , -0.0918032228946685, 0.5485700368881226, 0.6065748333930969, -0.0820685848593711   , 0.5466606020927429, 0.715715765953064 , -0.1032729521393776, 0.5388728380203247, 0.7517408132553101, -0.097174659371376 , 0.5267167687416077, 0.7609013319015503, -0.0927137210965156,   0.0,   0.0,   0.0,   0.0,   0.0,   0.0,   0.0,   0.0,   0.0,   0.0,   0.0,   0.0,   0.0,   0.0,   0.0,   0.0,   0.0,   0.0,   0.0,   0.0,   0.0,   0.0,   0.0,   0.0,   0.0,   0.0,   0.0,   0.0,   0.0,   0.0,    0.0,    0.0,    0.0,    0.0,    0.0,    0.0,    0.0,    0.0,    0.0,    0.0,    0.0,    0.0,    0.0,    0.0,    0.0,    0.0,    0.0,    0.0,    0.0,    0.0,    0.0,    0.0,    0.0,    0.0,    0.0,    0.0,    0.0,    0.0,    0.0,    0.0,    0.0,    0.0,    0.0, YOU
0.493061363697052 , 0.5608757138252258, -2.994026147007389e-07 , 0.4673640727996826, 0.5972760319709778, -0.0338217131793499  , 0.4698146283626556, 0.6483340859413147, -0.0713417753577232, 0.5004552006721497, 0.6990174055099487, -0.1051432788372039  , 0.5320520997047424, 0.7327203750610352, -0.1415636241436004  , 0.4725235104560852, 0.5921095013618469, -0.0981616899371147, 0.4878050684928894, 0.6659409403800964, -0.1417126506567001, 0.5126507878303528, 0.7052366733551025, -0.1683579981327057, 0.5288645029067993, 0.7240748405456543, -0.1844042390584945, 0.5149410367012024, 0.589352011680603 , -0.1030894592404365, 0.5440243482589722, 0.6534264087677002, -0.1439283192157745, 0.5545527935028076, 0.7028374075889587, -0.1589583754539489, 0.5500975847244263, 0.7311426997184753, -0.1697571277618408, 0.553469181060791 , 0.5949766039848328, -0.106926143169403 , 0.5812195539474487, 0.6610603928565979, -0.1449350118637085, 0.5862347483634949, 0.706886887550354 , -0.1476658284664154, 0.576643168926239 , 0.7328107357025146, -0.147058293223381 , 0.5832525491714478, 0.6075835824012756, -0.1126138716936111   , 0.6063039898872375, 0.6600070595741272, -0.1403282433748245, 0.6061366200447083, 0.6944776177406311, -0.13760307431221  , 0.5965757966041565, 0.7137473225593567, -0.1339170485734939,   0.0,   0.0,   0.0,   0.0,   0.0,   0.0,   0.0,   0.0,   0.0,   0.0,   0.0,   0.0,   0.0,   0.0,   0.0,   0.0,   0.0,   0.0,   0.0,   0.0,   0.0,   0.0,   0.0,   0.0,   0.0,   0.0,   0.0,   0.0,   0.0,   0.0,    0.0,    0.0,    0.0,    0.0,    0.0,    0.0,    0.0,    0.0,    0.0,    0.0,    0.0,    0.0,    0.0,    0.0,    0.0,    0.0,    0.0,    0.0,    0.0,    0.0,    0.0,    0.0,    0.0,    0.0,    0.0,    0.0,    0.0,    0.0,    0.0,    0.0,    0.0,    0.0,    0.0, YOU
0.6032091379165649, 0.5915641188621521, -2.515065773422976e-07 , 0.5558406114578247, 0.5974916219711304, -0.0228176042437553  , 0.5172626376152039, 0.6188706755638123, -0.0450904630124568, 0.5118497014045715, 0.6686611175537109, -0.0681766793131828  , 0.5177597999572754, 0.710869312286377 , -0.0953266769647598  , 0.5109924674034119, 0.5403168797492981, -0.0412601120769977, 0.4902804791927337, 0.5536584258079529, -0.0662658140063285, 0.4746917188167572, 0.5581032633781433, -0.0873010233044624, 0.4632104635238647, 0.5581689476966858, -0.1028622463345527, 0.5489320755004883, 0.5323066711425781, -0.047404196113348 , 0.5387847423553467, 0.6588692665100098, -0.0793580338358879, 0.547340989112854 , 0.7221292853355408, -0.0952697470784187, 0.5573016405105591, 0.7480453848838806, -0.1033028215169906, 0.5939013957977295, 0.5469817519187927, -0.0545903332531452, 0.5808638334274292, 0.6710072159767151, -0.084227941930294 , 0.5866745710372925, 0.7116223573684692, -0.0881046503782272, 0.5886310338973999, 0.7172558903694153, -0.0859327912330627, 0.6352450251579285, 0.5688416957855225, -0.0633713081479072   , 0.6204679012298584, 0.6613238453865051, -0.0843214467167854, 0.6162497997283936, 0.6975144147872925, -0.0800306126475334, 0.6132652759552002, 0.7029567956924438, -0.0724659487605094,   0.0,   0.0,   0.0,   0.0,   0.0,   0.0,   0.0,   0.0,   0.0,   0.0,   0.0,   0.0,   0.0,   0.0,   0.0,   0.0,   0.0,   0.0,   0.0,   0.0,   0.0,   0.0,   0.0,   0.0,   0.0,   0.0,   0.0,   0.0,   0.0,   0.0,    0.0,    0.0,    0.0,    0.0,    0.0,    0.0,    0.0,    0.0,    0.0,    0.0,    0.0,    0.0,    0.0,    0.0,    0.0,    0.0,    0.0,    0.0,    0.0,    0.0,    0.0,    0.0,    0.0,    0.0,    0.0,    0.0,    0.0,    0.0,    0.0,    0.0,    0.0,    0.0,    0.0, YOU
0.5861391425132751, 0.6435389518737793, -4.544532146155689e-07 , 0.5407602787017822, 0.6682658195495605, -0.0447515547275543  , 0.4951203465461731, 0.6827090382575989, -0.0794645547866821, 0.5081459879875183, 0.7110413312911987, -0.1094515323638916  , 0.5551562309265137, 0.7153993844985962, -0.1336347758769989  , 0.5004777908325195, 0.5460046529769897, -0.0777797326445579, 0.4861857295036316, 0.5088226795196533, -0.1316123902797699, 0.4944493770599365, 0.5287414789199829, -0.1623473465442657, 0.50572669506073  , 0.5548372268676758, -0.1778624951839447, 0.5547003149986267, 0.5063732266426086, -0.0735914334654808, 0.5608184933662415, 0.6320794820785522, -0.1180076673626899, 0.548091471195221 , 0.6778208613395691, -0.1184776052832603, 0.5352740287780762, 0.6696348190307617, -0.1122589185833931, 0.6083270311355591, 0.5168679356575012, -0.0755682811141014, 0.6108734607696533, 0.6665300130844116, -0.1066936627030372, 0.5867275595664978, 0.6871500015258789, -0.0829870998859405, 0.5705272555351257, 0.6647482514381409, -0.0614777356386184, 0.6542717218399048, 0.5434829592704773, -0.0847004875540733   , 0.6508792042732239, 0.6656680107116699, -0.1178478002548217, 0.6311082243919373, 0.679983913898468 , -0.1130343005061149, 0.6179478168487549, 0.6532148122787476, -0.0995201244950294,   0.0,   0.0,   0.0,   0.0,   0.0,   0.0,   0.0,   0.0,   0.0,   0.0,   0.0,   0.0,   0.0,   0.0,   0.0,   0.0,   0.0,   0.0,   0.0,   0.0,   0.0,   0.0,   0.0,   0.0,   0.0,   0.0,   0.0,   0.0,   0.0,   0.0,    0.0,    0.0,    0.0,    0.0,    0.0,    0.0,    0.0,    0.0,    0.0,    0.0,    0.0,    0.0,    0.0,    0.0,    0.0,    0.0,    0.0,    0.0,    0.0,    0.0,    0.0,    0.0,    0.0,    0.0,    0.0,    0.0,    0.0,    0.0,    0.0,    0.0,    0.0,    0.0,    0.0, YOU
0.57787024974823  , 0.6448168754577637, -5.099286113363632e-07 , 0.5324081182479858, 0.6678494215011597, -0.0380239225924015  , 0.4912527501583099, 0.6876721978187561, -0.0671787559986114, 0.5093978047370911, 0.7292956113815308, -0.0916343480348587  , 0.5552804470062256, 0.7446345686912537, -0.1124550104141235  , 0.5003588199615479, 0.5498402714729309, -0.0705365166068077, 0.4966856837272644, 0.5699962377548218, -0.1074524298310279, 0.5024116635322571, 0.5846066474914551, -0.13029745221138  , 0.5101906061172485, 0.5898140072822571, -0.1437169462442398, 0.5579733848571777, 0.5250954627990723, -0.0680910870432853, 0.5634174942970276, 0.6897878646850586, -0.1021338030695915, 0.5435980558395386, 0.7258461713790894, -0.104948490858078 , 0.5335720181465149, 0.7210570573806763, -0.1026975959539413, 0.6121639013290405, 0.54048752784729  , -0.0686348602175712, 0.6093161106109619, 0.6982913017272949, -0.0908303558826446, 0.5853305459022522, 0.7035324573516846, -0.0703973695635795, 0.5739161372184753, 0.6809828877449036, -0.0521336942911148, 0.6515277028083801, 0.5705052614212036, -0.0753714367747306   , 0.6451123952865601, 0.6902338266372681, -0.1016558706760406, 0.6253894567489624, 0.6929386854171753, -0.0941276773810386, 0.6136439442634583, 0.664340078830719 , -0.0794248431921005,   0.0,   0.0,   0.0,   0.0,   0.0,   0.0,   0.0,   0.0,   0.0,   0.0,   0.0,   0.0,   0.0,   0.0,   0.0,   0.0,   0.0,   0.0,   0.0,   0.0,   0.0,   0.0,   0.0,   0.0,   0.0,   0.0,   0.0,   0.0,   0.0,   0.0,    0.0,    0.0,    0.0,    0.0,    0.0,    0.0,    0.0,    0.0,    0.0,    0.0,    0.0,    0.0,    0.0,    0.0,    0.0,    0.0,    0.0,    0.0,    0.0,    0.0,    0.0,    0.0,    0.0,    0.0,    0.0,    0.0,    0.0,    0.0,    0.0,    0.0,    0.0,    0.0,    0.0, YOU
0.5776393413543701, 0.5136509537696838, -2.163146035627506e-07 , 0.5140029788017273, 0.529587984085083 , -0.0255723986774683  , 0.4829751849174499, 0.5797734260559082, -0.056347731500864 , 0.4794080555438995, 0.6440642476081848, -0.0854294523596763  , 0.4873001277446747, 0.676161527633667 , -0.1188843324780464  , 0.5013318657875061, 0.4985096454620361, -0.0718343406915664, 0.4852740466594696, 0.5720008611679077, -0.1111159101128578, 0.473415732383728 , 0.6177179217338562, -0.1377564966678619, 0.4687957763671875, 0.6431609392166138, -0.1538729220628738, 0.5566478967666626, 0.503309965133667 , -0.0797017216682434, 0.5450143814086914, 0.6515805125236511, -0.1114578992128372, 0.5460785031318665, 0.6965583562850952, -0.1175581365823745, 0.5482450127601624, 0.6994665861129761, -0.1228700950741767, 0.6059733629226685, 0.5218467712402344, -0.0885475501418113, 0.596802294254303 , 0.6684953570365906, -0.1163428127765655, 0.5911384224891663, 0.6789011359214783, -0.1052823364734649, 0.5872048139572144, 0.6526133418083191, -0.0961160138249397, 0.6445291042327881, 0.544966995716095 , -0.0997899174690246   , 0.6355266571044922, 0.6584292054176331, -0.120998740196228 , 0.6266583800315857, 0.667014479637146 , -0.1097782701253891, 0.6218929886817932, 0.6447974443435669, -0.0997386649250984,   0.0,   0.0,   0.0,   0.0,   0.0,   0.0,   0.0,   0.0,   0.0,   0.0,   0.0,   0.0,   0.0,   0.0,   0.0,   0.0,   0.0,   0.0,   0.0,   0.0,   0.0,   0.0,   0.0,   0.0,   0.0,   0.0,   0.0,   0.0,   0.0,   0.0,    0.0,    0.0,    0.0,    0.0,    0.0,    0.0,    0.0,    0.0,    0.0,    0.0,    0.0,    0.0,    0.0,    0.0,    0.0,    0.0,    0.0,    0.0,    0.0,    0.0,    0.0,    0.0,    0.0,    0.0,    0.0,    0.0,    0.0,    0.0,    0.0,    0.0,    0.0,    0.0,    0.0, YOU
0.5937177538871765, 0.6093071103096008, -5.28163354829303e-07  , 0.5476403832435608, 0.6273013949394226, -0.0356411188840866  , 0.5065879225730896, 0.6433638334274292, -0.0606636591255664, 0.5223017334938049, 0.6838135719299316, -0.079869844019413   , 0.5698243379592896, 0.7058262825012207, -0.0942622870206832  , 0.5260000228881836, 0.5021767616271973, -0.0687496215105056, 0.5299329161643982, 0.5479031801223755, -0.0995140969753265, 0.5391872525215149, 0.578170895576477 , -0.1129439920186996, 0.5491555333137512, 0.5805015563964844, -0.1203333735466003, 0.5821971297264099, 0.4918471276760101, -0.0659955441951751, 0.5843409299850464, 0.6424844264984131, -0.0941543579101562, 0.5642879009246826, 0.669825553894043 , -0.0942605882883071, 0.553049623966217 , 0.6528751850128174, -0.0923406183719635, 0.6324281096458435, 0.5139816403388977, -0.0655425488948822, 0.6257532835006714, 0.6625795364379883, -0.0850167274475097, 0.6013482213020325, 0.6674141883850098, -0.0696375668048858, 0.5896536111831665, 0.640375018119812 , -0.056645642966032 , 0.6675886511802673, 0.5474157929420471, -0.0703751593828201   , 0.6590217351913452, 0.656840443611145 , -0.0950972512364387, 0.63957279920578  , 0.6569456458091736, -0.0924500972032547, 0.6289023160934448, 0.6287087798118591, -0.0833297073841095,   0.0,   0.0,   0.0,   0.0,   0.0,   0.0,   0.0,   0.0,   0.0,   0.0,   0.0,   0.0,   0.0,   0.0,   0.0,   0.0,   0.0,   0.0,   0.0,   0.0,   0.0,   0.0,   0.0,   0.0,   0.0,   0.0,   0.0,   0.0,   0.0,   0.0,    0.0,    0.0,    0.0,    0.0,    0.0,    0.0,    0.0,    0.0,    0.0,    0.0,    0.0,    0.0,    0.0,    0.0,    0.0,    0.0,    0.0,    0.0,    0.0,    0.0,    0.0,    0.0,    0.0,    0.0,    0.0,    0.0,    0.0,    0.0,    0.0,    0.0,    0.0,    0.0,    0.0, YOU
0.5709271430969238, 0.6080487966537476, -3.185235755154281e-07 , 0.5256195664405823, 0.6192837953567505, -0.0391380526125431  , 0.4845775067806244, 0.63130122423172  , -0.0707919523119926, 0.4840649366378784, 0.6670355796813965, -0.0984335839748382  , 0.5133985280990601, 0.6922675967216492, -0.1242456212639808  , 0.492959201335907 , 0.503764808177948 , -0.0704916417598724, 0.4825458526611328, 0.5102665424346924, -0.1102438643574714, 0.4776738584041595, 0.5208350419998169, -0.136247843503952 , 0.4755682349205017, 0.526038646697998 , -0.1524064540863037, 0.5452560186386108, 0.4820578992366791, -0.0698730647563934, 0.5400980710983276, 0.6399267911911011, -0.1066347435116767, 0.5312831401824951, 0.6802356839179993, -0.1140621751546859, 0.530022382736206 , 0.6758866906166077, -0.1162172108888626, 0.5978271961212158, 0.5063942670822144, -0.0725558102130889, 0.5815301537513733, 0.6622499227523804, -0.0998556911945343, 0.5607557892799377, 0.6811907291412354, -0.086402341723442 , 0.5505043268203735, 0.6703115701675415, -0.0737347155809402, 0.6378530263900757, 0.5462952852249146, -0.0807058364152908   , 0.6207590699195862, 0.6554491519927979, -0.1086330339312553, 0.6019294857978821, 0.6673017740249634, -0.1039892137050628, 0.5904203057289124, 0.651576042175293 , -0.0932038426399231,   0.0,   0.0,   0.0,   0.0,   0.0,   0.0,   0.0,   0.0,   0.0,   0.0,   0.0,   0.0,   0.0,   0.0,   0.0,   0.0,   0.0,   0.0,   0.0,   0.0,   0.0,   0.0,   0.0,   0.0,   0.0,   0.0,   0.0,   0.0,   0.0,   0.0,    0.0,    0.0,    0.0,    0.0,    0.0,    0.0,    0.0,    0.0,    0.0,    0.0,    0.0,    0.0,    0.0,    0.0,    0.0,    0.0,    0.0,    0.0,    0.0,    0.0,    0.0,    0.0,    0.0,    0.0,    0.0,    0.0,    0.0,    0.0,    0.0,    0.0,    0.0,    0.0,    0.0, YOU
0.5407910346984863, 0.6244305968284607, -5.737412607231818e-07 , 0.484064906835556 , 0.630637526512146 , -0.0367913134396076  , 0.444711685180664 , 0.651436984539032 , -0.0693675503134727, 0.444733202457428 , 0.6989033222198486, -0.0982299521565437  , 0.4729636013507843, 0.7340747714042664, -0.126114472746849   , 0.4526935219764709, 0.5281177759170532, -0.0708377808332443, 0.4402606785297394, 0.6158351898193359, -0.1078168898820877, 0.4494496583938598, 0.7011590600013733, -0.1322225332260131, 0.460651695728302 , 0.7559233903884888, -0.1466827094554901, 0.5145204067230225, 0.5163124799728394, -0.0726287886500358, 0.5142543315887451, 0.6366982460021973, -0.0999782532453537, 0.5127663016319275, 0.6869326829910278, -0.1110216006636619, 0.5102086663246155, 0.6959573030471802, -0.1208595931529998, 0.573119044303894 , 0.5334212779998779, -0.0761421099305152, 0.5704643130302429, 0.6583179831504822, -0.0963421612977981, 0.5582685470581055, 0.7031306028366089, -0.0903158411383628, 0.5461483001708984, 0.7127987146377563, -0.0873285979032516, 0.6174652576446533, 0.5650486946105957, -0.0839830264449119   , 0.6130316257476807, 0.6637570261955261, -0.0975261107087135, 0.5992844104766846, 0.6977290511131287, -0.0874470546841621, 0.5856209993362427, 0.704845130443573 , -0.0790475234389305,   0.0,   0.0,   0.0,   0.0,   0.0,   0.0,   0.0,   0.0,   0.0,   0.0,   0.0,   0.0,   0.0,   0.0,   0.0,   0.0,   0.0,   0.0,   0.0,   0.0,   0.0,   0.0,   0.0,   0.0,   0.0,   0.0,   0.0,   0.0,   0.0,   0.0,    0.0,    0.0,    0.0,    0.0,    0.0,    0.0,    0.0,    0.0,    0.0,    0.0,    0.0,    0.0,    0.0,    0.0,    0.0,    0.0,    0.0,    0.0,    0.0,    0.0,    0.0,    0.0,    0.0,    0.0,    0.0,    0.0,    0.0,    0.0,    0.0,    0.0,    0.0,    0.0,    0.0, YOU
0.2409277260303497, 0.5884649753570557, -3.221254729623979e-08 , 0.2958575487136841, 0.6051425337791443, -0.0728862881660461  , 0.3064191937446594, 0.6110146045684814, -0.1188770979642868, 0.2358860075473785, 0.667897641658783 , -0.1513861715793609  , 0.169272243976593 , 0.7114420533180237, -0.1780896186828613  , 0.2435576319694519, 0.4613586962223053, -0.1232820823788642, 0.2012000083923339, 0.5229623317718506, -0.1764029711484909, 0.1857273280620575, 0.5316413640975952, -0.2022030502557754, 0.1720923781394958, 0.5091860294342041, -0.2184789776802063, 0.1742336004972458, 0.4460892677307129, -0.108048990368843 , 0.1575693041086197, 0.6168068647384644, -0.151486799120903 , 0.2012041509151458, 0.6356307864189148, -0.1571327596902847, 0.2249552011489868, 0.5995524525642395, -0.1613863557577133, 0.1240991130471229, 0.4686599373817444, -0.0972442030906677, 0.1179814040660858, 0.6401355862617493, -0.1318285465240478, 0.1639948785305023, 0.6451009511947632, -0.1198227480053901, 0.1848052889108657, 0.6032087206840515, -0.1117344126105308, 0.086603432893753 , 0.5088796615600586, -0.0943875610828399   , 0.0904789641499519, 0.6323081851005554, -0.1229166239500045, 0.1283021569252014, 0.6445801854133606, -0.1202291548252105, 0.1463834941387176, 0.6183865666389465, -0.1142659857869148,   0.0,   0.0,   0.0,   0.0,   0.0,   0.0,   0.0,   0.0,   0.0,   0.0,   0.0,   0.0,   0.0,   0.0,   0.0,   0.0,   0.0,   0.0,   0.0,   0.0,   0.0,   0.0,   0.0,   0.0,   0.0,   0.0,   0.0,   0.0,   0.0,   0.0,    0.0,    0.0,    0.0,    0.0,    0.0,    0.0,    0.0,    0.0,    0.0,    0.0,    0.0,    0.0,    0.0,    0.0,    0.0,    0.0,    0.0,    0.0,    0.0,    0.0,    0.0,    0.0,    0.0,    0.0,    0.0,    0.0,    0.0,    0.0,    0.0,    0.0,    0.0,    0.0,    0.0, YOU
0.3309198021888733, 0.495742529630661 , -6.3113753867583e-07   , 0.3571268916130066, 0.548896074295044 , -0.0970615223050117  , 0.3327037096023559, 0.599653959274292 , -0.1439091265201568, 0.2780249118804931, 0.648491621017456 , -0.1676027327775955  , 0.2187080532312393, 0.6743477582931519, -0.17953422665596    , 0.2272878736257553, 0.4774783551692962, -0.1396277099847793, 0.2181481271982193, 0.6303037405014038, -0.181590661406517 , 0.2665022909641266, 0.6366621255874634, -0.190340518951416 , 0.2827118039131164, 0.6010941863059998, -0.1943084597587585, 0.1794146001338958, 0.4778440296649933, -0.1024308428168296, 0.1951522678136825, 0.6510785222053528, -0.147719457745552 , 0.2477084398269653, 0.6494899988174438, -0.1455583721399307, 0.2593525648117065, 0.59868985414505  , -0.1416947990655899, 0.1542532742023468, 0.5007071495056152, -0.0700481459498405, 0.1731323301792144, 0.649827241897583 , -0.1095826625823974, 0.2191151529550552, 0.6494210958480835, -0.0972932502627372, 0.2290059626102447, 0.6021627187728882, -0.0866234973073005, 0.1436070948839187, 0.5287744402885437, -0.0454759001731872   , 0.1607649028301239, 0.6348152756690979, -0.0833474397659301, 0.196684181690216 , 0.6390380859375   , -0.0888373479247093, 0.2106587588787078, 0.6031076312065125, -0.0867363139986991,   0.0,   0.0,   0.0,   0.0,   0.0,   0.0,   0.0,   0.0,   0.0,   0.0,   0.0,   0.0,   0.0,   0.0,   0.0,   0.0,   0.0,   0.0,   0.0,   0.0,   0.0,   0.0,   0.0,   0.0,   0.0,   0.0,   0.0,   0.0,   0.0,   0.0,    0.0,    0.0,    0.0,    0.0,    0.0,    0.0,    0.0,    0.0,    0.0,    0.0,    0.0,    0.0,    0.0,    0.0,    0.0,    0.0,    0.0,    0.0,    0.0,    0.0,    0.0,    0.0,    0.0,    0.0,    0.0,    0.0,    0.0,    0.0,    0.0,    0.0,    0.0,    0.0,    0.0, YOU
0.2595861852169037, 0.507720947265625 , 1.4790533953146226e-07 , 0.3417441546916961, 0.5387600660324097, -0.0580417774617672  , 0.3826303780078888, 0.5566982626914978, -0.1022029742598533, 0.3346753120422363, 0.596165120601654 , -0.1379118263721466  , 0.2699614763259887, 0.6338359713554382, -0.1703942567110061  , 0.3102317750453949, 0.4436445236206054, -0.123383454978466 , 0.3018081486225128, 0.5014352798461914, -0.173645794391632 , 0.3055082261562347, 0.5364763140678406, -0.2019787281751632, 0.2910133004188537, 0.5419085025787354, -0.2191833257675171, 0.2407661825418472, 0.441258043050766 , -0.1155635565519332, 0.2390302121639251, 0.6152058839797974, -0.1625998169183731, 0.2704336941242218, 0.6526889204978943, -0.1706987768411636, 0.2806513607501983, 0.637665867805481 , -0.1765394955873489, 0.1924355775117874, 0.465373158454895 , -0.1090327426791191, 0.2000666707754135, 0.6305444240570068, -0.1399821639060974, 0.2359316498041153, 0.6474213600158691, -0.1240927577018737, 0.2537274360656738, 0.6185864210128784, -0.1130581721663475, 0.1625526547431945, 0.4979211390018463, -0.1101127117872238   , 0.1806938201189041, 0.6298929452896118, -0.1312924772500991, 0.208558052778244 , 0.6425249576568604, -0.1212342455983161, 0.2213931232690811, 0.6191129088401794, -0.1120295971632003,   0.0,   0.0,   0.0,   0.0,   0.0,   0.0,   0.0,   0.0,   0.0,   0.0,   0.0,   0.0,   0.0,   0.0,   0.0,   0.0,   0.0,   0.0,   0.0,   0.0,   0.0,   0.0,   0.0,   0.0,   0.0,   0.0,   0.0,   0.0,   0.0,   0.0,    0.0,    0.0,    0.0,    0.0,    0.0,    0.0,    0.0,    0.0,    0.0,    0.0,    0.0,    0.0,    0.0,    0.0,    0.0,    0.0,    0.0,    0.0,    0.0,    0.0,    0.0,    0.0,    0.0,    0.0,    0.0,    0.0,    0.0,    0.0,    0.0,    0.0,    0.0,    0.0,    0.0, YOU
0.2740404903888702, 0.4739120602607727, 2.90124575030859e-07   , 0.3304823338985443, 0.533887505531311 , -0.0572338141500949  , 0.3356324136257171, 0.6035418510437012, -0.1056903898715972, 0.2810633182525635, 0.6551946401596069, -0.1450075656175613  , 0.2183343470096588, 0.6888161897659302, -0.1825848519802093  , 0.2849297523498535, 0.5007039904594421, -0.1369492411613464, 0.2439336478710174, 0.581204891204834 , -0.186262845993042 , 0.2287155091762542, 0.6275014877319336, -0.2138271480798721, 0.2132252752780914, 0.6331127882003784, -0.2306012362241745, 0.2141000479459762, 0.4934172630310058, -0.1308726221323013, 0.1787330657243728, 0.6398668885231018, -0.1723221391439438, 0.1991471201181411, 0.686715841293335 , -0.1779629588127136, 0.2180212885141372, 0.6854177713394165, -0.1851052343845367, 0.1664105057716369, 0.5071554780006409, -0.1246144548058509, 0.1449603885412216, 0.6571112275123596, -0.1546154767274856, 0.1796924471855163, 0.6855294108390808, -0.1409454345703125, 0.2056567668914795, 0.6734123826026917, -0.1327999681234359, 0.1394349485635757, 0.5280713438987732, -0.1249905675649643   , 0.1345270872116089, 0.6501175165176392, -0.1432557851076126, 0.1609093248844146, 0.6804274320602417, -0.1303113102912902, 0.1825882196426391, 0.6780052185058594, -0.1215425804257392,   0.0,   0.0,   0.0,   0.0,   0.0,   0.0,   0.0,   0.0,   0.0,   0.0,   0.0,   0.0,   0.0,   0.0,   0.0,   0.0,   0.0,   0.0,   0.0,   0.0,   0.0,   0.0,   0.0,   0.0,   0.0,   0.0,   0.0,   0.0,   0.0,   0.0,    0.0,    0.0,    0.0,    0.0,    0.0,    0.0,    0.0,    0.0,    0.0,    0.0,    0.0,    0.0,    0.0,    0.0,    0.0,    0.0,    0.0,    0.0,    0.0,    0.0,    0.0,    0.0,    0.0,    0.0,    0.0,    0.0,    0.0,    0.0,    0.0,    0.0,    0.0,    0.0,    0.0, YOU
0.2096279859542846, 0.5574063658714294, 3.187967081430543e-07  , 0.2904690206050873, 0.568899929523468 , -0.067960150539875   , 0.3192017674446106, 0.5653942227363586, -0.1201836392283439, 0.282902330160141 , 0.5931664705276489, -0.162767007946968   , 0.2403664886951446, 0.6184422969818115, -0.2012178301811218  , 0.3016541004180908, 0.4303203225135803, -0.125654935836792 , 0.2920972108840942, 0.4385086297988891, -0.1834225505590438, 0.264663428068161 , 0.4259193837642669, -0.2140363901853561, 0.2270681262016296, 0.4021058678627014, -0.2303970605134964, 0.2309829592704773, 0.4128327369689941, -0.1121614649891853, 0.2131071090698242, 0.5601341724395752, -0.1614052355289459, 0.2219624519348144, 0.6020603179931641, -0.1624907702207565, 0.2266658544540405, 0.5950639247894287, -0.1598079055547714, 0.1736766993999481, 0.4364531338214874, -0.1028910875320434, 0.1697220504283905, 0.578411340713501 , -0.1405080556869506, 0.1998892724514007, 0.6036786437034607, -0.1163826584815979, 0.21746726334095  , 0.5909201502799988, -0.0944576263427734, 0.1302377432584762, 0.4679860174655914, -0.1017201244831085   , 0.1404188126325607, 0.5706357955932617, -0.1320683807134628, 0.1685397773981094, 0.593888521194458 , -0.1196392923593521, 0.1893304139375686, 0.586063802242279 , -0.1032098606228828,   0.0,   0.0,   0.0,   0.0,   0.0,   0.0,   0.0,   0.0,   0.0,   0.0,   0.0,   0.0,   0.0,   0.0,   0.0,   0.0,   0.0,   0.0,   0.0,   0.0,   0.0,   0.0,   0.0,   0.0,   0.0,   0.0,   0.0,   0.0,   0.0,   0.0,    0.0,    0.0,    0.0,    0.0,    0.0,    0.0,    0.0,    0.0,    0.0,    0.0,    0.0,    0.0,    0.0,    0.0,    0.0,    0.0,    0.0,    0.0,    0.0,    0.0,    0.0,    0.0,    0.0,    0.0,    0.0,    0.0,    0.0,    0.0,    0.0,    0.0,    0.0,    0.0,    0.0, YOU
0.1985424011945724, 0.5109580755233765, 5.750129048465169e-07  , 0.2795433104038238, 0.5286458730697632, -0.0509769693017005  , 0.3214644491672516, 0.5502763986587524, -0.0974700078368187, 0.3132460117340088, 0.6132020950317383, -0.1396515965461731  , 0.2730281352996826, 0.6611582636833191, -0.1810155361890792  , 0.2758077383041382, 0.4356060624122619, -0.1027230098843574, 0.2769207060337066, 0.446388840675354 , -0.1487257331609726, 0.2912855744361877, 0.4482909739017486, -0.1831468939781189, 0.3003794252872467, 0.4416150450706482, -0.2068128734827041, 0.2065117359161377, 0.4261427521705627, -0.1009544059634208, 0.2284200638532638, 0.5821064114570618, -0.140612706542015 , 0.2489076256752014, 0.6032785773277283, -0.1508846133947372, 0.2509195208549499, 0.5917295813560486, -0.1582531332969665, 0.155036062002182 , 0.4630227386951446, -0.1009027510881424, 0.1910092681646347, 0.6172323226928711, -0.1284125745296478, 0.2223072052001953, 0.6200064420700073, -0.1135674193501472, 0.221081793308258 , 0.5906012058258057, -0.1011029034852981, 0.1210584491491317, 0.5072054862976074, -0.1080460250377655   , 0.163506343960762 , 0.6247212290763855, -0.1284510195255279, 0.1887707412242889, 0.6275891065597534, -0.116076648235321 , 0.1876457631587982, 0.5998837351799011, -0.1033278107643127,   0.0,   0.0,   0.0,   0.0,   0.0,   0.0,   0.0,   0.0,   0.0,   0.0,   0.0,   0.0,   0.0,   0.0,   0.0,   0.0,   0.0,   0.0,   0.0,   0.0,   0.0,   0.0,   0.0,   0.0,   0.0,   0.0,   0.0,   0.0,   0.0,   0.0,    0.0,    0.0,    0.0,    0.0,    0.0,    0.0,    0.0,    0.0,    0.0,    0.0,    0.0,    0.0,    0.0,    0.0,    0.0,    0.0,    0.0,    0.0,    0.0,    0.0,    0.0,    0.0,    0.0,    0.0,    0.0,    0.0,    0.0,    0.0,    0.0,    0.0,    0.0,    0.0,    0.0, YOU
0.211083635687828 , 0.5649463534355164, 9.257183108957181e-08  , 0.2910400032997131, 0.5781830549240112, -0.0624536834657192  , 0.3418116271495819, 0.556961715221405 , -0.1023981869220733, 0.3454209268093109, 0.5546384453773499, -0.1343749314546585  , 0.3338020443916321, 0.5583109259605408, -0.1620544046163559  , 0.2829488217830658, 0.4358793199062347, -0.1072160005569458, 0.2713807821273803, 0.4356042444705963, -0.1581939607858657, 0.2753344178199768, 0.4608788788318634, -0.1839377135038375, 0.2763212621212005, 0.4753878116607666, -0.1976583302021026, 0.2173379957675933, 0.4276315867900848, -0.0972311571240425, 0.2013164013624191, 0.5448391437530518, -0.1459047496318817, 0.2215404510498047, 0.5867522358894348, -0.1516643017530441, 0.2349201142787933, 0.5862911939620972, -0.1517762541770935, 0.1662960648536682, 0.4529217183589935, -0.0917317345738411, 0.1605349034070968, 0.5897799730300903, -0.1337807327508926, 0.1896391808986663, 0.6161367297172546, -0.1220349743962287, 0.2100793719291687, 0.6023006439208984, -0.107841357588768 , 0.1287695169448852, 0.4854258596897125, -0.0933037772774696   , 0.1328176259994506, 0.5948390960693359, -0.1246481835842132, 0.155350387096405 , 0.6156287789344788, -0.1203838661313057, 0.1726036071777343, 0.6010056734085083, -0.1109784021973609,   0.0,   0.0,   0.0,   0.0,   0.0,   0.0,   0.0,   0.0,   0.0,   0.0,   0.0,   0.0,   0.0,   0.0,   0.0,   0.0,   0.0,   0.0,   0.0,   0.0,   0.0,   0.0,   0.0,   0.0,   0.0,   0.0,   0.0,   0.0,   0.0,   0.0,    0.0,    0.0,    0.0,    0.0,    0.0,    0.0,    0.0,    0.0,    0.0,    0.0,    0.0,    0.0,    0.0,    0.0,    0.0,    0.0,    0.0,    0.0,    0.0,    0.0,    0.0,    0.0,    0.0,    0.0,    0.0,    0.0,    0.0,    0.0,    0.0,    0.0,    0.0,    0.0,    0.0, YOU
0.1927093267440796, 0.5711925029754639, -6.790830120451119e-09 , 0.2613224983215332, 0.5891591310501099, -0.0677112638950347  , 0.306428998708725 , 0.5678811073303223, -0.1125779673457145, 0.2873613536357879, 0.5519507527351379, -0.1483942568302154  , 0.2445289194583892, 0.5244218707084656, -0.1782968193292617  , 0.253667801618576 , 0.4395167529582977, -0.1141932234168052, 0.2515625953674316, 0.4589037001132965, -0.1713473200798034, 0.266596645116806 , 0.4814876317977905, -0.2006094455718994, 0.2618598043918609, 0.4937527775764465, -0.215595006942749 , 0.1868676543235778, 0.4201065301895141, -0.1015956029295921, 0.175555408000946 , 0.5555935502052307, -0.1515027582645416, 0.2034053206443786, 0.589667022228241 , -0.1568011492490768, 0.2150207757949829, 0.5745876431465149, -0.1581342369318008, 0.1371724009513855, 0.4357812404632568, -0.0941121280193328, 0.1328572332859039, 0.5800414681434631, -0.1296735405921936, 0.1630388796329498, 0.597580075263977 , -0.1125754043459892, 0.1800280213356018, 0.5688018798828125, -0.0991301164031028, 0.0983166098594665, 0.461618423461914 , -0.0952338129281997   , 0.1049500703811645, 0.5807355046272278, -0.1216322779655456, 0.1297976970672607, 0.5943111181259155, -0.1163583472371101, 0.1454704105854034, 0.569492757320404 , -0.1087445169687271,   0.0,   0.0,   0.0,   0.0,   0.0,   0.0,   0.0,   0.0,   0.0,   0.0,   0.0,   0.0,   0.0,   0.0,   0.0,   0.0,   0.0,   0.0,   0.0,   0.0,   0.0,   0.0,   0.0,   0.0,   0.0,   0.0,   0.0,   0.0,   0.0,   0.0,    0.0,    0.0,    0.0,    0.0,    0.0,    0.0,    0.0,    0.0,    0.0,    0.0,    0.0,    0.0,    0.0,    0.0,    0.0,    0.0,    0.0,    0.0,    0.0,    0.0,    0.0,    0.0,    0.0,    0.0,    0.0,    0.0,    0.0,    0.0,    0.0,    0.0,    0.0,    0.0,    0.0, YOU
0.2693540155887604, 0.4346991777420044, 2.1573769970473225e-07 , 0.324487566947937 , 0.5054616332054138, -0.0612271092832088  , 0.3243988454341888, 0.5638070702552795, -0.1115761026740074, 0.255994588136673 , 0.6025204658508301, -0.1510631591081619  , 0.1878059208393097, 0.6246775388717651, -0.1912417858839035  , 0.2805983424186706, 0.4678594768047333, -0.1478498727083206, 0.2514713406562805, 0.5496243834495544, -0.2030608803033828, 0.2519197463989258, 0.5782294869422913, -0.2362774759531021, 0.2465865910053253, 0.5751948356628418, -0.2576175332069397, 0.2182233929634094, 0.4480019509792328, -0.1405992060899734, 0.1776165962219238, 0.5841875076293945, -0.1882907152175903, 0.1891689002513885, 0.6168062686920166, -0.1949912756681442, 0.1960761845111847, 0.6071889400482178, -0.2016806453466415, 0.1696763187646865, 0.449515700340271 , -0.1333024948835373, 0.1418944150209427, 0.5854364633560181, -0.1672921925783157, 0.168786883354187 , 0.6057676672935486, -0.1504656374454498, 0.1922762095928192, 0.5860468149185181, -0.1394681632518768, 0.1373460590839386, 0.4623159170150757, -0.1326278746128082   , 0.1251446604728698, 0.5667760372161865, -0.1531183123588562, 0.1473575234413147, 0.5898646116256714, -0.1379317641258239, 0.167599618434906 , 0.5817629098892212, -0.1269277185201645,   0.0,   0.0,   0.0,   0.0,   0.0,   0.0,   0.0,   0.0,   0.0,   0.0,   0.0,   0.0,   0.0,   0.0,   0.0,   0.0,   0.0,   0.0,   0.0,   0.0,   0.0,   0.0,   0.0,   0.0,   0.0,   0.0,   0.0,   0.0,   0.0,   0.0,    0.0,    0.0,    0.0,    0.0,    0.0,    0.0,    0.0,    0.0,    0.0,    0.0,    0.0,    0.0,    0.0,    0.0,    0.0,    0.0,    0.0,    0.0,    0.0,    0.0,    0.0,    0.0,    0.0,    0.0,    0.0,    0.0,    0.0,    0.0,    0.0,    0.0,    0.0,    0.0,    0.0, YOU
0.2982991635799408, 0.4953051209449768, 2.577696136540908e-07  , 0.3372644484043121, 0.5676247477531433, -0.0488387644290924  , 0.3245694935321808, 0.6471105217933655, -0.1050554066896438, 0.2813032269477844, 0.7229344844818115, -0.1546635627746582  , 0.2278043180704116, 0.7678918838500977, -0.2060318440198898  , 0.273827850818634 , 0.5113341808319092, -0.1495439410209655, 0.2567014694213867, 0.6062859296798706, -0.2035441845655441, 0.2621097862720489, 0.6531330943107605, -0.2373327165842056, 0.2604226469993591, 0.6581082344055176, -0.2605526149272918, 0.2206194996833801, 0.5028762221336365, -0.1531991362571716, 0.200479194521904 , 0.6421559453010559, -0.1976134479045868, 0.2123601138591766, 0.6850599646568298, -0.2039862424135208, 0.2215219140052795, 0.6833574771881104, -0.2160905748605728, 0.1810712069272995, 0.5162863731384277, -0.1548615545034408, 0.1734032779932022, 0.6562773585319519, -0.1885325461626052, 0.1882151514291763, 0.6852672696113586, -0.1748511344194412, 0.1971975713968277, 0.6710542440414429, -0.1703211367130279, 0.1556876301765442, 0.5426194667816162, -0.1619628816843032   , 0.1475013494491577, 0.6595878601074219, -0.1864252239465713, 0.158376932144165 , 0.6851150989532471, -0.1764166951179504, 0.1673837751150131, 0.6735026240348816, -0.1731076389551162,   0.0,   0.0,   0.0,   0.0,   0.0,   0.0,   0.0,   0.0,   0.0,   0.0,   0.0,   0.0,   0.0,   0.0,   0.0,   0.0,   0.0,   0.0,   0.0,   0.0,   0.0,   0.0,   0.0,   0.0,   0.0,   0.0,   0.0,   0.0,   0.0,   0.0,    0.0,    0.0,    0.0,    0.0,    0.0,    0.0,    0.0,    0.0,    0.0,    0.0,    0.0,    0.0,    0.0,    0.0,    0.0,    0.0,    0.0,    0.0,    0.0,    0.0,    0.0,    0.0,    0.0,    0.0,    0.0,    0.0,    0.0,    0.0,    0.0,    0.0,    0.0,    0.0,    0.0, YOU
0.2163549214601516, 0.5837440490722656, 1.200851471594433e-07  , 0.2905389070510864, 0.6066384315490723, -0.0769158527255058  , 0.3369969129562378, 0.6003290414810181, -0.1247828900814056, 0.3049240112304687, 0.6166273951530457, -0.1620422452688217  , 0.2599264681339264, 0.6227030754089355, -0.193983718752861   , 0.2822560966014862, 0.4796924591064453, -0.1327133476734161, 0.2704138457775116, 0.4820364117622375, -0.1986199617385864, 0.2690373361110687, 0.5007557272911072, -0.2309593111276626, 0.2578760385513305, 0.5104243755340576, -0.2462725341320037, 0.2140573561191558, 0.456136405467987 , -0.1167960688471794, 0.1874275654554367, 0.6040593981742859, -0.1757046729326248, 0.2166600227355957, 0.6480684280395508, -0.1802377104759216, 0.2325756549835205, 0.6400209665298462, -0.1777747273445129, 0.1600909531116485, 0.4729470610618591, -0.1068154945969581, 0.1422485262155532, 0.6225641965866089, -0.1542650014162063, 0.1788688749074936, 0.648121178150177 , -0.133101150393486 , 0.2040466666221618, 0.6281217932701111, -0.1115010380744934, 0.120539903640747 , 0.5002447366714478, -0.1058154627680778   , 0.1178293228149414, 0.6120514869689941, -0.1419700682163238, 0.1469918340444564, 0.6343593597412109, -0.1330699920654297, 0.16915924847126  , 0.6198403835296631, -0.1182910278439521,   0.0,   0.0,   0.0,   0.0,   0.0,   0.0,   0.0,   0.0,   0.0,   0.0,   0.0,   0.0,   0.0,   0.0,   0.0,   0.0,   0.0,   0.0,   0.0,   0.0,   0.0,   0.0,   0.0,   0.0,   0.0,   0.0,   0.0,   0.0,   0.0,   0.0,    0.0,    0.0,    0.0,    0.0,    0.0,    0.0,    0.0,    0.0,    0.0,    0.0,    0.0,    0.0,    0.0,    0.0,    0.0,    0.0,    0.0,    0.0,    0.0,    0.0,    0.0,    0.0,    0.0,    0.0,    0.0,    0.0,    0.0,    0.0,    0.0,    0.0,    0.0,    0.0,    0.0, YOU
0.2626936435699463, 0.4740874469280243, 3.266393662215705e-07  , 0.3420644998550415, 0.4778332710266113, -0.044659074395895   , 0.3965457677841186, 0.5046039819717407, -0.0883121713995933, 0.3991240859031677, 0.57669997215271  , -0.1264774203300476  , 0.3519701659679413, 0.6401633024215698, -0.1636962741613388  , 0.3007241785526275, 0.4502152800559997, -0.1070041581988334, 0.3382892608642578, 0.5599154233932495, -0.1604649275541305, 0.3443203270435333, 0.6175782680511475, -0.2007840722799301, 0.326480358839035 , 0.6500497460365295, -0.2234428972005844, 0.237952172756195 , 0.4827848374843597, -0.1068392992019653, 0.2959697246551513, 0.6336227655410767, -0.1401517540216446, 0.3270999789237976, 0.6450350284576416, -0.1440120190382003, 0.3302527666091919, 0.6349011659622192, -0.1507379710674286, 0.200114220380783 , 0.5268911719322205, -0.1081954315304756, 0.2715022563934326, 0.6681634187698364, -0.1274075359106063, 0.3016761243343353, 0.6654364466667175, -0.1033399850130081, 0.3005044162273407, 0.6439478397369385, -0.0879853516817092, 0.1839488446712494, 0.5710737109184265, -0.1167519316077232   , 0.2385966777801513, 0.6776810884475708, -0.1252607107162475, 0.2645550668239593, 0.6758962869644165, -0.1031147763133049, 0.267169713973999 , 0.6553061604499817, -0.087242491543293 ,   0.0,   0.0,   0.0,   0.0,   0.0,   0.0,   0.0,   0.0,   0.0,   0.0,   0.0,   0.0,   0.0,   0.0,   0.0,   0.0,   0.0,   0.0,   0.0,   0.0,   0.0,   0.0,   0.0,   0.0,   0.0,   0.0,   0.0,   0.0,   0.0,   0.0,    0.0,    0.0,    0.0,    0.0,    0.0,    0.0,    0.0,    0.0,    0.0,    0.0,    0.0,    0.0,    0.0,    0.0,    0.0,    0.0,    0.0,    0.0,    0.0,    0.0,    0.0,    0.0,    0.0,    0.0,    0.0,    0.0,    0.0,    0.0,    0.0,    0.0,    0.0,    0.0,    0.0, YOU
0.3257833123207092, 0.5428589582443237, 6.429868903978786e-08  , 0.3467070162296295, 0.4986575841903686, -0.1015632227063179  , 0.3381755352020263, 0.4769288301467895, -0.1640669703483581, 0.2928750813007355, 0.4742076098918915, -0.2057003676891327  , 0.2335845082998275, 0.4849415421485901, -0.2401316314935684  , 0.2666506469249725, 0.5803147554397583, -0.1829551756381988, 0.2458846718072891, 0.6113024353981018, -0.2425256222486496, 0.2349496781826019, 0.5495234131813049, -0.262872964143753 , 0.2273194789886474, 0.5033228397369385, -0.2739509046077728, 0.2062410414218902, 0.596125602722168 , -0.1527191996574401, 0.1878729462623596, 0.6070860624313354, -0.2128281146287918, 0.1968946456909179, 0.5304703116416931, -0.2200274914503097, 0.2097454518079757, 0.4890582263469696, -0.2238068282604217, 0.1633794456720352, 0.592544674873352 , -0.1262446939945221, 0.1457985937595367, 0.5954980850219727, -0.1807197779417038, 0.1606878489255905, 0.5352080464363098, -0.1805590242147445, 0.1788379251956939, 0.5047908425331116, -0.1773222535848617, 0.1336471289396286, 0.5824825763702393, -0.1070716008543968   , 0.1193065270781517, 0.5819739103317261, -0.151605948805809 , 0.1377460956573486, 0.5480111241340637, -0.161943569779396 , 0.1573216617107391, 0.5315616130828857, -0.1659207344055175,   0.0,   0.0,   0.0,   0.0,   0.0,   0.0,   0.0,   0.0,   0.0,   0.0,   0.0,   0.0,   0.0,   0.0,   0.0,   0.0,   0.0,   0.0,   0.0,   0.0,   0.0,   0.0,   0.0,   0.0,   0.0,   0.0,   0.0,   0.0,   0.0,   0.0,    0.0,    0.0,    0.0,    0.0,    0.0,    0.0,    0.0,    0.0,    0.0,    0.0,    0.0,    0.0,    0.0,    0.0,    0.0,    0.0,    0.0,    0.0,    0.0,    0.0,    0.0,    0.0,    0.0,    0.0,    0.0,    0.0,    0.0,    0.0,    0.0,    0.0,    0.0,    0.0,    0.0, YOU
0.2788439393043518, 0.5568062663078308, -4.5374525825536693e-07, 0.301734447479248 , 0.5143724679946899, -0.0710466802120208  , 0.2907700836658478, 0.4788375794887543, -0.1067379191517829, 0.2420003414154052, 0.4792783558368683, -0.1274549216032028  , 0.1917576044797897, 0.5072818994522095, -0.1379957199096679  , 0.1927821636199951, 0.4504967331886291, -0.0980019941926002, 0.2009674608707428, 0.560844361782074 , -0.1465850323438644, 0.2323185205459594, 0.5860610008239746, -0.16387639939785  , 0.2346697002649307, 0.5626170635223389, -0.1717883497476577, 0.146365225315094 , 0.4657126069068908, -0.0804484561085701, 0.1728944927453994, 0.6084648966789246, -0.1277438402175903, 0.2178707718849182, 0.617905855178833 , -0.132496491074562 , 0.2236836552619934, 0.5816929340362549, -0.1311686187982559, 0.117287203669548 , 0.4910569787025451, -0.0688809230923652, 0.1450584977865219, 0.626652181148529 , -0.1127742379903793, 0.19050894677639  , 0.6207771301269531, -0.1047618687152862, 0.1973776519298553, 0.5819288492202759, -0.0945573151111602, 0.1022966429591178, 0.5238901376724243, -0.0640181899070739   , 0.11673204600811  , 0.6253606081008911, -0.0979108437895774, 0.1538680791854858, 0.6225677728652954, -0.0982342287898063, 0.1653179675340652, 0.5919686555862427, -0.0920679867267608,   0.0,   0.0,   0.0,   0.0,   0.0,   0.0,   0.0,   0.0,   0.0,   0.0,   0.0,   0.0,   0.0,   0.0,   0.0,   0.0,   0.0,   0.0,   0.0,   0.0,   0.0,   0.0,   0.0,   0.0,   0.0,   0.0,   0.0,   0.0,   0.0,   0.0,    0.0,    0.0,    0.0,    0.0,    0.0,    0.0,    0.0,    0.0,    0.0,    0.0,    0.0,    0.0,    0.0,    0.0,    0.0,    0.0,    0.0,    0.0,    0.0,    0.0,    0.0,    0.0,    0.0,    0.0,    0.0,    0.0,    0.0,    0.0,    0.0,    0.0,    0.0,    0.0,    0.0, YOU
0.2853297591209411, 0.6412785649299622, 2.746086522620317e-07  , 0.3527310788631439, 0.6729660630226135, -0.060937400907278   , 0.391804039478302 , 0.6928485631942749, -0.1072030216455459, 0.3468976616859436, 0.7388519644737244, -0.1462253481149673  , 0.2898321151733398, 0.7745239734649658, -0.1812408417463302  , 0.358391672372818 , 0.5281112194061279, -0.1132735088467598, 0.3509331047534942, 0.5610605478286743, -0.173768863081932 , 0.3596619069576263, 0.5792876482009888, -0.2110545635223388, 0.3583302497863769, 0.5766151547431946, -0.2337424904108047, 0.2900561988353729, 0.5057218074798584, -0.1071583107113838, 0.2829415798187256, 0.6859289407730103, -0.1623913794755935, 0.3126737475395202, 0.7131310105323792, -0.1736101657152176, 0.3300704658031463, 0.6820241212844849, -0.1789695620536804, 0.2348535507917404, 0.5283199548721313, -0.1055202633142471, 0.2397240698337555, 0.7115674614906311, -0.1441456973552703, 0.2728172540664673, 0.720501720905304 , -0.1287213116884231, 0.2949201464653015, 0.6761507391929626, -0.1148816719651222, 0.1947347074747085, 0.5658711194992065, -0.1122940778732299   , 0.2077618241310119, 0.704817533493042 , -0.1432324349880218, 0.2349441349506378, 0.7125988006591797, -0.1378140747547149, 0.2535963356494903, 0.6790772080421448, -0.1278823167085647,   0.0,   0.0,   0.0,   0.0,   0.0,   0.0,   0.0,   0.0,   0.0,   0.0,   0.0,   0.0,   0.0,   0.0,   0.0,   0.0,   0.0,   0.0,   0.0,   0.0,   0.0,   0.0,   0.0,   0.0,   0.0,   0.0,   0.0,   0.0,   0.0,   0.0,    0.0,    0.0,    0.0,    0.0,    0.0,    0.0,    0.0,    0.0,    0.0,    0.0,    0.0,    0.0,    0.0,    0.0,    0.0,    0.0,    0.0,    0.0,    0.0,    0.0,    0.0,    0.0,    0.0,    0.0,    0.0,    0.0,    0.0,    0.0,    0.0,    0.0,    0.0,    0.0,    0.0, YOU
0.3430411219596863, 0.5511438846588135, 4.140335363445047e-07  , 0.4168030619621277, 0.6117955446243286, -0.0557137317955493  , 0.4468733370304107, 0.6721992492675781, -0.1132105216383934, 0.4056902229785919, 0.7516988515853882, -0.1665033251047134  , 0.3366852402687073, 0.7959651947021484, -0.21980582177639    , 0.4386774003505707, 0.5394778847694397, -0.1334611624479293, 0.4511986076831817, 0.5689526200294495, -0.196861058473587 , 0.4511686265468597, 0.5887088775634766, -0.2439856529235839, 0.4379012286663055, 0.5866976380348206, -0.2740999460220337, 0.3672018647193908, 0.5060505867004395, -0.1355974674224853, 0.3481429815292358, 0.6770111322402954, -0.1903335303068161, 0.3620050847530365, 0.7094103097915649, -0.2081680297851562, 0.3652072250843048, 0.6943708062171936, -0.2222190499305725, 0.3036479353904724, 0.5217403769493103, -0.138859823346138 , 0.3054690957069397, 0.7058486938476562, -0.1715442240238189, 0.3297985196113586, 0.7208613157272339, -0.155470386147499 , 0.3336708545684814, 0.6859821081161499, -0.1448130905628204, 0.2571817934513092, 0.5526905655860901, -0.1505792438983917   , 0.2741904258728027, 0.709079921245575 , -0.1729546040296554, 0.2926843166351318, 0.7239603996276855, -0.1572205573320388, 0.2937177419662475, 0.6943982243537903, -0.1438516080379486,   0.0,   0.0,   0.0,   0.0,   0.0,   0.0,   0.0,   0.0,   0.0,   0.0,   0.0,   0.0,   0.0,   0.0,   0.0,   0.0,   0.0,   0.0,   0.0,   0.0,   0.0,   0.0,   0.0,   0.0,   0.0,   0.0,   0.0,   0.0,   0.0,   0.0,    0.0,    0.0,    0.0,    0.0,    0.0,    0.0,    0.0,    0.0,    0.0,    0.0,    0.0,    0.0,    0.0,    0.0,    0.0,    0.0,    0.0,    0.0,    0.0,    0.0,    0.0,    0.0,    0.0,    0.0,    0.0,    0.0,    0.0,    0.0,    0.0,    0.0,    0.0,    0.0,    0.0, YOU
0.2469019889831543, 0.5812939405441284, 2.761254904726229e-07  , 0.3318798243999481, 0.6165961027145386, -0.0535120368003845  , 0.3725613951683044, 0.6434698104858398, -0.0993599444627761, 0.3293060064315796, 0.7021946907043457, -0.1368806511163711  , 0.26007741689682  , 0.7466396689414978, -0.1714771091938018  , 0.3191011846065521, 0.4823428988456726, -0.1319267451763153, 0.3065220713615417, 0.5429185032844543, -0.1841187626123428, 0.3119208812713623, 0.5732046365737915, -0.2109864354133606, 0.3030350804328918, 0.5714259147644043, -0.2260264009237289, 0.2489767372608184, 0.4730620086193084, -0.1267616003751754, 0.2431073486804962, 0.6589566469192505, -0.168501928448677 , 0.2672565579414367, 0.6818431615829468, -0.1678377091884613, 0.2785918414592743, 0.6515381336212158, -0.1687958240509033, 0.1944074481725692, 0.5003547072410583, -0.1223398521542549, 0.2033508569002151, 0.6780351400375366, -0.149243026971817 , 0.2293251752853393, 0.6831649541854858, -0.1256672292947769, 0.2408120185136795, 0.6456645727157593, -0.1093611791729927, 0.1568847149610519, 0.5409531593322754, -0.1257699728012085   , 0.1716934144496917, 0.6798157095909119, -0.1528430730104446, 0.1951104253530502, 0.684357762336731 , -0.1433172672986984, 0.2052405327558517, 0.6531407833099365, -0.1320622712373733,   0.0,   0.0,   0.0,   0.0,   0.0,   0.0,   0.0,   0.0,   0.0,   0.0,   0.0,   0.0,   0.0,   0.0,   0.0,   0.0,   0.0,   0.0,   0.0,   0.0,   0.0,   0.0,   0.0,   0.0,   0.0,   0.0,   0.0,   0.0,   0.0,   0.0,    0.0,    0.0,    0.0,    0.0,    0.0,    0.0,    0.0,    0.0,    0.0,    0.0,    0.0,    0.0,    0.0,    0.0,    0.0,    0.0,    0.0,    0.0,    0.0,    0.0,    0.0,    0.0,    0.0,    0.0,    0.0,    0.0,    0.0,    0.0,    0.0,    0.0,    0.0,    0.0,    0.0, YOU
0.2684915065765381, 0.5703477263450623, 3.788116202940728e-07  , 0.3423290550708771, 0.6084287762641907, -0.0705055594444274  , 0.3664165437221527, 0.6534661650657654, -0.1216263696551323, 0.3245280683040619, 0.7288589477539062, -0.1624965369701385  , 0.2644104361534118, 0.7917284965515137, -0.2021559178829193  , 0.3001685738563537, 0.5247908234596252, -0.1388920545578003, 0.2855132520198822, 0.6125901937484741, -0.1962532699108123, 0.3077035248279571, 0.6213129162788391, -0.2321928739547729, 0.3163017630577087, 0.6034092307090759, -0.2552507221698761, 0.231290578842163 , 0.5293266773223877, -0.1271376758813858, 0.230718582868576 , 0.7030603885650635, -0.17472505569458  , 0.2621950209140777, 0.7076079249382019, -0.1840184926986694, 0.2748284041881561, 0.6707199811935425, -0.1934782713651657, 0.1807152926921844, 0.5562013387680054, -0.1180169656872749, 0.189815878868103 , 0.7239248156547546, -0.1518113017082214, 0.2209911197423935, 0.7189518213272095, -0.1404582858085632, 0.2370279729366302, 0.6721559166908264, -0.1332977265119552, 0.1478141844272613, 0.5895985960960388, -0.1175697147846221   , 0.161718264222145 , 0.7181236147880554, -0.1409566551446914, 0.1888191998004913, 0.716578483581543 , -0.1351082772016525, 0.2060502469539642, 0.6818870902061462, -0.1303126662969589,   0.0,   0.0,   0.0,   0.0,   0.0,   0.0,   0.0,   0.0,   0.0,   0.0,   0.0,   0.0,   0.0,   0.0,   0.0,   0.0,   0.0,   0.0,   0.0,   0.0,   0.0,   0.0,   0.0,   0.0,   0.0,   0.0,   0.0,   0.0,   0.0,   0.0,    0.0,    0.0,    0.0,    0.0,    0.0,    0.0,    0.0,    0.0,    0.0,    0.0,    0.0,    0.0,    0.0,    0.0,    0.0,    0.0,    0.0,    0.0,    0.0,    0.0,    0.0,    0.0,    0.0,    0.0,    0.0,    0.0,    0.0,    0.0,    0.0,    0.0,    0.0,    0.0,    0.0, YOU
0.2334973216056823, 0.5880805253982544, 5.169462156118243e-07  , 0.3220999538898468, 0.6137306690216064, -0.0708460807800293  , 0.3564203381538391, 0.6433104276657104, -0.1265553832054138, 0.3032191395759582, 0.7118749618530273, -0.1712802350521087  , 0.2377369403839111, 0.7643447518348694, -0.2112694084644317  , 0.3251430690288543, 0.5009485483169556, -0.1554008424282074, 0.3093471527099609, 0.5605904459953308, -0.2323784381151199, 0.2899348437786102, 0.5676148533821106, -0.2794212996959686, 0.2559859752655029, 0.5495597720146179, -0.3050205409526825, 0.2418970763683319, 0.4793529808521271, -0.1451782137155532, 0.2216141819953918, 0.6553003787994385, -0.2111705392599105, 0.2545574605464935, 0.6771303415298462, -0.2198929041624069, 0.2651108503341675, 0.6598631143569946, -0.2224639058113098, 0.1758123487234115, 0.5069965720176697, -0.1384310722351074, 0.1776463687419891, 0.6923171281814575, -0.1799202114343643, 0.2195746898651123, 0.6978920102119446, -0.1520081758499145, 0.2419262379407882, 0.6657711267471313, -0.1277892738580703, 0.1292784363031387, 0.5497894287109375, -0.1417699605226516   , 0.1448542326688766, 0.6971324682235718, -0.1741206645965576, 0.1785292625427246, 0.7001004219055176, -0.1600118279457092, 0.1961267441511154, 0.6712708473205566, -0.1423484683036804,   0.0,   0.0,   0.0,   0.0,   0.0,   0.0,   0.0,   0.0,   0.0,   0.0,   0.0,   0.0,   0.0,   0.0,   0.0,   0.0,   0.0,   0.0,   0.0,   0.0,   0.0,   0.0,   0.0,   0.0,   0.0,   0.0,   0.0,   0.0,   0.0,   0.0,    0.0,    0.0,    0.0,    0.0,    0.0,    0.0,    0.0,    0.0,    0.0,    0.0,    0.0,    0.0,    0.0,    0.0,    0.0,    0.0,    0.0,    0.0,    0.0,    0.0,    0.0,    0.0,    0.0,    0.0,    0.0,    0.0,    0.0,    0.0,    0.0,    0.0,    0.0,    0.0,    0.0, YOU
0.3023714423179626, 0.5949188470840454, 1.6918704659474318e-07 , 0.3779098093509674, 0.6300829648971558, -0.0725677832961082  , 0.4141743779182434, 0.6699000597000122, -0.1322504878044128, 0.3776178061962127, 0.7364673614501953, -0.1829655170440673  , 0.3183093667030334, 0.7879736423492432, -0.2299396395683288  , 0.3603968918323517, 0.5197963714599609, -0.1482135355472564, 0.3667404651641845, 0.5811975598335266, -0.2108935415744781, 0.3811052739620209, 0.6231630444526672, -0.2448844313621521, 0.3714260756969452, 0.6446725726127625, -0.2646109461784363, 0.2804092168807983, 0.5170897245407104, -0.1400772482156753, 0.2983195185661316, 0.7194315195083618, -0.1970803141593933, 0.3265551626682281, 0.7641351222991943, -0.2045854181051254, 0.3340519070625305, 0.7446619272232056, -0.2098810672760009, 0.2208882570266723, 0.5496159195899963, -0.1348779648542404, 0.2462734133005142, 0.7425931692123413, -0.1743795722723007, 0.2789400517940521, 0.7617522478103638, -0.1562479883432388, 0.2923456132411957, 0.722981333732605 , -0.143993079662323 , 0.1810804009437561, 0.5907469987869263, -0.1386304497718811   , 0.2090504020452499, 0.7416942715644836, -0.1664456576108932, 0.2343532145023346, 0.7584137916564941, -0.1554903090000152, 0.2444618344306945, 0.7301416397094727, -0.1449374109506607,   0.0,   0.0,   0.0,   0.0,   0.0,   0.0,   0.0,   0.0,   0.0,   0.0,   0.0,   0.0,   0.0,   0.0,   0.0,   0.0,   0.0,   0.0,   0.0,   0.0,   0.0,   0.0,   0.0,   0.0,   0.0,   0.0,   0.0,   0.0,   0.0,   0.0,    0.0,    0.0,    0.0,    0.0,    0.0,    0.0,    0.0,    0.0,    0.0,    0.0,    0.0,    0.0,    0.0,    0.0,    0.0,    0.0,    0.0,    0.0,    0.0,    0.0,    0.0,    0.0,    0.0,    0.0,    0.0,    0.0,    0.0,    0.0,    0.0,    0.0,    0.0,    0.0,    0.0, YOU
0.2946638464927673, 0.5569210648536682, -2.445170252940443e-07 , 0.3330795466899872, 0.5692877769470215, -0.0446903072297573  , 0.3452526032924652, 0.5803945660591125, -0.0830627605319023, 0.2991258502006531, 0.6340328454971313, -0.1163364797830581  , 0.2411346286535263, 0.666445255279541 , -0.1474094241857528  , 0.2982626259326935, 0.4386977553367615, -0.0853325650095939, 0.3109899163246155, 0.4918806850910187, -0.1296244114637375, 0.3189263939857483, 0.4997715950012207, -0.1586534082889557, 0.3186942636966705, 0.4865124225616455, -0.1782885640859604, 0.2382179498672485, 0.427726536989212 , -0.0827433913946151, 0.2581172287464142, 0.5707640647888184, -0.1133755818009376, 0.2810183465480804, 0.5849359631538391, -0.120972603559494 , 0.2900488674640655, 0.557772696018219 , -0.1294675320386886, 0.197404071688652 , 0.4520610570907593, -0.0827013850212097, 0.2130968868732452, 0.5928850769996643, -0.1030386090278625, 0.2376246750354766, 0.6017165184020996, -0.0892383903264999, 0.2448893785476684, 0.5686762928962708, -0.083023764193058 , 0.166643887758255 , 0.4880340099334717, -0.0889113545417785   , 0.1818253695964813, 0.5934700965881348, -0.1047535836696624, 0.2048429250717163, 0.6013104915618896, -0.0973215848207473, 0.2130877375602722, 0.5731083154678345, -0.0910509899258613,   0.0,   0.0,   0.0,   0.0,   0.0,   0.0,   0.0,   0.0,   0.0,   0.0,   0.0,   0.0,   0.0,   0.0,   0.0,   0.0,   0.0,   0.0,   0.0,   0.0,   0.0,   0.0,   0.0,   0.0,   0.0,   0.0,   0.0,   0.0,   0.0,   0.0,    0.0,    0.0,    0.0,    0.0,    0.0,    0.0,    0.0,    0.0,    0.0,    0.0,    0.0,    0.0,    0.0,    0.0,    0.0,    0.0,    0.0,    0.0,    0.0,    0.0,    0.0,    0.0,    0.0,    0.0,    0.0,    0.0,    0.0,    0.0,    0.0,    0.0,    0.0,    0.0,    0.0, YOU
0.3113145232200622, 0.5428912043571472, 1.731657874870507e-07  , 0.3682557046413421, 0.5595353841781616, -0.041106704622507   , 0.4048323631286621, 0.572182297706604 , -0.0738724395632743, 0.3792620599269867, 0.6166715025901794, -0.100866712629795   , 0.3388026058673858, 0.6503748893737793, -0.123919777572155   , 0.377426266670227 , 0.4586500227451324, -0.088635042309761 , 0.3783842027187347, 0.4968334436416626, -0.1332773268222808, 0.364378422498703 , 0.5000855922698975, -0.1591936200857162, 0.3426381945610046, 0.4886080920696258, -0.1745847761631012, 0.3207874298095703, 0.4422824084758758, -0.0851598978042602, 0.3270935416221618, 0.5891542434692383, -0.1243301257491111, 0.345942348241806 , 0.6010439991950989, -0.1261728703975677, 0.353097915649414 , 0.5764979124069214, -0.1254195719957351, 0.2766863405704498, 0.4634925425052643, -0.0843229070305824, 0.296553760766983 , 0.6096469163894653, -0.1081873923540115, 0.3219401240348816, 0.6109216213226318, -0.0858345329761505, 0.3341096043586731, 0.5785539150238037, -0.0681928694248199, 0.244909405708313 , 0.496566504240036 , -0.090233489871025    , 0.2658095359802246, 0.6057038903236389, -0.1130413711071014, 0.2863230109214782, 0.6021876335144043, -0.1046542003750801, 0.2960150241851806, 0.5709288120269775, -0.0928801521658897,   0.0,   0.0,   0.0,   0.0,   0.0,   0.0,   0.0,   0.0,   0.0,   0.0,   0.0,   0.0,   0.0,   0.0,   0.0,   0.0,   0.0,   0.0,   0.0,   0.0,   0.0,   0.0,   0.0,   0.0,   0.0,   0.0,   0.0,   0.0,   0.0,   0.0,    0.0,    0.0,    0.0,    0.0,    0.0,    0.0,    0.0,    0.0,    0.0,    0.0,    0.0,    0.0,    0.0,    0.0,    0.0,    0.0,    0.0,    0.0,    0.0,    0.0,    0.0,    0.0,    0.0,    0.0,    0.0,    0.0,    0.0,    0.0,    0.0,    0.0,    0.0,    0.0,    0.0, YOU
0.2895002961158752, 0.5156677961349487, 2.294128051971711e-07  , 0.344321072101593 , 0.5282005667686462, -0.0447898618876934  , 0.3789566457271576, 0.5362431406974792, -0.0813460648059845, 0.3509680032730102, 0.5810121893882751, -0.1127920299768447  , 0.3059581220149994, 0.6182664632797241, -0.140582725405693   , 0.3467324376106262, 0.4120380580425262, -0.0881498754024505, 0.3439801633358001, 0.4308978617191314, -0.1344840377569198, 0.3430160284042358, 0.4384955167770386, -0.1567570269107818, 0.3347889482975006, 0.4354223012924194, -0.1690134555101394, 0.29262575507164  , 0.3942345976829529, -0.0846830606460571, 0.2929482460021972, 0.5191876292228699, -0.1277203857898712, 0.3156980872154236, 0.5509930849075317, -0.1272830814123153, 0.3296840488910675, 0.5316256880760193, -0.1226448118686676, 0.2506309151649475, 0.4085182249546051, -0.0851191282272338, 0.2607063353061676, 0.5465644001960754, -0.115404188632965 , 0.2859930098056793, 0.5554990768432617, -0.0942972525954246, 0.3003868460655212, 0.516850471496582 , -0.0758024901151657, 0.2207317650318145, 0.4344700872898102, -0.0923577174544334   , 0.2333428859710693, 0.5433447957038879, -0.118262343108654 , 0.2524280548095703, 0.5530199408531189, -0.1119554713368415, 0.2635711133480072, 0.523986279964447 , -0.1014018803834915,   0.0,   0.0,   0.0,   0.0,   0.0,   0.0,   0.0,   0.0,   0.0,   0.0,   0.0,   0.0,   0.0,   0.0,   0.0,   0.0,   0.0,   0.0,   0.0,   0.0,   0.0,   0.0,   0.0,   0.0,   0.0,   0.0,   0.0,   0.0,   0.0,   0.0,    0.0,    0.0,    0.0,    0.0,    0.0,    0.0,    0.0,    0.0,    0.0,    0.0,    0.0,    0.0,    0.0,    0.0,    0.0,    0.0,    0.0,    0.0,    0.0,    0.0,    0.0,    0.0,    0.0,    0.0,    0.0,    0.0,    0.0,    0.0,    0.0,    0.0,    0.0,    0.0,    0.0, YOU
0.2853797674179077, 0.5300011038780212, 1.5838035949400364e-07 , 0.3396114408969879, 0.5467178821563721, -0.0436823740601539  , 0.3754999041557312, 0.5533619523048401, -0.0775524377822876, 0.3496448099613189, 0.5944682359695435, -0.1071783155202865  , 0.3026284277439117, 0.6232955455780029, -0.1335314810276031  , 0.3415629863739013, 0.424217015504837 , -0.0790298581123352, 0.3390731513500213, 0.4447959661483764, -0.125733733177185 , 0.3417140245437622, 0.4723199605941772, -0.1477365046739578, 0.337678849697113 , 0.4748002588748932, -0.1592156738042831, 0.288985401391983 , 0.4108838140964508, -0.0765041708946228, 0.2852816581726074, 0.5064497590065002, -0.1182779446244239, 0.30789715051651  , 0.5562228560447693, -0.1190686076879501, 0.3236393630504608, 0.5463206768035889, -0.115886814892292 , 0.2481836676597595, 0.4255518913269043, -0.0785190090537071, 0.2535371780395508, 0.5362861752510071, -0.1098293289542198, 0.2767679095268249, 0.5652682781219482, -0.0929707586765289, 0.2920048832893371, 0.5369808077812195, -0.0778741538524627, 0.2167750149965286, 0.4499596059322357, -0.086556576192379    , 0.2264726758003235, 0.5428744554519653, -0.1078820303082466, 0.2440153062343597, 0.5643720626831055, -0.1008139252662658, 0.255928099155426 , 0.5459374189376831, -0.0920528471469879,   0.0,   0.0,   0.0,   0.0,   0.0,   0.0,   0.0,   0.0,   0.0,   0.0,   0.0,   0.0,   0.0,   0.0,   0.0,   0.0,   0.0,   0.0,   0.0,   0.0,   0.0,   0.0,   0.0,   0.0,   0.0,   0.0,   0.0,   0.0,   0.0,   0.0,    0.0,    0.0,    0.0,    0.0,    0.0,    0.0,    0.0,    0.0,    0.0,    0.0,    0.0,    0.0,    0.0,    0.0,    0.0,    0.0,    0.0,    0.0,    0.0,    0.0,    0.0,    0.0,    0.0,    0.0,    0.0,    0.0,    0.0,    0.0,    0.0,    0.0,    0.0,    0.0,    0.0, YOU
0.281336635351181 , 0.518513023853302 , 2.293109560014273e-07  , 0.3414772450923919, 0.5357497930526733, -0.0428299792110919  , 0.3761696815490722, 0.5439321994781494, -0.0760130211710929, 0.3490044176578522, 0.5881296396255493, -0.1043707951903343  , 0.3022977411746979, 0.6213945150375366, -0.1287350207567215  , 0.3347341120243072, 0.4217121601104736, -0.0855622664093971, 0.3381055295467376, 0.4497137367725372, -0.1299792677164077, 0.3415864408016205, 0.4502682089805603, -0.1527042239904403, 0.3355966210365295, 0.4424156844615936, -0.1654784232378006, 0.2822157144546509, 0.4046319723129272, -0.0815025195479393, 0.293472558259964 , 0.5545571446418762, -0.1208127215504646, 0.3174477815628052, 0.5633132457733154, -0.119218036532402 , 0.3277412950992584, 0.5306442975997925, -0.1151976883411407, 0.2414401173591613, 0.4237879812717438, -0.0811263993382453, 0.2607453465461731, 0.5723015666007996, -0.1071613132953643, 0.2854489386081695, 0.5638433694839478, -0.0841143950819969, 0.2970624566078186, 0.5211451053619385, -0.0649408549070358, 0.2131987810134887, 0.4558565318584442, -0.0879740938544273   , 0.2353820204734802, 0.5718469619750977, -0.1151587888598442, 0.2548236846923828, 0.5631819367408752, -0.1107103005051612, 0.262606680393219 , 0.5255811810493469, -0.1007012575864791,   0.0,   0.0,   0.0,   0.0,   0.0,   0.0,   0.0,   0.0,   0.0,   0.0,   0.0,   0.0,   0.0,   0.0,   0.0,   0.0,   0.0,   0.0,   0.0,   0.0,   0.0,   0.0,   0.0,   0.0,   0.0,   0.0,   0.0,   0.0,   0.0,   0.0,    0.0,    0.0,    0.0,    0.0,    0.0,    0.0,    0.0,    0.0,    0.0,    0.0,    0.0,    0.0,    0.0,    0.0,    0.0,    0.0,    0.0,    0.0,    0.0,    0.0,    0.0,    0.0,    0.0,    0.0,    0.0,    0.0,    0.0,    0.0,    0.0,    0.0,    0.0,    0.0,    0.0, YOU
0.2911849319934845, 0.515728771686554 , 2.914975425483135e-07  , 0.3612628579139709, 0.5472597479820251, -0.0388327613472938  , 0.4000373780727386, 0.5764481425285339, -0.071987397968769 , 0.3644056618213653, 0.6332204341888428, -0.0996295884251594  , 0.3023819923400879, 0.6786479353904724, -0.1263978034257888  , 0.3341482579708099, 0.4756157994270324, -0.0921290516853332, 0.3305127322673797, 0.5128204822540283, -0.1311570852994918, 0.3463411629199981, 0.5279169082641602, -0.1588147133588791, 0.347701758146286 , 0.5303742289543152, -0.1765003055334091, 0.2798815965652466, 0.4702010452747345, -0.0887976586818695, 0.2895281314849853, 0.6093932390213013, -0.1176340132951736, 0.3148370683193207, 0.6134241223335266, -0.1223861798644065, 0.3224633336067199, 0.5857431888580322, -0.1288038343191146, 0.2402298003435135, 0.4928471446037292, -0.085819199681282 , 0.2595711052417755, 0.6264958381652832, -0.1037601009011268, 0.2836604416370392, 0.6180410981178284, -0.0887282341718673, 0.2901292443275451, 0.5847063064575195, -0.0790963992476463, 0.2145686745643615, 0.5237231850624084, -0.0889723747968673   , 0.233239084482193 , 0.6296156644821167, -0.1078091561794281, 0.2544182240962982, 0.6215000748634338, -0.1011267155408859, 0.2608592212200165, 0.5900341272354126, -0.0942666158080101,   0.0,   0.0,   0.0,   0.0,   0.0,   0.0,   0.0,   0.0,   0.0,   0.0,   0.0,   0.0,   0.0,   0.0,   0.0,   0.0,   0.0,   0.0,   0.0,   0.0,   0.0,   0.0,   0.0,   0.0,   0.0,   0.0,   0.0,   0.0,   0.0,   0.0,    0.0,    0.0,    0.0,    0.0,    0.0,    0.0,    0.0,    0.0,    0.0,    0.0,    0.0,    0.0,    0.0,    0.0,    0.0,    0.0,    0.0,    0.0,    0.0,    0.0,    0.0,    0.0,    0.0,    0.0,    0.0,    0.0,    0.0,    0.0,    0.0,    0.0,    0.0,    0.0,    0.0, YOU
0.2848665714263916, 0.5075771808624268, 3.3143490441034373e-07 , 0.3507026731967926, 0.5294020771980286, -0.0325645580887794  , 0.38147833943367  , 0.5584519505500793, -0.0664418637752533, 0.3494389653205871, 0.6247491836547852, -0.0968941673636436  , 0.2939392030239105, 0.6743689775466919, -0.1275682896375656  , 0.3291334509849548, 0.4621653854846954, -0.0841907635331153, 0.336321473121643 , 0.5088422298431396, -0.1203555017709732, 0.3465780615806579, 0.535353422164917 , -0.1471845656633377, 0.3385375440120697, 0.5385789275169373, -0.164845123887062 , 0.2764714956283569, 0.4632519483566284, -0.0849177986383438, 0.2882181107997894, 0.5945767760276794, -0.1108172610402107, 0.3105253577232361, 0.6099317073822021, -0.116609551012516 , 0.3154488801956177, 0.5878602862358093, -0.1250336468219757, 0.2353538870811462, 0.4894762337207794, -0.0855929479002952, 0.2557872831821441, 0.6145409345626831, -0.1000773832201957, 0.2800856232643127, 0.615804135799408 , -0.0866228193044662, 0.2850521802902221, 0.5854476690292358, -0.0797379687428474, 0.2084711790084839, 0.5218965411186218, -0.0915190726518631   , 0.2293799519538879, 0.6191008687019348, -0.1037342473864555, 0.2505380809307098, 0.619642436504364 , -0.093085803091526 , 0.2554024159908294, 0.5943354368209839, -0.0854519456624984,   0.0,   0.0,   0.0,   0.0,   0.0,   0.0,   0.0,   0.0,   0.0,   0.0,   0.0,   0.0,   0.0,   0.0,   0.0,   0.0,   0.0,   0.0,   0.0,   0.0,   0.0,   0.0,   0.0,   0.0,   0.0,   0.0,   0.0,   0.0,   0.0,   0.0,    0.0,    0.0,    0.0,    0.0,    0.0,    0.0,    0.0,    0.0,    0.0,    0.0,    0.0,    0.0,    0.0,    0.0,    0.0,    0.0,    0.0,    0.0,    0.0,    0.0,    0.0,    0.0,    0.0,    0.0,    0.0,    0.0,    0.0,    0.0,    0.0,    0.0,    0.0,    0.0,    0.0, YOU
0.3316109776496887, 0.5105977058410645, 3.8578221506213605e-07 , 0.3874062001705169, 0.5494547486305237, -0.0291943158954381  , 0.4192891716957092, 0.5995538830757141, -0.0600147433578968, 0.3953135907649994, 0.6647974252700806, -0.0883486941456794  , 0.3478820919990539, 0.7094894051551819, -0.1166022717952728  , 0.3734654784202575, 0.5048701763153076, -0.0745718479156494, 0.3875758945941925, 0.5627228021621704, -0.1067512705922126, 0.3934411406517029, 0.5929837226867676, -0.1297731846570968, 0.3859425485134125, 0.5955736637115479, -0.1442282050848007, 0.3260692954063415, 0.5062064528465271, -0.0775193199515342, 0.3310199081897735, 0.6220479607582092, -0.1004107668995857, 0.3476500213146209, 0.6397398114204407, -0.1017133817076683, 0.3538326621055603, 0.6239173412322998, -0.1058129593729972, 0.2852206528186798, 0.527837336063385 , -0.0810819566249847, 0.2979690432548523, 0.649753212928772 , -0.0943317115306854, 0.319412887096405 , 0.657607913017273 , -0.07722207903862  , 0.3234285116195678, 0.6343093514442444, -0.0666826292872428, 0.2553119659423828, 0.5557172298431396, -0.089692011475563    , 0.2700821161270141, 0.6557332277297974, -0.0974591001868248, 0.2889841794967651, 0.6603579521179199, -0.0827593430876731, 0.293377548456192 , 0.6367058157920837, -0.0724705010652542,   0.0,   0.0,   0.0,   0.0,   0.0,   0.0,   0.0,   0.0,   0.0,   0.0,   0.0,   0.0,   0.0,   0.0,   0.0,   0.0,   0.0,   0.0,   0.0,   0.0,   0.0,   0.0,   0.0,   0.0,   0.0,   0.0,   0.0,   0.0,   0.0,   0.0,    0.0,    0.0,    0.0,    0.0,    0.0,    0.0,    0.0,    0.0,    0.0,    0.0,    0.0,    0.0,    0.0,    0.0,    0.0,    0.0,    0.0,    0.0,    0.0,    0.0,    0.0,    0.0,    0.0,    0.0,    0.0,    0.0,    0.0,    0.0,    0.0,    0.0,    0.0,    0.0,    0.0, YOU
0.3391097784042358, 0.5279732942581177, 4.574734759899002e-07  , 0.3906159996986389, 0.5685129165649414, -0.0321272015571594  , 0.4118342399597168, 0.6249037981033325, -0.0684632733464241, 0.3806723058223724, 0.6926157474517822, -0.1014453098177909  , 0.3286953568458557, 0.7346776723861694, -0.1344463974237442  , 0.3666752576828003, 0.5216803550720215, -0.0896262750029563, 0.3763858079910278, 0.572259783744812 , -0.1254802495241165, 0.3806601464748382, 0.5989745259284973, -0.1472066789865493, 0.3748541474342346, 0.6046359539031982, -0.1598631292581558, 0.3168374300003052, 0.5219131112098694, -0.0915331915020942, 0.3266692757606506, 0.6352722644805908, -0.1177622526884079, 0.3394948244094848, 0.6457064151763916, -0.1152275279164314, 0.3454990088939667, 0.6260093450546265, -0.1160373240709304, 0.2780967950820923, 0.5425097346305847, -0.0936282649636268, 0.2919164597988128, 0.6650243401527405, -0.1089636608958244, 0.3111634850502014, 0.6669762134552002, -0.0877401679754257, 0.3145040869712829, 0.6392949819564819, -0.0741769969463348, 0.2503119707107544, 0.5666958093643188, -0.1009234338998794   , 0.2645303606986999, 0.666422426700592 , -0.1097758635878562, 0.2847462892532348, 0.6694902777671814, -0.0939298719167709, 0.2917993068695068, 0.6433170437812805, -0.0830123126506805,   0.0,   0.0,   0.0,   0.0,   0.0,   0.0,   0.0,   0.0,   0.0,   0.0,   0.0,   0.0,   0.0,   0.0,   0.0,   0.0,   0.0,   0.0,   0.0,   0.0,   0.0,   0.0,   0.0,   0.0,   0.0,   0.0,   0.0,   0.0,   0.0,   0.0,    0.0,    0.0,    0.0,    0.0,    0.0,    0.0,    0.0,    0.0,    0.0,    0.0,    0.0,    0.0,    0.0,    0.0,    0.0,    0.0,    0.0,    0.0,    0.0,    0.0,    0.0,    0.0,    0.0,    0.0,    0.0,    0.0,    0.0,    0.0,    0.0,    0.0,    0.0,    0.0,    0.0, YOU
0.3198529183864593, 0.529636025428772 , 3.03808803892025e-07   , 0.3460927903652191, 0.5721220970153809, -0.0326436460018157  , 0.3439124822616577, 0.6149231791496277, -0.0774947479367256, 0.3166900873184204, 0.6679356098175049, -0.1185828447341919  , 0.2806616723537445, 0.7032429575920105, -0.1606542766094207  , 0.3121118545532226, 0.5180043578147888, -0.120175652205944 , 0.3019092977046966, 0.5801132917404175, -0.1702683418989181, 0.2945950031280517, 0.606189489364624 , -0.2017993628978729, 0.2895034551620483, 0.606555163860321 , -0.2230082899332046, 0.2706636190414428, 0.5095636248588562, -0.1293961107730865, 0.274600625038147 , 0.6235069632530212, -0.1774053126573562, 0.2686185240745544, 0.6501771211624146, -0.1878835558891296, 0.2642111778259277, 0.6451001167297363, -0.1985328048467636, 0.2401475310325622, 0.5222991108894348, -0.1363017410039901, 0.2431520670652389, 0.642942488193512 , -0.1710910201072693, 0.2368511259555816, 0.6527411937713623, -0.1587611585855484, 0.2317175716161728, 0.6280884742736816, -0.1521416157484054, 0.2179763913154602, 0.5418609976768494, -0.1465769708156585   , 0.2112139612436294, 0.6426845788955688, -0.1653235852718353, 0.2102459073066711, 0.6551805138587952, -0.152299016714096 , 0.2125464677810669, 0.6358808875083923, -0.1462582647800445,   0.0,   0.0,   0.0,   0.0,   0.0,   0.0,   0.0,   0.0,   0.0,   0.0,   0.0,   0.0,   0.0,   0.0,   0.0,   0.0,   0.0,   0.0,   0.0,   0.0,   0.0,   0.0,   0.0,   0.0,   0.0,   0.0,   0.0,   0.0,   0.0,   0.0,    0.0,    0.0,    0.0,    0.0,    0.0,    0.0,    0.0,    0.0,    0.0,    0.0,    0.0,    0.0,    0.0,    0.0,    0.0,    0.0,    0.0,    0.0,    0.0,    0.0,    0.0,    0.0,    0.0,    0.0,    0.0,    0.0,    0.0,    0.0,    0.0,    0.0,    0.0,    0.0,    0.0, YOU
0.3373152017593384, 0.4940605461597442, 2.7697245741364895e-07 , 0.3841959834098816, 0.5260387659072876, -0.0333990268409252  , 0.3940436244010925, 0.5708550214767456, -0.0717767998576164, 0.3582929670810699, 0.639008104801178 , -0.1062455400824546  , 0.3048864603042602, 0.6898696422576904, -0.1416581273078918  , 0.3280612528324127, 0.482822060585022 , -0.0971462056040763, 0.3265413343906402, 0.5701934099197388, -0.1354416757822036, 0.3307024240493774, 0.6058970093727112, -0.163328543305397 , 0.3251380920410156, 0.6107409000396729, -0.1816424280405044, 0.2782913148403168, 0.4883923828601837, -0.0999902263283729, 0.2751033902168274, 0.603809118270874 , -0.1245295032858848, 0.2847883105278015, 0.61576247215271  , -0.127340018749237 , 0.2887785136699676, 0.5964995622634888, -0.1369363069534301, 0.2443708777427673, 0.507708728313446 , -0.1022647023200988, 0.2501222193241119, 0.6207621097564697, -0.1172977313399314, 0.2611907124519348, 0.6205278038978577, -0.1030259877443313, 0.2656012177467346, 0.5934929251670837, -0.0980560779571533, 0.221864566206932 , 0.5313745141029358, -0.1094509735703468   , 0.2248214781284332, 0.6212271451950073, -0.1158225983381271, 0.2329613119363784, 0.6194742918014526, -0.1011150702834129, 0.2356128096580505, 0.5940343141555786, -0.0949153825640678,   0.0,   0.0,   0.0,   0.0,   0.0,   0.0,   0.0,   0.0,   0.0,   0.0,   0.0,   0.0,   0.0,   0.0,   0.0,   0.0,   0.0,   0.0,   0.0,   0.0,   0.0,   0.0,   0.0,   0.0,   0.0,   0.0,   0.0,   0.0,   0.0,   0.0,    0.0,    0.0,    0.0,    0.0,    0.0,    0.0,    0.0,    0.0,    0.0,    0.0,    0.0,    0.0,    0.0,    0.0,    0.0,    0.0,    0.0,    0.0,    0.0,    0.0,    0.0,    0.0,    0.0,    0.0,    0.0,    0.0,    0.0,    0.0,    0.0,    0.0,    0.0,    0.0,    0.0, YOU
0.3131831586360931, 0.4990713596343994, 2.0040265269472002e-07 , 0.376253217458725 , 0.5355831384658813, -0.0449647344648838  , 0.4018307626247406, 0.5735589861869812, -0.0865561664104461, 0.3591014146804809, 0.6351138949394226, -0.1198708489537239  , 0.2966465353965759, 0.6957582235336304, -0.1519796848297119  , 0.3282701075077057, 0.4866552948951721, -0.1242507919669151, 0.3093308210372925, 0.5592831969261169, -0.1709372699260711, 0.3009973168373108, 0.6039573550224304, -0.1986262798309326, 0.2824481129646301, 0.6110498905181885, -0.2149917036294937, 0.2694193720817566, 0.479341059923172 , -0.1195981279015541, 0.2554200291633606, 0.5863687992095947, -0.1516975164413452, 0.2830310761928558, 0.611361563205719 , -0.1535556316375732, 0.2967893481254577, 0.5983380675315857, -0.1604506820440292, 0.2299230098724365, 0.4936809539794922, -0.1140922829508781, 0.2309325784444809, 0.6006947755813599, -0.1349877119064331, 0.2572692036628723, 0.6169468760490417, -0.1181847676634788, 0.2702382802963257, 0.6002196669578552, -0.1091800108551979, 0.2070935070514679, 0.5181655883789062, -0.1144545450806617   , 0.208291620016098 , 0.6105430722236633, -0.1316920816898346, 0.2323626428842544, 0.6256693601608276, -0.1224012002348899, 0.2454776018857956, 0.6117126941680908, -0.116788275539875 ,   0.0,   0.0,   0.0,   0.0,   0.0,   0.0,   0.0,   0.0,   0.0,   0.0,   0.0,   0.0,   0.0,   0.0,   0.0,   0.0,   0.0,   0.0,   0.0,   0.0,   0.0,   0.0,   0.0,   0.0,   0.0,   0.0,   0.0,   0.0,   0.0,   0.0,    0.0,    0.0,    0.0,    0.0,    0.0,    0.0,    0.0,    0.0,    0.0,    0.0,    0.0,    0.0,    0.0,    0.0,    0.0,    0.0,    0.0,    0.0,    0.0,    0.0,    0.0,    0.0,    0.0,    0.0,    0.0,    0.0,    0.0,    0.0,    0.0,    0.0,    0.0,    0.0,    0.0, YOU
0.2919805943965912, 0.5075871348381042, 2.179288429715598e-07  , 0.3384889364242553, 0.4862321317195892, -0.0387714803218841  , 0.3758052587509155, 0.5053306221961975, -0.0814965143799781, 0.3880179226398468, 0.5873051881790161, -0.1181892082095146  , 0.3771720230579376, 0.6731514930725098, -0.155567392706871   , 0.2860889136791229, 0.5021248459815979, -0.1144722700119018, 0.3441337049007416, 0.5965203642845154, -0.1603339165449142, 0.3410166501998901, 0.6110666990280151, -0.1892116218805313, 0.3217560350894928, 0.601076066493988 , -0.207750454545021 , 0.2457348406314849, 0.5469465851783752, -0.1147785410284996, 0.3206978142261505, 0.6241841316223145, -0.1484463512897491, 0.3210263550281524, 0.6235603094100952, -0.1507498174905777, 0.308212012052536 , 0.6019183993339539, -0.1582773029804229, 0.2275853455066681, 0.5862100124359131, -0.1143770515918731, 0.3056042492389679, 0.6504608392715454, -0.1346755176782608, 0.3034045100212097, 0.641801118850708 , -0.1152030676603317, 0.2863886952400207, 0.6165688037872314, -0.1053353175520896, 0.2196562886238098, 0.6185489892959595, -0.1189550161361694   , 0.2804166078567505, 0.6660510301589966, -0.1271643191576004, 0.2850944399833679, 0.6564524173736572, -0.1113208085298538, 0.2707629203796386, 0.6321893930435181, -0.1044400334358215,   0.0,   0.0,   0.0,   0.0,   0.0,   0.0,   0.0,   0.0,   0.0,   0.0,   0.0,   0.0,   0.0,   0.0,   0.0,   0.0,   0.0,   0.0,   0.0,   0.0,   0.0,   0.0,   0.0,   0.0,   0.0,   0.0,   0.0,   0.0,   0.0,   0.0,    0.0,    0.0,    0.0,    0.0,    0.0,    0.0,    0.0,    0.0,    0.0,    0.0,    0.0,    0.0,    0.0,    0.0,    0.0,    0.0,    0.0,    0.0,    0.0,    0.0,    0.0,    0.0,    0.0,    0.0,    0.0,    0.0,    0.0,    0.0,    0.0,    0.0,    0.0,    0.0,    0.0, YOU
0.2798569500446319, 0.5935446619987488, 2.970450339034869e-07  , 0.3061660230159759, 0.6842039823532104, -0.0457934811711311  , 0.298591136932373 , 0.7636305093765259, -0.0949690416455268, 0.2612054944038391, 0.821815013885498 , -0.1351069211959839  , 0.2104521989822387, 0.8402837514877319, -0.1734516471624374  , 0.2567453980445862, 0.635150134563446 , -0.1409008949995041, 0.2461794316768646, 0.7460992336273193, -0.1834986358880996, 0.2562853395938873, 0.7720869779586792, -0.2039188295602798, 0.2524977326393127, 0.7555338144302368, -0.2174982875585556, 0.2125204205513   , 0.6099478006362915, -0.1393496543169021, 0.1942915618419647, 0.7582331299781799, -0.17084801197052  , 0.21023491024971  , 0.7702233791351318, -0.1659401953220367, 0.2188178598880767, 0.7432928085327148, -0.1712830662727356, 0.1812938451766967, 0.6118397116661072, -0.1358715742826461, 0.1685057878494262, 0.7683398127555847, -0.1531413346529007, 0.1863723248243332, 0.7713202238082886, -0.1317125409841537, 0.1956979632377624, 0.7370822429656982, -0.1253067255020141, 0.1560306698083877, 0.6281365752220154, -0.1385462284088134   , 0.1463785767555236, 0.761870801448822 , -0.1536720097064972, 0.1536536663770675, 0.7682784199714661, -0.1425093412399292, 0.1569109559059143, 0.7387309074401855, -0.1399912238121032,   0.0,   0.0,   0.0,   0.0,   0.0,   0.0,   0.0,   0.0,   0.0,   0.0,   0.0,   0.0,   0.0,   0.0,   0.0,   0.0,   0.0,   0.0,   0.0,   0.0,   0.0,   0.0,   0.0,   0.0,   0.0,   0.0,   0.0,   0.0,   0.0,   0.0,    0.0,    0.0,    0.0,    0.0,    0.0,    0.0,    0.0,    0.0,    0.0,    0.0,    0.0,    0.0,    0.0,    0.0,    0.0,    0.0,    0.0,    0.0,    0.0,    0.0,    0.0,    0.0,    0.0,    0.0,    0.0,    0.0,    0.0,    0.0,    0.0,    0.0,    0.0,    0.0,    0.0, YOU
0.2574005722999573, 0.5818758606910706, 2.408496015959827e-07  , 0.31842041015625  , 0.6051902174949646, -0.0555162169039249  , 0.348506212234497 , 0.6089029908180237, -0.0980908572673797, 0.3056983649730682, 0.6249227523803711, -0.1333371549844741  , 0.2529365420341491, 0.6366209387779236, -0.1652332842350006  , 0.3160256445407867, 0.4661360681056976, -0.1043036878108978, 0.3160131573677063, 0.4742628335952759, -0.1536927074193954, 0.3173010647296905, 0.481732964515686 , -0.1804653406143188, 0.3059910237789154, 0.4779205620288849, -0.1960354745388031, 0.2620907723903656, 0.4398638010025024, -0.095798835158348 , 0.2508045434951782, 0.5706608295440674, -0.1391291618347168, 0.2718122601509094, 0.6130305528640747, -0.144184872508049 , 0.2847289443016052, 0.6020007729530334, -0.1452589035034179, 0.2180495113134384, 0.452982634305954 , -0.0907742977142334, 0.2128665745258331, 0.5934446454048157, -0.1234540268778801, 0.2420480549335479, 0.616810142993927 , -0.108742356300354 , 0.2619239091873169, 0.5914535522460938, -0.0956135988235473, 0.1843721270561218, 0.4794991910457611, -0.092530071735382    , 0.1867517679929733, 0.5842357277870178, -0.1188466548919677, 0.2084845602512359, 0.603212833404541 , -0.1134361997246742, 0.2234059870243072, 0.5838420391082764, -0.1044363975524902,   0.0,   0.0,   0.0,   0.0,   0.0,   0.0,   0.0,   0.0,   0.0,   0.0,   0.0,   0.0,   0.0,   0.0,   0.0,   0.0,   0.0,   0.0,   0.0,   0.0,   0.0,   0.0,   0.0,   0.0,   0.0,   0.0,   0.0,   0.0,   0.0,   0.0,    0.0,    0.0,    0.0,    0.0,    0.0,    0.0,    0.0,    0.0,    0.0,    0.0,    0.0,    0.0,    0.0,    0.0,    0.0,    0.0,    0.0,    0.0,    0.0,    0.0,    0.0,    0.0,    0.0,    0.0,    0.0,    0.0,    0.0,    0.0,    0.0,    0.0,    0.0,    0.0,    0.0, YOU
0.2877147495746612, 0.4756876230239868, 2.8586129019458895e-07 , 0.3301973044872284, 0.5272817611694336, -0.0487860143184661  , 0.3346869349479675, 0.5626406669616699, -0.0949933007359504, 0.2944289743900299, 0.6065414547920227, -0.1363436728715896  , 0.2367157340049743, 0.635045051574707 , -0.1774852722883224  , 0.3093963265419006, 0.4518941342830658, -0.1051186993718147, 0.2993768751621246, 0.4947191774845123, -0.1457361578941345, 0.3079979419708252, 0.4970669746398926, -0.1740035712718963, 0.311711698770523 , 0.4733835160732269, -0.1948273330926895, 0.2569126486778259, 0.4374424815177917, -0.1043671742081642, 0.2402696311473846, 0.5553846955299377, -0.1392037123441696, 0.2472566366195678, 0.5567774772644043, -0.1472413390874862, 0.2522202432155609, 0.5213320255279541, -0.1582985073328018, 0.2141781896352768, 0.4493846893310547, -0.1046331152319908, 0.2052416354417801, 0.5720846056938171, -0.1336890608072281, 0.2179938405752182, 0.5696391463279724, -0.12861929833889  , 0.2241567969322204, 0.5300629734992981, -0.1271667778491974, 0.1825239360332489, 0.4698647260665893, -0.1103964447975158   , 0.179729163646698 , 0.5740370154380798, -0.1308733820915222, 0.1875822395086288, 0.5733932256698608, -0.1264229267835617, 0.1912557184696197, 0.539232611656189 , -0.1256294399499893,   0.0,   0.0,   0.0,   0.0,   0.0,   0.0,   0.0,   0.0,   0.0,   0.0,   0.0,   0.0,   0.0,   0.0,   0.0,   0.0,   0.0,   0.0,   0.0,   0.0,   0.0,   0.0,   0.0,   0.0,   0.0,   0.0,   0.0,   0.0,   0.0,   0.0,    0.0,    0.0,    0.0,    0.0,    0.0,    0.0,    0.0,    0.0,    0.0,    0.0,    0.0,    0.0,    0.0,    0.0,    0.0,    0.0,    0.0,    0.0,    0.0,    0.0,    0.0,    0.0,    0.0,    0.0,    0.0,    0.0,    0.0,    0.0,    0.0,    0.0,    0.0,    0.0,    0.0, YOU
0.2869934737682342, 0.5027222037315369, 3.592783457406768e-07  , 0.3512278795242309, 0.5381209850311279, -0.0415644347667694  , 0.3682902157306671, 0.5668768882751465, -0.0792068317532539, 0.3187253773212433, 0.6136423349380493, -0.1113193854689598  , 0.2506071329116821, 0.650600790977478 , -0.1436942517757415  , 0.3170825242996216, 0.4516849517822265, -0.1002520769834518, 0.2990684509277344, 0.4726690649986267, -0.1367015987634658, 0.3097484111785888, 0.4821914732456207, -0.1604024767875671, 0.3102799654006958, 0.4814803898334503, -0.176166757941246 , 0.2595487236976623, 0.4424726963043213, -0.0964674651622772, 0.2381787449121475, 0.5418277978897095, -0.1243259981274604, 0.2673177719116211, 0.5550753474235535, -0.1281762421131134, 0.2849317193031311, 0.5429076552391052, -0.1347627788782119, 0.2157614678144455, 0.4562817811965942, -0.0925508514046669, 0.2050167769193649, 0.5567346811294556, -0.1132757142186164, 0.2370170056819915, 0.5655479431152344, -0.1031952798366546, 0.2564867436885834, 0.5549084544181824, -0.096731849014759 , 0.1862871199846267, 0.4784221947193146, -0.0940151736140251   , 0.1783166676759719, 0.5554059743881226, -0.112930916249752 , 0.2064349502325058, 0.56547611951828  , -0.1086042150855064, 0.227025032043457 , 0.5599808692932129, -0.1046857610344886,   0.0,   0.0,   0.0,   0.0,   0.0,   0.0,   0.0,   0.0,   0.0,   0.0,   0.0,   0.0,   0.0,   0.0,   0.0,   0.0,   0.0,   0.0,   0.0,   0.0,   0.0,   0.0,   0.0,   0.0,   0.0,   0.0,   0.0,   0.0,   0.0,   0.0,    0.0,    0.0,    0.0,    0.0,    0.0,    0.0,    0.0,    0.0,    0.0,    0.0,    0.0,    0.0,    0.0,    0.0,    0.0,    0.0,    0.0,    0.0,    0.0,    0.0,    0.0,    0.0,    0.0,    0.0,    0.0,    0.0,    0.0,    0.0,    0.0,    0.0,    0.0,    0.0,    0.0, YOU
0.3262577950954437, 0.5004329681396484, 3.0554269869753625e-07 , 0.3733533024787903, 0.5639148354530334, -0.0606557130813598  , 0.3696247935295105, 0.6062150001525879, -0.1096718683838844, 0.3031594157218933, 0.6486923694610596, -0.1471313685178756  , 0.2252094894647598, 0.6764535307884216, -0.1847786456346511  , 0.3275332748889923, 0.4939004480838775, -0.1422001719474792, 0.2841465175151825, 0.5776818990707397, -0.1896008998155594, 0.2877733111381531, 0.5902386903762817, -0.2195679694414138, 0.2853699922561645, 0.5698864459991455, -0.2391561269760131, 0.2762597799301147, 0.4732487499713897, -0.1293109953403473, 0.2376533895730972, 0.5998885631561279, -0.1630815416574478, 0.2628786265850067, 0.6168171763420105, -0.1674365252256393, 0.2789669036865234, 0.5998756289482117, -0.1771272420883178, 0.2397229671478271, 0.473995178937912 , -0.1159415617585182, 0.2124381363391876, 0.6003091335296631, -0.140529453754425 , 0.2382719963788986, 0.6109772324562073, -0.1309884339570999, 0.2572938799858093, 0.5912378430366516, -0.1273322105407714, 0.2160346359014511, 0.4891427755355835, -0.1093434691429138   , 0.2024445831775665, 0.5947716236114502, -0.1302495598793029, 0.2241753786802292, 0.6106719374656677, -0.127134770154953 , 0.241100400686264 , 0.5980513095855713, -0.1263970881700515,   0.0,   0.0,   0.0,   0.0,   0.0,   0.0,   0.0,   0.0,   0.0,   0.0,   0.0,   0.0,   0.0,   0.0,   0.0,   0.0,   0.0,   0.0,   0.0,   0.0,   0.0,   0.0,   0.0,   0.0,   0.0,   0.0,   0.0,   0.0,   0.0,   0.0,    0.0,    0.0,    0.0,    0.0,    0.0,    0.0,    0.0,    0.0,    0.0,    0.0,    0.0,    0.0,    0.0,    0.0,    0.0,    0.0,    0.0,    0.0,    0.0,    0.0,    0.0,    0.0,    0.0,    0.0,    0.0,    0.0,    0.0,    0.0,    0.0,    0.0,    0.0,    0.0,    0.0, YOU
0.3201375603675842, 0.5470625758171082, 1.3838787538134056e-07 , 0.3558906316757202, 0.5794094800949097, -0.0392447672784328  , 0.3510289490222931, 0.6340934038162231, -0.0865246355533599, 0.320741057395935 , 0.7039467096328735, -0.1263548582792282  , 0.2789613604545593, 0.7629212141036987, -0.1669133305549621  , 0.2576441168785095, 0.5494625568389893, -0.137173518538475 , 0.2570949792861938, 0.6496043801307678, -0.1829507946968078, 0.2653979957103729, 0.6507593989372253, -0.2082996219396591, 0.2632262408733368, 0.6306434869766235, -0.2249930649995803, 0.214902251958847 , 0.5553876757621765, -0.1378068923950195, 0.2257181257009506, 0.6789641976356506, -0.1717614233493805, 0.2328990995883941, 0.6688877940177917, -0.1672922968864441, 0.2268823981285095, 0.6391737461090088, -0.1720120012760162, 0.1953836232423782, 0.5727435350418091, -0.1363445371389389, 0.2153277099132537, 0.6946408748626709, -0.161691203713417 , 0.2215052843093872, 0.6813285946846008, -0.1445973664522171, 0.2155790627002716, 0.645962119102478 , -0.1376721411943435, 0.1899402290582656, 0.5970112085342407, -0.139380007982254    , 0.2041222006082534, 0.6885619759559631, -0.1604993045330047, 0.2116124629974365, 0.682975709438324 , -0.1533773839473724, 0.2113439440727234, 0.656358003616333 , -0.1522210538387298,   0.0,   0.0,   0.0,   0.0,   0.0,   0.0,   0.0,   0.0,   0.0,   0.0,   0.0,   0.0,   0.0,   0.0,   0.0,   0.0,   0.0,   0.0,   0.0,   0.0,   0.0,   0.0,   0.0,   0.0,   0.0,   0.0,   0.0,   0.0,   0.0,   0.0,    0.0,    0.0,    0.0,    0.0,    0.0,    0.0,    0.0,    0.0,    0.0,    0.0,    0.0,    0.0,    0.0,    0.0,    0.0,    0.0,    0.0,    0.0,    0.0,    0.0,    0.0,    0.0,    0.0,    0.0,    0.0,    0.0,    0.0,    0.0,    0.0,    0.0,    0.0,    0.0,    0.0, YOU
0.2958040833473205, 0.5249664187431335, 2.506856731088192e-07  , 0.3430139422416687, 0.5405868291854858, -0.0443988367915153  , 0.3581396639347076, 0.582617998123169 , -0.0907113254070282, 0.336761862039566 , 0.6600927710533142, -0.1288319230079651  , 0.2960789501667022, 0.7213269472122192, -0.1664187908172607  , 0.252989113330841 , 0.516600489616394 , -0.1296108663082122, 0.2809318006038666, 0.6146464943885803, -0.1691960841417312, 0.2874214649200439, 0.6237472891807556, -0.1897995471954345, 0.2773381471633911, 0.605567991733551 , -0.2024759948253631, 0.2030717432498932, 0.5404156446456909, -0.1252660304307937, 0.2416304349899292, 0.6523862481117249, -0.1527243852615356, 0.2471678555011749, 0.6436964273452759, -0.1486052721738815, 0.238932654261589 , 0.6093957424163818, -0.1537791788578033, 0.1803195774555206, 0.5704641342163086, -0.1191798150539398, 0.2278169393539428, 0.6746237277984619, -0.134497657418251 , 0.2317963540554046, 0.6610234975814819, -0.1150322631001472, 0.2207787781953811, 0.6199990510940552, -0.1077645793557167, 0.173193871974945 , 0.5972287058830261, -0.1183939203619957   , 0.2057308107614517, 0.6800491809844971, -0.1254630237817764, 0.2097060978412628, 0.6682866215705872, -0.1114197522401809, 0.2016619741916656, 0.6322420239448547, -0.1071464270353317,   0.0,   0.0,   0.0,   0.0,   0.0,   0.0,   0.0,   0.0,   0.0,   0.0,   0.0,   0.0,   0.0,   0.0,   0.0,   0.0,   0.0,   0.0,   0.0,   0.0,   0.0,   0.0,   0.0,   0.0,   0.0,   0.0,   0.0,   0.0,   0.0,   0.0,    0.0,    0.0,    0.0,    0.0,    0.0,    0.0,    0.0,    0.0,    0.0,    0.0,    0.0,    0.0,    0.0,    0.0,    0.0,    0.0,    0.0,    0.0,    0.0,    0.0,    0.0,    0.0,    0.0,    0.0,    0.0,    0.0,    0.0,    0.0,    0.0,    0.0,    0.0,    0.0,    0.0, YOU
0.3773377537727356, 0.578134298324585 , 2.8605507296219912e-08 , 0.3623761236667633, 0.583690881729126 , -0.0475607253611087  , 0.3237919807434082, 0.6070501208305359, -0.1015496701002121, 0.2833146452903747, 0.6707410216331482, -0.1493463069200515  , 0.26332688331604  , 0.7317529320716858, -0.1988695561885833  , 0.3046424388885498, 0.5298471450805664, -0.1357380151748657, 0.2637099027633667, 0.6078153252601624, -0.1915389895439148, 0.2535020112991333, 0.6339005827903748, -0.2256433367729187, 0.2575702667236328, 0.6337029337882996, -0.2487325370311737, 0.2912142872810364, 0.5558099746704102, -0.1391695290803909, 0.2585273683071136, 0.6389485001564026, -0.1889650225639343, 0.2435137927532196, 0.6489489078521729, -0.1993395388126373, 0.2513527870178222, 0.6332797408103943, -0.2104926109313964, 0.2874945700168609, 0.5936353206634521, -0.1417943388223648, 0.2608799338340759, 0.679149866104126 , -0.1855914145708084, 0.244382232427597 , 0.6795235872268677, -0.1760665774345398, 0.2469245791435241, 0.6544716954231262, -0.1698714196681976, 0.289794921875    , 0.6361692547798157, -0.1483464539051056   , 0.2645513713359833, 0.6991870999336243, -0.1774480789899826, 0.2502536475658417, 0.6977494955062866, -0.1677105277776718, 0.2505913972854614, 0.6747276186943054, -0.1622226983308792,   0.0,   0.0,   0.0,   0.0,   0.0,   0.0,   0.0,   0.0,   0.0,   0.0,   0.0,   0.0,   0.0,   0.0,   0.0,   0.0,   0.0,   0.0,   0.0,   0.0,   0.0,   0.0,   0.0,   0.0,   0.0,   0.0,   0.0,   0.0,   0.0,   0.0,    0.0,    0.0,    0.0,    0.0,    0.0,    0.0,    0.0,    0.0,    0.0,    0.0,    0.0,    0.0,    0.0,    0.0,    0.0,    0.0,    0.0,    0.0,    0.0,    0.0,    0.0,    0.0,    0.0,    0.0,    0.0,    0.0,    0.0,    0.0,    0.0,    0.0,    0.0,    0.0,    0.0, YOU
0.3421274423599243, 0.5693504810333252, 3.799183616592927e-07  , 0.3552782237529754, 0.5978025197982788, -0.0444730557501316  , 0.3391002416610718, 0.6383172273635864, -0.0967820435762405, 0.2995244562625885, 0.6970279216766357, -0.1443787664175033  , 0.2616588175296783, 0.7406636476516724, -0.1928225755691528  , 0.3410762548446655, 0.540845513343811 , -0.1219268813729286, 0.3066395819187164, 0.5732482671737671, -0.1844909638166427, 0.2825625240802765, 0.6032326817512512, -0.2281921356916427, 0.2688153088092804, 0.6129311323165894, -0.2560621798038482, 0.2991396486759186, 0.5426790118217468, -0.1305071264505386, 0.2904219627380371, 0.6516876220703125, -0.1908698081970214, 0.2684373557567596, 0.6937320828437805, -0.2118371129035949, 0.2652338743209839, 0.7038913369178772, -0.2261828780174255, 0.2657743692398071, 0.5678198337554932, -0.1385822147130966, 0.2444838881492614, 0.6907892823219299, -0.1876315027475357, 0.2185746431350708, 0.6846295595169067, -0.1791397780179977, 0.2118604332208633, 0.6449878215789795, -0.1706204563379287, 0.2390479743480682, 0.5952999591827393, -0.1507817953824997   , 0.2171736657619476, 0.6888012886047363, -0.178422600030899 , 0.2007890045642852, 0.6829599142074585, -0.1640999764204025, 0.1990960538387298, 0.6480809450149536, -0.1541258841753006,   0.0,   0.0,   0.0,   0.0,   0.0,   0.0,   0.0,   0.0,   0.0,   0.0,   0.0,   0.0,   0.0,   0.0,   0.0,   0.0,   0.0,   0.0,   0.0,   0.0,   0.0,   0.0,   0.0,   0.0,   0.0,   0.0,   0.0,   0.0,   0.0,   0.0,    0.0,    0.0,    0.0,    0.0,    0.0,    0.0,    0.0,    0.0,    0.0,    0.0,    0.0,    0.0,    0.0,    0.0,    0.0,    0.0,    0.0,    0.0,    0.0,    0.0,    0.0,    0.0,    0.0,    0.0,    0.0,    0.0,    0.0,    0.0,    0.0,    0.0,    0.0,    0.0,    0.0, YOU
0.3608207106590271, 0.5750429630279541, 3.2155978146874986e-07 , 0.3685611486434936, 0.5712406635284424, -0.0480617955327034  , 0.3380703926086426, 0.5803670883178711, -0.1025718823075294, 0.2940294146537781, 0.6178346872329712, -0.151820421218872   , 0.2595552206039428, 0.6552344560623169, -0.2020799815654754  , 0.3636239469051361, 0.5457634925842285, -0.1249457970261573, 0.3280067145824432, 0.6200142502784729, -0.1838812083005905, 0.3035547137260437, 0.6744735836982727, -0.2242368161678314, 0.2894925773143768, 0.704982578754425 , -0.2500381767749786, 0.3150810003280639, 0.5508077144622803, -0.1305305510759353, 0.277138352394104 , 0.6404737234115601, -0.1893155127763748, 0.2481983602046966, 0.6520547866821289, -0.2093942910432815, 0.2442410290241241, 0.6402894854545593, -0.2232100814580917, 0.2742423117160797, 0.5715947151184082, -0.1356965899467468, 0.2396300882101059, 0.663260817527771 , -0.1847908794879913, 0.2190416306257248, 0.6571510434150696, -0.1792405843734741, 0.2213313728570938, 0.6256697773933411, -0.1724771112203598, 0.2442757189273834, 0.5947715044021606, -0.1447431445121765   , 0.2094678431749344, 0.6628498435020447, -0.1750480234622955, 0.1956737786531448, 0.6564700603485107, -0.1647906452417373, 0.2022062987089157, 0.6279401183128357, -0.1562550216913223,   0.0,   0.0,   0.0,   0.0,   0.0,   0.0,   0.0,   0.0,   0.0,   0.0,   0.0,   0.0,   0.0,   0.0,   0.0,   0.0,   0.0,   0.0,   0.0,   0.0,   0.0,   0.0,   0.0,   0.0,   0.0,   0.0,   0.0,   0.0,   0.0,   0.0,    0.0,    0.0,    0.0,    0.0,    0.0,    0.0,    0.0,    0.0,    0.0,    0.0,    0.0,    0.0,    0.0,    0.0,    0.0,    0.0,    0.0,    0.0,    0.0,    0.0,    0.0,    0.0,    0.0,    0.0,    0.0,    0.0,    0.0,    0.0,    0.0,    0.0,    0.0,    0.0,    0.0, YOU
0.3513659834861755, 0.5739884972572327, 5.61913225283206e-07   , 0.3915055990219116, 0.5922389626502991, -0.0388085506856441  , 0.3860499560832977, 0.6422420144081116, -0.0940936952829361, 0.3434575200080871, 0.7157502174377441, -0.1423984318971634  , 0.2915032505989074, 0.7617220282554626, -0.1917510628700256  , 0.3200945556163788, 0.5243819355964661, -0.1493560671806335, 0.3109538853168487, 0.5828553438186646, -0.2052399218082428, 0.3131866157054901, 0.6094042062759399, -0.237790897488594 , 0.3146600425243377, 0.6107003688812256, -0.2556781470775604, 0.2635576128959656, 0.5286479592323303, -0.1514244973659515, 0.2878331542015075, 0.6457141041755676, -0.1965982764959335, 0.301981121301651 , 0.6631818413734436, -0.1943331509828567, 0.3023938238620758, 0.6449112892150879, -0.1945372521877288, 0.2325025051832199, 0.5582944750785828, -0.1503064483404159, 0.2598595321178436, 0.6784488558769226, -0.1733417809009552, 0.2812731862068176, 0.6823982000350952, -0.1411718279123306, 0.2845152914524078, 0.6468241810798645, -0.1199456602334976, 0.2173614650964737, 0.5914876461029053, -0.1545863300561905   , 0.2356952279806137, 0.687847375869751 , -0.1590329557657241, 0.2570506334304809, 0.6956833004951477, -0.1323774605989456, 0.2676356434822082, 0.6699259877204895, -0.1159058287739753,   0.0,   0.0,   0.0,   0.0,   0.0,   0.0,   0.0,   0.0,   0.0,   0.0,   0.0,   0.0,   0.0,   0.0,   0.0,   0.0,   0.0,   0.0,   0.0,   0.0,   0.0,   0.0,   0.0,   0.0,   0.0,   0.0,   0.0,   0.0,   0.0,   0.0,    0.0,    0.0,    0.0,    0.0,    0.0,    0.0,    0.0,    0.0,    0.0,    0.0,    0.0,    0.0,    0.0,    0.0,    0.0,    0.0,    0.0,    0.0,    0.0,    0.0,    0.0,    0.0,    0.0,    0.0,    0.0,    0.0,    0.0,    0.0,    0.0,    0.0,    0.0,    0.0,    0.0, YOU
0.3229194283485412, 0.6256814002990723, 3.769833654132526e-07  , 0.3756024241447449, 0.6303523182868958, -0.0355287306010723  , 0.3810459971427917, 0.6525916457176208, -0.0858452841639518, 0.3425717055797577, 0.7117653489112854, -0.1286166757345199  , 0.2867614924907684, 0.759592592716217 , -0.1706691831350326  , 0.3212758302688598, 0.5294554233551025, -0.1322929561138153, 0.2937889099121094, 0.5658103227615356, -0.1962040662765503, 0.2875333130359649, 0.5802925229072571, -0.2360301613807678, 0.2827479541301727, 0.5892115235328674, -0.2553003132343292, 0.2626987993717193, 0.5224173665046692, -0.1349529922008514, 0.2763423919677734, 0.6662030220031738, -0.1916595846414566, 0.302569717168808 , 0.6878133416175842, -0.1984894573688507, 0.3142573833465576, 0.677359402179718 , -0.1988302767276764, 0.2230575084686279, 0.5537935495376587, -0.1350261867046356, 0.2373997867107391, 0.691821813583374 , -0.1718358993530273, 0.2662928104400635, 0.6963823437690735, -0.1500696241855621, 0.2836116552352905, 0.6664673089981079, -0.1288973689079284, 0.2018426358699798, 0.5944600105285645, -0.1383511871099472   , 0.209956094622612 , 0.6888257265090942, -0.1444481760263443, 0.2319756001234054, 0.6946668028831482, -0.1178233847022056, 0.2480502873659134, 0.6718186736106873, -0.0986543372273445,   0.0,   0.0,   0.0,   0.0,   0.0,   0.0,   0.0,   0.0,   0.0,   0.0,   0.0,   0.0,   0.0,   0.0,   0.0,   0.0,   0.0,   0.0,   0.0,   0.0,   0.0,   0.0,   0.0,   0.0,   0.0,   0.0,   0.0,   0.0,   0.0,   0.0,    0.0,    0.0,    0.0,    0.0,    0.0,    0.0,    0.0,    0.0,    0.0,    0.0,    0.0,    0.0,    0.0,    0.0,    0.0,    0.0,    0.0,    0.0,    0.0,    0.0,    0.0,    0.0,    0.0,    0.0,    0.0,    0.0,    0.0,    0.0,    0.0,    0.0,    0.0,    0.0,    0.0, YOU
0.3534735143184662, 0.5579546689987183, 2.552611988448916e-07  , 0.3792549967765808, 0.6188814043998718, -0.0418563336133956  , 0.3602906763553619, 0.6835246086120605, -0.0935903191566467, 0.3126349747180938, 0.7411388754844666, -0.1378014385700225  , 0.267324686050415 , 0.7662463188171387, -0.1836847215890884  , 0.3163656592369079, 0.5681302547454834, -0.1420631259679794, 0.2828248143196106, 0.6262115836143494, -0.1957124024629593, 0.2791147828102112, 0.6389885544776917, -0.2320802807807922, 0.2720171511173248, 0.6238791942596436, -0.2562858760356903, 0.2652380764484405, 0.5495414733886719, -0.144230917096138 , 0.2402875274419784, 0.6461098194122314, -0.1850865632295608, 0.2451397329568863, 0.669017493724823 , -0.1934612691402435, 0.2493004649877548, 0.6591272354125977, -0.2068242579698562, 0.2328753769397735, 0.5533910989761353, -0.1436676681041717, 0.2193025797605514, 0.6628779172897339, -0.1700465232133865, 0.231790542602539 , 0.6768202781677246, -0.1563587188720703, 0.2390786409378051, 0.6566494107246399, -0.1527220755815506, 0.209715649485588 , 0.5657438039779663, -0.1477430313825607   , 0.1975120902061462, 0.6528102159500122, -0.1662664711475372, 0.206307053565979 , 0.6663126349449158, -0.1552129685878753, 0.216089054942131 , 0.6505486369132996, -0.1518208533525467,   0.0,   0.0,   0.0,   0.0,   0.0,   0.0,   0.0,   0.0,   0.0,   0.0,   0.0,   0.0,   0.0,   0.0,   0.0,   0.0,   0.0,   0.0,   0.0,   0.0,   0.0,   0.0,   0.0,   0.0,   0.0,   0.0,   0.0,   0.0,   0.0,   0.0,    0.0,    0.0,    0.0,    0.0,    0.0,    0.0,    0.0,    0.0,    0.0,    0.0,    0.0,    0.0,    0.0,    0.0,    0.0,    0.0,    0.0,    0.0,    0.0,    0.0,    0.0,    0.0,    0.0,    0.0,    0.0,    0.0,    0.0,    0.0,    0.0,    0.0,    0.0,    0.0,    0.0, YOU
0.3612396121025085, 0.5674007534980774, 1.7709909627683373e-07 , 0.3862879574298858, 0.617915153503418 , -0.0413899607956409  , 0.3654222190380096, 0.6758683919906616, -0.0906900018453598, 0.3128931522369385, 0.7389131188392639, -0.1331202834844589  , 0.2623114585876465, 0.7752046585083008, -0.17645925283432    , 0.3216302394866943, 0.5585721731185913, -0.1323534250259399, 0.290040373802185 , 0.6380414962768555, -0.1834970265626907, 0.2864507436752319, 0.647926390171051 , -0.2166162282228469, 0.2844534516334533, 0.629982590675354 , -0.2386827021837234, 0.2728259563446045, 0.5511486530303955, -0.1341398954391479, 0.251932680606842 , 0.6606075763702393, -0.1749459207057953, 0.2508577406406402, 0.6674028038978577, -0.1807336807250976, 0.2559244036674499, 0.6447928547859192, -0.191252589225769 , 0.2418059110641479, 0.5649794340133667, -0.1339439302682876, 0.2328854352235794, 0.6843492984771729, -0.1632944047451019, 0.2375187575817108, 0.6832275390625   , -0.1477404534816742, 0.242796316742897 , 0.6483385562896729, -0.1409953385591507, 0.2227133363485336, 0.5833003520965576, -0.1382870525121688   , 0.2137364745140075, 0.6790343523025513, -0.159836858510971 , 0.2179448753595352, 0.6822529435157776, -0.1489407569169998, 0.2253686040639877, 0.6556928157806396, -0.1444137394428253,   0.0,   0.0,   0.0,   0.0,   0.0,   0.0,   0.0,   0.0,   0.0,   0.0,   0.0,   0.0,   0.0,   0.0,   0.0,   0.0,   0.0,   0.0,   0.0,   0.0,   0.0,   0.0,   0.0,   0.0,   0.0,   0.0,   0.0,   0.0,   0.0,   0.0,    0.0,    0.0,    0.0,    0.0,    0.0,    0.0,    0.0,    0.0,    0.0,    0.0,    0.0,    0.0,    0.0,    0.0,    0.0,    0.0,    0.0,    0.0,    0.0,    0.0,    0.0,    0.0,    0.0,    0.0,    0.0,    0.0,    0.0,    0.0,    0.0,    0.0,    0.0,    0.0,    0.0, YOU
0.3599867224693298, 0.5737751722335815, 1.8736631091087477e-07 , 0.3805435299873352, 0.6116986274719238, -0.0441173277795314  , 0.3570121526718139, 0.659401535987854 , -0.0937573015689849, 0.3093817830085754, 0.7162663340568542, -0.1374107599258422  , 0.2652261257171631, 0.7514668703079224, -0.1820941865444183  , 0.3367590308189392, 0.563132643699646 , -0.1257753521203994, 0.3039448857307434, 0.6458346843719482, -0.1807693541049957, 0.2894253134727478, 0.6701405644416809, -0.2172041237354278, 0.2844880223274231, 0.6693161725997925, -0.2410705238580703, 0.2864485383033752, 0.5529155135154724, -0.1281710714101791, 0.2610321044921875, 0.657249927520752 , -0.1766380071640014, 0.2442160844802856, 0.6606563329696655, -0.1890541911125183, 0.246787428855896 , 0.6393585801124573, -0.2015992254018783, 0.2522523403167724, 0.5629222989082336, -0.1292933374643325, 0.2343339323997497, 0.6759301424026489, -0.1682029664516449, 0.2258483320474624, 0.6674385070800781, -0.1570405066013336, 0.2296311557292938, 0.6316190958023071, -0.1499906629323959, 0.2314585298299789, 0.5785174369812012, -0.1344377249479293   , 0.2129732817411422, 0.668407142162323 , -0.1592334508895874, 0.2058582603931427, 0.6667618751525879, -0.1474315226078033, 0.2097731530666351, 0.6385076642036438, -0.1405096501111984,   0.0,   0.0,   0.0,   0.0,   0.0,   0.0,   0.0,   0.0,   0.0,   0.0,   0.0,   0.0,   0.0,   0.0,   0.0,   0.0,   0.0,   0.0,   0.0,   0.0,   0.0,   0.0,   0.0,   0.0,   0.0,   0.0,   0.0,   0.0,   0.0,   0.0,    0.0,    0.0,    0.0,    0.0,    0.0,    0.0,    0.0,    0.0,    0.0,    0.0,    0.0,    0.0,    0.0,    0.0,    0.0,    0.0,    0.0,    0.0,    0.0,    0.0,    0.0,    0.0,    0.0,    0.0,    0.0,    0.0,    0.0,    0.0,    0.0,    0.0,    0.0,    0.0,    0.0, YOU
0.3369931578636169, 0.6056501269340515, 9.226091890468525e-08  , 0.3963243067264557, 0.6213446855545044, -0.0307895243167877  , 0.4239515364170074, 0.6835601925849915, -0.0658892840147018, 0.3912353515625   , 0.7435402274131775, -0.0909575074911117  , 0.3310486674308777, 0.7507133483886719, -0.1145763993263244  , 0.3742239475250244, 0.5460349917411804, -0.1161626279354095, 0.3774313330650329, 0.5987997055053711, -0.1611337959766388, 0.3814506232738495, 0.6104421019554138, -0.1834851652383804, 0.3712017834186554, 0.6019890904426575, -0.191882699728012 , 0.3158933520317077, 0.5419147610664368, -0.1160215958952903, 0.340589702129364 , 0.692486047744751 , -0.1641181409358978, 0.364804595708847 , 0.6935714483261108, -0.1692549884319305, 0.3651313185691833, 0.6532395482063293, -0.1645611822605133, 0.2747768461704254, 0.5718593597412109, -0.1120674088597297, 0.3010382950305938, 0.7209305763244629, -0.1403399854898452, 0.3329587578773498, 0.7183485627174377, -0.124458260834217 , 0.3430862724781036, 0.684245228767395 , -0.1059374511241912, 0.2493476867675781, 0.6096339225769043, -0.1101082786917686   , 0.280264288187027 , 0.7139237523078918, -0.1103691905736923, 0.3106389939785003, 0.7146468162536621, -0.0894373059272766, 0.3214947879314422, 0.690602719783783 , -0.0744869634509086,   0.0,   0.0,   0.0,   0.0,   0.0,   0.0,   0.0,   0.0,   0.0,   0.0,   0.0,   0.0,   0.0,   0.0,   0.0,   0.0,   0.0,   0.0,   0.0,   0.0,   0.0,   0.0,   0.0,   0.0,   0.0,   0.0,   0.0,   0.0,   0.0,   0.0,    0.0,    0.0,    0.0,    0.0,    0.0,    0.0,    0.0,    0.0,    0.0,    0.0,    0.0,    0.0,    0.0,    0.0,    0.0,    0.0,    0.0,    0.0,    0.0,    0.0,    0.0,    0.0,    0.0,    0.0,    0.0,    0.0,    0.0,    0.0,    0.0,    0.0,    0.0,    0.0,    0.0, YOU
0.3459340333938598, 0.6095619201660156, 1.29044650520882e-07   , 0.4038189947605133, 0.6240828037261963, -0.0324689894914627  , 0.4270854592323303, 0.6829168796539307, -0.0706726014614105, 0.3931767642498016, 0.7475972175598145, -0.098555289208889   , 0.3365599811077118, 0.772350013256073 , -0.1247452646493911  , 0.3812073171138763, 0.5545817613601685, -0.1261570900678634, 0.390869528055191 , 0.5963085889816284, -0.1752264201641082, 0.3955754339694977, 0.607610285282135 , -0.199371799826622 , 0.3868510723114013, 0.6011427044868469, -0.2086956351995468, 0.3249125182628631, 0.552384614944458 , -0.1263526529073715, 0.35345658659935  , 0.696735143661499 , -0.1770207583904266, 0.3704296350479126, 0.6986277103424072, -0.1812782883644104, 0.3640730082988739, 0.6604034900665283, -0.1762905120849609, 0.2842944860458374, 0.5841533541679382, -0.1226546987891197, 0.3142745196819305, 0.727794349193573 , -0.1528622061014175, 0.3413814902305603, 0.7206340432167053, -0.1346624195575714, 0.3469366133213043, 0.6841686964035034, -0.1148032620549202, 0.2579631805419922, 0.6231076121330261, -0.1212395653128624   , 0.2888053655624389, 0.7240256667137146, -0.1233275085687637, 0.3140299916267395, 0.7205641865730286, -0.1012593358755111, 0.3208636939525604, 0.6945062875747681, -0.0851600691676139,   0.0,   0.0,   0.0,   0.0,   0.0,   0.0,   0.0,   0.0,   0.0,   0.0,   0.0,   0.0,   0.0,   0.0,   0.0,   0.0,   0.0,   0.0,   0.0,   0.0,   0.0,   0.0,   0.0,   0.0,   0.0,   0.0,   0.0,   0.0,   0.0,   0.0,    0.0,    0.0,    0.0,    0.0,    0.0,    0.0,    0.0,    0.0,    0.0,    0.0,    0.0,    0.0,    0.0,    0.0,    0.0,    0.0,    0.0,    0.0,    0.0,    0.0,    0.0,    0.0,    0.0,    0.0,    0.0,    0.0,    0.0,    0.0,    0.0,    0.0,    0.0,    0.0,    0.0, YOU
