h1_x0,h1_y0,h1_z0,h1_x1,h1_y1,h1_z1,h1_x2,h1_y2,h1_z2,h1_x3,h1_y3,h1_z3,h1_x4,h1_y4,h1_z4,h1_x5,h1_y5,h1_z5,h1_x6,h1_y6,h1_z6,h1_x7,h1_y7,h1_z7,h1_x8,h1_y8,h1_z8,h1_x9,h1_y9,h1_z9,h1_x10,h1_y10,h1_z10,h1_x11,h1_y11,h1_z11,h1_x12,h1_y12,h1_z12,h1_x13,h1_y13,h1_z13,h1_x14,h1_y14,h1_z14,h1_x15,h1_y15,h1_z15,h1_x16,h1_y16,h1_z16,h1_x17,h1_y17,h1_z17,h1_x18,h1_y18,h1_z18,h1_x19,h1_y19,h1_z19,h1_x20,h1_y20,h1_z20,h2_x0,h2_y0,h2_z0,h2_x1,h2_y1,h2_z1,h2_x2,h2_y2,h2_z2,h2_x3,h2_y3,h2_z3,h2_x4,h2_y4,h2_z4,h2_x5,h2_y5,h2_z5,h2_x6,h2_y6,h2_z6,h2_x7,h2_y7,h2_z7,h2_x8,h2_y8,h2_z8,h2_x9,h2_y9,h2_z9,h2_x10,h2_y10,h2_z10,h2_x11,h2_y11,h2_z11,h2_x12,h2_y12,h2_z12,h2_x13,h2_y13,h2_z13,h2_x14,h2_y14,h2_z14,h2_x15,h2_y15,h2_z15,h2_x16,h2_y16,h2_z16,h2_x17,h2_y17,h2_z17,h2_x18,h2_y18,h2_z18,h2_x19,h2_y19,h2_z19,h2_x20,h2_y20,h2_z20,label
0.2823183536529541,0.9094622135162354,1.2324457543400058e-07,0.2724770903587341,0.8191193342208862,-0.0215139929205179,0.2885962128639221,0.7437452673912048,-0.036601185798645,0.3176425993442535,0.6839591860771179,-0.0482807867228984,0.3394495844841003,0.6403254270553589,-0.0597902759909629,0.3750896155834198,0.7546481490135193,-0.0363961569964885,0.4302469193935394,0.6925336122512817,-0.0513174049556255,0.4632954001426697,0.6599447131156921,-0.0604179725050926,0.4893614649772644,0.636087954044342,-0.0662615075707435,0.3985502123832702,0.7940790057182312,-0.0329467467963695,0.4585264027118683,0.7329763770103455,-0.0450184643268585,0.4942809343338012,0.6965087056159973,-0.0529384799301624,0.5211859345436096,0.6710202693939209,-0.0593837201595306,0.409881979227066,0.8365656733512878,-0.0307639725506305,0.4697204828262329,0.7883498072624207,-0.04389663413167,0.5066632628440857,0.755652129650116,-0.0563752092421054,0.5325967669487,0.730059027671814,-0.0646847784519195,0.414593756198883,0.8804090023040771,-0.0294889491051435,0.4685794115066528,0.864382803440094,-0.0414756461977958,0.5002569556236267,0.8512336015701294,-0.0507204532623291,0.5249723196029663,0.8369752764701843,-0.056550282984972,0.0,0.0,0.0,0.0,0.0,0.0,0.0,0.0,0.0,0.0,0.0,0.0,0.0,0.0,0.0,0.0,0.0,0.0,0.0,0.0,0.0,0.0,0.0,0.0,0.0,0.0,0.0,0.0,0.0,0.0,0.0,0.0,0.0,0.0,0.0,0.0,0.0,0.0,0.0,0.0,0.0,0.0,0.0,0.0,0.0,0.0,0.0,0.0,0.0,0.0,0.0,0.0,0.0,0.0,0.0,0.0,0.0,0.0,0.0,0.0,0.0,0.0,0.0,I
0.2767561674118042,0.8568831086158752,1.597229726257865e-07,0.2676282823085785,0.7705776691436768,-0.0217000562697649,0.2836133241653442,0.6989122033119202,-0.0372276604175567,0.312312513589859,0.6444678902626038,-0.0495669022202491,0.3356291651725769,0.6045055389404297,-0.0618949458003044,0.3632842004299164,0.7144812345504761,-0.037511721253395,0.4186399281024933,0.6565330624580383,-0.0533519424498081,0.4514015018939972,0.6272376775741577,-0.0622849762439727,0.4770217835903168,0.6067097187042236,-0.0677795857191085,0.3856109976768493,0.7561776041984558,-0.0348776616156101,0.4461199045181274,0.6983181238174438,-0.0485038831830024,0.4829993844032287,0.6645027995109558,-0.0569473057985305,0.5112112164497375,0.6413404941558838,-0.0632942169904708,0.3960687220096588,0.8004084229469299,-0.0335799008607864,0.4556505680084228,0.7564257979393005,-0.0483870394527912,0.4914642572402954,0.7268632650375366,-0.0609051398932933,0.5168030858039856,0.7037733197212219,-0.0687118172645568,0.3999819159507751,0.8456714749336243,-0.0331039726734161,0.4517137408256531,0.8315526843070984,-0.0469180531799793,0.4825574457645416,0.819011390209198,-0.0565431229770183,0.5068917274475098,0.8050514459609985,-0.062239371240139,0.0,0.0,0.0,0.0,0.0,0.0,0.0,0.0,0.0,0.0,0.0,0.0,0.0,0.0,0.0,0.0,0.0,0.0,0.0,0.0,0.0,0.0,0.0,0.0,0.0,0.0,0.0,0.0,0.0,0.0,0.0,0.0,0.0,0.0,0.0,0.0,0.0,0.0,0.0,0.0,0.0,0.0,0.0,0.0,0.0,0.0,0.0,0.0,0.0,0.0,0.0,0.0,0.0,0.0,0.0,0.0,0.0,0.0,0.0,0.0,0.0,0.0,0.0,I
0.2863063812255859,0.8529959917068481,6.703930921503344e-08,0.2749446630477905,0.7667791247367859,-0.0137371681630611,0.2976117134094238,0.697536826133728,-0.0219139605760574,0.3370753526687622,0.6519280076026917,-0.0277169607579708,0.366000235080719,0.6197981834411621,-0.033268641680479,0.3639546036720276,0.7057257890701294,-0.0247608236968517,0.422240674495697,0.6541024446487427,-0.0362629294395446,0.4560295045375824,0.6252055764198303,-0.042493037879467,0.4819039404392242,0.6043640375137329,-0.0462921448051929,0.3856275677680969,0.7433688044548035,-0.0235660541802644,0.4432442784309387,0.6850978136062622,-0.0327337048947811,0.4788270890712738,0.6496149897575378,-0.0388188511133194,0.506377637386322,0.6244057416915894,-0.043547436594963,0.3980129659175873,0.7827153205871582,-0.0232012141495943,0.4542302191257477,0.7316605448722839,-0.0332625694572925,0.487256795167923,0.6985695362091064,-0.0420417301356792,0.5106397867202759,0.6722830533981323,-0.0475775450468063,0.4050236642360687,0.8236377835273743,-0.0233634207397699,0.4512335360050201,0.7935579419136047,-0.0330307409167289,0.4787695109844208,0.7713969349861145,-0.0399400517344474,0.5006031394004822,0.7512221932411194,-0.0437941290438175,0.0,0.0,0.0,0.0,0.0,0.0,0.0,0.0,0.0,0.0,0.0,0.0,0.0,0.0,0.0,0.0,0.0,0.0,0.0,0.0,0.0,0.0,0.0,0.0,0.0,0.0,0.0,0.0,0.0,0.0,0.0,0.0,0.0,0.0,0.0,0.0,0.0,0.0,0.0,0.0,0.0,0.0,0.0,0.0,0.0,0.0,0.0,0.0,0.0,0.0,0.0,0.0,0.0,0.0,0.0,0.0,0.0,0.0,0.0,0.0,0.0,0.0,0.0,I
0.2860701978206634,0.8533918857574463,1.4435433115522758e-07,0.2763119637966156,0.7686006426811218,-0.0201975964009761,0.2952344119548797,0.7002804279327393,-0.0335514955222606,0.328688234090805,0.6500155925750732,-0.0436163395643234,0.3517355322837829,0.6097422242164612,-0.0534771494567394,0.3670089244842529,0.7094864845275879,-0.0359075814485549,0.425769567489624,0.660363495349884,-0.0512798018753528,0.4610306918621063,0.6334079504013062,-0.0594547986984252,0.4882222414016723,0.6131918430328369,-0.0643320828676223,0.3870620131492615,0.7479969263076782,-0.0331855677068233,0.4456457495689392,0.6939141154289246,-0.0466043166816234,0.4828411340713501,0.6602502465248108,-0.0543573722243309,0.5118472576141357,0.6355141401290894,-0.0599656216800212,0.3980542719364166,0.788440465927124,-0.0317066758871078,0.4546825587749481,0.7422053217887878,-0.045507475733757,0.4891709685325622,0.7112727761268616,-0.0567447282373905,0.5141616463661194,0.6862192153930664,-0.0635790973901748,0.4045237600803375,0.8306021690368652,-0.0311575382947921,0.453933835029602,0.8085628151893616,-0.0444356612861156,0.4845911860466003,0.7907904982566833,-0.0543963052332401,0.5094905495643616,0.772462785243988,-0.060232900083065,0.0,0.0,0.0,0.0,0.0,0.0,0.0,0.0,0.0,0.0,0.0,0.0,0.0,0.0,0.0,0.0,0.0,0.0,0.0,0.0,0.0,0.0,0.0,0.0,0.0,0.0,0.0,0.0,0.0,0.0,0.0,0.0,0.0,0.0,0.0,0.0,0.0,0.0,0.0,0.0,0.0,0.0,0.0,0.0,0.0,0.0,0.0,0.0,0.0,0.0,0.0,0.0,0.0,0.0,0.0,0.0,0.0,0.0,0.0,0.0,0.0,0.0,0.0,I
0.2860362231731415,0.8180932402610779,1.2710403041182874e-07,0.2763622999191284,0.7328604459762573,-0.012887398712337,0.298356145620346,0.6661342978477478,-0.0219420995563268,0.3348280191421509,0.6205037832260132,-0.0288947988301515,0.3613024950027466,0.5855221748352051,-0.0359122902154922,0.3677996397018432,0.6748483180999756,-0.026777945458889,0.4285111427307129,0.6308152675628662,-0.0389714874327182,0.4639728367328644,0.6080282926559448,-0.0453228019177913,0.4914391934871673,0.592044472694397,-0.0488507375121116,0.387956291437149,0.7152883410453796,-0.0261999759823083,0.449912965297699,0.6646533608436584,-0.0353984348475933,0.4879702031612396,0.6332967281341553,-0.0407473370432853,0.517227292060852,0.6113293766975403,-0.0448551587760448,0.3986256420612335,0.757411003112793,-0.0263315662741661,0.4581700563430786,0.7119174003601074,-0.0364367440342903,0.4934573769569397,0.6814390420913696,-0.0450770035386085,0.5175384283065796,0.6569322943687439,-0.050268318504095,0.4037694036960602,0.8004035353660583,-0.0269073732197284,0.4555824398994446,0.7760413885116577,-0.036873459815979,0.4855715930461883,0.7554738521575928,-0.0439528971910476,0.5083526372909546,0.7342312335968018,-0.047773964703083,0.0,0.0,0.0,0.0,0.0,0.0,0.0,0.0,0.0,0.0,0.0,0.0,0.0,0.0,0.0,0.0,0.0,0.0,0.0,0.0,0.0,0.0,0.0,0.0,0.0,0.0,0.0,0.0,0.0,0.0,0.0,0.0,0.0,0.0,0.0,0.0,0.0,0.0,0.0,0.0,0.0,0.0,0.0,0.0,0.0,0.0,0.0,0.0,0.0,0.0,0.0,0.0,0.0,0.0,0.0,0.0,0.0,0.0,0.0,0.0,0.0,0.0,0.0,I
0.2796573042869568,0.8027489185333252,1.532099389578434e-07,0.2706729173660278,0.7188795208930969,-0.0151969734579324,0.2919513881206512,0.6527045369148254,-0.0264933165162801,0.3283871412277221,0.6099866032600403,-0.0351296551525592,0.3588045835494995,0.5793867111206055,-0.0436227209866046,0.356845498085022,0.6655721664428711,-0.0345293544232845,0.4207227230072021,0.6243473887443542,-0.0493057072162628,0.4580335319042206,0.6028081178665161,-0.0556001402437686,0.4860749244689941,0.587602972984314,-0.0587204955518245,0.3768877685070038,0.7075774669647217,-0.0337753407657146,0.4416840970516205,0.6572861075401306,-0.0470214635133743,0.4807203710079193,0.6272150874137878,-0.0533187948167324,0.511319637298584,0.6057847738265991,-0.0573249347507953,0.3883985877037048,0.7504072785377502,-0.0334709361195564,0.448326051235199,0.7063740491867065,-0.0470943301916122,0.4857080578804016,0.6779241561889648,-0.0562789477407932,0.5129770636558533,0.6547595262527466,-0.0611709542572498,0.3943558037281036,0.7932904362678528,-0.0334729701280593,0.4453103840351105,0.7704898715019226,-0.0459771454334259,0.4750418365001678,0.7518824934959412,-0.0532999746501445,0.4980230331420898,0.7318843007087708,-0.056781705468893,0.0,0.0,0.0,0.0,0.0,0.0,0.0,0.0,0.0,0.0,0.0,0.0,0.0,0.0,0.0,0.0,0.0,0.0,0.0,0.0,0.0,0.0,0.0,0.0,0.0,0.0,0.0,0.0,0.0,0.0,0.0,0.0,0.0,0.0,0.0,0.0,0.0,0.0,0.0,0.0,0.0,0.0,0.0,0.0,0.0,0.0,0.0,0.0,0.0,0.0,0.0,0.0,0.0,0.0,0.0,0.0,0.0,0.0,0.0,0.0,0.0,0.0,0.0,I
0.2568826377391815,0.8069725632667542,1.6569164529300909e-07,0.2490411102771759,0.7191285490989685,-0.0141356065869331,0.2713995575904846,0.6525650024414062,-0.0236640460789203,0.3081481456756592,0.6065331697463989,-0.0304297842085361,0.3375365138053894,0.5762912631034851,-0.0368312373757362,0.3428329229354858,0.6694356203079224,-0.0274060238152742,0.4072334766387939,0.6320382356643677,-0.0388735644519329,0.4435493946075439,0.6120451092720032,-0.0441556572914123,0.4708601832389831,0.5979918241500854,-0.0467314235866069,0.3612024188041687,0.7118818163871765,-0.0251762997359037,0.425187200307846,0.6639479994773865,-0.0343491062521934,0.4633137583732605,0.636328935623169,-0.0390797108411788,0.493011474609375,0.6178455352783203,-0.0421544536948204,0.3706494867801666,0.7542420029640198,-0.0236662253737449,0.43028324842453,0.7104161977767944,-0.0337055437266826,0.4659758806228637,0.6835096478462219,-0.0419574342668056,0.4918875992298126,0.6625552773475647,-0.0466498509049415,0.3751372098922729,0.7961558103561401,-0.0225369874387979,0.4240772426128387,0.7722100615501404,-0.0321098454296588,0.4525209069252014,0.7547117471694946,-0.0386261232197284,0.4755417108535766,0.7375527620315552,-0.0418803207576274,0.0,0.0,0.0,0.0,0.0,0.0,0.0,0.0,0.0,0.0,0.0,0.0,0.0,0.0,0.0,0.0,0.0,0.0,0.0,0.0,0.0,0.0,0.0,0.0,0.0,0.0,0.0,0.0,0.0,0.0,0.0,0.0,0.0,0.0,0.0,0.0,0.0,0.0,0.0,0.0,0.0,0.0,0.0,0.0,0.0,0.0,0.0,0.0,0.0,0.0,0.0,0.0,0.0,0.0,0.0,0.0,0.0,0.0,0.0,0.0,0.0,0.0,0.0,I
0.258490115404129,0.7806302309036255,1.6111174261368433e-07,0.2560270428657532,0.6987505555152893,-0.0081949699670076,0.2852309942245483,0.639140248298645,-0.0153117747977375,0.3272612392902374,0.6069058179855347,-0.0204596612602472,0.3610498309135437,0.5890871286392212,-0.0258709620684385,0.340404748916626,0.6561330556869507,-0.0308145880699157,0.4100273549556732,0.6338739991188049,-0.044938638806343,0.450473815202713,0.621523380279541,-0.0492932200431823,0.4799755811691284,0.6124932169914246,-0.0506277866661548,0.3560212254524231,0.7013453245162964,-0.0327124632894992,0.4284115731716156,0.6677883863449097,-0.0456839799880981,0.4722264409065246,0.647890031337738,-0.0505761168897151,0.5067638158798218,0.6329113245010376,-0.0529212392866611,0.3640028536319732,0.7455068826675415,-0.0343097485601902,0.4295743107795715,0.7129738926887512,-0.0477956347167491,0.4704360365867615,0.6929072141647339,-0.0562039650976657,0.5012854337692261,0.6757227182388306,-0.0601564981043338,0.3663990199565887,0.7871137857437134,-0.0354152880609035,0.4185584485530853,0.7664433717727661,-0.0484640225768089,0.4502056241035461,0.7507508397102356,-0.0556818433105945,0.4761539697647095,0.734451174736023,-0.0586681626737117,0.0,0.0,0.0,0.0,0.0,0.0,0.0,0.0,0.0,0.0,0.0,0.0,0.0,0.0,0.0,0.0,0.0,0.0,0.0,0.0,0.0,0.0,0.0,0.0,0.0,0.0,0.0,0.0,0.0,0.0,0.0,0.0,0.0,0.0,0.0,0.0,0.0,0.0,0.0,0.0,0.0,0.0,0.0,0.0,0.0,0.0,0.0,0.0,0.0,0.0,0.0,0.0,0.0,0.0,0.0,0.0,0.0,0.0,0.0,0.0,0.0,0.0,0.0,I
0.2523579597473144,0.7995928525924683,1.1103101371645609e-07,0.2485885024070739,0.7137505412101746,-0.0057320091873407,0.2797427773475647,0.6509189605712891,-0.0093965381383895,0.3252797722816467,0.6169370412826538,-0.0111743109300732,0.3588349521160126,0.596120297908783,-0.0123750632628798,0.3330173194408417,0.6635492444038391,-0.0212054215371608,0.3996165096759796,0.6271661520004272,-0.0306369662284851,0.4373064637184143,0.6085613965988159,-0.0328603498637676,0.4650819897651672,0.5954950451850891,-0.0328872352838516,0.3517628312110901,0.7053041458129883,-0.0220740288496017,0.4199867844581604,0.6598502993583679,-0.0306028332561254,0.461135983467102,0.632481038570404,-0.0329147614538669,0.4930304884910583,0.6131948828697205,-0.0335238017141819,0.3628522455692291,0.7451770305633545,-0.0227073021233081,0.4231404960155487,0.7003198266029358,-0.0310051329433918,0.4607429504394531,0.6733269095420837,-0.0360979922115802,0.487772136926651,0.6511517763137817,-0.0380220934748649,0.3681208789348602,0.7832613587379456,-0.0230895336717367,0.4165581464767456,0.753150463104248,-0.0293158404529094,0.4455027282238006,0.7322153449058533,-0.0325198285281658,0.4680664539337158,0.7131755948066711,-0.0331800431013107,0.0,0.0,0.0,0.0,0.0,0.0,0.0,0.0,0.0,0.0,0.0,0.0,0.0,0.0,0.0,0.0,0.0,0.0,0.0,0.0,0.0,0.0,0.0,0.0,0.0,0.0,0.0,0.0,0.0,0.0,0.0,0.0,0.0,0.0,0.0,0.0,0.0,0.0,0.0,0.0,0.0,0.0,0.0,0.0,0.0,0.0,0.0,0.0,0.0,0.0,0.0,0.0,0.0,0.0,0.0,0.0,0.0,0.0,0.0,0.0,0.0,0.0,0.0,I
0.2541185915470123,0.8050464987754822,9.41620754701944e-08,0.2488032877445221,0.719612717628479,-0.0056663383729755,0.2796567678451538,0.6593760251998901,-0.0086200274527072,0.3265792727470398,0.6291994452476501,-0.009314814582467,0.3614762723445892,0.6114647388458252,-0.0091883260756731,0.3350831568241119,0.6724034547805786,-0.0205726642161607,0.4022544920444488,0.6390114426612854,-0.0281370654702186,0.43946373462677,0.6211737990379333,-0.0286175310611724,0.4672146141529083,0.6083816885948181,-0.027742613106966,0.3527974486351013,0.7135280966758728,-0.0208125934004783,0.4208050966262817,0.6704612374305725,-0.0288012903183698,0.4609309136867523,0.645157516002655,-0.0299765989184379,0.4923056066036224,0.6272065043449402,-0.0295594427734613,0.3625963926315307,0.7526705265045166,-0.0206959992647171,0.4232161045074463,0.7107557654380798,-0.0283414125442504,0.4605554044246673,0.6861883401870728,-0.0321605876088142,0.4879634380340576,0.6656984686851501,-0.0330144353210926,0.3667067587375641,0.7906455993652344,-0.0203542932868003,0.4152778387069702,0.761986255645752,-0.0257136356085538,0.4437764286994934,0.7413089871406555,-0.0281084273010492,0.4654971957206726,0.7226027250289917,-0.0281445290893316,0.0,0.0,0.0,0.0,0.0,0.0,0.0,0.0,0.0,0.0,0.0,0.0,0.0,0.0,0.0,0.0,0.0,0.0,0.0,0.0,0.0,0.0,0.0,0.0,0.0,0.0,0.0,0.0,0.0,0.0,0.0,0.0,0.0,0.0,0.0,0.0,0.0,0.0,0.0,0.0,0.0,0.0,0.0,0.0,0.0,0.0,0.0,0.0,0.0,0.0,0.0,0.0,0.0,0.0,0.0,0.0,0.0,0.0,0.0,0.0,0.0,0.0,0.0,I
0.2602967321872711,0.7853578329086304,1.0113576109915813e-07,0.2562350928783417,0.6990222930908203,-0.0040425984188914,0.2879872620105743,0.6398627758026123,-0.0061658732593059,0.3353069126605987,0.6117287874221802,-0.0064036450348794,0.3707373738288879,0.5953000783920288,-0.0059615508653223,0.3448494374752044,0.6533181071281433,-0.017578687518835,0.4122587740421295,0.6219812631607056,-0.0248103439807891,0.4499231278896332,0.6051374077796936,-0.0251330640166997,0.4776021242141723,0.5934391021728516,-0.0239405035972595,0.3617636561393738,0.6960410475730896,-0.0183682236820459,0.4307079017162323,0.6547149419784546,-0.026884663850069,0.4711475670337677,0.6300961375236511,-0.0281382910907268,0.502367377281189,0.6128139495849609,-0.0272302497178316,0.3705319762229919,0.7367929816246033,-0.0187637191265821,0.4315946102142334,0.6968024373054504,-0.0266801733523607,0.469120442867279,0.6731539368629456,-0.0300410948693752,0.4969189763069153,0.6536190509796143,-0.0300618074834346,0.373095154762268,0.7758108973503113,-0.0187466274946928,0.4228835701942444,0.7467063665390015,-0.0233073346316814,0.452422559261322,0.7273858785629272,-0.0246259085834026,0.4755538702011108,0.7106350064277649,-0.0236786864697933,0.0,0.0,0.0,0.0,0.0,0.0,0.0,0.0,0.0,0.0,0.0,0.0,0.0,0.0,0.0,0.0,0.0,0.0,0.0,0.0,0.0,0.0,0.0,0.0,0.0,0.0,0.0,0.0,0.0,0.0,0.0,0.0,0.0,0.0,0.0,0.0,0.0,0.0,0.0,0.0,0.0,0.0,0.0,0.0,0.0,0.0,0.0,0.0,0.0,0.0,0.0,0.0,0.0,0.0,0.0,0.0,0.0,0.0,0.0,0.0,0.0,0.0,0.0,I
0.2691386342048645,0.8104969263076782,1.67859965927164e-07,0.2595565021038055,0.7241683602333069,-0.0059791570529341,0.2899456620216369,0.6653198599815369,-0.0085988361388444,0.3347281515598297,0.6340782046318054,-0.0090375123545527,0.3684022128582001,0.6094245910644531,-0.0091403974220156,0.3465380072593689,0.6787812113761902,-0.0184723585844039,0.4128420352935791,0.6473477482795715,-0.0256227832287549,0.4497651755809784,0.6278597712516785,-0.0266465432941913,0.4776489436626434,0.613630473613739,-0.026235356926918,0.3645877242088318,0.7221024632453918,-0.0189753007143735,0.4307210445404053,0.6791569590568542,-0.0264987722039222,0.4709566831588745,0.6521987318992615,-0.0289932508021593,0.5032891035079956,0.6330600380897522,-0.0297764427959918,0.3734928667545318,0.7625080347061157,-0.0192581340670585,0.4335335195064544,0.7228111028671265,-0.0276867672801017,0.4716247320175171,0.6974970102310181,-0.0335247218608856,0.5011934041976929,0.6775689125061035,-0.0360106527805328,0.3772803843021393,0.8010197281837463,-0.01911455206573,0.4253698885440826,0.7745338678359985,-0.0264047943055629,0.4548402726650238,0.7535567879676819,-0.0304337386041879,0.479202926158905,0.7345126271247864,-0.0317496620118618,0.0,0.0,0.0,0.0,0.0,0.0,0.0,0.0,0.0,0.0,0.0,0.0,0.0,0.0,0.0,0.0,0.0,0.0,0.0,0.0,0.0,0.0,0.0,0.0,0.0,0.0,0.0,0.0,0.0,0.0,0.0,0.0,0.0,0.0,0.0,0.0,0.0,0.0,0.0,0.0,0.0,0.0,0.0,0.0,0.0,0.0,0.0,0.0,0.0,0.0,0.0,0.0,0.0,0.0,0.0,0.0,0.0,0.0,0.0,0.0,0.0,0.0,0.0,I
0.2566477656364441,0.8094441294670105,1.75623100062694e-07,0.2514193058013916,0.7243266701698303,-0.008138446137309,0.2834377586841583,0.6668306589126587,-0.0134380226954817,0.3283398151397705,0.6379777193069458,-0.0161108653992414,0.36292564868927,0.6152870059013367,-0.0188574641942977,0.3381895720958709,0.6841884255409241,-0.0292875245213508,0.4079248011112213,0.6564438939094543,-0.0403258427977561,0.4475419521331787,0.6406294107437134,-0.0425688475370407,0.4766359329223633,0.6296968460083008,-0.0424199104309082,0.3528751730918884,0.7293158173561096,-0.0297998208552598,0.4242083430290222,0.6903395056724548,-0.0412648804485797,0.4675315618515014,0.6667386889457703,-0.0445987284183502,0.5019872784614563,0.6505961418151855,-0.0454915948212146,0.3602542579174042,0.7710001468658447,-0.0297662075608968,0.4247328042984009,0.7358313798904419,-0.0416230633854866,0.465747982263565,0.7139580249786377,-0.0485553592443466,0.4977346062660217,0.696212112903595,-0.0511203855276107,0.3623986542224884,0.8086987733840942,-0.0292113795876503,0.4141659140586853,0.7855857610702515,-0.0396115183830261,0.4462060332298279,0.7678037285804749,-0.045010894536972,0.4725616872310638,0.7506750226020813,-0.0467219054698944,0.0,0.0,0.0,0.0,0.0,0.0,0.0,0.0,0.0,0.0,0.0,0.0,0.0,0.0,0.0,0.0,0.0,0.0,0.0,0.0,0.0,0.0,0.0,0.0,0.0,0.0,0.0,0.0,0.0,0.0,0.0,0.0,0.0,0.0,0.0,0.0,0.0,0.0,0.0,0.0,0.0,0.0,0.0,0.0,0.0,0.0,0.0,0.0,0.0,0.0,0.0,0.0,0.0,0.0,0.0,0.0,0.0,0.0,0.0,0.0,0.0,0.0,0.0,I
0.2730142474174499,0.8436875939369202,7.476454300103796e-08,0.2735213041305542,0.7518798112869263,-0.0038675847463309,0.3078002333641052,0.6919633150100708,-0.0054791402071714,0.3583193719387054,0.6633312702178955,-0.0040765288285911,0.3940372169017792,0.6394738554954529,-0.0017652594251558,0.3681580722332001,0.7130243182182312,-0.0208190232515335,0.4390289783477783,0.6801948547363281,-0.0248919371515512,0.4766035377979278,0.6624919772148132,-0.0224034506827592,0.5048777461051941,0.6504338383674622,-0.0194287337362766,0.3845783174037933,0.7575323581695557,-0.0187898986041545,0.4580123424530029,0.7163015604019165,-0.0264047179371118,0.4999224245548248,0.6916235685348511,-0.0256955455988645,0.531328022480011,0.6754828095436096,-0.0236047599464654,0.3926668167114258,0.7980697154998779,-0.0156563855707645,0.4585729539394378,0.7600332498550415,-0.0222439635545015,0.4979055523872375,0.7366337776184082,-0.0249362867325544,0.5257608890533447,0.7182541489601135,-0.0247062053531408,0.3950030207633972,0.8367891907691956,-0.0116771254688501,0.448957622051239,0.8101431727409363,-0.0141314165666699,0.4806929230690002,0.7915003299713135,-0.0151044474914669,0.5053409337997437,0.7760187983512878,-0.0144085464999079,0.0,0.0,0.0,0.0,0.0,0.0,0.0,0.0,0.0,0.0,0.0,0.0,0.0,0.0,0.0,0.0,0.0,0.0,0.0,0.0,0.0,0.0,0.0,0.0,0.0,0.0,0.0,0.0,0.0,0.0,0.0,0.0,0.0,0.0,0.0,0.0,0.0,0.0,0.0,0.0,0.0,0.0,0.0,0.0,0.0,0.0,0.0,0.0,0.0,0.0,0.0,0.0,0.0,0.0,0.0,0.0,0.0,0.0,0.0,0.0,0.0,0.0,0.0,I
0.2713941633701324,0.8341233730316162,1.523668231584452e-07,0.2649067640304565,0.7440698742866516,-0.0088404519483447,0.2942187786102295,0.6784325242042542,-0.0145672056823968,0.3429830074310303,0.6407911777496338,-0.0173394121229648,0.3797147572040558,0.6149779558181763,-0.0189023464918136,0.3561976253986358,0.6919331550598145,-0.0250688400119543,0.4265555441379547,0.6533613204956055,-0.0338495224714279,0.464230328798294,0.633384108543396,-0.0348889902234077,0.4918201267719269,0.6203609704971313,-0.0339493714272975,0.3751700818538666,0.7337642908096313,-0.0238399151712656,0.4469551146030426,0.6865323185920715,-0.0328797250986099,0.4872617721557617,0.6598162651062012,-0.0336506217718124,0.516879141330719,0.6418404579162598,-0.0326569080352783,0.385160893201828,0.7742092609405518,-0.0224668364971876,0.450407326221466,0.7314236164093018,-0.0308039635419845,0.4865218102931976,0.7065596580505371,-0.0340987406671047,0.5111938714981079,0.6859768629074097,-0.0343841984868049,0.3890951871871948,0.8140323758125305,-0.0210330877453088,0.4412167370319366,0.7845014333724976,-0.026595776900649,0.4697194695472717,0.7620770335197449,-0.0285958796739578,0.4903421700000763,0.741460919380188,-0.0281613878905773,0.0,0.0,0.0,0.0,0.0,0.0,0.0,0.0,0.0,0.0,0.0,0.0,0.0,0.0,0.0,0.0,0.0,0.0,0.0,0.0,0.0,0.0,0.0,0.0,0.0,0.0,0.0,0.0,0.0,0.0,0.0,0.0,0.0,0.0,0.0,0.0,0.0,0.0,0.0,0.0,0.0,0.0,0.0,0.0,0.0,0.0,0.0,0.0,0.0,0.0,0.0,0.0,0.0,0.0,0.0,0.0,0.0,0.0,0.0,0.0,0.0,0.0,0.0,I
0.271911084651947,0.8686218857765198,1.44606943308645e-07,0.2607851326465606,0.777306318283081,-0.0134128611534833,0.288808137178421,0.7124777436256409,-0.0203426219522953,0.3354348540306091,0.6759406328201294,-0.0234190095216035,0.3689972758293152,0.6472673416137695,-0.0254994146525859,0.3512897789478302,0.7265937924385071,-0.0285411681979894,0.4197659492492676,0.6865896582603455,-0.0388726554811,0.4580539464950561,0.6655002236366272,-0.0415338277816772,0.4864570498466491,0.6527688503265381,-0.0414601974189281,0.3718837797641754,0.7682851552963257,-0.0247605927288532,0.442098468542099,0.7203700542449951,-0.0348023027181625,0.4825212657451629,0.6904186606407166,-0.0365366488695144,0.5131255984306335,0.6712323427200317,-0.0360587872564792,0.3835426568984985,0.8060398101806641,-0.0211230590939521,0.4475018680095672,0.7637421488761902,-0.02962501719594,0.4838742315769195,0.7380920052528381,-0.032762948423624,0.5096561908721924,0.7189252376556396,-0.0326958000659942,0.3881288468837738,0.8400536775588989,-0.0178841650485992,0.4384973347187042,0.807408332824707,-0.0219006780534982,0.4668434262275696,0.7865074872970581,-0.0226797387003898,0.4876834750175476,0.7692149877548218,-0.021517502143979,0.0,0.0,0.0,0.0,0.0,0.0,0.0,0.0,0.0,0.0,0.0,0.0,0.0,0.0,0.0,0.0,0.0,0.0,0.0,0.0,0.0,0.0,0.0,0.0,0.0,0.0,0.0,0.0,0.0,0.0,0.0,0.0,0.0,0.0,0.0,0.0,0.0,0.0,0.0,0.0,0.0,0.0,0.0,0.0,0.0,0.0,0.0,0.0,0.0,0.0,0.0,0.0,0.0,0.0,0.0,0.0,0.0,0.0,0.0,0.0,0.0,0.0,0.0,I
0.2661617994308471,0.8342439532279968,1.8325718542655522e-07,0.2608778774738312,0.7420518398284912,-0.0085870362818241,0.2924656271934509,0.6813993453979492,-0.0133186783641576,0.341575026512146,0.6506854295730591,-0.0152988377958536,0.3784163296222687,0.6264211535453796,-0.0163497943431139,0.3528278768062591,0.6981939077377319,-0.0212112702429294,0.4215996563434601,0.6653506755828857,-0.0290367882698774,0.45924112200737,0.6467757821083069,-0.0306344553828239,0.4877272546291351,0.6343683004379272,-0.0304150097072124,0.3703750371932983,0.7421567440032959,-0.0200975257903337,0.4399991035461426,0.6995067596435547,-0.0281327217817306,0.4818621575832367,0.6740104556083679,-0.0304175466299057,0.5138727426528931,0.6571410894393921,-0.031038885936141,0.37926185131073,0.7839772701263428,-0.0189581345766782,0.4423246383666992,0.7438225746154785,-0.0264467578381299,0.4807143211364746,0.7199884057044983,-0.031311348080635,0.5086351633071899,0.7019320130348206,-0.0333200506865978,0.3834047317504883,0.8243914842605591,-0.0178106427192688,0.4313579201698303,0.7963308095932007,-0.0228935349732637,0.4603820443153381,0.7751083970069885,-0.0258232820779085,0.4833106398582458,0.7571830153465271,-0.0265387091785669,0.0,0.0,0.0,0.0,0.0,0.0,0.0,0.0,0.0,0.0,0.0,0.0,0.0,0.0,0.0,0.0,0.0,0.0,0.0,0.0,0.0,0.0,0.0,0.0,0.0,0.0,0.0,0.0,0.0,0.0,0.0,0.0,0.0,0.0,0.0,0.0,0.0,0.0,0.0,0.0,0.0,0.0,0.0,0.0,0.0,0.0,0.0,0.0,0.0,0.0,0.0,0.0,0.0,0.0,0.0,0.0,0.0,0.0,0.0,0.0,0.0,0.0,0.0,I
0.2599921226501465,0.8404110074043274,9.522509714088301e-08,0.2588127255439758,0.7505548596382141,-0.0078609315678477,0.2914299666881561,0.6906202435493469,-0.0128741143271327,0.3405793905258178,0.6605966687202454,-0.015244772657752,0.3763077557086944,0.6377319097518921,-0.0167505703866481,0.3507546782493591,0.7125925421714783,-0.0245376676321029,0.4216878116130829,0.6777326464653015,-0.0330165475606918,0.4591985940933227,0.6588785648345947,-0.0341244935989379,0.4867891371250152,0.6460366249084473,-0.0333923622965812,0.3661641776561737,0.7552562355995178,-0.0234832018613815,0.4393110871315002,0.7124075889587402,-0.0315954834222793,0.4808298349380493,0.687641441822052,-0.0326860360801219,0.5112471580505371,0.671505868434906,-0.0326381102204322,0.3738409876823425,0.7956019043922424,-0.022191209718585,0.4393031895160675,0.7573279738426208,-0.0300185531377792,0.4764668345451355,0.735166609287262,-0.034012172371149,0.5014693737030029,0.7173141241073608,-0.0353347808122634,0.3768355846405029,0.8346641659736633,-0.0207944903522729,0.4280757308006286,0.8099076747894287,-0.0267635602504014,0.4577253460884094,0.790605902671814,-0.0299518853425979,0.4802997708320617,0.773253858089447,-0.0307658314704895,0.0,0.0,0.0,0.0,0.0,0.0,0.0,0.0,0.0,0.0,0.0,0.0,0.0,0.0,0.0,0.0,0.0,0.0,0.0,0.0,0.0,0.0,0.0,0.0,0.0,0.0,0.0,0.0,0.0,0.0,0.0,0.0,0.0,0.0,0.0,0.0,0.0,0.0,0.0,0.0,0.0,0.0,0.0,0.0,0.0,0.0,0.0,0.0,0.0,0.0,0.0,0.0,0.0,0.0,0.0,0.0,0.0,0.0,0.0,0.0,0.0,0.0,0.0,I
0.2549155354499817,0.8036922812461853,1.1020048873433554e-07,0.2564970850944519,0.711082935333252,-0.0041941553354263,0.2932996749877929,0.6531178951263428,-0.0048635178245604,0.3413988351821899,0.6270760893821716,-0.0039599342271685,0.3758973479270935,0.60612553358078,-0.0024988874793052,0.3549015820026397,0.6740522980690002,-0.0104534653946757,0.420861542224884,0.6473519802093506,-0.016247559338808,0.4580225050449371,0.631225049495697,-0.0183427426964044,0.4864719808101654,0.6192197203636169,-0.0191867053508758,0.3695584237575531,0.718654453754425,-0.0114493053406476,0.4365015923976898,0.6826531887054443,-0.018410075455904,0.4782953858375549,0.6601500511169434,-0.021669303998351,0.5118030905723572,0.6436558961868286,-0.0230769552290439,0.374618798494339,0.7608544826507568,-0.0127477822825312,0.4369952082633972,0.728376030921936,-0.020986083894968,0.4759663045406341,0.7067312598228455,-0.0272555872797966,0.5053822994232178,0.6889376640319824,-0.0299350228160619,0.3748402297496795,0.8034411668777466,-0.0137251587584614,0.425064742565155,0.7831113934516907,-0.0203889533877372,0.4564921259880066,0.7652707099914551,-0.0245790723711252,0.4824513494968414,0.7494827508926392,-0.0261417273432016,0.0,0.0,0.0,0.0,0.0,0.0,0.0,0.0,0.0,0.0,0.0,0.0,0.0,0.0,0.0,0.0,0.0,0.0,0.0,0.0,0.0,0.0,0.0,0.0,0.0,0.0,0.0,0.0,0.0,0.0,0.0,0.0,0.0,0.0,0.0,0.0,0.0,0.0,0.0,0.0,0.0,0.0,0.0,0.0,0.0,0.0,0.0,0.0,0.0,0.0,0.0,0.0,0.0,0.0,0.0,0.0,0.0,0.0,0.0,0.0,0.0,0.0,0.0,I
0.2635309100151062,0.816293478012085,1.6938547275913154e-07,0.2582651972770691,0.7266628742218018,-0.0097545003518462,0.2916092276573181,0.6649284958839417,-0.0147966034710407,0.3399172723293304,0.6370754837989807,-0.01712491735816,0.376491516828537,0.6180988550186157,-0.0190750639885664,0.3500686585903168,0.6882631182670593,-0.0247524324804544,0.4192875027656555,0.654460608959198,-0.0356816314160823,0.4578581154346466,0.635223388671875,-0.0395909659564495,0.4870925843715668,0.6217105388641357,-0.0411314889788627,0.3667424321174621,0.733261227607727,-0.0247340947389602,0.4364224970340729,0.6898372769355774,-0.0353761836886405,0.478573739528656,0.6639420390129089,-0.040149450302124,0.512423038482666,0.6462358236312866,-0.0425208546221256,0.374471366405487,0.7759801149368286,-0.0248176865279674,0.437339037656784,0.7376012802124023,-0.0360259786248207,0.4762338101863861,0.7132866978645325,-0.0433775261044502,0.5059133768081665,0.6945995688438416,-0.0468164272606372,0.3772784769535064,0.8178296089172363,-0.0248253569006919,0.4269418120384216,0.7939031720161438,-0.0349938347935676,0.4571124017238617,0.7748890519142151,-0.0404710061848163,0.4820008277893066,0.7577168941497803,-0.0426158756017684,0.0,0.0,0.0,0.0,0.0,0.0,0.0,0.0,0.0,0.0,0.0,0.0,0.0,0.0,0.0,0.0,0.0,0.0,0.0,0.0,0.0,0.0,0.0,0.0,0.0,0.0,0.0,0.0,0.0,0.0,0.0,0.0,0.0,0.0,0.0,0.0,0.0,0.0,0.0,0.0,0.0,0.0,0.0,0.0,0.0,0.0,0.0,0.0,0.0,0.0,0.0,0.0,0.0,0.0,0.0,0.0,0.0,0.0,0.0,0.0,0.0,0.0,0.0,I
0.2697855830192566,0.8293126225471497,1.009098440363232e-07,0.2721053659915924,0.7376466989517212,-0.0034452558029443,0.3095390498638153,0.6797826886177063,-0.0057156616821885,0.359862357378006,0.6532756686210632,-0.0059702307917177,0.3940174281597137,0.6287069916725159,-0.0059689902700483,0.3672352731227875,0.7032897472381592,-0.0198299586772918,0.4380878806114197,0.6738585233688354,-0.0271963346749544,0.4766252636909485,0.657852292060852,-0.0283350739628076,0.5051209330558777,0.6466202139854431,-0.0279528256505727,0.3817038834095001,0.748199999332428,-0.0208926144987344,0.4555113315582275,0.7096706628799438,-0.029137784615159,0.4983161091804504,0.6871551871299744,-0.0309365279972553,0.5305995941162109,0.6716369986534119,-0.0310699325054883,0.3878699243068695,0.7899490594863892,-0.0213665384799242,0.4551306366920471,0.7552436590194702,-0.029681472107768,0.4950280785560608,0.734171986579895,-0.0347861386835575,0.5232904553413391,0.7162562608718872,-0.0367368347942829,0.3886989057064056,0.8300342559814453,-0.0211687553673982,0.4412389397621155,0.8084644079208374,-0.0273442603647708,0.4730837345123291,0.790650486946106,-0.0308370422571897,0.4984955787658691,0.7740277647972107,-0.0319390594959259,0.0,0.0,0.0,0.0,0.0,0.0,0.0,0.0,0.0,0.0,0.0,0.0,0.0,0.0,0.0,0.0,0.0,0.0,0.0,0.0,0.0,0.0,0.0,0.0,0.0,0.0,0.0,0.0,0.0,0.0,0.0,0.0,0.0,0.0,0.0,0.0,0.0,0.0,0.0,0.0,0.0,0.0,0.0,0.0,0.0,0.0,0.0,0.0,0.0,0.0,0.0,0.0,0.0,0.0,0.0,0.0,0.0,0.0,0.0,0.0,0.0,0.0,0.0,I
0.2668808698654175,0.8265684843063354,1.743534596698737e-07,0.2617585062980652,0.7370440363883972,-0.0068845031782984,0.2958741784095764,0.6775858998298645,-0.0111082820221781,0.3426465392112732,0.649025022983551,-0.0127642313018441,0.3771093189716339,0.623206377029419,-0.0144046861678361,0.3519633114337921,0.6977680921554565,-0.0259176194667816,0.4218135774135589,0.6662650108337402,-0.0360255166888237,0.4608506262302398,0.647923469543457,-0.0383667536079883,0.4899583756923675,0.6345047354698181,-0.038698349148035,0.3685949444770813,0.743872344493866,-0.0267070308327674,0.4402806162834167,0.7007901668548584,-0.0383985750377178,0.482630044221878,0.6756097078323364,-0.0423459075391292,0.5162433981895447,0.6573005318641663,-0.0436573848128318,0.3765871524810791,0.7874682545661926,-0.0269092656672,0.4421872496604919,0.7473272085189819,-0.038588210940361,0.4819136559963226,0.7225677371025085,-0.0447641499340534,0.5120987892150879,0.7030048370361328,-0.0469638258218765,0.3797213733196258,0.829512357711792,-0.0265629589557647,0.4319117069244385,0.8023402690887451,-0.0361187197268009,0.462871253490448,0.7811412215232849,-0.0404676124453544,0.4881820380687713,0.7615147233009338,-0.041699331253767,0.0,0.0,0.0,0.0,0.0,0.0,0.0,0.0,0.0,0.0,0.0,0.0,0.0,0.0,0.0,0.0,0.0,0.0,0.0,0.0,0.0,0.0,0.0,0.0,0.0,0.0,0.0,0.0,0.0,0.0,0.0,0.0,0.0,0.0,0.0,0.0,0.0,0.0,0.0,0.0,0.0,0.0,0.0,0.0,0.0,0.0,0.0,0.0,0.0,0.0,0.0,0.0,0.0,0.0,0.0,0.0,0.0,0.0,0.0,0.0,0.0,0.0,0.0,I
0.2660149037837982,0.8496915698051453,1.7181709210944973e-07,0.2630026340484619,0.7610407471656799,-0.0101676331833004,0.2988148927688598,0.7024286985397339,-0.0155472187325358,0.3460762500762939,0.6716227531433105,-0.0180792491883039,0.3782170712947845,0.6432785391807556,-0.0207828022539615,0.3565282225608825,0.723961353302002,-0.0273008681833744,0.4247247874736786,0.6949719190597534,-0.038143515586853,0.4636821150779724,0.6791846752166748,-0.0419691540300846,0.4933977127075195,0.6673668026924133,-0.043506734073162,0.3730568885803222,0.7714385986328125,-0.026639312505722,0.4440356492996216,0.7321997880935669,-0.0372738726437091,0.4867934584617615,0.7089484930038452,-0.0416924282908439,0.5207687616348267,0.6927018165588379,-0.0438765846192836,0.379228413105011,0.8164049386978149,-0.0258270036429166,0.4439588189125061,0.782730221748352,-0.0375556871294975,0.483233779668808,0.7607337832450867,-0.0447332262992858,0.5128313302993774,0.743682324886322,-0.0477352067828178,0.3801642060279846,0.858863115310669,-0.0247512850910425,0.4343484342098236,0.8408945798873901,-0.0349179990589618,0.4664875864982605,0.8254436254501343,-0.0401538871228694,0.4931481480598449,0.8109436631202698,-0.0421094447374343,0.0,0.0,0.0,0.0,0.0,0.0,0.0,0.0,0.0,0.0,0.0,0.0,0.0,0.0,0.0,0.0,0.0,0.0,0.0,0.0,0.0,0.0,0.0,0.0,0.0,0.0,0.0,0.0,0.0,0.0,0.0,0.0,0.0,0.0,0.0,0.0,0.0,0.0,0.0,0.0,0.0,0.0,0.0,0.0,0.0,0.0,0.0,0.0,0.0,0.0,0.0,0.0,0.0,0.0,0.0,0.0,0.0,0.0,0.0,0.0,0.0,0.0,0.0,I
0.2815671563148498,0.8878766894340515,4.7830646110469395e-08,0.2680974006652832,0.801296055316925,-0.0079879602417349,0.2914992272853851,0.7345123291015625,-0.0121315363794565,0.3337013721466064,0.6905962228775024,-0.0139113878831267,0.3604185283184051,0.6552072763442993,-0.0155328856781125,0.3515531718730926,0.7392829656600952,-0.0214423686265945,0.4110839068889618,0.6819630861282349,-0.0298692286014556,0.4435008764266968,0.6503375768661499,-0.0327487662434577,0.4681505858898163,0.6279941201210022,-0.0336695499718189,0.3741728067398071,0.7762112617492676,-0.0207026209682226,0.4342465996742248,0.7134428024291992,-0.0286828726530075,0.4686804711818695,0.6759325861930847,-0.0323492884635925,0.4954184889793396,0.6500154137611389,-0.0344752259552478,0.388135552406311,0.8142304420471191,-0.0198324862867593,0.4447636008262634,0.7588518261909485,-0.0279683414846658,0.476740300655365,0.7238917946815491,-0.034929446876049,0.4994236826896667,0.6972209215164185,-0.0385795906186103,0.396741509437561,0.8526455760002136,-0.018764242529869,0.4447843432426452,0.8156459331512451,-0.024988330900669,0.4720259308815002,0.7909131646156311,-0.0293897036463022,0.4930422902107239,0.7704738974571228,-0.0313424617052078,0.0,0.0,0.0,0.0,0.0,0.0,0.0,0.0,0.0,0.0,0.0,0.0,0.0,0.0,0.0,0.0,0.0,0.0,0.0,0.0,0.0,0.0,0.0,0.0,0.0,0.0,0.0,0.0,0.0,0.0,0.0,0.0,0.0,0.0,0.0,0.0,0.0,0.0,0.0,0.0,0.0,0.0,0.0,0.0,0.0,0.0,0.0,0.0,0.0,0.0,0.0,0.0,0.0,0.0,0.0,0.0,0.0,0.0,0.0,0.0,0.0,0.0,0.0,I
0.2796257138252258,0.8640040755271912,5.1993705341146785e-08,0.2691358625888824,0.7784268260002136,-0.0059663606807589,0.2947804033756256,0.7116965651512146,-0.0094282580539584,0.3372458815574646,0.6701144576072693,-0.0110172443091869,0.3656207919120788,0.6390138864517212,-0.0124973682686686,0.3517844974994659,0.7162673473358154,-0.0205388031899929,0.4119318127632141,0.6639024019241333,-0.029500039294362,0.4464358985424042,0.6343382596969604,-0.0323724932968616,0.4721429646015167,0.6130926609039307,-0.0334500484168529,0.3739302456378937,0.7540081143379211,-0.0214887484908103,0.4340774714946747,0.6927776336669922,-0.0301785487681627,0.4705867767333984,0.6566117405891418,-0.0335543937981128,0.4990346133708954,0.6313859820365906,-0.0353533625602722,0.3878749907016754,0.7934103608131409,-0.0222317650914192,0.4455336928367615,0.7373454570770264,-0.0314497649669647,0.4789188206195831,0.7039908170700073,-0.0374542623758316,0.5026323795318604,0.6779003739356995,-0.040072713047266,0.3962384164333343,0.834424614906311,-0.0226564966142177,0.4438879191875458,0.7985487580299377,-0.0302178375422954,0.471898466348648,0.7743516564369202,-0.0344258919358253,0.4943807721138,0.7536867260932922,-0.0358168259263038,0.0,0.0,0.0,0.0,0.0,0.0,0.0,0.0,0.0,0.0,0.0,0.0,0.0,0.0,0.0,0.0,0.0,0.0,0.0,0.0,0.0,0.0,0.0,0.0,0.0,0.0,0.0,0.0,0.0,0.0,0.0,0.0,0.0,0.0,0.0,0.0,0.0,0.0,0.0,0.0,0.0,0.0,0.0,0.0,0.0,0.0,0.0,0.0,0.0,0.0,0.0,0.0,0.0,0.0,0.0,0.0,0.0,0.0,0.0,0.0,0.0,0.0,0.0,I
0.2760307192802429,0.8920797109603882,-8.527446482275992e-08,0.2623159885406494,0.8056759238243103,-0.0061304722912609,0.2843957543373108,0.7344150543212891,-0.0092322621494531,0.3247710168361664,0.6845442056655884,-0.0104633085429668,0.352727860212326,0.6476889252662659,-0.0113547565415501,0.3438019156455993,0.7287410497665405,-0.0199808496981859,0.3978367149829864,0.6591364741325378,-0.0273376647382974,0.4275839030742645,0.6230655908584595,-0.0280405804514884,0.4497258365154266,0.597216010093689,-0.0277383867651224,0.3703688085079193,0.7623605132102966,-0.0201909244060516,0.4243474006652832,0.685344398021698,-0.0282201301306486,0.454406589269638,0.6430457830429077,-0.0302290730178356,0.4760357439517975,0.6142005324363708,-0.0312943682074546,0.3880890011787414,0.7987432479858398,-0.0202907565981149,0.4398668706417084,0.7263991832733154,-0.0286134593188762,0.469518631696701,0.6843008399009705,-0.0346757173538208,0.4890933632850647,0.6535313129425049,-0.037846527993679,0.3996247351169586,0.83729088306427,-0.0201597735285758,0.4433676600456238,0.7892833948135376,-0.0258789248764514,0.4685724377632141,0.7581667304039001,-0.0301932636648416,0.487207293510437,0.7323547005653381,-0.0324552878737449,0.0,0.0,0.0,0.0,0.0,0.0,0.0,0.0,0.0,0.0,0.0,0.0,0.0,0.0,0.0,0.0,0.0,0.0,0.0,0.0,0.0,0.0,0.0,0.0,0.0,0.0,0.0,0.0,0.0,0.0,0.0,0.0,0.0,0.0,0.0,0.0,0.0,0.0,0.0,0.0,0.0,0.0,0.0,0.0,0.0,0.0,0.0,0.0,0.0,0.0,0.0,0.0,0.0,0.0,0.0,0.0,0.0,0.0,0.0,0.0,0.0,0.0,0.0,I
0.2705011367797851,0.882876992225647,-9.206293505314989e-09,0.2549496591091156,0.7966513633728027,-0.0062696733511984,0.2750914990901947,0.723068118095398,-0.0092290434986352,0.3145653307437897,0.6724591851234436,-0.0105326920747756,0.3435278832912445,0.6368284225463867,-0.0113722942769527,0.3330071270465851,0.713313639163971,-0.0170810539275407,0.3874291181564331,0.6462005972862244,-0.0243899431079626,0.4173332750797272,0.6104013323783875,-0.0259503982961177,0.4397260546684265,0.5849828720092773,-0.0262669865041971,0.3602224886417389,0.7472183704376221,-0.0178391896188259,0.4141870737075805,0.6717739701271057,-0.0240234807133674,0.4446151256561279,0.629385769367218,-0.0267007891088724,0.4665140211582184,0.6004995107650757,-0.0288075786083936,0.378700703382492,0.7836999893188477,-0.0188794191926717,0.4304603934288025,0.7124839425086975,-0.0268074981868267,0.4598436057567596,0.6694396734237671,-0.0345281288027763,0.4783997535705566,0.6369478106498718,-0.0392131432890892,0.392250120639801,0.8220295310020447,-0.0196861140429973,0.4374241530895233,0.7778608798980713,-0.0267732683569192,0.4630260467529297,0.7483794689178467,-0.0328072980046272,0.4819788336753845,0.7224254012107849,-0.0363659560680389,0.0,0.0,0.0,0.0,0.0,0.0,0.0,0.0,0.0,0.0,0.0,0.0,0.0,0.0,0.0,0.0,0.0,0.0,0.0,0.0,0.0,0.0,0.0,0.0,0.0,0.0,0.0,0.0,0.0,0.0,0.0,0.0,0.0,0.0,0.0,0.0,0.0,0.0,0.0,0.0,0.0,0.0,0.0,0.0,0.0,0.0,0.0,0.0,0.0,0.0,0.0,0.0,0.0,0.0,0.0,0.0,0.0,0.0,0.0,0.0,0.0,0.0,0.0,I
0.2508838772773742,0.7819299101829529,3.1839584835324786e-07,0.2570637464523315,0.6936264038085938,-0.0110581144690513,0.2992744445800781,0.6430504322052002,-0.0186047703027725,0.3476169407367706,0.6228130459785461,-0.0230768844485282,0.3831473290920257,0.601993203163147,-0.0280453693121671,0.3520234227180481,0.6754555702209473,-0.031371247023344,0.4240759611129761,0.6779837608337402,-0.0434236750006675,0.4651839435100555,0.6813149452209473,-0.0477419719099998,0.4957642555236816,0.6840068101882935,-0.0492385812103748,0.3604965507984161,0.7266823053359985,-0.0314921364188194,0.4360832870006561,0.7216813564300537,-0.041614145040512,0.4816858172416687,0.7201551198959351,-0.0464079156517982,0.5169381499290466,0.7197442650794983,-0.0490932129323482,0.3603572249412536,0.7729706764221191,-0.0313000567257404,0.4301225543022156,0.7663124799728394,-0.0415414236485958,0.4730387032032013,0.7632363438606262,-0.0493658334016799,0.5061729550361633,0.7604426145553589,-0.053664319217205,0.3552256226539612,0.8147552013397217,-0.0308461058884859,0.4103769063949585,0.8113688826560974,-0.0400731116533279,0.444020539522171,0.8078080415725708,-0.045036070048809,0.4721588492393493,0.8036293387413025,-0.0470706522464752,0.0,0.0,0.0,0.0,0.0,0.0,0.0,0.0,0.0,0.0,0.0,0.0,0.0,0.0,0.0,0.0,0.0,0.0,0.0,0.0,0.0,0.0,0.0,0.0,0.0,0.0,0.0,0.0,0.0,0.0,0.0,0.0,0.0,0.0,0.0,0.0,0.0,0.0,0.0,0.0,0.0,0.0,0.0,0.0,0.0,0.0,0.0,0.0,0.0,0.0,0.0,0.0,0.0,0.0,0.0,0.0,0.0,0.0,0.0,0.0,0.0,0.0,0.0,I
0.283466100692749,0.8614996671676636,2.254987947480913e-07,0.27757528424263,0.7740197777748108,-0.0151738189160823,0.3108403086662292,0.716857373714447,-0.0238623321056365,0.3549120426177978,0.682452917098999,-0.0293524805456399,0.3859225213527679,0.6523414850234985,-0.0350689552724361,0.3683061301708221,0.7362714409828186,-0.0312602780759334,0.4363241791725158,0.7081523537635803,-0.0442827492952346,0.4754744470119476,0.6939701437950134,-0.0498122498393058,0.5047718286514282,0.6841892004013062,-0.0522700101137161,0.3840180039405823,0.7841393947601318,-0.0291112847626209,0.4516269564628601,0.7463641166687012,-0.039655864238739,0.4930889904499054,0.7250083088874817,-0.0450344458222389,0.5254233479499817,0.7106249928474426,-0.0482921041548252,0.3912467956542969,0.8293933272361755,-0.027336549013853,0.455229640007019,0.7962504029273987,-0.0384790115058422,0.4943307936191559,0.7749183773994446,-0.0462922938168048,0.5240157842636108,0.7589209079742432,-0.0503235608339309,0.3940460979938507,0.870815098285675,-0.025849163532257,0.4447126090526581,0.852191686630249,-0.035544529557228,0.4760356247425079,0.837787926197052,-0.0410797446966171,0.5022701621055603,0.8251728415489197,-0.0435043089091777,0.0,0.0,0.0,0.0,0.0,0.0,0.0,0.0,0.0,0.0,0.0,0.0,0.0,0.0,0.0,0.0,0.0,0.0,0.0,0.0,0.0,0.0,0.0,0.0,0.0,0.0,0.0,0.0,0.0,0.0,0.0,0.0,0.0,0.0,0.0,0.0,0.0,0.0,0.0,0.0,0.0,0.0,0.0,0.0,0.0,0.0,0.0,0.0,0.0,0.0,0.0,0.0,0.0,0.0,0.0,0.0,0.0,0.0,0.0,0.0,0.0,0.0,0.0,I
0.2680763304233551,0.819516658782959,8.304193954700169e-08,0.2645096480846405,0.7323492169380188,-0.0041416059248149,0.295461356639862,0.6684624552726746,-0.0065716230310499,0.3395337164402008,0.6312472820281982,-0.0073223789222538,0.368409126996994,0.602457582950592,-0.0078815063461661,0.353716492652893,0.6813762784004211,-0.0190438255667686,0.419882208108902,0.6402904391288757,-0.027008656412363,0.456589788198471,0.6201061010360718,-0.0291249398142099,0.4839152991771698,0.6071449518203735,-0.0293585434556007,0.3722931444644928,0.7226168513298035,-0.0196883864700794,0.4410178065299988,0.6747546195983887,-0.0265631079673767,0.4806565046310425,0.6480026245117188,-0.028570394963026,0.5104182958602905,0.6309559941291809,-0.0293672755360603,0.3823263943195343,0.764643669128418,-0.0199447516351938,0.445856511592865,0.7208069562911987,-0.027204168960452,0.4822315275669098,0.6939094662666321,-0.0327864177525043,0.5068662166595459,0.6729971170425415,-0.0353514030575752,0.3866353332996368,0.8069992661476135,-0.0197339002043008,0.4377286732196808,0.7809817790985107,-0.0255460683256387,0.4668787717819214,0.7598861455917358,-0.0293220523744821,0.4887575209140777,0.7400639653205872,-0.0306311417371034,0.0,0.0,0.0,0.0,0.0,0.0,0.0,0.0,0.0,0.0,0.0,0.0,0.0,0.0,0.0,0.0,0.0,0.0,0.0,0.0,0.0,0.0,0.0,0.0,0.0,0.0,0.0,0.0,0.0,0.0,0.0,0.0,0.0,0.0,0.0,0.0,0.0,0.0,0.0,0.0,0.0,0.0,0.0,0.0,0.0,0.0,0.0,0.0,0.0,0.0,0.0,0.0,0.0,0.0,0.0,0.0,0.0,0.0,0.0,0.0,0.0,0.0,0.0,I
0.2641167342662811,0.7731590270996094,9.396210032264209e-08,0.2561163902282715,0.6909909844398499,-0.0023536996450275,0.2830201387405395,0.6295629143714905,-0.0054008183069527,0.323319524526596,0.5935437679290771,-0.0072281868197023,0.3499054610729217,0.5641169548034668,-0.0097550516948103,0.338254451751709,0.6318991780281067,-0.0234589856117963,0.4038414061069488,0.5919730067253113,-0.0339316576719284,0.4422160387039184,0.5715075135231018,-0.0359480045735836,0.4702742099761963,0.5582472085952759,-0.0358412899076938,0.3576292097568512,0.6729012131690979,-0.026430333033204,0.4248649179935455,0.6228224039077759,-0.0375565662980079,0.4642469882965088,0.5943466424942017,-0.0403342917561531,0.4955118298530578,0.575011670589447,-0.0407039187848567,0.368931770324707,0.7149138450622559,-0.0285894237458705,0.4309439063072204,0.6690453886985779,-0.0399023406207561,0.4679783880710602,0.640463650226593,-0.045724831521511,0.4960184395313263,0.6174085736274719,-0.047485813498497,0.3735715746879577,0.7570184469223022,-0.0298508796840906,0.4249748289585113,0.7246479392051697,-0.0392779447138309,0.4543047249317169,0.7024354338645935,-0.0436019301414489,0.4779582619667053,0.6814855933189392,-0.0445882976055145,0.0,0.0,0.0,0.0,0.0,0.0,0.0,0.0,0.0,0.0,0.0,0.0,0.0,0.0,0.0,0.0,0.0,0.0,0.0,0.0,0.0,0.0,0.0,0.0,0.0,0.0,0.0,0.0,0.0,0.0,0.0,0.0,0.0,0.0,0.0,0.0,0.0,0.0,0.0,0.0,0.0,0.0,0.0,0.0,0.0,0.0,0.0,0.0,0.0,0.0,0.0,0.0,0.0,0.0,0.0,0.0,0.0,0.0,0.0,0.0,0.0,0.0,0.0,I
0.2669190764427185,0.8079889416694641,1.195250263208436e-07,0.2606671452522278,0.7209033966064453,-0.0026866996195167,0.2892329096794128,0.6571010947227478,-0.0055689075961709,0.333625853061676,0.6179867386817932,-0.0066590472124516,0.3643955886363983,0.5872155427932739,-0.0074247885495424,0.344266265630722,0.6664301156997681,-0.0203060563653707,0.4100524187088012,0.6262680888175964,-0.0276182312518358,0.4463257491588592,0.6040630340576172,-0.0278398934751749,0.4729902744293213,0.5887883305549622,-0.0265625696629285,0.3651357889175415,0.7083115577697754,-0.0217973347753286,0.4338799118995666,0.6579196453094482,-0.0305289532989263,0.4736566543579101,0.6287189722061157,-0.031540498137474,0.5036529302597046,0.6082954406738281,-0.0306117832660675,0.3770990669727325,0.7499679923057556,-0.0224453676491975,0.4389563798904419,0.7039070725440979,-0.0307970773428678,0.4762327373027801,0.6758012771606445,-0.0350098125636577,0.5023574233055115,0.6521747708320618,-0.0358565710484981,0.3823571801185608,0.7909023761749268,-0.0222644414752721,0.4332243204116821,0.7596362233161926,-0.0274221822619438,0.4621297717094421,0.7370606064796448,-0.0293517354875803,0.4836894869804382,0.7155801653862,-0.0290246754884719,0.0,0.0,0.0,0.0,0.0,0.0,0.0,0.0,0.0,0.0,0.0,0.0,0.0,0.0,0.0,0.0,0.0,0.0,0.0,0.0,0.0,0.0,0.0,0.0,0.0,0.0,0.0,0.0,0.0,0.0,0.0,0.0,0.0,0.0,0.0,0.0,0.0,0.0,0.0,0.0,0.0,0.0,0.0,0.0,0.0,0.0,0.0,0.0,0.0,0.0,0.0,0.0,0.0,0.0,0.0,0.0,0.0,0.0,0.0,0.0,0.0,0.0,0.0,I
0.2594388127326965,0.8518931865692139,8.923309735564544e-08,0.2498452812433242,0.7656217813491821,-0.0034059307072311,0.2792374193668365,0.6988323926925659,-0.0045017399825155,0.3235257565975189,0.6576608419418335,-0.0031304706353694,0.3516164124011993,0.6238269805908203,-0.0014488268643617,0.3339128494262695,0.7032300233840942,-0.0188255701214075,0.3988607823848724,0.6542609930038452,-0.0236228238791227,0.4338131546974182,0.6278992891311646,-0.0232694055885076,0.4604620337486267,0.609466552734375,-0.0221332814544439,0.3551928699016571,0.7418925762176514,-0.0183479115366935,0.4202125370502472,0.6839847564697266,-0.0229488648474216,0.4585541486740112,0.6504889130592346,-0.0236751344054937,0.4887204170227051,0.6275988817214966,-0.0239138919860124,0.3682805895805359,0.7810970544815063,-0.0170657206326723,0.4279259741306305,0.7274543642997742,-0.0215648990124464,0.4631843268871307,0.6958714723587036,-0.026507144793868,0.4879314303398132,0.6706504821777344,-0.0291373692452907,0.376498818397522,0.8206540942192078,-0.0151393944397568,0.4261185526847839,0.7850986123085022,-0.0185450110584497,0.4538727402687073,0.7599009275436401,-0.0215987917035818,0.4745311737060547,0.7369863390922546,-0.0228365175426006,0.0,0.0,0.0,0.0,0.0,0.0,0.0,0.0,0.0,0.0,0.0,0.0,0.0,0.0,0.0,0.0,0.0,0.0,0.0,0.0,0.0,0.0,0.0,0.0,0.0,0.0,0.0,0.0,0.0,0.0,0.0,0.0,0.0,0.0,0.0,0.0,0.0,0.0,0.0,0.0,0.0,0.0,0.0,0.0,0.0,0.0,0.0,0.0,0.0,0.0,0.0,0.0,0.0,0.0,0.0,0.0,0.0,0.0,0.0,0.0,0.0,0.0,0.0,I
0.2184596955776214,0.8367041945457458,7.919429378944187e-08,0.211540549993515,0.7537438869476318,-0.0070347343571484,0.2407641410827636,0.6877375841140747,-0.012208997271955,0.2841217517852783,0.6478492617607117,-0.0157756675034761,0.3174224197864532,0.6201170086860657,-0.0188381150364875,0.2932380735874176,0.6932873129844666,-0.0224704146385192,0.3591667413711548,0.6479992866516113,-0.0335047282278537,0.3954381942749023,0.6235275268554688,-0.0370736382901668,0.4222940802574157,0.6057249307632446,-0.0380498729646205,0.3131729364395141,0.7332674860954285,-0.0238105356693267,0.3790677189826965,0.6807279586791992,-0.0329184904694557,0.418265163898468,0.6477077007293701,-0.0365187786519527,0.4485006630420685,0.6234568357467651,-0.0384426601231098,0.3262157440185547,0.7730143070220947,-0.0250980574637651,0.3867404162883758,0.7235170602798462,-0.0334208980202674,0.4230985641479492,0.6934075951576233,-0.0387302935123443,0.4488565623760223,0.6691849827766418,-0.0412396192550659,0.3346956670284271,0.8118927478790283,-0.0263879522681236,0.3832393884658813,0.7793225049972534,-0.0330164730548858,0.4123399555683136,0.7560442686080933,-0.0365613065659999,0.4350709915161133,0.7347569465637207,-0.0376125201582908,0.0,0.0,0.0,0.0,0.0,0.0,0.0,0.0,0.0,0.0,0.0,0.0,0.0,0.0,0.0,0.0,0.0,0.0,0.0,0.0,0.0,0.0,0.0,0.0,0.0,0.0,0.0,0.0,0.0,0.0,0.0,0.0,0.0,0.0,0.0,0.0,0.0,0.0,0.0,0.0,0.0,0.0,0.0,0.0,0.0,0.0,0.0,0.0,0.0,0.0,0.0,0.0,0.0,0.0,0.0,0.0,0.0,0.0,0.0,0.0,0.0,0.0,0.0,I
0.1761385053396225,0.8192452788352966,1.0890645540939661e-07,0.1777198314666748,0.7398467063903809,-0.0050799692980945,0.2092115730047226,0.6757103800773621,-0.010328727774322,0.2502636909484863,0.6336076259613037,-0.0150332059711217,0.2848444879055023,0.6062957644462585,-0.0191906560212373,0.2562643885612488,0.6754145622253418,-0.0205225404351949,0.3231825232505798,0.6297749876976013,-0.0328913293778896,0.3605481386184692,0.6059393286705017,-0.0367911607027053,0.387734591960907,0.5882960557937622,-0.0378771759569644,0.2752232551574707,0.7143011689186096,-0.0241681858897209,0.3426534533500671,0.6592350006103516,-0.0352078005671501,0.382686048746109,0.6275823712348938,-0.0394748002290725,0.4124920666217804,0.6036009192466736,-0.0416574515402317,0.2879286110401153,0.7559927105903625,-0.0279121026396751,0.3502575159072876,0.7011865377426147,-0.0383007265627384,0.3857591152191162,0.6708683371543884,-0.0438829138875007,0.4097341299057007,0.6465160250663757,-0.0462963618338108,0.2960855960845947,0.7979912757873535,-0.0315393768250942,0.3455875813961029,0.7637878656387329,-0.0402046106755733,0.3751215636730194,0.7412239909172058,-0.0445163957774639,0.39761483669281,0.7216476202011108,-0.0458623729646205,0.0,0.0,0.0,0.0,0.0,0.0,0.0,0.0,0.0,0.0,0.0,0.0,0.0,0.0,0.0,0.0,0.0,0.0,0.0,0.0,0.0,0.0,0.0,0.0,0.0,0.0,0.0,0.0,0.0,0.0,0.0,0.0,0.0,0.0,0.0,0.0,0.0,0.0,0.0,0.0,0.0,0.0,0.0,0.0,0.0,0.0,0.0,0.0,0.0,0.0,0.0,0.0,0.0,0.0,0.0,0.0,0.0,0.0,0.0,0.0,0.0,0.0,0.0,I
0.2975022494792938,0.8270696401596069,8.228455694592184e-10,0.287678599357605,0.7437527775764465,-0.0023241194430738,0.3146708607673645,0.6792408227920532,-0.0035013838205486,0.3565051555633545,0.6363354921340942,-0.00304925465025,0.3817314207553863,0.6027371287345886,-0.0022499177139252,0.3687781393527984,0.6778143644332886,-0.0173499286174774,0.4282597601413727,0.6213379502296448,-0.0239916257560253,0.4603930413722992,0.5916585922241211,-0.024145059287548,0.4840610921382904,0.5712544918060303,-0.0233317725360393,0.3909429609775543,0.7146294713020325,-0.0185167659074068,0.4502702355384826,0.6480205655097961,-0.0264180339872837,0.4834277927875519,0.6116528511047363,-0.0283203609287738,0.508852481842041,0.5864638686180115,-0.0288549978286027,0.4052095115184784,0.7544109225273132,-0.0190688930451869,0.4620961844921112,0.6934093832969666,-0.0281354151666164,0.4930306077003479,0.6566274166107178,-0.0339416451752185,0.5138365030288696,0.6278907656669617,-0.0360862500965595,0.4142466485500335,0.796423077583313,-0.0187933072447776,0.4626923501491546,0.7593171000480652,-0.0264210645109415,0.4903449416160583,0.7319889068603516,-0.0313857160508632,0.5107458233833313,0.7074235081672668,-0.0332248471677303,0.0,0.0,0.0,0.0,0.0,0.0,0.0,0.0,0.0,0.0,0.0,0.0,0.0,0.0,0.0,0.0,0.0,0.0,0.0,0.0,0.0,0.0,0.0,0.0,0.0,0.0,0.0,0.0,0.0,0.0,0.0,0.0,0.0,0.0,0.0,0.0,0.0,0.0,0.0,0.0,0.0,0.0,0.0,0.0,0.0,0.0,0.0,0.0,0.0,0.0,0.0,0.0,0.0,0.0,0.0,0.0,0.0,0.0,0.0,0.0,0.0,0.0,0.0,I
0.3715500831604004,0.8218214511871338,-6.368196636685752e-08,0.3624003529548645,0.7378379702568054,-0.0018706331029534,0.3901246786117553,0.6742923259735107,-0.0012476306874305,0.4314939379692077,0.6335603594779968,0.0009136088774539,0.4595092535018921,0.6079651117324829,0.003622658085078,0.4437187314033508,0.6753526926040649,-0.0105613758787512,0.4986018538475036,0.6281121373176575,-0.0146735403686761,0.5296566486358643,0.6027921438217163,-0.0140975695103406,0.5517025589942932,0.5857291221618652,-0.0128885935992002,0.4667045474052429,0.7133314609527588,-0.0106153935194015,0.5221807360649109,0.656279981136322,-0.0147473607212305,0.5542889833450317,0.6256272196769714,-0.0153360022231936,0.5775973200798035,0.6056686639785767,-0.0151685513556003,0.4822163581848144,0.7529882192611694,-0.0103938141837716,0.5334022045135498,0.6980475783348083,-0.0150640374049544,0.563721239566803,0.6662321090698242,-0.0192357841879129,0.5844061374664307,0.6426326632499695,-0.0207629632204771,0.4911944270133972,0.7946915030479431,-0.0096436971798539,0.5344169735908508,0.7583228349685669,-0.0109818996861577,0.5591769814491272,0.7364449501037598,-0.0123559515923261,0.5775285959243774,0.719066858291626,-0.0123809091746807,0.0,0.0,0.0,0.0,0.0,0.0,0.0,0.0,0.0,0.0,0.0,0.0,0.0,0.0,0.0,0.0,0.0,0.0,0.0,0.0,0.0,0.0,0.0,0.0,0.0,0.0,0.0,0.0,0.0,0.0,0.0,0.0,0.0,0.0,0.0,0.0,0.0,0.0,0.0,0.0,0.0,0.0,0.0,0.0,0.0,0.0,0.0,0.0,0.0,0.0,0.0,0.0,0.0,0.0,0.0,0.0,0.0,0.0,0.0,0.0,0.0,0.0,0.0,I
0.3237345814704895,0.8623496294021606,7.385239797486065e-08,0.3187519311904907,0.7800735831260681,-0.004867410287261,0.3497719764709472,0.7200672030448914,-0.0077695208601653,0.3941306471824646,0.684072732925415,-0.0084491707384586,0.4251332879066467,0.6565138697624207,-0.0086842775344848,0.4024038910865783,0.7308757901191711,-0.0217290949076414,0.4673969447612762,0.6935232877731323,-0.0280888900160789,0.5034804940223694,0.6715547442436218,-0.0271678399294614,0.5294834971427917,0.6557363271713257,-0.0255402047187089,0.4205130636692047,0.7725752592086792,-0.0217820741236209,0.4857620000839233,0.724130392074585,-0.0293732061982154,0.5225839018821716,0.6956377029418945,-0.0299153737723827,0.5514039397239685,0.6759936809539795,-0.0293240919709205,0.4307556450366974,0.813091516494751,-0.0211257562041282,0.4927555322647095,0.7682915329933167,-0.0290428344160318,0.5276281833648682,0.7417472004890442,-0.0322020687162876,0.5530383586883545,0.7197333574295044,-0.0326411761343479,0.4348991513252258,0.8525752425193787,-0.019869364798069,0.4839310050010681,0.825920820236206,-0.0249145179986953,0.5120739340782166,0.807515025138855,-0.0267717838287353,0.5340051054954529,0.7903607487678528,-0.0266291014850139,0.0,0.0,0.0,0.0,0.0,0.0,0.0,0.0,0.0,0.0,0.0,0.0,0.0,0.0,0.0,0.0,0.0,0.0,0.0,0.0,0.0,0.0,0.0,0.0,0.0,0.0,0.0,0.0,0.0,0.0,0.0,0.0,0.0,0.0,0.0,0.0,0.0,0.0,0.0,0.0,0.0,0.0,0.0,0.0,0.0,0.0,0.0,0.0,0.0,0.0,0.0,0.0,0.0,0.0,0.0,0.0,0.0,0.0,0.0,0.0,0.0,0.0,0.0,I
0.2593410611152649,0.8098855018615723,-3.0190189903578364e-08,0.2516224384307861,0.7254071831703186,-0.0015966446371749,0.2808538377285003,0.660239577293396,-0.0013207951560616,0.323970228433609,0.6212878823280334,5.134841921972111e-05,0.355224609375,0.5959857106208801,0.0018753834301605,0.3337037563323974,0.6634669899940491,-0.0114757670089602,0.3922072947025299,0.6139602661132812,-0.0160064548254013,0.4239532947540283,0.5865826606750488,-0.0157158691436052,0.4469209909439087,0.5679806470870972,-0.0148854218423366,0.3557632267475128,0.6994758248329163,-0.0127952601760625,0.4150101244449615,0.6410420536994934,-0.0174245033413171,0.4481071829795837,0.6082543730735779,-0.0185402687638998,0.4720353782176971,0.5864944458007812,-0.0190844871103763,0.369338184595108,0.7362060546875,-0.0138692138716578,0.4253664016723633,0.6838139891624451,-0.0194736383855342,0.4572126865386963,0.6525278091430664,-0.0251110903918743,0.478673368692398,0.6277450919151306,-0.0281727481633424,0.3765489757061004,0.7736831307411194,-0.0143364099785685,0.4207012355327606,0.7396870851516724,-0.018270218744874,0.4461146891117096,0.715747594833374,-0.0219320282340049,0.4647393226623535,0.6940068602561951,-0.0237418916076421,0.0,0.0,0.0,0.0,0.0,0.0,0.0,0.0,0.0,0.0,0.0,0.0,0.0,0.0,0.0,0.0,0.0,0.0,0.0,0.0,0.0,0.0,0.0,0.0,0.0,0.0,0.0,0.0,0.0,0.0,0.0,0.0,0.0,0.0,0.0,0.0,0.0,0.0,0.0,0.0,0.0,0.0,0.0,0.0,0.0,0.0,0.0,0.0,0.0,0.0,0.0,0.0,0.0,0.0,0.0,0.0,0.0,0.0,0.0,0.0,0.0,0.0,0.0,I
0.3453259766101837,0.797440767288208,-3.5447648372155534e-08,0.3378359973430633,0.716402530670166,-0.0050297901034355,0.3627524375915527,0.653295636177063,-0.0079850619658827,0.4030317068099975,0.6132185459136963,-0.0096057429909706,0.4322760999202728,0.5864943265914917,-0.0109448423609137,0.4155821800231933,0.6575413346290588,-0.0177890956401824,0.4739580154418945,0.6086702942848206,-0.0259245783090591,0.5060596466064453,0.5821629762649536,-0.0278518069535493,0.5294039845466614,0.5637655258178711,-0.0281944032758474,0.4375301599502563,0.6931777000427246,-0.0184229891747236,0.4954960346221924,0.6357027888298035,-0.0256496220827102,0.5280437469482422,0.6047685742378235,-0.0278746020048856,0.5513548254966736,0.5840286612510681,-0.0290758907794952,0.4524452090263366,0.7306857705116272,-0.0190050024539232,0.5067685842514038,0.6767020225524902,-0.0261112693697214,0.5377647280693054,0.6457989811897278,-0.0311790369451046,0.5593246817588806,0.622236430644989,-0.0336881056427955,0.4624137878417969,0.769196629524231,-0.0194066260010004,0.5071460008621216,0.7335004210472107,-0.0243213959038257,0.5326860547065735,0.7112417221069336,-0.0276409145444631,0.5524982213973999,0.6931334733963013,-0.0290014203637838,0.0,0.0,0.0,0.0,0.0,0.0,0.0,0.0,0.0,0.0,0.0,0.0,0.0,0.0,0.0,0.0,0.0,0.0,0.0,0.0,0.0,0.0,0.0,0.0,0.0,0.0,0.0,0.0,0.0,0.0,0.0,0.0,0.0,0.0,0.0,0.0,0.0,0.0,0.0,0.0,0.0,0.0,0.0,0.0,0.0,0.0,0.0,0.0,0.0,0.0,0.0,0.0,0.0,0.0,0.0,0.0,0.0,0.0,0.0,0.0,0.0,0.0,0.0,I
0.3544459342956543,0.8551211953163147,1.867508103714499e-08,0.3516794145107269,0.7733644247055054,-0.0089863324537873,0.381401777267456,0.7142465114593506,-0.0146122155711054,0.4240469336509704,0.6815636157989502,-0.018158109858632,0.454444944858551,0.6587747931480408,-0.0215934235602617,0.4318301379680633,0.7278943061828613,-0.0248423740267753,0.4949034452438354,0.6893042922019958,-0.0352976135909557,0.5296986103057861,0.6685092449188232,-0.0386533364653587,0.5551810264587402,0.6538666486740112,-0.0399365276098251,0.4502514898777008,0.769978940486908,-0.024751529097557,0.5132749676704407,0.7221714854240417,-0.0338086038827896,0.5498168468475342,0.6937130093574524,-0.0379086844623088,0.5775002837181091,0.6737762093544006,-0.0404179282486438,0.4611672759056091,0.8113462924957275,-0.0245422460138797,0.520089864730835,0.7672131657600403,-0.0334262959659099,0.5537717342376709,0.7397057414054871,-0.0393719896674156,0.5780991315841675,0.7176843285560608,-0.042403507977724,0.4666298031806946,0.8518232703208923,-0.0243169851601123,0.5124675035476685,0.8252890706062317,-0.0312914550304412,0.5396780371665955,0.8063872456550598,-0.0351393707096576,0.56123948097229,0.7892055511474609,-0.0365904159843921,0.0,0.0,0.0,0.0,0.0,0.0,0.0,0.0,0.0,0.0,0.0,0.0,0.0,0.0,0.0,0.0,0.0,0.0,0.0,0.0,0.0,0.0,0.0,0.0,0.0,0.0,0.0,0.0,0.0,0.0,0.0,0.0,0.0,0.0,0.0,0.0,0.0,0.0,0.0,0.0,0.0,0.0,0.0,0.0,0.0,0.0,0.0,0.0,0.0,0.0,0.0,0.0,0.0,0.0,0.0,0.0,0.0,0.0,0.0,0.0,0.0,0.0,0.0,I
0.3260282278060913,0.9277106523513794,5.535755676078225e-08,0.3314580023288727,0.8433899879455566,-0.0064743026159703,0.3670275509357452,0.7853276133537292,-0.0112889511510729,0.4130284190177917,0.7499524354934692,-0.0140363816171884,0.4452283084392547,0.7216735482215881,-0.0161178186535835,0.4249035716056824,0.803064227104187,-0.0214439332485198,0.4909132719039917,0.768769383430481,-0.0307376366108655,0.5280689001083374,0.7507511973381042,-0.033094584941864,0.554436981678009,0.7378766536712646,-0.0332034155726432,0.4415988326072693,0.8465890288352966,-0.0214705504477024,0.5112364292144775,0.8059385418891907,-0.0299625918269157,0.549260675907135,0.7812519073486328,-0.0311220772564411,0.5769418478012085,0.7630162239074707,-0.0306852292269468,0.44903165102005,0.8876104950904846,-0.0212724469602108,0.5139551162719727,0.8495274782180786,-0.0296677164733409,0.5489319562911987,0.8256564140319824,-0.0326515510678291,0.5719448328018188,0.8051844835281372,-0.0328911133110523,0.4494994878768921,0.9251852631568908,-0.0208551064133644,0.5007529258728027,0.9029910564422609,-0.0260819774121046,0.530411422252655,0.8873350024223328,-0.0275913178920745,0.5526636242866516,0.873261034488678,-0.0270165260881185,0.0,0.0,0.0,0.0,0.0,0.0,0.0,0.0,0.0,0.0,0.0,0.0,0.0,0.0,0.0,0.0,0.0,0.0,0.0,0.0,0.0,0.0,0.0,0.0,0.0,0.0,0.0,0.0,0.0,0.0,0.0,0.0,0.0,0.0,0.0,0.0,0.0,0.0,0.0,0.0,0.0,0.0,0.0,0.0,0.0,0.0,0.0,0.0,0.0,0.0,0.0,0.0,0.0,0.0,0.0,0.0,0.0,0.0,0.0,0.0,0.0,0.0,0.0,I
0.2994834184646606,0.8959173560142517,9.79988783456065e-08,0.3005327880382538,0.8097421526908875,-0.0059531810693442,0.3354293704032898,0.7514302134513855,-0.0097391651943326,0.3822792470455169,0.7193931937217712,-0.0115118669345974,0.4152864813804626,0.6948065757751465,-0.0128780025988817,0.390826940536499,0.7703191637992859,-0.0198020357638597,0.4572096467018127,0.7391477227210999,-0.0289802011102437,0.4944080710411072,0.7210060954093933,-0.0318369641900062,0.5217030644416809,0.7077487707138062,-0.0325170308351516,0.4063478708267212,0.8131757974624634,-0.0206750612705945,0.474556028842926,0.774695634841919,-0.0290306638926267,0.5145950317382812,0.7499217987060547,-0.0319448560476303,0.5443962812423706,0.7316461801528931,-0.0330843590199947,0.413004994392395,0.8538914322853088,-0.0213610287755727,0.4767285883426666,0.8191046714782715,-0.0296283178031444,0.5136681199073792,0.7976977229118347,-0.0344968028366565,0.5397056341171265,0.7792044878005981,-0.036424059420824,0.41415935754776,0.892448365688324,-0.0217721797525882,0.4645390808582306,0.8729196786880493,-0.0279021393507719,0.4948233664035797,0.8567914962768555,-0.0308311283588409,0.518254280090332,0.8418934345245361,-0.0314615629613399,0.0,0.0,0.0,0.0,0.0,0.0,0.0,0.0,0.0,0.0,0.0,0.0,0.0,0.0,0.0,0.0,0.0,0.0,0.0,0.0,0.0,0.0,0.0,0.0,0.0,0.0,0.0,0.0,0.0,0.0,0.0,0.0,0.0,0.0,0.0,0.0,0.0,0.0,0.0,0.0,0.0,0.0,0.0,0.0,0.0,0.0,0.0,0.0,0.0,0.0,0.0,0.0,0.0,0.0,0.0,0.0,0.0,0.0,0.0,0.0,0.0,0.0,0.0,I
0.2673675417900085,0.8493910431861877,1.2711309693713704e-07,0.2640863060951233,0.7630569338798523,-0.0053204675205051,0.2949057817459106,0.7027764916419983,-0.0092137223109602,0.3386573195457458,0.6688486933708191,-0.0108310291543602,0.3683880865573883,0.6407912969589233,-0.0123889222741127,0.3505892753601074,0.717797040939331,-0.0238571371883153,0.4172098636627197,0.6799052357673645,-0.0323979556560516,0.4535182118415832,0.6598966717720032,-0.034380167722702,0.4802748262882232,0.6461806297302246,-0.0344633944332599,0.367036372423172,0.7606896162033081,-0.0242185983806848,0.4343875646591186,0.7128010988235474,-0.0323137305676937,0.4732537269592285,0.6855502724647522,-0.0345733724534511,0.5032551288604736,0.6670130491256714,-0.0354753471910953,0.3757264912128448,0.8013270497322083,-0.0239136032760143,0.4380928575992584,0.7562265992164612,-0.0320522300899028,0.474457323551178,0.7296180725097656,-0.0372748300433158,0.5002570748329163,0.7089889049530029,-0.0397179722785949,0.379708468914032,0.8398865461349487,-0.0230700131505727,0.4283561706542969,0.8113387227058411,-0.0295646879822015,0.4579023420810699,0.7905713319778442,-0.0333681181073188,0.4819366633892059,0.7723714709281921,-0.0348405018448829,0.0,0.0,0.0,0.0,0.0,0.0,0.0,0.0,0.0,0.0,0.0,0.0,0.0,0.0,0.0,0.0,0.0,0.0,0.0,0.0,0.0,0.0,0.0,0.0,0.0,0.0,0.0,0.0,0.0,0.0,0.0,0.0,0.0,0.0,0.0,0.0,0.0,0.0,0.0,0.0,0.0,0.0,0.0,0.0,0.0,0.0,0.0,0.0,0.0,0.0,0.0,0.0,0.0,0.0,0.0,0.0,0.0,0.0,0.0,0.0,0.0,0.0,0.0,I
0.2303967326879501,0.8089247941970825,-1.7481688985299115e-08,0.2278234958648681,0.721235990524292,-0.0046911430545151,0.2589080929756164,0.655697762966156,-0.0071214507333934,0.3060030937194824,0.6183456182479858,-0.0086412727832794,0.3401449620723724,0.5937018394470215,-0.009171487763524,0.3164395689964294,0.6639075875282288,-0.0124329151585698,0.3788039088249206,0.6243480443954468,-0.0195328369736671,0.4136096239089966,0.6021561622619629,-0.0215963069349527,0.4391497671604156,0.586199939250946,-0.0222632568329572,0.3364621996879577,0.702512800693512,-0.0137438401579856,0.400658369064331,0.6553143858909607,-0.0207402482628822,0.438484251499176,0.6268803477287292,-0.022916616871953,0.4659196734428406,0.6070671081542969,-0.0240684207528829,0.3480314314365387,0.7412124276161194,-0.0153319844976067,0.4074448645114898,0.6977289319038391,-0.0221942700445652,0.4419610202312469,0.6705496311187744,-0.0264150351285934,0.465186059474945,0.6482039093971252,-0.0283335968852043,0.3538546860218048,0.7801521420478821,-0.0170011296868324,0.4008554220199585,0.7499272227287292,-0.02124366723001,0.4275801181793213,0.7273398637771606,-0.0235032271593809,0.4467320442199707,0.7076931595802307,-0.0240839589387178,0.0,0.0,0.0,0.0,0.0,0.0,0.0,0.0,0.0,0.0,0.0,0.0,0.0,0.0,0.0,0.0,0.0,0.0,0.0,0.0,0.0,0.0,0.0,0.0,0.0,0.0,0.0,0.0,0.0,0.0,0.0,0.0,0.0,0.0,0.0,0.0,0.0,0.0,0.0,0.0,0.0,0.0,0.0,0.0,0.0,0.0,0.0,0.0,0.0,0.0,0.0,0.0,0.0,0.0,0.0,0.0,0.0,0.0,0.0,0.0,0.0,0.0,0.0,I
0.2519380450248718,0.8629917502403259,1.3257205466743474e-07,0.2479464709758758,0.7765125036239624,-0.007806992623955,0.2775000929832458,0.7139636278152466,-0.0125900153070688,0.3229244947433471,0.6779447197914124,-0.0146771352738142,0.3568747937679291,0.6525239944458008,-0.0160983819514513,0.3335238695144653,0.7252826690673828,-0.0243361741304397,0.3994035720825195,0.6886101961135864,-0.0337965935468673,0.4359740018844604,0.6680915355682373,-0.0361347682774066,0.4636646509170532,0.6538982391357422,-0.0364665202796459,0.3511143624782562,0.7665696740150452,-0.0236834473907947,0.4183163046836853,0.7206318378448486,-0.0334741882979869,0.4590589106082916,0.6939250826835632,-0.0364038050174713,0.4915830492973327,0.6755006313323975,-0.0373185314238071,0.3603560924530029,0.8072256445884705,-0.0226784143596887,0.4205594360828399,0.765755832195282,-0.03211485221982,0.4576618075370788,0.7409646511077881,-0.0376013666391372,0.4849740862846374,0.720757246017456,-0.0395942069590091,0.3642570674419403,0.8474322557449341,-0.0213813688606023,0.4119309484958648,0.82011479139328,-0.0282334238290786,0.4409126043319702,0.7995860576629639,-0.0318409167230129,0.4638870060443878,0.7818563580513,-0.0328105501830577,0.0,0.0,0.0,0.0,0.0,0.0,0.0,0.0,0.0,0.0,0.0,0.0,0.0,0.0,0.0,0.0,0.0,0.0,0.0,0.0,0.0,0.0,0.0,0.0,0.0,0.0,0.0,0.0,0.0,0.0,0.0,0.0,0.0,0.0,0.0,0.0,0.0,0.0,0.0,0.0,0.0,0.0,0.0,0.0,0.0,0.0,0.0,0.0,0.0,0.0,0.0,0.0,0.0,0.0,0.0,0.0,0.0,0.0,0.0,0.0,0.0,0.0,0.0,I
0.2454761564731598,0.9001103043556213,1.9849645127578697e-07,0.2405346930027008,0.8165338635444641,-0.0119170909747481,0.2707214653491974,0.7547328472137451,-0.0179474502801895,0.3148325383663177,0.7168903350830078,-0.0211760140955448,0.3500900268554687,0.68939608335495,-0.0236379466950893,0.3291279673576355,0.7682410478591919,-0.0224914327263832,0.3943327069282532,0.7288743853569031,-0.032961368560791,0.4308249056339264,0.7064931392669678,-0.0373793542385101,0.4588209986686706,0.6900730133056641,-0.0391562618315219,0.3461368680000305,0.8096978068351746,-0.0211523622274398,0.4109112620353699,0.7628442049026489,-0.0305833425372838,0.4509525597095489,0.7344634532928467,-0.035738356411457,0.4823026657104492,0.7132239937782288,-0.0385872162878513,0.3545700907707214,0.8495514988899231,-0.0203502960503101,0.4137837290763855,0.8081088662147522,-0.0302497670054435,0.4504886865615845,0.7827697396278381,-0.0378152020275592,0.4775030314922333,0.7620100378990173,-0.0415590703487396,0.359027087688446,0.8874574899673462,-0.0197829268872737,0.4065247774124145,0.8639979362487793,-0.0277927722781896,0.4352766275405884,0.8457401394844055,-0.0327498912811279,0.4577227830886841,0.8292865753173828,-0.0348043367266655,0.0,0.0,0.0,0.0,0.0,0.0,0.0,0.0,0.0,0.0,0.0,0.0,0.0,0.0,0.0,0.0,0.0,0.0,0.0,0.0,0.0,0.0,0.0,0.0,0.0,0.0,0.0,0.0,0.0,0.0,0.0,0.0,0.0,0.0,0.0,0.0,0.0,0.0,0.0,0.0,0.0,0.0,0.0,0.0,0.0,0.0,0.0,0.0,0.0,0.0,0.0,0.0,0.0,0.0,0.0,0.0,0.0,0.0,0.0,0.0,0.0,0.0,0.0,I
0.2689771950244903,0.96505868434906,2.620473935621704e-07,0.2664746046066284,0.8812498450279236,-0.0179114565253257,0.3027253150939941,0.8210477232933044,-0.0283353812992572,0.3510299623012543,0.7917097210884094,-0.0341557264328002,0.3862088322639465,0.7771459817886353,-0.0394562408328056,0.3533233106136322,0.847450315952301,-0.0394371189177036,0.4244228899478912,0.8242497444152832,-0.054028607904911,0.4668145179748535,0.8105580806732178,-0.0589962117373943,0.4970720112323761,0.801206648349762,-0.0606177598237991,0.3678239583969116,0.8967114686965942,-0.0358882918953895,0.4403428137302398,0.863660991191864,-0.0479194894433021,0.4842759966850281,0.8442813158035278,-0.0514499135315418,0.5175727605819702,0.8318285346031189,-0.052744586020708,0.3747055828571319,0.9406411051750184,-0.0324513241648674,0.440282940864563,0.9078937768936156,-0.0437299348413944,0.4803909659385681,0.888272762298584,-0.0488983243703842,0.510473370552063,0.8739935755729675,-0.0506865866482257,0.3766475319862366,0.9797826409339904,-0.029542364180088,0.4273591041564941,0.9587366580963136,-0.0393510237336158,0.45799320936203,0.9427127242088318,-0.043153490871191,0.4822587966918945,0.9285609126091005,-0.0437639281153678,0.0,0.0,0.0,0.0,0.0,0.0,0.0,0.0,0.0,0.0,0.0,0.0,0.0,0.0,0.0,0.0,0.0,0.0,0.0,0.0,0.0,0.0,0.0,0.0,0.0,0.0,0.0,0.0,0.0,0.0,0.0,0.0,0.0,0.0,0.0,0.0,0.0,0.0,0.0,0.0,0.0,0.0,0.0,0.0,0.0,0.0,0.0,0.0,0.0,0.0,0.0,0.0,0.0,0.0,0.0,0.0,0.0,0.0,0.0,0.0,0.0,0.0,0.0,I
0.2566495537757873,0.8748681545257568,8.170425047637765e-08,0.255088210105896,0.7868383526802063,-0.0068130851723253,0.2893314957618713,0.7260080575942993,-0.0093467375263571,0.3365264534950256,0.6898460984230042,-0.0098251774907112,0.3692393004894256,0.6601837873458862,-0.0097031537443399,0.3495533466339111,0.7401067018508911,-0.0152547126635909,0.4161916971206665,0.6970292329788208,-0.0216150656342506,0.4519113004207611,0.6748427152633667,-0.0235169399529695,0.4790445566177368,0.6599636077880859,-0.023978741839528,0.3658399283885956,0.7812745571136475,-0.0141144143417477,0.4322285056114197,0.7312728762626648,-0.0193571355193853,0.4707973599433899,0.7032663822174072,-0.0218625329434871,0.5004851818084717,0.6845917105674744,-0.0234627369791269,0.3731537461280823,0.8220473527908325,-0.0131705710664391,0.4348396062850952,0.7773289084434509,-0.0197000540792942,0.4702769219875335,0.7505227327346802,-0.0256178695708513,0.4952504336833954,0.7294573783874512,-0.0288267415016889,0.3760539889335632,0.8626333475112915,-0.0120762214064598,0.4252668619155884,0.8370628952980042,-0.0178601760417222,0.4548007249832153,0.8172785639762878,-0.0224200431257486,0.4784568250179291,0.8002932667732239,-0.0246511157602071,0.0,0.0,0.0,0.0,0.0,0.0,0.0,0.0,0.0,0.0,0.0,0.0,0.0,0.0,0.0,0.0,0.0,0.0,0.0,0.0,0.0,0.0,0.0,0.0,0.0,0.0,0.0,0.0,0.0,0.0,0.0,0.0,0.0,0.0,0.0,0.0,0.0,0.0,0.0,0.0,0.0,0.0,0.0,0.0,0.0,0.0,0.0,0.0,0.0,0.0,0.0,0.0,0.0,0.0,0.0,0.0,0.0,0.0,0.0,0.0,0.0,0.0,0.0,I
0.2576448321342468,0.8071792125701904,5.1566317438300764e-08,0.2541782855987549,0.7195894718170166,-0.0034817741252481,0.2851696014404297,0.6558027863502502,-0.0053696734830737,0.3300477862358093,0.6204866766929626,-0.0058665736578404,0.3605616688728332,0.5944012403488159,-0.0061128633096814,0.3409635126590729,0.6669855713844299,-0.0168192461133003,0.405939370393753,0.6247563362121582,-0.0249017179012298,0.4415069818496704,0.6026257276535034,-0.0273950546979904,0.4682973325252533,0.5870704650878906,-0.0280183721333742,0.3591967225074768,0.7069770693778992,-0.0183089151978492,0.4242841303348541,0.6580408811569214,-0.0252051353454589,0.4634272158145904,0.6291743516921997,-0.027975870296359,0.4939325451850891,0.6097020506858826,-0.0294645838439464,0.3696006834506988,0.747672438621521,-0.0195470210164785,0.4291731417179107,0.701099693775177,-0.0267663765698671,0.4651462435722351,0.6733501553535461,-0.0325669795274734,0.4904740750789642,0.6518388986587524,-0.0355146750807762,0.3748882412910461,0.7888400554656982,-0.0203908197581768,0.4232940375804901,0.7577924728393555,-0.0266436096280813,0.4523000717163086,0.7368901371955872,-0.0306592881679534,0.4753983616828918,0.7190974950790405,-0.032190840691328,0.0,0.0,0.0,0.0,0.0,0.0,0.0,0.0,0.0,0.0,0.0,0.0,0.0,0.0,0.0,0.0,0.0,0.0,0.0,0.0,0.0,0.0,0.0,0.0,0.0,0.0,0.0,0.0,0.0,0.0,0.0,0.0,0.0,0.0,0.0,0.0,0.0,0.0,0.0,0.0,0.0,0.0,0.0,0.0,0.0,0.0,0.0,0.0,0.0,0.0,0.0,0.0,0.0,0.0,0.0,0.0,0.0,0.0,0.0,0.0,0.0,0.0,0.0,I
0.2560399770736694,0.8455175161361694,1.600969596893265e-07,0.2507328391075134,0.7603505849838257,-0.0089510073885321,0.2811146974563598,0.6990552544593811,-0.014982127584517,0.3251502811908722,0.6659213304519653,-0.0181195773184299,0.3572736084461212,0.6401422023773193,-0.0213123634457588,0.3336580991744995,0.7139831781387329,-0.0310794208198785,0.3998230993747711,0.6733807921409607,-0.042642418295145,0.4375432133674621,0.6496458053588867,-0.0461532324552536,0.4663606286048889,0.6318966150283813,-0.0472800619900226,0.3517560958862304,0.7571884393692017,-0.0309624448418617,0.4187022745609283,0.7085105180740356,-0.0435045436024665,0.4607072174549103,0.676837682723999,-0.048834778368473,0.4945775866508484,0.6528423428535461,-0.0515880547463893,0.3619756698608398,0.7987167835235596,-0.0300114601850509,0.4224084317684173,0.7544535994529724,-0.0419819429516792,0.4603381156921386,0.7255213260650635,-0.0494758039712905,0.4886709749698639,0.7016122937202454,-0.0527658723294734,0.3669536113739013,0.8378769755363464,-0.0285994671285152,0.4158188700675964,0.8076114654541016,-0.0380914583802223,0.4456322193145752,0.7853754758834839,-0.0432423837482929,0.4695127606391907,0.7654142379760742,-0.0451730415225029,0.0,0.0,0.0,0.0,0.0,0.0,0.0,0.0,0.0,0.0,0.0,0.0,0.0,0.0,0.0,0.0,0.0,0.0,0.0,0.0,0.0,0.0,0.0,0.0,0.0,0.0,0.0,0.0,0.0,0.0,0.0,0.0,0.0,0.0,0.0,0.0,0.0,0.0,0.0,0.0,0.0,0.0,0.0,0.0,0.0,0.0,0.0,0.0,0.0,0.0,0.0,0.0,0.0,0.0,0.0,0.0,0.0,0.0,0.0,0.0,0.0,0.0,0.0,I
0.2885028719902038,0.8060348033905029,5.2554927520986894e-08,0.2801185250282287,0.7230437994003296,0.0011025113053619,0.3088909983634949,0.662535548210144,0.0011543956352397,0.351633608341217,0.6253796219825745,0.0020837236661463,0.3789554834365845,0.5935978293418884,0.0031438623555004,0.3654399216175079,0.6668744087219238,-0.0140558900311589,0.4286612570285797,0.6234255433082581,-0.0206728745251894,0.4634828567504883,0.6004142165184021,-0.020958375185728,0.4883881509304046,0.5841273069381714,-0.019993083551526,0.3854126036167145,0.7069231867790222,-0.0174284018576145,0.4499128460884094,0.6525477170944214,-0.0253524649888277,0.4867779612541199,0.6223072409629822,-0.0266206339001655,0.5145415663719177,0.6004509925842285,-0.0260741710662841,0.3974983394145965,0.7479063868522644,-0.0200070943683385,0.4572010934352875,0.6951310038566589,-0.0282455720007419,0.4927257001399994,0.6634050011634827,-0.0322164259850978,0.5178602337837219,0.6385261416435242,-0.0331454798579216,0.404032289981842,0.7893603444099426,-0.0216302685439586,0.4506635069847107,0.7554551959037781,-0.0275103338062763,0.4787666797637939,0.7305300235748291,-0.0301135946065187,0.5006694197654724,0.7086372375488281,-0.0304227136075496,0.0,0.0,0.0,0.0,0.0,0.0,0.0,0.0,0.0,0.0,0.0,0.0,0.0,0.0,0.0,0.0,0.0,0.0,0.0,0.0,0.0,0.0,0.0,0.0,0.0,0.0,0.0,0.0,0.0,0.0,0.0,0.0,0.0,0.0,0.0,0.0,0.0,0.0,0.0,0.0,0.0,0.0,0.0,0.0,0.0,0.0,0.0,0.0,0.0,0.0,0.0,0.0,0.0,0.0,0.0,0.0,0.0,0.0,0.0,0.0,0.0,0.0,0.0,I
0.2138856947422027,0.824321448802948,5.761201293807972e-08,0.2106705754995346,0.7353047132492065,-0.0027618275489658,0.2443031370639801,0.6694971919059753,-0.0040332525968551,0.2915374636650085,0.6319832801818848,-0.0042340639047324,0.3259051442146301,0.6037188768386841,-0.0034541699569672,0.3016101419925689,0.6792685985565186,-0.0128035712987184,0.3678023517131805,0.6364132165908813,-0.0192523673176765,0.4037427306175232,0.6130362153053284,-0.0204340871423482,0.4303314089775085,0.5967800617218018,-0.0201985109597444,0.3216359615325928,0.7191672325134277,-0.0145866312086582,0.3898577690124511,0.6681853532791138,-0.0200880542397499,0.4292894303798675,0.6389434933662415,-0.021456928923726,0.4579439759254455,0.6190248727798462,-0.022040132433176,0.3329145610332489,0.7581558227539062,-0.0163617208600044,0.3944128155708313,0.7128244638442993,-0.0218722950667142,0.4298635423183441,0.6858820915222168,-0.0265516843646764,0.4530307650566101,0.6630795001983643,-0.0290248282253742,0.3381533622741699,0.7961846590042114,-0.0179254058748483,0.3861058950424194,0.7676221132278442,-0.0215121638029813,0.4129607677459717,0.7447221875190735,-0.0242603793740272,0.4321566820144653,0.7229780554771423,-0.0253430865705013,0.0,0.0,0.0,0.0,0.0,0.0,0.0,0.0,0.0,0.0,0.0,0.0,0.0,0.0,0.0,0.0,0.0,0.0,0.0,0.0,0.0,0.0,0.0,0.0,0.0,0.0,0.0,0.0,0.0,0.0,0.0,0.0,0.0,0.0,0.0,0.0,0.0,0.0,0.0,0.0,0.0,0.0,0.0,0.0,0.0,0.0,0.0,0.0,0.0,0.0,0.0,0.0,0.0,0.0,0.0,0.0,0.0,0.0,0.0,0.0,0.0,0.0,0.0,I
0.2442134767770767,0.8649939298629761,1.1863263438272045e-07,0.238583356142044,0.77783203125,-0.008618920110166,0.2672763168811798,0.7148995399475098,-0.0140918185934424,0.3130703866481781,0.6784337759017944,-0.0174246281385421,0.3475691974163055,0.6494448781013489,-0.0204465724527835,0.3264750838279724,0.7244371175765991,-0.023482721298933,0.3906228840351105,0.6794383525848389,-0.034233458340168,0.4264392256736755,0.6541883945465088,-0.0386292524635791,0.4538979530334472,0.6358581185340881,-0.0406811870634555,0.345942348241806,0.7647517323493958,-0.0241377241909503,0.4105295240879059,0.7120422720909119,-0.0330239087343215,0.4492910206317901,0.680621325969696,-0.0373914688825607,0.4796406328678131,0.6582784652709961,-0.0404885709285736,0.356487512588501,0.8058187365531921,-0.0249380674213171,0.4171636998653412,0.7582262754440308,-0.0347845591604709,0.4529954791069031,0.7287452816963196,-0.0421237610280513,0.4778951406478882,0.7054422497749329,-0.0464327335357666,0.3623477518558502,0.8461191654205322,-0.0256932284682989,0.4109484255313873,0.8183483481407166,-0.0349221043288707,0.4398407936096191,0.7970618605613708,-0.0409079305827617,0.462394118309021,0.7780947685241699,-0.0440231412649154,0.0,0.0,0.0,0.0,0.0,0.0,0.0,0.0,0.0,0.0,0.0,0.0,0.0,0.0,0.0,0.0,0.0,0.0,0.0,0.0,0.0,0.0,0.0,0.0,0.0,0.0,0.0,0.0,0.0,0.0,0.0,0.0,0.0,0.0,0.0,0.0,0.0,0.0,0.0,0.0,0.0,0.0,0.0,0.0,0.0,0.0,0.0,0.0,0.0,0.0,0.0,0.0,0.0,0.0,0.0,0.0,0.0,0.0,0.0,0.0,0.0,0.0,0.0,I
0.2289003133773803,0.8366327285766602,3.6020622928845114e-08,0.2224809825420379,0.7489919662475586,-0.0024294899776577,0.2516849935054779,0.6837670207023621,-0.0028139685746282,0.2970401644706726,0.6447277665138245,-0.0022743474692106,0.330057144165039,0.6149857640266418,-0.000969088927377,0.31191486120224,0.6872785091400146,-0.0090521452948451,0.3739226460456848,0.6410126686096191,-0.0144149586558341,0.4078940749168396,0.616032600402832,-0.0160037968307733,0.4333864450454712,0.5988589525222778,-0.0163252092897892,0.3332681059837341,0.7250421643257141,-0.0102658113464713,0.3957826495170593,0.6712260246276855,-0.0143799744546413,0.4314690232276916,0.6404005885124207,-0.0163119919598102,0.4580228626728058,0.6199588775634766,-0.0177204571664333,0.3452035784721374,0.7637690901756287,-0.011616576462984,0.4036555886268616,0.7146425843238831,-0.016708705574274,0.4363271296024322,0.6848928332328796,-0.0220304504036903,0.4580975770950317,0.6615909337997437,-0.0251901280134916,0.351650059223175,0.8026708364486694,-0.0126945804804563,0.3991215527057647,0.772738516330719,-0.0166533272713422,0.4255436658859253,0.7506511211395264,-0.0201684180647134,0.4454789757728576,0.7312604784965515,-0.0218996349722147,0.0,0.0,0.0,0.0,0.0,0.0,0.0,0.0,0.0,0.0,0.0,0.0,0.0,0.0,0.0,0.0,0.0,0.0,0.0,0.0,0.0,0.0,0.0,0.0,0.0,0.0,0.0,0.0,0.0,0.0,0.0,0.0,0.0,0.0,0.0,0.0,0.0,0.0,0.0,0.0,0.0,0.0,0.0,0.0,0.0,0.0,0.0,0.0,0.0,0.0,0.0,0.0,0.0,0.0,0.0,0.0,0.0,0.0,0.0,0.0,0.0,0.0,0.0,I
0.2412261366844177,0.8800007700920105,1.1794826804134573e-07,0.2395352721214294,0.7912353277206421,-0.0066303419880568,0.2727930247783661,0.7299350500106812,-0.0097916843369603,0.3191319406032562,0.6948499083518982,-0.0107128666713833,0.3501738309860229,0.6633511185646057,-0.0114006465300917,0.3291542530059814,0.7433769106864929,-0.0205687638372182,0.395043671131134,0.7004159688949585,-0.0283696670085191,0.4315183162689209,0.6769140362739563,-0.030865553766489,0.4595445394515991,0.6597345471382141,-0.0317493341863155,0.34673872590065,0.7847727537155151,-0.0204269494861364,0.4131860435009002,0.7354162931442261,-0.0273189358413219,0.4524232149124145,0.7055901885032654,-0.0304527431726455,0.4824454486370086,0.684377133846283,-0.0326328203082084,0.3553373217582702,0.8256902098655701,-0.0200878549367189,0.4172080755233764,0.781737208366394,-0.0280871018767356,0.4538114070892334,0.7528194189071655,-0.0349968783557415,0.47888845205307,0.7296088337898254,-0.0389586836099624,0.3596930205821991,0.8652665019035339,-0.0194215234369039,0.4103462994098663,0.8431191444396973,-0.0264001004397869,0.4413698315620422,0.824155867099762,-0.0317586064338684,0.4657511413097381,0.8071827292442322,-0.0346925109624862,0.0,0.0,0.0,0.0,0.0,0.0,0.0,0.0,0.0,0.0,0.0,0.0,0.0,0.0,0.0,0.0,0.0,0.0,0.0,0.0,0.0,0.0,0.0,0.0,0.0,0.0,0.0,0.0,0.0,0.0,0.0,0.0,0.0,0.0,0.0,0.0,0.0,0.0,0.0,0.0,0.0,0.0,0.0,0.0,0.0,0.0,0.0,0.0,0.0,0.0,0.0,0.0,0.0,0.0,0.0,0.0,0.0,0.0,0.0,0.0,0.0,0.0,0.0,I
0.2394294738769531,0.8627148270606995,9.211513685158935e-08,0.2356569468975067,0.7743580341339111,-0.0080012641847133,0.2663842439651489,0.7099852561950684,-0.0134405344724655,0.3128427267074585,0.6724193096160889,-0.0169350001960992,0.3464971780776977,0.6423364281654358,-0.0199968125671148,0.3239417672157287,0.721023678779602,-0.0234791319817304,0.3898192048072815,0.676613450050354,-0.0347759574651718,0.4266543090343475,0.6528288125991821,-0.0388987809419631,0.4542460143566131,0.6362119317054749,-0.0403753817081451,0.3436547219753265,0.7610043287277222,-0.0243500731885433,0.4116382598876953,0.7099534273147583,-0.0345533266663551,0.4526025354862213,0.6799085140228271,-0.0383947193622589,0.4836019277572632,0.6592816710472107,-0.0403074622154235,0.3547596037387848,0.8011793494224548,-0.0252933669835329,0.4173249900341034,0.7552685737609863,-0.034913532435894,0.4542153775691986,0.728145956993103,-0.0406791307032108,0.4795788824558258,0.7067366242408752,-0.0433635078370571,0.3599258363246918,0.8413203954696655,-0.0262602306902408,0.4095178842544555,0.8108332753181458,-0.0337698049843311,0.4383024573326111,0.7887635827064514,-0.0376871488988399,0.4604339897632599,0.7695709466934204,-0.0390465445816516,0.0,0.0,0.0,0.0,0.0,0.0,0.0,0.0,0.0,0.0,0.0,0.0,0.0,0.0,0.0,0.0,0.0,0.0,0.0,0.0,0.0,0.0,0.0,0.0,0.0,0.0,0.0,0.0,0.0,0.0,0.0,0.0,0.0,0.0,0.0,0.0,0.0,0.0,0.0,0.0,0.0,0.0,0.0,0.0,0.0,0.0,0.0,0.0,0.0,0.0,0.0,0.0,0.0,0.0,0.0,0.0,0.0,0.0,0.0,0.0,0.0,0.0,0.0,I
0.2389925718307495,0.8781761527061462,1.6718777828828024e-07,0.2377974689006805,0.7869030833244324,-0.0084603438153862,0.270133763551712,0.7234131693840027,-0.013158407062292,0.3182944655418396,0.6873781681060791,-0.0157134905457496,0.3549546003341675,0.6595230102539062,-0.017616219818592,0.3317026197910309,0.7381899356842041,-0.0182855296880006,0.3992433845996856,0.702285885810852,-0.0269020479172468,0.4364967942237854,0.6819212436676025,-0.0303547792136669,0.465192437171936,0.6675515174865723,-0.0317290723323822,0.3487375974655151,0.7814607620239258,-0.0183787681162357,0.4175218343734741,0.7368801236152649,-0.0258493721485137,0.4591404795646667,0.7098714113235474,-0.0299769453704357,0.4914999604225158,0.6906124353408813,-0.0325549468398094,0.3563879430294037,0.8238993287086487,-0.018904248252511,0.4208439290523529,0.7841167449951172,-0.0275066886097192,0.4596571028232574,0.7592124938964844,-0.0349635705351829,0.4874759316444397,0.7389106750488281,-0.0390390194952487,0.3598430156707763,0.865199089050293,-0.0193703081458807,0.4123285412788391,0.8441525101661682,-0.0267575439065694,0.4439895153045654,0.8276445865631104,-0.0319677554070949,0.469105988740921,0.8130555152893066,-0.0344835817813873,0.0,0.0,0.0,0.0,0.0,0.0,0.0,0.0,0.0,0.0,0.0,0.0,0.0,0.0,0.0,0.0,0.0,0.0,0.0,0.0,0.0,0.0,0.0,0.0,0.0,0.0,0.0,0.0,0.0,0.0,0.0,0.0,0.0,0.0,0.0,0.0,0.0,0.0,0.0,0.0,0.0,0.0,0.0,0.0,0.0,0.0,0.0,0.0,0.0,0.0,0.0,0.0,0.0,0.0,0.0,0.0,0.0,0.0,0.0,0.0,0.0,0.0,0.0,I
0.2468366920948028,0.8563774824142456,9.267991885053561e-08,0.2443919330835342,0.7658142447471619,-0.006709333974868,0.2751179933547973,0.7023693323135376,-0.0110836317762732,0.3222708404064178,0.6639754772186279,-0.0135373901575803,0.3570968508720398,0.6343159675598145,-0.0150501886382699,0.3379048109054565,0.7140682339668274,-0.018231201916933,0.4062370657920837,0.6731526255607605,-0.02631183154881,0.4425622820854187,0.6505747437477112,-0.0284185893833637,0.4692918360233307,0.6348044872283936,-0.0285997670143842,0.3569678664207458,0.7556197047233582,-0.0183562356978654,0.4261790812015533,0.7051894068717957,-0.0253017377108335,0.4655933380126953,0.6764954328536987,-0.0274410955607891,0.4947267770767212,0.6570669412612915,-0.0284469537436962,0.3668822646141052,0.796836793422699,-0.0186128877103328,0.4307110905647278,0.7512185573577881,-0.0259087830781936,0.4661452770233154,0.7244997024536133,-0.0307183060795068,0.4899781942367553,0.7032518982887268,-0.0329262837767601,0.3714390695095062,0.8373576998710632,-0.0188184697180986,0.4213940799236297,0.8077667355537415,-0.0247418656945228,0.4499038159847259,0.7850189805030823,-0.0283579770475626,0.471617728471756,0.7650741338729858,-0.0295763034373521,0.0,0.0,0.0,0.0,0.0,0.0,0.0,0.0,0.0,0.0,0.0,0.0,0.0,0.0,0.0,0.0,0.0,0.0,0.0,0.0,0.0,0.0,0.0,0.0,0.0,0.0,0.0,0.0,0.0,0.0,0.0,0.0,0.0,0.0,0.0,0.0,0.0,0.0,0.0,0.0,0.0,0.0,0.0,0.0,0.0,0.0,0.0,0.0,0.0,0.0,0.0,0.0,0.0,0.0,0.0,0.0,0.0,0.0,0.0,0.0,0.0,0.0,0.0,I
0.2648917734622955,0.8734312653541565,1.960768400977031e-07,0.257943719625473,0.785001814365387,-0.0109467385336756,0.2911984324455261,0.7253469824790955,-0.0166583210229873,0.336023211479187,0.6922014355659485,-0.0196069870144128,0.3670370876789093,0.6620004773139954,-0.0225399434566497,0.3476328253746032,0.7466320395469666,-0.0250363517552614,0.4141607880592346,0.7129538059234619,-0.0351560302078723,0.4523206651210785,0.6934071183204651,-0.0388290472328662,0.4809868335723877,0.6782997846603394,-0.0403122678399086,0.3643953800201416,0.7918722629547119,-0.0242658667266368,0.4320612847805023,0.7479597330093384,-0.0351203270256519,0.473613440990448,0.7215665578842163,-0.0404894389212131,0.50714111328125,0.7022997140884399,-0.0431861281394958,0.3720717430114746,0.8344665169715881,-0.0234800484031438,0.4344394207000732,0.796814501285553,-0.0352988839149475,0.4735203385353088,0.7722097039222717,-0.0429404936730861,0.5034960508346558,0.7530158162117004,-0.046189147979021,0.3753077685832977,0.8753571510314941,-0.0225035138428211,0.4269756078720093,0.854029655456543,-0.0318753831088542,0.4582307636737823,0.836686372756958,-0.036411877721548,0.4840693175792694,0.8211367130279541,-0.037937369197607,0.0,0.0,0.0,0.0,0.0,0.0,0.0,0.0,0.0,0.0,0.0,0.0,0.0,0.0,0.0,0.0,0.0,0.0,0.0,0.0,0.0,0.0,0.0,0.0,0.0,0.0,0.0,0.0,0.0,0.0,0.0,0.0,0.0,0.0,0.0,0.0,0.0,0.0,0.0,0.0,0.0,0.0,0.0,0.0,0.0,0.0,0.0,0.0,0.0,0.0,0.0,0.0,0.0,0.0,0.0,0.0,0.0,0.0,0.0,0.0,0.0,0.0,0.0,I
0.2655746042728424,0.8588852882385254,1.3216106253821638e-07,0.2624447345733642,0.7708191871643066,-0.009094932116568,0.2959977984428406,0.7114969491958618,-0.0142468074336647,0.3418560922145843,0.6795040369033813,-0.0167458988726139,0.3738070428371429,0.6494538187980652,-0.0193497743457555,0.3541005551815033,0.7289942502975464,-0.0270814877003431,0.4217529594898224,0.6919518113136292,-0.0376936197280883,0.4598845541477203,0.6722297072410583,-0.0414774119853973,0.4889549016952514,0.6581422090530396,-0.0431200042366981,0.370480477809906,0.7744555473327637,-0.0270629655569791,0.43898406624794,0.7280752062797546,-0.0372351519763469,0.4797110259532928,0.7001557946205139,-0.0416556820273399,0.5120238661766052,0.680465817451477,-0.0443740673363208,0.377789556980133,0.8182258605957031,-0.0268475320190191,0.4428942799568176,0.7778423428535461,-0.0383278802037239,0.4817458987236023,0.750696063041687,-0.0459363758563995,0.5100588798522949,0.728831946849823,-0.0497649274766445,0.3802528083324432,0.8596637845039368,-0.0263202153146266,0.4323450326919555,0.8396718502044678,-0.0366157405078411,0.4643166363239288,0.822259783744812,-0.0426775589585304,0.4901109337806701,0.8055738806724548,-0.0456052646040916,0.0,0.0,0.0,0.0,0.0,0.0,0.0,0.0,0.0,0.0,0.0,0.0,0.0,0.0,0.0,0.0,0.0,0.0,0.0,0.0,0.0,0.0,0.0,0.0,0.0,0.0,0.0,0.0,0.0,0.0,0.0,0.0,0.0,0.0,0.0,0.0,0.0,0.0,0.0,0.0,0.0,0.0,0.0,0.0,0.0,0.0,0.0,0.0,0.0,0.0,0.0,0.0,0.0,0.0,0.0,0.0,0.0,0.0,0.0,0.0,0.0,0.0,0.0,I
0.2604570388793945,0.852349579334259,7.045128569416192e-08,0.2595372796058655,0.7633315324783325,-0.0041613769717514,0.293975293636322,0.7011268138885498,-0.0065413070842623,0.3420961797237396,0.6685786247253418,-0.0065900152549147,0.3745938241481781,0.6408244371414185,-0.006499420851469,0.3534791469573974,0.7186561822891235,-0.0234620552510023,0.4243633449077606,0.6802945733070374,-0.0310641024261713,0.4623241722583771,0.6607052087783813,-0.0318734608590602,0.4908137619495392,0.6473526954650879,-0.0312766470015049,0.3700041472911834,0.7637894749641418,-0.0236594341695308,0.4429817199707031,0.7178165912628174,-0.0312409810721874,0.4843842983245849,0.6914671063423157,-0.0328626669943332,0.5156712532043457,0.673746645450592,-0.0334384255111217,0.3779670894145965,0.8071637153625488,-0.0230210814625024,0.4461173415184021,0.7653155326843262,-0.0315088927745819,0.4849016368389129,0.7390852570533752,-0.0370668061077594,0.5114186406135559,0.7179309129714966,-0.039535604417324,0.3807428181171417,0.8485715389251709,-0.0215991288423538,0.4347827434539795,0.824546217918396,-0.0289295110851526,0.4676458239555359,0.8054822087287903,-0.0336518846452236,0.49355149269104,0.78806072473526,-0.0356567092239856,0.0,0.0,0.0,0.0,0.0,0.0,0.0,0.0,0.0,0.0,0.0,0.0,0.0,0.0,0.0,0.0,0.0,0.0,0.0,0.0,0.0,0.0,0.0,0.0,0.0,0.0,0.0,0.0,0.0,0.0,0.0,0.0,0.0,0.0,0.0,0.0,0.0,0.0,0.0,0.0,0.0,0.0,0.0,0.0,0.0,0.0,0.0,0.0,0.0,0.0,0.0,0.0,0.0,0.0,0.0,0.0,0.0,0.0,0.0,0.0,0.0,0.0,0.0,I
0.2579815983772278,0.8598577380180359,9.629972197444658e-08,0.2561523616313934,0.7678408622741699,-0.0072404700331389,0.291357547044754,0.7083083987236023,-0.0106870681047439,0.3405270278453827,0.6806559562683105,-0.0114007452502846,0.3739809393882751,0.6553792357444763,-0.0117985866963863,0.3492331504821777,0.7300241589546204,-0.0237241815775632,0.4179506599903106,0.6937016844749451,-0.031757216900587,0.4553667306900024,0.6739134788513184,-0.033305250108242,0.4838966131210327,0.6598659753799438,-0.0333381481468677,0.3655307590961456,0.7740797400474548,-0.0227738749235868,0.4366403520107269,0.7298727631568909,-0.0320893004536628,0.4776961505413055,0.7030507326126099,-0.0344308167695999,0.5096508860588074,0.6846760511398315,-0.0350022912025451,0.3730119168758392,0.8150090575218201,-0.0213691424578428,0.4385935664176941,0.7750803232192993,-0.0307499691843986,0.4778049886226654,0.7504475712776184,-0.0359384566545486,0.5059624910354614,0.7310025095939636,-0.0377420149743557,0.3749633133411407,0.8545845746994019,-0.0195756703615188,0.4276959300041199,0.8298517465591431,-0.026213327422738,0.4594486355781555,0.8109034299850464,-0.0296202097088098,0.4849429130554199,0.7942819595336914,-0.0305946134030818,0.0,0.0,0.0,0.0,0.0,0.0,0.0,0.0,0.0,0.0,0.0,0.0,0.0,0.0,0.0,0.0,0.0,0.0,0.0,0.0,0.0,0.0,0.0,0.0,0.0,0.0,0.0,0.0,0.0,0.0,0.0,0.0,0.0,0.0,0.0,0.0,0.0,0.0,0.0,0.0,0.0,0.0,0.0,0.0,0.0,0.0,0.0,0.0,0.0,0.0,0.0,0.0,0.0,0.0,0.0,0.0,0.0,0.0,0.0,0.0,0.0,0.0,0.0,I
0.2625070810317993,0.8682917356491089,1.0567880792677897e-07,0.2573858797550201,0.7808860540390015,-0.0126816676929593,0.2888230681419372,0.7181695103645325,-0.0197538956999778,0.3352693915367126,0.6853067874908447,-0.0237382650375366,0.367903470993042,0.6573300361633301,-0.0277980621904134,0.348442018032074,0.7368848323822021,-0.0309445448219776,0.4150505661964416,0.6969379782676697,-0.0429683998227119,0.4533287584781647,0.6752320528030396,-0.0476211942732334,0.4825226366519928,0.6591359376907349,-0.0498842634260654,0.3659094572067261,0.7812182307243347,-0.0298410095274448,0.4333381652832031,0.7329635620117188,-0.0410998947918415,0.4735842943191528,0.7023558020591736,-0.0462221056222915,0.5051165819168091,0.6806653141975403,-0.0493838042020797,0.3742528557777405,0.8240904211997986,-0.0287887454032897,0.4376388788223266,0.7817097902297974,-0.0410363748669624,0.47750124335289,0.7526528835296631,-0.0492604561150074,0.5069292783737183,0.7296071648597717,-0.0534855611622333,0.3776252865791321,0.8659646511077881,-0.0277605783194303,0.4300446510314941,0.8445569276809692,-0.0385963506996631,0.4623241424560547,0.826831042766571,-0.0449853390455246,0.488134890794754,0.8099539279937744,-0.0480013564229011,0.0,0.0,0.0,0.0,0.0,0.0,0.0,0.0,0.0,0.0,0.0,0.0,0.0,0.0,0.0,0.0,0.0,0.0,0.0,0.0,0.0,0.0,0.0,0.0,0.0,0.0,0.0,0.0,0.0,0.0,0.0,0.0,0.0,0.0,0.0,0.0,0.0,0.0,0.0,0.0,0.0,0.0,0.0,0.0,0.0,0.0,0.0,0.0,0.0,0.0,0.0,0.0,0.0,0.0,0.0,0.0,0.0,0.0,0.0,0.0,0.0,0.0,0.0,I
0.4810422658920288,0.8619301915168762,1.2768130375206965e-07,0.4788913130760193,0.7709082961082458,3.833705704892054e-05,0.4456490278244018,0.702167809009552,-0.0011356030590832,0.4010100066661834,0.6634841561317444,-0.0017000305233523,0.3664153814315796,0.6517840027809143,-0.0045056492090225,0.3946534991264343,0.7242076396942139,-0.0116063198074698,0.329056829214096,0.6907711029052734,-0.0193176362663507,0.2913418412208557,0.6711806654930115,-0.0262847784906625,0.2603194415569305,0.6575281620025635,-0.0315187498927116,0.3750542998313904,0.7707454562187195,-0.0167296584695577,0.3058258593082428,0.7333107590675354,-0.023016944527626,0.2659148871898651,0.7102678418159485,-0.0318249762058258,0.2368620932102203,0.6944852471351624,-0.0395667180418968,0.3639353811740875,0.814418613910675,-0.0204839892685413,0.3000084459781647,0.783565878868103,-0.0258372407406568,0.2618334889411926,0.7589132189750671,-0.0335476249456405,0.2340064942836761,0.7399473786354065,-0.0398870296776294,0.3618651926517486,0.8550631999969482,-0.0233623702079057,0.3085525035858154,0.8317724466323853,-0.0285988897085189,0.2778190672397613,0.8185606002807617,-0.0306468214839696,0.2544149756431579,0.8036837577819824,-0.0318238250911235,0.0,0.0,0.0,0.0,0.0,0.0,0.0,0.0,0.0,0.0,0.0,0.0,0.0,0.0,0.0,0.0,0.0,0.0,0.0,0.0,0.0,0.0,0.0,0.0,0.0,0.0,0.0,0.0,0.0,0.0,0.0,0.0,0.0,0.0,0.0,0.0,0.0,0.0,0.0,0.0,0.0,0.0,0.0,0.0,0.0,0.0,0.0,0.0,0.0,0.0,0.0,0.0,0.0,0.0,0.0,0.0,0.0,0.0,0.0,0.0,0.0,0.0,0.0,I
0.4757084548473358,0.881272554397583,9.165521674958654e-08,0.4765121042728424,0.7918441295623779,-0.0017202048329636,0.4464144706726074,0.7197856307029724,-0.0037152313161641,0.4026616811752319,0.6822060942649841,-0.0049509136006236,0.3697294592857361,0.6667279601097107,-0.008324546739459,0.3905336260795593,0.7354120016098022,-0.0149657344445586,0.32757768034935,0.7005501389503479,-0.024228511378169,0.2908863127231598,0.6814987063407898,-0.032055739313364,0.2605908513069153,0.6679490804672241,-0.0378081873059272,0.3694305419921875,0.780876100063324,-0.0200962573289871,0.3031623363494873,0.7395718693733215,-0.0271762274205684,0.2630979120731354,0.7156212329864502,-0.0351442098617553,0.2338018119335174,0.6983969211578369,-0.0425416193902492,0.3577553331851959,0.8251051902770996,-0.0241518337279558,0.2956465780735016,0.7886439561843872,-0.0305968765169382,0.2591098845005035,0.7648794054985046,-0.0375415869057178,0.2325998544692993,0.7470293641090393,-0.0434915386140346,0.3552301526069641,0.867845892906189,-0.027538863942027,0.3050127029418945,0.8413493633270264,-0.0336876213550567,0.2765415906906128,0.8255294561386108,-0.0358415208756923,0.255282998085022,0.8097370862960815,-0.0372764132916927,0.0,0.0,0.0,0.0,0.0,0.0,0.0,0.0,0.0,0.0,0.0,0.0,0.0,0.0,0.0,0.0,0.0,0.0,0.0,0.0,0.0,0.0,0.0,0.0,0.0,0.0,0.0,0.0,0.0,0.0,0.0,0.0,0.0,0.0,0.0,0.0,0.0,0.0,0.0,0.0,0.0,0.0,0.0,0.0,0.0,0.0,0.0,0.0,0.0,0.0,0.0,0.0,0.0,0.0,0.0,0.0,0.0,0.0,0.0,0.0,0.0,0.0,0.0,I
0.4780758917331695,0.8740253448486328,8.173168453140535e-08,0.4893276691436767,0.7886992692947388,-0.0010148200672119,0.4647227525711059,0.7151187062263489,-0.0006710851448588,0.4199903011322021,0.6679239869117737,0.0009807544993236,0.388490617275238,0.644580066204071,0.0012831592466682,0.4066582918167114,0.7217801213264465,-0.0107390508055686,0.3479487299919128,0.6738322973251343,-0.016011044383049,0.3144879937171936,0.6497893333435059,-0.0202916637063026,0.2879417836666107,0.6334124207496643,-0.0232526212930679,0.3796489238739013,0.7615089416503906,-0.0131179774180054,0.3190073072910309,0.7066746950149536,-0.0156061751767992,0.2840431630611419,0.6753652095794678,-0.0196933280676603,0.2594683468341827,0.652860164642334,-0.0242535583674907,0.3633849620819092,0.7994917631149292,-0.0144771942868828,0.306424617767334,0.7539160847663879,-0.0165523383766412,0.2762053608894348,0.7241052389144897,-0.0213377941399812,0.2547134757041931,0.7020831108093262,-0.0260100290179252,0.3570545613765716,0.8367630243301392,-0.0152049008756876,0.3106203973293304,0.8039057850837708,-0.0171242207288742,0.2876245677471161,0.7854393124580383,-0.0176478549838066,0.2717394232749939,0.7683526277542114,-0.0181158185005188,0.0,0.0,0.0,0.0,0.0,0.0,0.0,0.0,0.0,0.0,0.0,0.0,0.0,0.0,0.0,0.0,0.0,0.0,0.0,0.0,0.0,0.0,0.0,0.0,0.0,0.0,0.0,0.0,0.0,0.0,0.0,0.0,0.0,0.0,0.0,0.0,0.0,0.0,0.0,0.0,0.0,0.0,0.0,0.0,0.0,0.0,0.0,0.0,0.0,0.0,0.0,0.0,0.0,0.0,0.0,0.0,0.0,0.0,0.0,0.0,0.0,0.0,0.0,I
0.4774424433708191,0.8913029432296753,1.0275075368326725e-07,0.4885140061378479,0.804667592048645,-0.0020306352525949,0.4647809863090515,0.7324379086494446,-0.001721549895592,0.4225757420063019,0.6878363490104675,-0.0007022264762781,0.3911815881729126,0.667174220085144,-0.0014212483074516,0.3992261290550232,0.7357639074325562,-0.008577786386013,0.342296689748764,0.6947221755981445,-0.0146362027153372,0.3092551827430725,0.6715784668922424,-0.0203901343047618,0.2822714447975158,0.6528961062431335,-0.0250417757779359,0.3742528557777405,0.7749877572059631,-0.0122314095497131,0.3153598308563232,0.7251002192497253,-0.0163633599877357,0.2813554406166076,0.6949117183685303,-0.0225357785820961,0.2558650374412536,0.6722380518913269,-0.0286351013928651,0.3606912493705749,0.8162186145782471,-0.0152743943035602,0.305829793214798,0.7720717191696167,-0.0201931484043598,0.2739756107330322,0.7442232370376587,-0.0270156189799308,0.2498103678226471,0.7232345342636108,-0.0328084044158458,0.3566066920757293,0.8581769466400146,-0.0178228933364152,0.3129558563232422,0.8289254903793335,-0.0226479955017566,0.2893743515014648,0.810904860496521,-0.0249455347657203,0.271549791097641,0.7944788336753845,-0.0265471190214157,0.0,0.0,0.0,0.0,0.0,0.0,0.0,0.0,0.0,0.0,0.0,0.0,0.0,0.0,0.0,0.0,0.0,0.0,0.0,0.0,0.0,0.0,0.0,0.0,0.0,0.0,0.0,0.0,0.0,0.0,0.0,0.0,0.0,0.0,0.0,0.0,0.0,0.0,0.0,0.0,0.0,0.0,0.0,0.0,0.0,0.0,0.0,0.0,0.0,0.0,0.0,0.0,0.0,0.0,0.0,0.0,0.0,0.0,0.0,0.0,0.0,0.0,0.0,I
0.4584780633449554,0.8926229476928711,5.5843646151743094e-08,0.4609935879707336,0.8061650395393372,0.0031135480385273,0.4357804954051971,0.7363560795783997,0.0056916018947958,0.4058794975280761,0.6872631311416626,0.0070433891378343,0.385831207036972,0.6522281169891357,0.0064047258347272,0.3696848750114441,0.739899218082428,-0.0001391352998325,0.3132911324501037,0.7045391798019409,-0.0049597802571952,0.2810491323471069,0.6878402233123779,-0.0109908953309059,0.2539076805114746,0.6756154298782349,-0.015985045582056,0.3498063087463379,0.7800416350364685,-0.0072421836666762,0.288274347782135,0.7395700216293335,-0.0109121790155768,0.2509167194366455,0.7152875065803528,-0.0187210012227296,0.2217340022325515,0.6965833306312561,-0.0263148508965969,0.3391852378845215,0.8238463401794434,-0.0139222471043467,0.2814744710922241,0.787611186504364,-0.0196310449391603,0.2457781136035919,0.7641927003860474,-0.0284138116985559,0.2176796495914459,0.7465216517448425,-0.035706341266632,0.3370279967784881,0.8685210943222046,-0.0197567883878946,0.289854496717453,0.8453308343887329,-0.0263964924961328,0.263211041688919,0.831028938293457,-0.0303687527775764,0.2420367002487182,0.8172897100448608,-0.0331568010151386,0.0,0.0,0.0,0.0,0.0,0.0,0.0,0.0,0.0,0.0,0.0,0.0,0.0,0.0,0.0,0.0,0.0,0.0,0.0,0.0,0.0,0.0,0.0,0.0,0.0,0.0,0.0,0.0,0.0,0.0,0.0,0.0,0.0,0.0,0.0,0.0,0.0,0.0,0.0,0.0,0.0,0.0,0.0,0.0,0.0,0.0,0.0,0.0,0.0,0.0,0.0,0.0,0.0,0.0,0.0,0.0,0.0,0.0,0.0,0.0,0.0,0.0,0.0,I
0.4735960364341736,0.8864046335220337,1.2112599279134886e-07,0.4880378842353821,0.8001604080200195,-0.0008820646326057,0.4648253619670868,0.7268775105476379,-0.0010900533525273,0.4252485334873199,0.6761627793312073,6.596998719032854e-05,0.4006614983081817,0.6432701349258423,-0.0001211120325024,0.4092125594615936,0.7334266304969788,-0.0135075543075799,0.3532330989837646,0.6784547567367554,-0.0188032947480678,0.3217714726924896,0.6478675603866577,-0.0216382145881652,0.2987171709537506,0.6256322264671326,-0.0233518350869417,0.381971001625061,0.7719640135765076,-0.0156615525484085,0.3237746953964233,0.7097668051719666,-0.0184971839189529,0.2908767163753509,0.6726261973381042,-0.0211327448487281,0.2693747282028198,0.6456993818283081,-0.0242688413709402,0.3650065064430237,0.8093488812446594,-0.0166072715073823,0.3101202547550201,0.7572422027587891,-0.0183759704232215,0.280503511428833,0.7224233746528625,-0.0216358955949544,0.2607676982879638,0.6965020298957825,-0.0250180792063474,0.3577503263950348,0.8457736968994141,-0.0168899148702621,0.3138271570205688,0.8100731372833252,-0.0180401131510734,0.2911508679389953,0.7879886031150818,-0.0177735593169927,0.2761754989624023,0.7683948278427124,-0.0175321400165557,0.0,0.0,0.0,0.0,0.0,0.0,0.0,0.0,0.0,0.0,0.0,0.0,0.0,0.0,0.0,0.0,0.0,0.0,0.0,0.0,0.0,0.0,0.0,0.0,0.0,0.0,0.0,0.0,0.0,0.0,0.0,0.0,0.0,0.0,0.0,0.0,0.0,0.0,0.0,0.0,0.0,0.0,0.0,0.0,0.0,0.0,0.0,0.0,0.0,0.0,0.0,0.0,0.0,0.0,0.0,0.0,0.0,0.0,0.0,0.0,0.0,0.0,0.0,I
0.4602850973606109,0.8910602927207947,3.2094018820316705e-07,0.4770181179046631,0.811844527721405,-0.0168707873672246,0.467485636472702,0.7351014018058777,-0.0224264170974493,0.4522722661495209,0.6773368120193481,-0.0240837074816226,0.4448766708374023,0.6309602856636047,-0.026196589693427,0.3862602114677429,0.7508076429367065,-0.0268482100218534,0.3456969857215881,0.6883701682090759,-0.0332546681165695,0.3221938610076904,0.6513069272041321,-0.03760676831007,0.3044250011444092,0.6238138675689697,-0.0420573614537715,0.3606034219264984,0.7904215455055237,-0.0239546261727809,0.3090273141860962,0.7352915406227112,-0.0309760384261608,0.277165025472641,0.7020140290260315,-0.0399184338748455,0.2530911564826965,0.6780210733413696,-0.0484837554395198,0.3490020930767059,0.8318474292755127,-0.0209117420017719,0.2967402935028076,0.7902538180351257,-0.0309343878179788,0.2635421752929687,0.761461615562439,-0.0432604886591434,0.2387752383947372,0.7394896745681763,-0.0529329366981983,0.350020557641983,0.8703558444976807,-0.0180131122469902,0.3033452928066253,0.8574661016464233,-0.0313634425401687,0.2718963325023651,0.8469921946525574,-0.0407362058758735,0.2465449720621109,0.8349995613098145,-0.0468029826879501,0.0,0.0,0.0,0.0,0.0,0.0,0.0,0.0,0.0,0.0,0.0,0.0,0.0,0.0,0.0,0.0,0.0,0.0,0.0,0.0,0.0,0.0,0.0,0.0,0.0,0.0,0.0,0.0,0.0,0.0,0.0,0.0,0.0,0.0,0.0,0.0,0.0,0.0,0.0,0.0,0.0,0.0,0.0,0.0,0.0,0.0,0.0,0.0,0.0,0.0,0.0,0.0,0.0,0.0,0.0,0.0,0.0,0.0,0.0,0.0,0.0,0.0,0.0,I
0.4624090194702148,0.8884848952293396,1.0828072305457681e-07,0.4754900634288788,0.8038983941078186,-0.0059256278909742,0.4590169489383697,0.7271101474761963,-0.0080411164090037,0.4352365136146545,0.6640909910202026,-0.0091326748952269,0.4157063066959381,0.6212759017944336,-0.0111548276618123,0.3889057636260986,0.7249686121940613,-0.0077856350690126,0.3361741304397583,0.6765807271003723,-0.0133849736303091,0.3043113350868225,0.6525222063064575,-0.0201928690075874,0.2774695754051208,0.6348023414611816,-0.0255526378750801,0.36328986287117,0.7603750228881836,-0.0095729129388928,0.308604896068573,0.705697774887085,-0.0122991809621453,0.2771618962287903,0.6747361421585083,-0.0186565499752759,0.2539054751396179,0.650966227054596,-0.0256832856684923,0.3473815321922302,0.798861026763916,-0.0114975199103355,0.2961760759353637,0.7514334917068481,-0.0145215382799506,0.2690974771976471,0.7206843495368958,-0.0199112053960561,0.2493190914392471,0.6985838413238525,-0.0255310628563165,0.3404544591903686,0.8370092511177063,-0.0137266190722584,0.3000030517578125,0.8033758997917175,-0.0167877897620201,0.2792924344539642,0.7816569805145264,-0.0180672574788332,0.2642916440963745,0.7638022899627686,-0.019464336335659,0.0,0.0,0.0,0.0,0.0,0.0,0.0,0.0,0.0,0.0,0.0,0.0,0.0,0.0,0.0,0.0,0.0,0.0,0.0,0.0,0.0,0.0,0.0,0.0,0.0,0.0,0.0,0.0,0.0,0.0,0.0,0.0,0.0,0.0,0.0,0.0,0.0,0.0,0.0,0.0,0.0,0.0,0.0,0.0,0.0,0.0,0.0,0.0,0.0,0.0,0.0,0.0,0.0,0.0,0.0,0.0,0.0,0.0,0.0,0.0,0.0,0.0,0.0,I
0.5034880638122559,0.8883921504020691,1.6827493709570265e-07,0.5182854533195496,0.8062929511070251,-0.0089692566543817,0.5051310658454895,0.7280526161193848,-0.013167867437005,0.4863140881061554,0.6612347960472107,-0.0157832354307174,0.471699446439743,0.6114867925643921,-0.0194439850747585,0.4322001039981842,0.7207359671592712,-0.011949336156249,0.3802893161773681,0.6671693921089172,-0.0185988470911979,0.3496533036231994,0.639589250087738,-0.0254888758063316,0.324083149433136,0.6193308234214783,-0.0308064352720975,0.4075180292129516,0.7545633912086487,-0.0130835892632603,0.3533728122711181,0.6961168050765991,-0.0161645486950874,0.322366714477539,0.6605319380760193,-0.0229227431118488,0.2990718483924866,0.6336393356323242,-0.0302266031503677,0.3913709223270416,0.7937349081039429,-0.0145776709541678,0.3412814736366272,0.7417076230049133,-0.018772343173623,0.3130637109279632,0.7078089118003845,-0.0262350849807262,0.2912810444831848,0.6813681125640869,-0.0332319550216198,0.3835977911949157,0.8332160115242004,-0.0164147447794675,0.3434476256370544,0.7993216514587402,-0.0219094697386026,0.3204932808876037,0.7770270109176636,-0.0256777349859476,0.3022781908512115,0.757064938545227,-0.0286156721413135,0.0,0.0,0.0,0.0,0.0,0.0,0.0,0.0,0.0,0.0,0.0,0.0,0.0,0.0,0.0,0.0,0.0,0.0,0.0,0.0,0.0,0.0,0.0,0.0,0.0,0.0,0.0,0.0,0.0,0.0,0.0,0.0,0.0,0.0,0.0,0.0,0.0,0.0,0.0,0.0,0.0,0.0,0.0,0.0,0.0,0.0,0.0,0.0,0.0,0.0,0.0,0.0,0.0,0.0,0.0,0.0,0.0,0.0,0.0,0.0,0.0,0.0,0.0,I
0.5001885294914246,0.8301043510437012,1.5961485644311327e-07,0.5064107775688171,0.7491479516029358,-0.012812721543014,0.4781414270401001,0.67233806848526,-0.0175364520400762,0.4463147521018982,0.6178326606750488,-0.0199870485812425,0.4230558574199676,0.5782054662704468,-0.0242308434098958,0.4123285412788391,0.6990107893943787,-0.016554769128561,0.3484431505203247,0.675649106502533,-0.0258060954511165,0.3085011839866638,0.6633340716362,-0.0357238724827766,0.2738406062126159,0.6555544137954712,-0.043647427111864,0.3955168426036834,0.743225634098053,-0.0174080338329076,0.3309428989887237,0.7148047685623169,-0.0240761563181877,0.2858079075813293,0.696847677230835,-0.0361408963799476,0.2499109208583831,0.6870445013046265,-0.0474038496613502,0.387022316455841,0.7848602533340454,-0.0185196660459041,0.330060064792633,0.7601102590560913,-0.0258309803903102,0.2900769114494324,0.7407663464546204,-0.0352922566235065,0.2596368193626404,0.7270070314407349,-0.0432920157909393,0.3857722878456116,0.8242557048797607,-0.0203584432601928,0.339609831571579,0.8050844669342041,-0.0283914022147655,0.3093143701553345,0.7937315106391907,-0.0318377465009689,0.2850420176982879,0.782311737537384,-0.0342868082225322,0.0,0.0,0.0,0.0,0.0,0.0,0.0,0.0,0.0,0.0,0.0,0.0,0.0,0.0,0.0,0.0,0.0,0.0,0.0,0.0,0.0,0.0,0.0,0.0,0.0,0.0,0.0,0.0,0.0,0.0,0.0,0.0,0.0,0.0,0.0,0.0,0.0,0.0,0.0,0.0,0.0,0.0,0.0,0.0,0.0,0.0,0.0,0.0,0.0,0.0,0.0,0.0,0.0,0.0,0.0,0.0,0.0,0.0,0.0,0.0,0.0,0.0,0.0,I
0.4849480390548706,0.9367371797561646,1.2105000735118665e-07,0.4888162910938263,0.8495088815689087,-0.0028445988427847,0.4564466178417206,0.7755022644996643,0.0006453375099226,0.4130552113056183,0.7295945882797241,0.0052051781676709,0.383044421672821,0.6995114088058472,0.008738150820136,0.3829711973667145,0.7811972498893738,0.0002443193807266,0.3254414796829223,0.7461707592010498,-0.000997225055471,0.2921138107776642,0.7287736535072327,-0.0049911658279597,0.2636656165122986,0.7155147194862366,-0.0089351050555706,0.3618395924568176,0.8251009583473206,-0.0014973412035033,0.3014299273490906,0.7833542823791504,-0.0020046858116984,0.2650350928306579,0.7572591304779053,-0.0086126560345292,0.2359870970249176,0.7369312047958374,-0.015346810221672,0.3524806201457977,0.868547797203064,-0.0032026977278292,0.2943384647369385,0.8334475159645081,-0.0060471054166555,0.2601685523986816,0.8087500929832458,-0.0148788103833794,0.2322449535131454,0.7891000509262085,-0.022179041057825,0.3527398407459259,0.9116061925888062,-0.0046080579049885,0.3035007417201996,0.8893523216247559,-0.0085760653018951,0.2764438688755035,0.875046968460083,-0.0125017752870917,0.2553590834140777,0.859513521194458,-0.0153797538951039,0.0,0.0,0.0,0.0,0.0,0.0,0.0,0.0,0.0,0.0,0.0,0.0,0.0,0.0,0.0,0.0,0.0,0.0,0.0,0.0,0.0,0.0,0.0,0.0,0.0,0.0,0.0,0.0,0.0,0.0,0.0,0.0,0.0,0.0,0.0,0.0,0.0,0.0,0.0,0.0,0.0,0.0,0.0,0.0,0.0,0.0,0.0,0.0,0.0,0.0,0.0,0.0,0.0,0.0,0.0,0.0,0.0,0.0,0.0,0.0,0.0,0.0,0.0,I
0.4758238792419433,0.896475076675415,1.4383148538854584e-07,0.4826629757881164,0.8135130405426025,-0.0006871072691865,0.4530582726001739,0.7439283132553101,0.0019831317476928,0.4081686437129974,0.7037845849990845,0.0056244172155857,0.3773228824138641,0.6807557940483093,0.0081033827736973,0.3859609067440033,0.7435014843940735,-0.0040237950161099,0.3273575603961944,0.7043310403823853,-0.0063096922822296,0.2936185002326965,0.6819412708282471,-0.0095477169379591,0.2674213945865631,0.6659821271896362,-0.0124000972136855,0.3609392940998077,0.7855094075202942,-0.0059836814180016,0.3011581897735595,0.7388598322868347,-0.0064624245278537,0.2662398219108581,0.7106146812438965,-0.0105770966038107,0.2414914071559906,0.6908035278320312,-0.0152037972584366,0.3472365140914917,0.8270905017852783,-0.0073066810145974,0.2927128672599792,0.7849965691566467,-0.008730748668313,0.2605047523975372,0.7585259675979614,-0.0147245051339268,0.2366869002580642,0.7399457693099976,-0.0201708264648914,0.3431006371974945,0.8693398237228394,-0.0080479457974433,0.2975093126296997,0.8418835997581482,-0.0103426296263933,0.2735178768634796,0.8244742155075073,-0.0125436577945947,0.2560956478118896,0.8080168962478638,-0.0141434296965599,0.0,0.0,0.0,0.0,0.0,0.0,0.0,0.0,0.0,0.0,0.0,0.0,0.0,0.0,0.0,0.0,0.0,0.0,0.0,0.0,0.0,0.0,0.0,0.0,0.0,0.0,0.0,0.0,0.0,0.0,0.0,0.0,0.0,0.0,0.0,0.0,0.0,0.0,0.0,0.0,0.0,0.0,0.0,0.0,0.0,0.0,0.0,0.0,0.0,0.0,0.0,0.0,0.0,0.0,0.0,0.0,0.0,0.0,0.0,0.0,0.0,0.0,0.0,I
0.4685466587543487,0.8830891251564026,1.631988197914325e-07,0.4762498438358307,0.8010941743850708,-0.0026185144670307,0.451446920633316,0.7304427027702332,-0.0021980265155434,0.4164770841598511,0.6805673837661743,-0.0005602405290119,0.3938464820384979,0.6456774473190308,1.613067252037581e-05,0.3843568861484527,0.733826756477356,-0.0070385742001235,0.3290246129035949,0.6917783617973328,-0.0106473173946142,0.296422392129898,0.669869601726532,-0.0144913457334041,0.2703759372234344,0.6539873480796814,-0.0177630297839641,0.3614316284656524,0.7745170593261719,-0.0092119248583912,0.3032236695289612,0.7243726849555969,-0.0113447280600667,0.2698276340961456,0.6965073347091675,-0.0158135462552309,0.2455928027629852,0.6762093305587769,-0.0205258410423994,0.3485323488712311,0.8159579634666443,-0.0109017975628376,0.2941646575927734,0.7733220458030701,-0.0137802604585886,0.2629272937774658,0.7460818290710449,-0.018807616084814,0.2398147732019424,0.7266172766685486,-0.0233245398849248,0.3455439209938049,0.8571574091911316,-0.0122492061927914,0.3008639812469482,0.8304561972618103,-0.0150752607733011,0.2769715785980224,0.813544511795044,-0.0162320733070373,0.2591128945350647,0.7980540990829468,-0.0169622506946325,0.0,0.0,0.0,0.0,0.0,0.0,0.0,0.0,0.0,0.0,0.0,0.0,0.0,0.0,0.0,0.0,0.0,0.0,0.0,0.0,0.0,0.0,0.0,0.0,0.0,0.0,0.0,0.0,0.0,0.0,0.0,0.0,0.0,0.0,0.0,0.0,0.0,0.0,0.0,0.0,0.0,0.0,0.0,0.0,0.0,0.0,0.0,0.0,0.0,0.0,0.0,0.0,0.0,0.0,0.0,0.0,0.0,0.0,0.0,0.0,0.0,0.0,0.0,I
0.4164526164531708,0.8645219802856445,1.4712308882280922e-07,0.4290204644203186,0.7846928238868713,-0.0024036804679781,0.4026427567005157,0.7184273600578308,-0.0016114803729578,0.3619287610054016,0.6739909052848816,0.0007235542871057,0.3391995429992676,0.6401764154434204,0.0027097584679722,0.3385871052742004,0.7197505831718445,-0.0093112522736191,0.2865504324436188,0.6732410192489624,-0.0130576910451054,0.2564174234867096,0.6518545746803284,-0.0152941225096583,0.2335754781961441,0.639006495475769,-0.0163485147058963,0.3118670284748077,0.7582058906555176,-0.0092493882402777,0.2590777277946472,0.7041904926300049,-0.0107260514050722,0.2301893234252929,0.6756168603897095,-0.0115194851532578,0.2104334533214569,0.6579347252845764,-0.0123922051861882,0.2967967391014099,0.7972820997238159,-0.0084881130605936,0.245972990989685,0.7516556978225708,-0.008595329709351,0.2203271090984344,0.7237421870231628,-0.0094591621309518,0.2026049792766571,0.7050155401229858,-0.0107303094118833,0.2929891645908355,0.8373000025749207,-0.0074597718194127,0.2520410120487213,0.8083803653717041,-0.0072065759450197,0.2317884862422943,0.7892594933509827,-0.0058943126350641,0.2180793583393097,0.7728676199913025,-0.0044681318104267,0.0,0.0,0.0,0.0,0.0,0.0,0.0,0.0,0.0,0.0,0.0,0.0,0.0,0.0,0.0,0.0,0.0,0.0,0.0,0.0,0.0,0.0,0.0,0.0,0.0,0.0,0.0,0.0,0.0,0.0,0.0,0.0,0.0,0.0,0.0,0.0,0.0,0.0,0.0,0.0,0.0,0.0,0.0,0.0,0.0,0.0,0.0,0.0,0.0,0.0,0.0,0.0,0.0,0.0,0.0,0.0,0.0,0.0,0.0,0.0,0.0,0.0,0.0,I
0.4103593826293945,0.8117765188217163,1.396301456679794e-07,0.4278847277164459,0.735942006111145,7.569748413516209e-05,0.404921680688858,0.6668081283569336,0.0029209917411208,0.3645269274711609,0.6194654107093811,0.0065162242390215,0.3412275612354278,0.5881933569908142,0.0097195487469434,0.3397683799266815,0.6546910405158997,-0.0006654175813309,0.2923406660556793,0.6062751412391663,-0.0009270224836654,0.2671410143375397,0.5843613147735596,-0.0009517350117675,0.2509522438049316,0.5737987160682678,-0.0004469014238566,0.3112058639526367,0.6904071569442749,-0.0011346997926011,0.2626164853572845,0.6325485706329346,0.001393822254613,0.2411278784275055,0.6053140163421631,0.0031498412135988,0.2297317385673523,0.5903269648551941,0.0040317205712199,0.2948530912399292,0.7282200455665588,-0.0014229424996301,0.2460152804851532,0.6751319766044617,-0.0001537116477265,0.224487766623497,0.6459366679191589,-0.0007428516400977,0.2122184485197067,0.6286278367042542,-0.001756910351105,0.2888722717761993,0.768938422203064,-0.0012638290645554,0.2488501667976379,0.7345417737960815,-0.000363543163985,0.2311920225620269,0.7117765545845032,0.0005299163749441,0.2210250347852707,0.6927998661994934,0.0015252819284796,0.0,0.0,0.0,0.0,0.0,0.0,0.0,0.0,0.0,0.0,0.0,0.0,0.0,0.0,0.0,0.0,0.0,0.0,0.0,0.0,0.0,0.0,0.0,0.0,0.0,0.0,0.0,0.0,0.0,0.0,0.0,0.0,0.0,0.0,0.0,0.0,0.0,0.0,0.0,0.0,0.0,0.0,0.0,0.0,0.0,0.0,0.0,0.0,0.0,0.0,0.0,0.0,0.0,0.0,0.0,0.0,0.0,0.0,0.0,0.0,0.0,0.0,0.0,I
0.4003798365592956,0.883363664150238,2.073001326152735e-07,0.4093844890594482,0.8037585020065308,-0.0032449353020638,0.3785445094108581,0.7351008653640747,-0.0011470777681097,0.3341829478740692,0.6903629899024963,0.0028639126103371,0.3077903985977173,0.6587391495704651,0.0071101863868534,0.3095848858356476,0.7377772331237793,-0.0032882846426218,0.2560683488845825,0.6966016292572021,-0.0017766829114407,0.2253227233886718,0.6754579544067383,-0.0006176010356284,0.2024753093719482,0.6627731919288635,0.0003032119129784,0.2849073708057403,0.7799511551856995,-0.0013589590089395,0.2306932210922241,0.7303962707519531,0.003389498218894,0.2039052248001098,0.7040439248085022,0.0067812725901603,0.1865462958812713,0.6869929432868958,0.0085695153102278,0.2718583941459656,0.8201662302017212,0.0007880849298089,0.2198869884014129,0.7770333886146545,0.0046619498170912,0.1975746899843216,0.7500855922698975,0.0066720251925289,0.1841709613800048,0.732348620891571,0.0073099709115922,0.2689994871616363,0.8600043058395386,0.0028217986691743,0.2254508882761001,0.8301197290420532,0.0060106725431978,0.2073834538459777,0.8107203245162964,0.0091387648135423,0.1978231817483902,0.7945300340652466,0.0118383215740323,0.0,0.0,0.0,0.0,0.0,0.0,0.0,0.0,0.0,0.0,0.0,0.0,0.0,0.0,0.0,0.0,0.0,0.0,0.0,0.0,0.0,0.0,0.0,0.0,0.0,0.0,0.0,0.0,0.0,0.0,0.0,0.0,0.0,0.0,0.0,0.0,0.0,0.0,0.0,0.0,0.0,0.0,0.0,0.0,0.0,0.0,0.0,0.0,0.0,0.0,0.0,0.0,0.0,0.0,0.0,0.0,0.0,0.0,0.0,0.0,0.0,0.0,0.0,I
0.4891096353530884,0.9165419340133668,1.1274477884626323e-07,0.4900536239147186,0.8296846151351929,-0.0026816464960575,0.4535177946090698,0.7575289607048035,-0.0031002906616777,0.4075227081775665,0.7169780135154724,-0.00244863005355,0.3756316006183624,0.6970570683479309,-0.0042436369694769,0.394586980342865,0.7779729962348938,-0.0122163007035851,0.3277327716350555,0.7472600936889648,-0.0188919175416231,0.2878742218017578,0.7302219271659851,-0.0249536596238613,0.2559115886688232,0.7190468907356262,-0.029680298641324,0.3784992694854736,0.8249649405479431,-0.0159612540155649,0.310016393661499,0.7875506281852722,-0.0209365375339984,0.265225201845169,0.7629238963127136,-0.0296593196690082,0.231742262840271,0.7472333908081055,-0.0377347692847251,0.3723108172416687,0.8680181503295898,-0.0186983849853277,0.3079004287719726,0.8334649205207825,-0.0242126192897558,0.2662717700004577,0.8097454905509949,-0.0333664789795875,0.2349300682544708,0.7917059063911438,-0.0407644174993038,0.3738123476505279,0.9085057377815248,-0.0207838993519544,0.3188450038433075,0.8847870826721191,-0.0280786957591772,0.2857397198677063,0.8703998923301697,-0.0327874422073364,0.2602021694183349,0.8543616533279419,-0.0357416830956935,0.0,0.0,0.0,0.0,0.0,0.0,0.0,0.0,0.0,0.0,0.0,0.0,0.0,0.0,0.0,0.0,0.0,0.0,0.0,0.0,0.0,0.0,0.0,0.0,0.0,0.0,0.0,0.0,0.0,0.0,0.0,0.0,0.0,0.0,0.0,0.0,0.0,0.0,0.0,0.0,0.0,0.0,0.0,0.0,0.0,0.0,0.0,0.0,0.0,0.0,0.0,0.0,0.0,0.0,0.0,0.0,0.0,0.0,0.0,0.0,0.0,0.0,0.0,I
0.5567625761032104,0.8461830019950867,3.0811428075594456e-08,0.5513342618942261,0.760281503200531,0.0021844774018973,0.5193440318107605,0.6940914988517761,0.0040641222149133,0.473390132188797,0.6569140553474426,0.0059061981737613,0.4424313604831695,0.6364048719406128,0.0059948558919131,0.459316074848175,0.7088111042976379,-0.0051393527537584,0.3952245116233825,0.6793094277381897,-0.0110276211053133,0.3582849502563476,0.6662874221801758,-0.0167484320700168,0.3280137777328491,0.6586707234382629,-0.020979581400752,0.4388794898986816,0.7520241141319275,-0.0110222194343805,0.3721140027046203,0.7172038555145264,-0.0155545603483915,0.3333309888839721,0.699172854423523,-0.0211972706019878,0.3043728470802307,0.6861580610275269,-0.0265057608485221,0.4278942048549652,0.7957243323326111,-0.016135161742568,0.3654646873474121,0.7652117609977722,-0.021095372736454,0.3312616348266601,0.7454305291175842,-0.025771452113986,0.3057553172111511,0.7311996221542358,-0.0296452082693576,0.4265116155147552,0.8406789302825928,-0.0204749647527933,0.3737774491310119,0.8166885375976562,-0.0250045154243707,0.3467519581317901,0.8039522171020508,-0.0253078490495681,0.3266132473945617,0.7914271354675293,-0.0250043664127588,0.0,0.0,0.0,0.0,0.0,0.0,0.0,0.0,0.0,0.0,0.0,0.0,0.0,0.0,0.0,0.0,0.0,0.0,0.0,0.0,0.0,0.0,0.0,0.0,0.0,0.0,0.0,0.0,0.0,0.0,0.0,0.0,0.0,0.0,0.0,0.0,0.0,0.0,0.0,0.0,0.0,0.0,0.0,0.0,0.0,0.0,0.0,0.0,0.0,0.0,0.0,0.0,0.0,0.0,0.0,0.0,0.0,0.0,0.0,0.0,0.0,0.0,0.0,I
0.5790376663208008,0.8060665726661682,9.479386164912285e-08,0.5777246356010437,0.7264223098754883,-0.0020833748858422,0.5437998175621033,0.6654651165008545,-0.0028286769520491,0.498856633901596,0.6309927701950073,-0.0033823295962065,0.4710221588611603,0.6038179993629456,-0.0056921830400824,0.4877230525016784,0.671719491481781,-0.0104206344112753,0.4250980019569397,0.6429949402809143,-0.0192471202462911,0.3879942893981933,0.6278600692749023,-0.0264836717396974,0.3580050766468048,0.6169053912162781,-0.0319889411330223,0.4671408534049988,0.7129075527191162,-0.0160950478166341,0.401637852191925,0.6763967275619507,-0.0241068098694086,0.3619838356971741,0.6558400392532349,-0.0320820957422256,0.3321906924247741,0.6408585906028748,-0.038669217377901,0.4567087292671203,0.7564384341239929,-0.0213904771953821,0.3960312306880951,0.7233584523200989,-0.0300653111189603,0.3593397140502929,0.703033447265625,-0.0378992781043052,0.3310050368309021,0.6868059039115906,-0.0435084588825702,0.4563314914703369,0.8015779256820679,-0.026137214154005,0.4063418805599212,0.7807799577713013,-0.0347434431314468,0.3781144022941589,0.7702200412750244,-0.0384949222207069,0.3555863499641418,0.7583436369895935,-0.0403572432696819,0.0,0.0,0.0,0.0,0.0,0.0,0.0,0.0,0.0,0.0,0.0,0.0,0.0,0.0,0.0,0.0,0.0,0.0,0.0,0.0,0.0,0.0,0.0,0.0,0.0,0.0,0.0,0.0,0.0,0.0,0.0,0.0,0.0,0.0,0.0,0.0,0.0,0.0,0.0,0.0,0.0,0.0,0.0,0.0,0.0,0.0,0.0,0.0,0.0,0.0,0.0,0.0,0.0,0.0,0.0,0.0,0.0,0.0,0.0,0.0,0.0,0.0,0.0,I
0.5382779836654663,0.8013396859169006,4.048979818094267e-08,0.5418258905410767,0.7168271541595459,0.0055756447836756,0.5164246559143066,0.6508656144142151,0.0076864273287355,0.4757795333862304,0.6149386167526245,0.0091616893187165,0.448441594839096,0.5981967449188232,0.0087660187855362,0.4602347016334533,0.64778733253479,-0.0045612640678882,0.403258353471756,0.6049425005912781,-0.0104844812303781,0.3708341419696808,0.5838955044746399,-0.0149207413196563,0.3466033935546875,0.5689460635185242,-0.0178354233503341,0.434893250465393,0.6842126846313477,-0.0112956995144486,0.3754854202270508,0.6333183646202087,-0.0146732591092586,0.3439278602600097,0.6071175336837769,-0.0178169421851634,0.3234444856643677,0.5903215408325195,-0.0209720935672521,0.4186282157897949,0.725571870803833,-0.0168982837349176,0.3602304458618164,0.6811420321464539,-0.020784106105566,0.3303221762180328,0.6552296876907349,-0.0238168332725763,0.3109875917434692,0.637403130531311,-0.026660643517971,0.4113935828208923,0.7706396579742432,-0.0213093291968107,0.3650409877300262,0.7380629181861877,-0.0251169055700302,0.3420133888721466,0.7198941707611084,-0.0246376302093267,0.3263450264930725,0.7039793133735657,-0.0238797944039106,0.0,0.0,0.0,0.0,0.0,0.0,0.0,0.0,0.0,0.0,0.0,0.0,0.0,0.0,0.0,0.0,0.0,0.0,0.0,0.0,0.0,0.0,0.0,0.0,0.0,0.0,0.0,0.0,0.0,0.0,0.0,0.0,0.0,0.0,0.0,0.0,0.0,0.0,0.0,0.0,0.0,0.0,0.0,0.0,0.0,0.0,0.0,0.0,0.0,0.0,0.0,0.0,0.0,0.0,0.0,0.0,0.0,0.0,0.0,0.0,0.0,0.0,0.0,I
0.4745313823223114,0.8413867354393005,1.0660619409463835e-07,0.4847988486289978,0.7603694796562195,-0.0011858928482979,0.4591207802295685,0.6952309012413025,-0.0002856769715435,0.4185513854026794,0.6506214737892151,0.0010838808957487,0.3934630155563354,0.6160786747932434,0.0014866553246974,0.3982483446598053,0.6948326230049133,-0.0030112273525446,0.3438588976860046,0.6535869836807251,-0.0071857459843158,0.312401533126831,0.6331512331962585,-0.0113075347617268,0.2876800000667572,0.6187254190444946,-0.0144431879743933,0.3735260963439941,0.7335668206214905,-0.0060248058289289,0.3166168332099914,0.6843820810317993,-0.0086458157747983,0.2839943468570709,0.6559581160545349,-0.0132722314447164,0.260568231344223,0.6352484226226807,-0.017933215945959,0.3599852323532104,0.7742112874984741,-0.0088712973520159,0.3058540225028991,0.7316240072250366,-0.0127055561169981,0.2755068242549896,0.7044770121574402,-0.0180383995175361,0.253163993358612,0.6837679743766785,-0.022518154233694,0.3560087084770202,0.8154584169387817,-0.0112633062526583,0.3121273517608642,0.7892221212387085,-0.0150565430521965,0.288573682308197,0.7722686529159546,-0.0167792420834302,0.2712861597537994,0.7556582093238831,-0.0177744626998901,0.0,0.0,0.0,0.0,0.0,0.0,0.0,0.0,0.0,0.0,0.0,0.0,0.0,0.0,0.0,0.0,0.0,0.0,0.0,0.0,0.0,0.0,0.0,0.0,0.0,0.0,0.0,0.0,0.0,0.0,0.0,0.0,0.0,0.0,0.0,0.0,0.0,0.0,0.0,0.0,0.0,0.0,0.0,0.0,0.0,0.0,0.0,0.0,0.0,0.0,0.0,0.0,0.0,0.0,0.0,0.0,0.0,0.0,0.0,0.0,0.0,0.0,0.0,I
0.4875953793525696,0.906196653842926,1.32252793605403e-07,0.4897118806838989,0.8269950151443481,-0.0053525357507169,0.4557355940341949,0.755961000919342,-0.0058743143454194,0.4113060534000397,0.7106649875640869,-0.00497817248106,0.3785251379013061,0.6791318655014038,-0.0057528489269316,0.394359141588211,0.7615033388137817,-0.0106626916676759,0.3317876756191253,0.7248969674110413,-0.0167685896158218,0.2945951223373413,0.7044875025749207,-0.0226779412478208,0.2636635303497314,0.6900995969772339,-0.0276941880583763,0.3755149245262146,0.8053231239318848,-0.0133533207699656,0.3100192248821258,0.7641572952270508,-0.0180900227278471,0.2695326805114746,0.7384366989135742,-0.0265885461121797,0.2392036318778991,0.7193517684936523,-0.0347340255975723,0.366513580083847,0.848672091960907,-0.0157728735357522,0.3048510551452636,0.8115586042404175,-0.022065931931138,0.2665813565254211,0.7877601981163025,-0.0320282690227031,0.2371682375669479,0.7683945894241333,-0.0401673093438148,0.365665465593338,0.8914502859115601,-0.0178334023803472,0.3126156330108642,0.8693742156028748,-0.0264830514788627,0.2808414101600647,0.8571335077285767,-0.0329022221267223,0.2564163208007812,0.8414464592933655,-0.0372167564928531,0.0,0.0,0.0,0.0,0.0,0.0,0.0,0.0,0.0,0.0,0.0,0.0,0.0,0.0,0.0,0.0,0.0,0.0,0.0,0.0,0.0,0.0,0.0,0.0,0.0,0.0,0.0,0.0,0.0,0.0,0.0,0.0,0.0,0.0,0.0,0.0,0.0,0.0,0.0,0.0,0.0,0.0,0.0,0.0,0.0,0.0,0.0,0.0,0.0,0.0,0.0,0.0,0.0,0.0,0.0,0.0,0.0,0.0,0.0,0.0,0.0,0.0,0.0,I
0.4576815366744995,0.8400037288665771,1.6000963398710158e-07,0.466501772403717,0.7584933042526245,-0.0015768039738759,0.4394469559192657,0.6885916590690613,0.0007489976705983,0.3969563841819763,0.6488425135612488,0.0044330158270895,0.3692628443241119,0.630785346031189,0.0071165808476507,0.37443408370018,0.6984207630157471,-0.006880038883537,0.3211588859558105,0.657328188419342,-0.0091366283595561,0.2897785305976867,0.6346530914306641,-0.0107951248064637,0.2661992907524109,0.6192911267280579,-0.0122788371518254,0.3507130146026611,0.7390272617340088,-0.0087696509435772,0.2946931719779968,0.6889181137084961,-0.0098916944116353,0.2634296715259552,0.6603634357452393,-0.0117830801755189,0.2422119528055191,0.6403731107711792,-0.0139127485454082,0.3380449116230011,0.7790632843971252,-0.0100798876956105,0.2856091558933258,0.73454749584198,-0.0121830375865101,0.2566424906253814,0.7065048217773438,-0.0163101181387901,0.2361086308956146,0.685947597026825,-0.0196915715932846,0.3354746103286743,0.8201755285263062,-0.0109128542244434,0.292525053024292,0.7931229472160339,-0.01343082357198,0.2685096859931946,0.7759462594985962,-0.0146087659522891,0.2507267594337463,0.7605197429656982,-0.0150549570098519,0.0,0.0,0.0,0.0,0.0,0.0,0.0,0.0,0.0,0.0,0.0,0.0,0.0,0.0,0.0,0.0,0.0,0.0,0.0,0.0,0.0,0.0,0.0,0.0,0.0,0.0,0.0,0.0,0.0,0.0,0.0,0.0,0.0,0.0,0.0,0.0,0.0,0.0,0.0,0.0,0.0,0.0,0.0,0.0,0.0,0.0,0.0,0.0,0.0,0.0,0.0,0.0,0.0,0.0,0.0,0.0,0.0,0.0,0.0,0.0,0.0,0.0,0.0,I
0.4153541326522827,0.8432117700576782,1.3700694978524552e-07,0.4246207177639007,0.763672411441803,-0.0008668390801176,0.3970218896865845,0.6988658308982849,0.0013053216971457,0.3527579307556152,0.6595827341079712,0.0046244757249951,0.3254854381084442,0.6342583298683167,0.0078660883009433,0.3321860730648041,0.6947958469390869,-0.0025237924419343,0.279900461435318,0.64798903465271,-0.0036837826482951,0.252086341381073,0.6282496452331543,-0.0045778593048453,0.232643112540245,0.6179792284965515,-0.0043889158405363,0.3054434955120086,0.7345705628395081,-0.0019791538361459,0.2541731595993042,0.6812722682952881,0.0003939436574,0.2282387316226959,0.655195415019989,0.0019767868798226,0.2120203077793121,0.6400715112686157,0.0027746208943426,0.2909494042396545,0.7747944593429565,-0.0011134882224723,0.2417526841163635,0.7277108430862427,0.0016998719656839,0.2196458578109741,0.7020683288574219,0.0030171540565788,0.2065610438585281,0.6865944862365723,0.0032887959387153,0.2873159050941467,0.8157320618629456,-5.576152761932463e-05,0.2461126893758773,0.7856501936912537,0.0028117103502154,0.2269602864980697,0.7657713890075684,0.0057084183208644,0.2154145538806915,0.7489118576049805,0.0083180405199527,0.0,0.0,0.0,0.0,0.0,0.0,0.0,0.0,0.0,0.0,0.0,0.0,0.0,0.0,0.0,0.0,0.0,0.0,0.0,0.0,0.0,0.0,0.0,0.0,0.0,0.0,0.0,0.0,0.0,0.0,0.0,0.0,0.0,0.0,0.0,0.0,0.0,0.0,0.0,0.0,0.0,0.0,0.0,0.0,0.0,0.0,0.0,0.0,0.0,0.0,0.0,0.0,0.0,0.0,0.0,0.0,0.0,0.0,0.0,0.0,0.0,0.0,0.0,I
0.4163777530193329,0.824993908405304,2.741540470196924e-07,0.427036702632904,0.7519646883010864,-0.0131777571514248,0.4095138609409332,0.6821954250335693,-0.016351455822587,0.3841011226177215,0.6260919570922852,-0.0174787454307079,0.3687142431735992,0.5842282176017761,-0.0192032307386398,0.3350148499011993,0.6813433170318604,-0.0124346408993005,0.2921271026134491,0.6313481330871582,-0.0157846715301275,0.2647346556186676,0.6047521829605103,-0.0182646177709102,0.2435163110494613,0.5886303186416626,-0.020916162058711,0.3100298643112182,0.7206548452377319,-0.0119946803897619,0.2586201429367065,0.6696462035179138,-0.0136088468134403,0.2276917845010757,0.6435883641242981,-0.0182053614407777,0.2039360553026199,0.6260031461715698,-0.0228815115988254,0.2994646728038788,0.7649030089378357,-0.012459522113204,0.248522400856018,0.7252194881439209,-0.0194305907934904,0.2171837836503982,0.7002696990966797,-0.0288120303303003,0.1931775510311126,0.6834247708320618,-0.036144383251667,0.3013423979282379,0.81004399061203,-0.0133548825979232,0.2541896402835846,0.8031783103942871,-0.0254008844494819,0.2235238701105117,0.797126829624176,-0.0335042737424373,0.1981195509433746,0.7896210551261902,-0.038258422166109,0.0,0.0,0.0,0.0,0.0,0.0,0.0,0.0,0.0,0.0,0.0,0.0,0.0,0.0,0.0,0.0,0.0,0.0,0.0,0.0,0.0,0.0,0.0,0.0,0.0,0.0,0.0,0.0,0.0,0.0,0.0,0.0,0.0,0.0,0.0,0.0,0.0,0.0,0.0,0.0,0.0,0.0,0.0,0.0,0.0,0.0,0.0,0.0,0.0,0.0,0.0,0.0,0.0,0.0,0.0,0.0,0.0,0.0,0.0,0.0,0.0,0.0,0.0,I
0.4342648983001709,0.8365482091903687,4.206465007428051e-07,0.4467418491840362,0.7600516080856323,-0.0169963669031858,0.4321905374526977,0.6867850422859192,-0.0200712382793426,0.411606878042221,0.6302832365036011,-0.0184053592383861,0.3938597440719604,0.5888580083847046,-0.016506053507328,0.3524225354194641,0.7034643888473511,-0.0204703565686941,0.3147327899932861,0.6459696292877197,-0.0208012424409389,0.2893399596214294,0.6160682439804077,-0.0208235885947942,0.2701883614063263,0.5966406464576721,-0.022581348195672,0.3294498920440674,0.7460407614707947,-0.0156442541629076,0.276409238576889,0.6988412737846375,-0.0188627112656831,0.2449392974376678,0.6686061024665833,-0.0263492465019226,0.2220706939697265,0.6495220065116882,-0.0333976112306118,0.3222686648368835,0.791688084602356,-0.0105777503922581,0.2662062048912048,0.7616758346557617,-0.0189037080854177,0.2305544912815094,0.740801990032196,-0.0317965187132358,0.20354525744915,0.7266696095466614,-0.0415103361010551,0.3290256857872009,0.8327772617340088,-0.0054814368486404,0.2863928377628326,0.8338587284088135,-0.0168655533343553,0.2577007412910461,0.8313732743263245,-0.0265154857188463,0.2333439737558365,0.8260735273361206,-0.0328743979334831,0.0,0.0,0.0,0.0,0.0,0.0,0.0,0.0,0.0,0.0,0.0,0.0,0.0,0.0,0.0,0.0,0.0,0.0,0.0,0.0,0.0,0.0,0.0,0.0,0.0,0.0,0.0,0.0,0.0,0.0,0.0,0.0,0.0,0.0,0.0,0.0,0.0,0.0,0.0,0.0,0.0,0.0,0.0,0.0,0.0,0.0,0.0,0.0,0.0,0.0,0.0,0.0,0.0,0.0,0.0,0.0,0.0,0.0,0.0,0.0,0.0,0.0,0.0,I
0.5024789571762085,0.8725075721740723,3.42791082630356e-07,0.5104158520698547,0.7898251414299011,-0.0150556862354278,0.496684581041336,0.7125034332275391,-0.0214626621454954,0.4805058538913727,0.6528597474098206,-0.0246171467006206,0.4670609831809997,0.6091735363006592,-0.0286954659968614,0.4218706488609314,0.733070969581604,-0.0258557237684726,0.374078631401062,0.6771860122680664,-0.0338111072778701,0.3465126454830169,0.6433142423629761,-0.0404900796711444,0.3256206512451172,0.6159284710884094,-0.0471305251121521,0.400089293718338,0.7751416563987732,-0.0258657056838274,0.3404793441295624,0.7304946184158325,-0.0360408686101436,0.3052714467048645,0.7017307281494141,-0.0492414571344852,0.2789902687072754,0.68047034740448,-0.0607172213494777,0.3913935124874115,0.8212952017784119,-0.0250571388751268,0.3334392309188843,0.7891471982002258,-0.0379143916070461,0.2968490123748779,0.7654389142990112,-0.0522260479629039,0.2691365778446197,0.7476513385772705,-0.0632400959730148,0.3952857255935669,0.8638931512832642,-0.0241356436163187,0.3513907194137573,0.8639769554138184,-0.0392303727567195,0.3212815821170807,0.8607538938522339,-0.048520591109991,0.2955401539802551,0.8552423715591431,-0.0544031038880348,0.0,0.0,0.0,0.0,0.0,0.0,0.0,0.0,0.0,0.0,0.0,0.0,0.0,0.0,0.0,0.0,0.0,0.0,0.0,0.0,0.0,0.0,0.0,0.0,0.0,0.0,0.0,0.0,0.0,0.0,0.0,0.0,0.0,0.0,0.0,0.0,0.0,0.0,0.0,0.0,0.0,0.0,0.0,0.0,0.0,0.0,0.0,0.0,0.0,0.0,0.0,0.0,0.0,0.0,0.0,0.0,0.0,0.0,0.0,0.0,0.0,0.0,0.0,I
0.5107394456863403,0.8257005214691162,2.232617646313884e-07,0.5215670466423035,0.7462703585624695,-0.0079872328788042,0.5086673498153687,0.6717091202735901,-0.0100743826478719,0.4946780204772949,0.6123970746994019,-0.0103462133556604,0.4866670370101928,0.571868896484375,-0.0118458652868866,0.4316492676734924,0.6817009449005127,-0.018153203651309,0.3888092041015625,0.6251683235168457,-0.0225043147802352,0.3609522879123688,0.5931339263916016,-0.0254338253289461,0.3394250869750976,0.5710634589195251,-0.0291470363736152,0.4048120081424713,0.7209765315055847,-0.0200280267745256,0.3462503552436828,0.6725300550460815,-0.0262684635818004,0.3128899931907654,0.6465613842010498,-0.0347658172249794,0.2882300317287445,0.6288684606552124,-0.0425821356475353,0.3929048478603363,0.7647533416748047,-0.0209712628275156,0.3341837525367737,0.729955792427063,-0.0313418209552764,0.2998276352882385,0.7061396837234497,-0.0435243025422096,0.2742161750793457,0.6910351514816284,-0.0530670210719108,0.3950413465499878,0.8071804642677307,-0.02124017290771,0.3474771082401275,0.8053842782974243,-0.0350283794105052,0.3156113028526306,0.8020871877670288,-0.0441748797893524,0.2897738814353943,0.7983394861221313,-0.0499263703823089,0.0,0.0,0.0,0.0,0.0,0.0,0.0,0.0,0.0,0.0,0.0,0.0,0.0,0.0,0.0,0.0,0.0,0.0,0.0,0.0,0.0,0.0,0.0,0.0,0.0,0.0,0.0,0.0,0.0,0.0,0.0,0.0,0.0,0.0,0.0,0.0,0.0,0.0,0.0,0.0,0.0,0.0,0.0,0.0,0.0,0.0,0.0,0.0,0.0,0.0,0.0,0.0,0.0,0.0,0.0,0.0,0.0,0.0,0.0,0.0,0.0,0.0,0.0,I
0.5556949973106384,0.8140166401863098,2.461271151332767e-07,0.5611358880996704,0.7379477024078369,-0.0074823955073952,0.5430160760879517,0.6681600213050842,-0.0083522703498601,0.5239931344985962,0.6107271909713745,-0.0076836543157696,0.513988733291626,0.5703319311141968,-0.0081149665638804,0.4653725922107696,0.6777163147926331,-0.0108040804043412,0.4180826842784881,0.6298255920410156,-0.0123835504055023,0.3861685991287231,0.604973554611206,-0.015067228116095,0.3598042130470276,0.587779700756073,-0.0191601011902093,0.4434951543807983,0.7176358699798584,-0.0126743204891681,0.3833729922771454,0.6803699731826782,-0.0154729727655649,0.3479393124580383,0.6627116799354553,-0.023478178307414,0.3214570879936218,0.6516737937927246,-0.0313776992261409,0.4349868297576904,0.7641334533691406,-0.0140146818011999,0.37645423412323,0.7407304644584656,-0.0209855623543262,0.3402072191238403,0.7266635894775391,-0.0319230817258358,0.3129846751689911,0.7197099328041077,-0.041067749261856,0.4396634697914123,0.8110299110412598,-0.0150726987048983,0.3959218263626098,0.8151847720146179,-0.0249126013368368,0.3668334186077118,0.8163781762123108,-0.0320022590458393,0.3429242372512817,0.8162066340446472,-0.0368583686649799,0.0,0.0,0.0,0.0,0.0,0.0,0.0,0.0,0.0,0.0,0.0,0.0,0.0,0.0,0.0,0.0,0.0,0.0,0.0,0.0,0.0,0.0,0.0,0.0,0.0,0.0,0.0,0.0,0.0,0.0,0.0,0.0,0.0,0.0,0.0,0.0,0.0,0.0,0.0,0.0,0.0,0.0,0.0,0.0,0.0,0.0,0.0,0.0,0.0,0.0,0.0,0.0,0.0,0.0,0.0,0.0,0.0,0.0,0.0,0.0,0.0,0.0,0.0,I
0.5341722369194031,0.8740091323852539,3.151108103338629e-07,0.5372176766395569,0.7973154187202454,-0.0182144865393638,0.5199974179267883,0.7218215465545654,-0.026609556749463,0.5096603631973267,0.6605842709541321,-0.0315024480223655,0.5006439089775085,0.6161227226257324,-0.0380325391888618,0.4487839937210083,0.748550534248352,-0.034924179315567,0.4005969762802124,0.7059946656227112,-0.0462191775441169,0.3680916428565979,0.6796485781669617,-0.0548139289021492,0.3420298397541046,0.6594160199165344,-0.0627529621124267,0.4324460327625274,0.7958131432533264,-0.0356149189174175,0.3695743680000305,0.7633827328681946,-0.0489896237850189,0.3285681009292602,0.7443867325782776,-0.0634544044733047,0.2980855107307434,0.7314897775650024,-0.0757217109203338,0.4305561184883117,0.8454251289367676,-0.0354963727295398,0.3733274042606354,0.8269837498664856,-0.0518624112010002,0.3363479673862457,0.8140061497688293,-0.0660024210810661,0.3097224831581116,0.8045257925987244,-0.0760583356022834,0.439430683851242,0.8907030820846558,-0.0354455336928367,0.3976235389709472,0.8942186832427979,-0.0537863448262214,0.3662738502025604,0.8936467170715332,-0.0632796585559845,0.3401185274124145,0.890344500541687,-0.0688451677560806,0.0,0.0,0.0,0.0,0.0,0.0,0.0,0.0,0.0,0.0,0.0,0.0,0.0,0.0,0.0,0.0,0.0,0.0,0.0,0.0,0.0,0.0,0.0,0.0,0.0,0.0,0.0,0.0,0.0,0.0,0.0,0.0,0.0,0.0,0.0,0.0,0.0,0.0,0.0,0.0,0.0,0.0,0.0,0.0,0.0,0.0,0.0,0.0,0.0,0.0,0.0,0.0,0.0,0.0,0.0,0.0,0.0,0.0,0.0,0.0,0.0,0.0,0.0,I
0.4814901649951935,0.9418043494224548,3.8897485410416266e-07,0.486759215593338,0.8622284531593323,-0.0223003607243299,0.4737556278705597,0.7856441736221313,-0.0313380472362041,0.4531555771827698,0.7241699695587158,-0.0355806164443492,0.432981789112091,0.6785479784011841,-0.0398676916956901,0.3888216614723205,0.8101862668991089,-0.029799610376358,0.3402528166770935,0.754496693611145,-0.0363513715565204,0.3083254694938659,0.7234938144683838,-0.0417886488139629,0.281833291053772,0.7011657357215881,-0.0473118424415588,0.3661133050918579,0.8546862006187439,-0.0245830025523901,0.3038768768310547,0.811776876449585,-0.031354546546936,0.2659917771816253,0.7864689230918884,-0.040813747793436,0.2378497570753097,0.7680858373641968,-0.0499413982033729,0.3569336235523224,0.898873507976532,-0.0196726955473423,0.296700656414032,0.8663629293441772,-0.0288920477032661,0.2593075037002563,0.8460408449172974,-0.0405501797795295,0.2314473837614059,0.831704318523407,-0.0499047264456748,0.3595671057701111,0.9382424354553224,-0.0155649129301309,0.3122309148311615,0.9252036809921264,-0.0274076461791992,0.2808047235012054,0.9174167513847352,-0.0359835773706436,0.2557803988456726,0.9082419872283936,-0.0414944775402545,0.0,0.0,0.0,0.0,0.0,0.0,0.0,0.0,0.0,0.0,0.0,0.0,0.0,0.0,0.0,0.0,0.0,0.0,0.0,0.0,0.0,0.0,0.0,0.0,0.0,0.0,0.0,0.0,0.0,0.0,0.0,0.0,0.0,0.0,0.0,0.0,0.0,0.0,0.0,0.0,0.0,0.0,0.0,0.0,0.0,0.0,0.0,0.0,0.0,0.0,0.0,0.0,0.0,0.0,0.0,0.0,0.0,0.0,0.0,0.0,0.0,0.0,0.0,I
0.4640423357486725,0.9019887447357178,3.7163633237469195e-07,0.47177854180336,0.8220033049583435,-0.0177755188196897,0.4595434963703155,0.7480241656303406,-0.0258194413036108,0.44243323802948,0.6841713786125183,-0.0307057052850723,0.4273873269557953,0.6352100372314453,-0.035255204886198,0.3724007606506347,0.7522236108779907,-0.0171778183430433,0.3287643790245056,0.6914964914321899,-0.0212898254394531,0.303935170173645,0.6576169729232788,-0.0248699486255645,0.2855905294418335,0.6342052221298218,-0.0279133804142475,0.3456220030784607,0.7910323143005371,-0.0126070277765393,0.2915283143520355,0.7352778911590576,-0.0140283927321434,0.2616629600524902,0.7025399804115295,-0.0176371708512306,0.2408575415611267,0.6791409850120544,-0.0218811184167861,0.3327947854995727,0.8320598602294922,-0.009121149778366,0.2789256572723388,0.7873552441596985,-0.0113755669444799,0.2500700354576111,0.7558987736701965,-0.0169934015721082,0.2294564247131347,0.733193039894104,-0.0227270536124706,0.3321427702903747,0.8701315522193909,-0.0068947128020226,0.289499819278717,0.8464534282684326,-0.0117714740335941,0.2644529938697815,0.8287537097930908,-0.0158179029822349,0.2453358471393585,0.8128087520599365,-0.0185843650251626,0.0,0.0,0.0,0.0,0.0,0.0,0.0,0.0,0.0,0.0,0.0,0.0,0.0,0.0,0.0,0.0,0.0,0.0,0.0,0.0,0.0,0.0,0.0,0.0,0.0,0.0,0.0,0.0,0.0,0.0,0.0,0.0,0.0,0.0,0.0,0.0,0.0,0.0,0.0,0.0,0.0,0.0,0.0,0.0,0.0,0.0,0.0,0.0,0.0,0.0,0.0,0.0,0.0,0.0,0.0,0.0,0.0,0.0,0.0,0.0,0.0,0.0,0.0,I
0.4288884103298187,0.8966131210327148,3.9993361156120965e-07,0.4421327114105224,0.814663827419281,-0.0127202002331614,0.4302559196949005,0.7400705814361572,-0.0165605098009109,0.4119187593460083,0.6762966513633728,-0.0174070056527853,0.3916287124156952,0.63226318359375,-0.0173340085893869,0.3467536568641662,0.7345550060272217,-0.0114565789699554,0.3157571256160736,0.6632217764854431,-0.0115496581420302,0.2999158501625061,0.6266413331031799,-0.0111251408234238,0.2886625230312347,0.6028229594230652,-0.0106607498601078,0.3180278837680816,0.7691125273704529,-0.006650123745203,0.2769456505775451,0.6959980726242065,-0.0048775631003081,0.2554943561553955,0.655728816986084,-0.0039410251192748,0.2411129921674728,0.6287980675697327,-0.0037337790708988,0.3032822906970978,0.8074740171432495,-0.0024439392145723,0.2565882205963135,0.74550861120224,-0.0024769320152699,0.2346226274967193,0.707383930683136,-0.0051425052806735,0.2198597937822342,0.6816374063491821,-0.0077280295081436,0.3004542589187622,0.8458493947982788,0.0010902367066591,0.2598277628421783,0.8100056648254395,-0.001886075711809,0.2394989877939224,0.78353351354599,-0.0041820504702627,0.2258065640926361,0.7607921957969666,-0.0050171399489045,0.0,0.0,0.0,0.0,0.0,0.0,0.0,0.0,0.0,0.0,0.0,0.0,0.0,0.0,0.0,0.0,0.0,0.0,0.0,0.0,0.0,0.0,0.0,0.0,0.0,0.0,0.0,0.0,0.0,0.0,0.0,0.0,0.0,0.0,0.0,0.0,0.0,0.0,0.0,0.0,0.0,0.0,0.0,0.0,0.0,0.0,0.0,0.0,0.0,0.0,0.0,0.0,0.0,0.0,0.0,0.0,0.0,0.0,0.0,0.0,0.0,0.0,0.0,I
0.4097790718078613,0.8932125568389893,4.825194537261268e-07,0.4291703104972839,0.8149990439414978,-0.0166581906378269,0.4279268980026245,0.7405455112457275,-0.0222609154880046,0.4199695587158203,0.6742078065872192,-0.023937227204442,0.4057406187057495,0.6236337423324585,-0.0246628522872924,0.3421197831630707,0.7243038415908813,-0.0136922392994165,0.3227526247501373,0.6465800404548645,-0.0125588411465287,0.3140501081943512,0.6066715717315674,-0.0114662582054734,0.3085638284683227,0.579914391040802,-0.0107625257223844,0.3109913766384125,0.7553871870040894,-0.006768284831196,0.2786884307861328,0.6777563691139221,-0.0028932427521795,0.264134019613266,0.634484052658081,-0.0016287169419229,0.2554734349250793,0.6056717038154602,-0.0019021382322534,0.2942982912063598,0.7917606830596924,-0.0008025652496144,0.2573089897632599,0.7250145673751831,0.0009277968783862,0.2401022613048553,0.6840544939041138,-0.0021362686529755,0.2284458577632904,0.6557323932647705,-0.0058037913404405,0.2902976870536804,0.8287370204925537,0.0041703847236931,0.2547703981399536,0.7896308302879333,0.0021616236772388,0.2372609376907348,0.7609397768974304,-0.0004919732455164,0.2259587943553924,0.736501157283783,-0.0021302779205143,0.0,0.0,0.0,0.0,0.0,0.0,0.0,0.0,0.0,0.0,0.0,0.0,0.0,0.0,0.0,0.0,0.0,0.0,0.0,0.0,0.0,0.0,0.0,0.0,0.0,0.0,0.0,0.0,0.0,0.0,0.0,0.0,0.0,0.0,0.0,0.0,0.0,0.0,0.0,0.0,0.0,0.0,0.0,0.0,0.0,0.0,0.0,0.0,0.0,0.0,0.0,0.0,0.0,0.0,0.0,0.0,0.0,0.0,0.0,0.0,0.0,0.0,0.0,I
0.3936846256256103,0.8918830752372742,4.49507666644422e-07,0.4108530879020691,0.8130695819854736,-0.0121311536058783,0.4034982323646545,0.7391203045845032,-0.0164068955928087,0.3893642127513885,0.6720033884048462,-0.0171444714069366,0.377732366323471,0.6230800151824951,-0.0166454929858446,0.3221611678600311,0.7301981449127197,-0.012312781997025,0.2977934181690216,0.6533666849136353,-0.0095902839675545,0.284805417060852,0.6136765480041504,-0.0059175807982683,0.2756144106388092,0.5886229872703552,-0.0023190358188003,0.2904919385910034,0.7633055448532104,-0.0054302532225847,0.2550538182258606,0.6843060851097107,0.0018879519775509,0.2372733205556869,0.6443861722946167,0.0086407521739602,0.2249882966279983,0.6188600063323975,0.013425463810563,0.2732079327106476,0.7998231053352356,0.0012609651312232,0.233762115240097,0.7341257333755493,0.0087692299857735,0.2178017497062683,0.6969364881515503,0.0136687764897942,0.207682266831398,0.6747972965240479,0.0161951426416635,0.2676457166671753,0.8371855020523071,0.0069154072552919,0.2308357805013656,0.7973816990852356,0.0126087563112378,0.214834839105606,0.7702146172523499,0.0171337258070707,0.2056844532489776,0.7504125237464905,0.0212492551654577,0.0,0.0,0.0,0.0,0.0,0.0,0.0,0.0,0.0,0.0,0.0,0.0,0.0,0.0,0.0,0.0,0.0,0.0,0.0,0.0,0.0,0.0,0.0,0.0,0.0,0.0,0.0,0.0,0.0,0.0,0.0,0.0,0.0,0.0,0.0,0.0,0.0,0.0,0.0,0.0,0.0,0.0,0.0,0.0,0.0,0.0,0.0,0.0,0.0,0.0,0.0,0.0,0.0,0.0,0.0,0.0,0.0,0.0,0.0,0.0,0.0,0.0,0.0,I
0.16732364892959595,0.4357841908931732,-1.8652191613455216e-07,0.17322421073913574,0.37072500586509705,0.0024487534537911415,0.18787169456481934,0.31432175636291504,-0.008074169047176838,0.1977667361497879,0.26551270484924316,-0.020804420113563538,0.18960964679718018,0.227101668715477,-0.0324430987238884,0.2542732059955597,0.28977981209754944,-0.012924791313707829,0.29723986983299255,0.3302234709262848,-0.0170108862221241,0.2815060019493103,0.3556305170059204,-0.017335839569568634,0.26156094670295715,0.35883742570877075,-0.017902065068483353,0.27038073539733887,0.3258945047855377,-0.02236514911055565,0.3057727813720703,0.3671940267086029,-0.0189997348934412,0.286901593208313,0.38807356357574463,-0.014112923294305801,0.266654908657074,0.3869551122188568,-0.014197743497788906,0.2804896831512451,0.3683445155620575,-0.031239008530974388,0.3118142783641815,0.4042153060436249,-0.025674432516098022,0.2924477458000183,0.4197480082511902,-0.01719164289534092,0.27274078130722046,0.41529005765914917,-0.016187917441129684,0.28564488887786865,0.4140418767929077,-0.040612559765577316,0.31191927194595337,0.44045042991638184,-0.03418057784438133,0.2918507754802704,0.45102381706237793,-0.0244207251816988,0.27333736419677734,0.4462890625,-0.019815070554614067,0.0,0.0,0.0,0.0,0.0,0.0,0.0,0.0,0.0,0.0,0.0,0.0,0.0,0.0,0.0,0.0,0.0,0.0,0.0,0.0,0.0,0.0,0.0,0.0,0.0,0.0,0.0,0.0,0.0,0.0,0.0,0.0,0.0,0.0,0.0,0.0,0.0,0.0,0.0,0.0,0.0,0.0,0.0,0.0,0.0,0.0,0.0,0.0,0.0,0.0,0.0,0.0,0.0,0.0,0.0,0.0,0.0,0.0,0.0,0.0,0.0,0.0,0.0,HE
0.15852952003479004,0.4181309938430786,-1.5674137898713525e-07,0.17385724186897278,0.3585878610610962,0.007453047204762697,0.19715341925621033,0.3083871304988861,9.797355596674606e-05,0.20982393622398376,0.26419520378112793,-0.011373358778655529,0.20011848211288452,0.22869575023651123,-0.021585533395409584,0.2515093982219696,0.27871739864349365,-0.003111897734925151,0.30175334215164185,0.32300281524658203,-0.01160022895783186,0.2851066589355469,0.34797176718711853,-0.01621088944375515,0.26637721061706543,0.3487786054611206,-0.018706224858760834,0.25918328762054443,0.3054858148097992,-0.015681009739637375,0.3059181571006775,0.3550260066986084,-0.017627399414777756,0.2863015830516815,0.37488439679145813,-0.015499225817620754,0.2684273421764374,0.3681110441684723,-0.015907738357782364,0.264461874961853,0.3402147889137268,-0.028263753280043602,0.30802661180496216,0.3876742124557495,-0.0272110253572464,0.28870004415512085,0.40332573652267456,-0.019669760018587112,0.2705053985118866,0.39401137828826904,-0.01730457693338394,0.26635923981666565,0.3794502019882202,-0.041038766503334045,0.30223706364631653,0.41708627343177795,-0.035496391355991364,0.2836788296699524,0.4299364686012268,-0.02527337521314621,0.26622676849365234,0.4223228394985199,-0.019949013367295265,0.0,0.0,0.0,0.0,0.0,0.0,0.0,0.0,0.0,0.0,0.0,0.0,0.0,0.0,0.0,0.0,0.0,0.0,0.0,0.0,0.0,0.0,0.0,0.0,0.0,0.0,0.0,0.0,0.0,0.0,0.0,0.0,0.0,0.0,0.0,0.0,0.0,0.0,0.0,0.0,0.0,0.0,0.0,0.0,0.0,0.0,0.0,0.0,0.0,0.0,0.0,0.0,0.0,0.0,0.0,0.0,0.0,0.0,0.0,0.0,0.0,0.0,0.0,HE
0.1925123929977417,0.42899423837661743,-2.443207449687179e-07,0.19615685939788818,0.3588874936103821,-0.0010603879345580935,0.20764517784118652,0.2966988682746887,-0.013212703168392181,0.2145557403564453,0.24197426438331604,-0.026341622695326805,0.2032470405101776,0.2004207968711853,-0.038487061858177185,0.28015005588531494,0.2830846607685089,-0.020824652165174484,0.3162217438220978,0.3207179605960846,-0.021555831655859947,0.29832765460014343,0.34795433282852173,-0.018704654648900032,0.27757659554481506,0.3524887263774872,-0.017977170646190643,0.30087533593177795,0.32197123765945435,-0.02669096179306507,0.3248092532157898,0.35857662558555603,-0.02007216587662697,0.30384713411331177,0.3781869411468506,-0.01420899573713541,0.2835172414779663,0.37930575013160706,-0.014567097648978233,0.3133116066455841,0.3665691316127777,-0.03121856041252613,0.32904163002967834,0.3964086174964905,-0.02242664061486721,0.3088417947292328,0.4111762046813965,-0.015468567609786987,0.2889809012413025,0.41008785367012024,-0.01648154854774475,0.32035931944847107,0.41306573152542114,-0.03649137541651726,0.3289107084274292,0.4334869682788849,-0.028929298743605614,0.31011563539505005,0.4438364505767822,-0.02172892726957798,0.29390424489974976,0.4426305294036865,-0.018960168585181236,0.0,0.0,0.0,0.0,0.0,0.0,0.0,0.0,0.0,0.0,0.0,0.0,0.0,0.0,0.0,0.0,0.0,0.0,0.0,0.0,0.0,0.0,0.0,0.0,0.0,0.0,0.0,0.0,0.0,0.0,0.0,0.0,0.0,0.0,0.0,0.0,0.0,0.0,0.0,0.0,0.0,0.0,0.0,0.0,0.0,0.0,0.0,0.0,0.0,0.0,0.0,0.0,0.0,0.0,0.0,0.0,0.0,0.0,0.0,0.0,0.0,0.0,0.0,HE
0.18016448616981506,0.40576261281967163,-1.8427118675390375e-07,0.19865722954273224,0.35569480061531067,0.012155519798398018,0.22448822855949402,0.3211531341075897,0.007960385642945766,0.23644308745861053,0.29725414514541626,-0.0018159218598157167,0.23750939965248108,0.27676358819007874,-0.009805279783904552,0.2776893377304077,0.2767903804779053,0.009457005187869072,0.3207350969314575,0.31695327162742615,0.0008284912910312414,0.30759692192077637,0.340211421251297,-0.00567867374047637,0.29098084568977356,0.34399449825286865,-0.009791562333703041,0.2855832576751709,0.29029953479766846,-0.004751819185912609,0.32945987582206726,0.3396604657173157,-0.008305937051773071,0.31045180559158325,0.3602356016635895,-0.008492222987115383,0.292972207069397,0.35660111904144287,-0.009797521866858006,0.29155904054641724,0.31403130292892456,-0.01938554085791111,0.3321395218372345,0.36618930101394653,-0.018302837386727333,0.3117647171020508,0.38558870553970337,-0.012061546556651592,0.2946392595767975,0.3796187937259674,-0.010213603265583515,0.2938145697116852,0.34642890095710754,-0.03435080870985985,0.3236177861690521,0.39339667558670044,-0.02803691104054451,0.3051251471042633,0.408657968044281,-0.019779374822974205,0.2896142303943634,0.4017215073108673,-0.015888219699263573,0.0,0.0,0.0,0.0,0.0,0.0,0.0,0.0,0.0,0.0,0.0,0.0,0.0,0.0,0.0,0.0,0.0,0.0,0.0,0.0,0.0,0.0,0.0,0.0,0.0,0.0,0.0,0.0,0.0,0.0,0.0,0.0,0.0,0.0,0.0,0.0,0.0,0.0,0.0,0.0,0.0,0.0,0.0,0.0,0.0,0.0,0.0,0.0,0.0,0.0,0.0,0.0,0.0,0.0,0.0,0.0,0.0,0.0,0.0,0.0,0.0,0.0,0.0,HE
0.18246501684188843,0.4269953966140747,-1.9961136388246814e-07,0.19392043352127075,0.35960838198661804,-0.004951148293912411,0.2119704782962799,0.30140814185142517,-0.018544944003224373,0.22512409090995789,0.24993257224559784,-0.032577771693468094,0.21930870413780212,0.20762017369270325,-0.04529625177383423,0.2887152135372162,0.29798799753189087,-0.02287929132580757,0.31769901514053345,0.34229332208633423,-0.026363687589764595,0.29692068696022034,0.3662682771682739,-0.026136089116334915,0.2757221758365631,0.36685043573379517,-0.02707313559949398,0.30686140060424805,0.34042730927467346,-0.027490857988595963,0.32374250888824463,0.3810003399848938,-0.02423534169793129,0.30140095949172974,0.39881032705307007,-0.021054085344076157,0.2812308967113495,0.398429274559021,-0.022467080503702164,0.315903902053833,0.38777855038642883,-0.031313858926296234,0.3253001868724823,0.4206852614879608,-0.0257660411298275,0.30412840843200684,0.4326377511024475,-0.02143389731645584,0.28454989194869995,0.42876842617988586,-0.023143930360674858,0.31903642416000366,0.4362497627735138,-0.036271847784519196,0.32003647089004517,0.45852145552635193,-0.03155198693275452,0.3006410598754883,0.4662317633628845,-0.02708723209798336,0.28549331426620483,0.4637633264064789,-0.02546069771051407,0.0,0.0,0.0,0.0,0.0,0.0,0.0,0.0,0.0,0.0,0.0,0.0,0.0,0.0,0.0,0.0,0.0,0.0,0.0,0.0,0.0,0.0,0.0,0.0,0.0,0.0,0.0,0.0,0.0,0.0,0.0,0.0,0.0,0.0,0.0,0.0,0.0,0.0,0.0,0.0,0.0,0.0,0.0,0.0,0.0,0.0,0.0,0.0,0.0,0.0,0.0,0.0,0.0,0.0,0.0,0.0,0.0,0.0,0.0,0.0,0.0,0.0,0.0,HE
0.18983609974384308,0.43790367245674133,-2.0306006831560808e-07,0.2032623440027237,0.36966007947921753,-0.0029141458217054605,0.22327345609664917,0.3108065128326416,-0.015545439906418324,0.236939936876297,0.25676095485687256,-0.028475448489189148,0.23467588424682617,0.21120381355285645,-0.04012477397918701,0.2967608571052551,0.3121944069862366,-0.021691542118787766,0.327411949634552,0.35825762152671814,-0.022694893181324005,0.3058377206325531,0.37881579995155334,-0.02033115178346634,0.2852795720100403,0.37750834226608276,-0.01983611099421978,0.3109176754951477,0.3549931049346924,-0.026658449321985245,0.3307039737701416,0.3987389802932739,-0.01997331902384758,0.30858680605888367,0.41359513998031616,-0.013896900229156017,0.2885112762451172,0.4104255735874176,-0.013859246857464314,0.3161529004573822,0.40172556042671204,-0.030576804652810097,0.32954925298690796,0.43784433603286743,-0.021991517394781113,0.30824014544487,0.44790464639663696,-0.015021431259810925,0.28920096158981323,0.44188210368156433,-0.01582791469991207,0.3158383369445801,0.448016881942749,-0.0353807769715786,0.3235563635826111,0.4732893705368042,-0.028507279232144356,0.30312567949295044,0.47888392210006714,-0.02147030271589756,0.2864201068878174,0.4726320505142212,-0.018647370859980583,0.0,0.0,0.0,0.0,0.0,0.0,0.0,0.0,0.0,0.0,0.0,0.0,0.0,0.0,0.0,0.0,0.0,0.0,0.0,0.0,0.0,0.0,0.0,0.0,0.0,0.0,0.0,0.0,0.0,0.0,0.0,0.0,0.0,0.0,0.0,0.0,0.0,0.0,0.0,0.0,0.0,0.0,0.0,0.0,0.0,0.0,0.0,0.0,0.0,0.0,0.0,0.0,0.0,0.0,0.0,0.0,0.0,0.0,0.0,0.0,0.0,0.0,0.0,HE
0.20529723167419434,0.4702855348587036,-1.9928403105495818e-07,0.20672234892845154,0.4026203453540802,-0.0011909841559827328,0.21552503108978271,0.3389498293399811,-0.014270338229835033,0.2199598252773285,0.28161394596099854,-0.028889719396829605,0.20943838357925415,0.23937033116817474,-0.042363569140434265,0.2840524911880493,0.31196731328964233,-0.019468870013952255,0.33013176918029785,0.3431747853755951,-0.02385389618575573,0.31503772735595703,0.37342435121536255,-0.02409031055867672,0.2944148778915405,0.38116779923439026,-0.024709273129701614,0.3052390217781067,0.3472192585468292,-0.026642967015504837,0.3410082757472992,0.37946027517318726,-0.02269436977803707,0.32312580943107605,0.40467342734336853,-0.017687948420643806,0.3025314211845398,0.40905603766441345,-0.01815219223499298,0.32043612003326416,0.3897947669029236,-0.03311483934521675,0.34794577956199646,0.417116641998291,-0.0265593733638525,0.33035463094711304,0.4363338053226471,-0.018903976306319237,0.30965492129325867,0.43761494755744934,-0.01890307292342186,0.3309805691242218,0.43607163429260254,-0.04047197848558426,0.3514210879802704,0.4552055895328522,-0.034128230065107346,0.3330473303794861,0.46972864866256714,-0.025773756206035614,0.31429457664489746,0.4715149700641632,-0.021915635094046593,0.0,0.0,0.0,0.0,0.0,0.0,0.0,0.0,0.0,0.0,0.0,0.0,0.0,0.0,0.0,0.0,0.0,0.0,0.0,0.0,0.0,0.0,0.0,0.0,0.0,0.0,0.0,0.0,0.0,0.0,0.0,0.0,0.0,0.0,0.0,0.0,0.0,0.0,0.0,0.0,0.0,0.0,0.0,0.0,0.0,0.0,0.0,0.0,0.0,0.0,0.0,0.0,0.0,0.0,0.0,0.0,0.0,0.0,0.0,0.0,0.0,0.0,0.0,HE
0.212007537484169,0.407137006521225,-1.525982042949181e-07,0.22466713190078735,0.35020676255226135,-0.0009812647476792336,0.24170154333114624,0.3005300760269165,-0.012006908655166626,0.25412487983703613,0.2542717754840851,-0.024282822385430336,0.25245553255081177,0.21546421945095062,-0.035272665321826935,0.3043610453605652,0.2923896908760071,-0.015717778354883194,0.33558738231658936,0.3329446315765381,-0.01838574931025505,0.3184843063354492,0.35222822427749634,-0.017287300899624825,0.300945520401001,0.35208138823509216,-0.0171496644616127,0.3165866732597351,0.3277452290058136,-0.022012105211615562,0.34048694372177124,0.3670346736907959,-0.018660390749573708,0.3211349844932556,0.38192710280418396,-0.014198647812008858,0.3035022020339966,0.37879303097724915,-0.01438951026648283,0.3226524889469147,0.36789020895957947,-0.02773764170706272,0.3416716456413269,0.4021778702735901,-0.02185865305364132,0.322547972202301,0.41205906867980957,-0.015123127959668636,0.30545684695243835,0.4053206443786621,-0.015223819762468338,0.3240194618701935,0.4098305106163025,-0.03422017768025398,0.33708614110946655,0.4358743131160736,-0.028393123298883438,0.31846827268600464,0.44091325998306274,-0.021264325827360153,0.30325692892074585,0.43396472930908203,-0.018339265137910843,0.0,0.0,0.0,0.0,0.0,0.0,0.0,0.0,0.0,0.0,0.0,0.0,0.0,0.0,0.0,0.0,0.0,0.0,0.0,0.0,0.0,0.0,0.0,0.0,0.0,0.0,0.0,0.0,0.0,0.0,0.0,0.0,0.0,0.0,0.0,0.0,0.0,0.0,0.0,0.0,0.0,0.0,0.0,0.0,0.0,0.0,0.0,0.0,0.0,0.0,0.0,0.0,0.0,0.0,0.0,0.0,0.0,0.0,0.0,0.0,0.0,0.0,0.0,HE
0.2255113422870636,0.41899728775024414,-1.1662058341244119e-07,0.23849420249462128,0.3693770468235016,0.0003757410158868879,0.25431084632873535,0.32670149207115173,-0.009512868709862232,0.26618707180023193,0.2849041819572449,-0.021763678640127182,0.2612083852291107,0.24982301890850067,-0.03301152214407921,0.3131278455257416,0.31208550930023193,-0.007150909397751093,0.3432709872722626,0.3495742678642273,-0.011963658966124058,0.3283694386482239,0.36773544549942017,-0.01475878432393074,0.31247299909591675,0.3678736388683319,-0.017262514680624008,0.32523101568222046,0.34158089756965637,-0.014815829694271088,0.349700391292572,0.37891483306884766,-0.014226136729121208,0.33327019214630127,0.39314907789230347,-0.012920822016894817,0.31824997067451477,0.38946765661239624,-0.014688991010189056,0.3321637511253357,0.37651437520980835,-0.02269611321389675,0.35318660736083984,0.41149231791496277,-0.02034136652946472,0.3369494080543518,0.42065536975860596,-0.016117023304104805,0.32184720039367676,0.4133155345916748,-0.016641637310385704,0.3348918855190277,0.414771169424057,-0.03130696341395378,0.34880247712135315,0.44261330366134644,-0.027397751808166504,0.33167827129364014,0.4481263756752014,-0.021513812243938446,0.31734412908554077,0.44186660647392273,-0.019087793305516243,0.0,0.0,0.0,0.0,0.0,0.0,0.0,0.0,0.0,0.0,0.0,0.0,0.0,0.0,0.0,0.0,0.0,0.0,0.0,0.0,0.0,0.0,0.0,0.0,0.0,0.0,0.0,0.0,0.0,0.0,0.0,0.0,0.0,0.0,0.0,0.0,0.0,0.0,0.0,0.0,0.0,0.0,0.0,0.0,0.0,0.0,0.0,0.0,0.0,0.0,0.0,0.0,0.0,0.0,0.0,0.0,0.0,0.0,0.0,0.0,0.0,0.0,0.0,HE
0.195631742477417,0.41670870780944824,-1.7306855681908928e-07,0.20799387991428375,0.36798250675201416,0.007355627603828907,0.22785811126232147,0.32753297686576843,0.0018312421161681414,0.23853012919425964,0.29287299513816833,-0.008141137659549713,0.2315721958875656,0.2649352252483368,-0.01721772737801075,0.28597408533096313,0.301475465297699,0.004972108174115419,0.3200620412826538,0.34253373742103577,-0.0015904773026704788,0.30617907643318176,0.36190667748451233,-0.007423634175211191,0.2913261651992798,0.3619939684867859,-0.01203453540802002,0.2958385944366455,0.3209702968597412,-0.007048364263027906,0.32846713066101074,0.3683537244796753,-0.009672442451119423,0.311092734336853,0.38289132714271545,-0.01049659214913845,0.29630032181739807,0.3753497302532196,-0.012920210137963295,0.3019774258136749,0.3474043905735016,-0.019578630104660988,0.3328716456890106,0.39504143595695496,-0.019875243306159973,0.3146495521068573,0.40712881088256836,-0.015409497544169426,0.3000870943069458,0.3966093063354492,-0.014835339970886707,0.3040067255496979,0.37905067205429077,-0.032500334084033966,0.32768890261650085,0.42059990763664246,-0.028927965089678764,0.3099544048309326,0.4300661087036133,-0.022129502147436142,0.2954062819480896,0.4192018210887909,-0.019172651693224907,0.0,0.0,0.0,0.0,0.0,0.0,0.0,0.0,0.0,0.0,0.0,0.0,0.0,0.0,0.0,0.0,0.0,0.0,0.0,0.0,0.0,0.0,0.0,0.0,0.0,0.0,0.0,0.0,0.0,0.0,0.0,0.0,0.0,0.0,0.0,0.0,0.0,0.0,0.0,0.0,0.0,0.0,0.0,0.0,0.0,0.0,0.0,0.0,0.0,0.0,0.0,0.0,0.0,0.0,0.0,0.0,0.0,0.0,0.0,0.0,0.0,0.0,0.0,HE
0.1955605149269104,0.44581133127212524,-1.71730306419704e-07,0.20195570588111877,0.3879973292350769,0.005841641221195459,0.21492448449134827,0.3394244313240051,-0.0022972237784415483,0.22367092967033386,0.29600006341934204,-0.014315104112029076,0.21498870849609375,0.26229697465896606,-0.025454480201005936,0.2742442190647125,0.30816489458084106,-0.002065977780148387,0.31394949555397034,0.34811121225357056,-0.007063442375510931,0.29968902468681335,0.3735077977180481,-0.0099748270586133,0.28214383125305176,0.37722522020339966,-0.012467027641832829,0.28959912061691284,0.335368812084198,-0.013417019508779049,0.3246701657772064,0.3781576454639435,-0.013223793357610703,0.30702143907546997,0.3984191119670868,-0.01152286771684885,0.2895599603652954,0.39579227566719055,-0.012908753007650375,0.30069607496261597,0.369048148393631,-0.024798333644866943,0.331204354763031,0.4116188883781433,-0.022255944088101387,0.31276917457580566,0.4274887144565582,-0.01643449068069458,0.2954713702201843,0.4211861491203308,-0.016069818288087845,0.30779433250427246,0.4074447751045227,-0.036624375730752945,0.329952597618103,0.44349193572998047,-0.031222784891724586,0.31149712204933167,0.45457565784454346,-0.02358952723443508,0.29554370045661926,0.44770777225494385,-0.02039932832121849,0.0,0.0,0.0,0.0,0.0,0.0,0.0,0.0,0.0,0.0,0.0,0.0,0.0,0.0,0.0,0.0,0.0,0.0,0.0,0.0,0.0,0.0,0.0,0.0,0.0,0.0,0.0,0.0,0.0,0.0,0.0,0.0,0.0,0.0,0.0,0.0,0.0,0.0,0.0,0.0,0.0,0.0,0.0,0.0,0.0,0.0,0.0,0.0,0.0,0.0,0.0,0.0,0.0,0.0,0.0,0.0,0.0,0.0,0.0,0.0,0.0,0.0,0.0,HE
0.20003458857536316,0.4598371088504791,-1.7629319870593463e-07,0.20676743984222412,0.39661651849746704,-0.0026689330115914345,0.21944081783294678,0.34047242999076843,-0.015036811120808125,0.22797492146492004,0.2893788814544678,-0.02871733158826828,0.22154727578163147,0.25011834502220154,-0.0413060337305069,0.288318008184433,0.32609260082244873,-0.01711936481297016,0.3198302090167999,0.3639499545097351,-0.021470384672284126,0.3033912181854248,0.38851165771484375,-0.02268861047923565,0.2847209572792053,0.3916787803173065,-0.024434970691800117,0.3067781627178192,0.3593798279762268,-0.022932659834623337,0.3289248049259186,0.39549145102500916,-0.020364277064800262,0.31007102131843567,0.41474649310112,-0.01741420477628708,0.29285767674446106,0.4159489870071411,-0.018941184505820274,0.31850889325141907,0.3992796242237091,-0.02841002494096756,0.3337900936603546,0.4308052659034729,-0.02381911315023899,0.315317302942276,0.4450746178627014,-0.019382281228899956,0.29771506786346436,0.44299909472465515,-0.020781295374035835,0.3255192041397095,0.4425232708454132,-0.03486557677388191,0.33279386162757874,0.46582502126693726,-0.029973402619361877,0.3153940737247467,0.47606295347213745,-0.024924449622631073,0.30106455087661743,0.475294828414917,-0.02311338484287262,0.0,0.0,0.0,0.0,0.0,0.0,0.0,0.0,0.0,0.0,0.0,0.0,0.0,0.0,0.0,0.0,0.0,0.0,0.0,0.0,0.0,0.0,0.0,0.0,0.0,0.0,0.0,0.0,0.0,0.0,0.0,0.0,0.0,0.0,0.0,0.0,0.0,0.0,0.0,0.0,0.0,0.0,0.0,0.0,0.0,0.0,0.0,0.0,0.0,0.0,0.0,0.0,0.0,0.0,0.0,0.0,0.0,0.0,0.0,0.0,0.0,0.0,0.0,HE
0.1578059196472168,0.6292926073074341,-1.7377159622355975e-07,0.16535010933876038,0.5656007528305054,0.0027549287769943476,0.18220201134681702,0.5108959674835205,-0.006990848109126091,0.19503624737262726,0.4623253345489502,-0.019068792462348938,0.1918158382177353,0.423414409160614,-0.03005562163889408,0.24793799221515656,0.48981982469558716,-0.010719132609665394,0.28673040866851807,0.5316284894943237,-0.01390000618994236,0.2706620693206787,0.5568188428878784,-0.014233574271202087,0.2520059645175934,0.5590513944625854,-0.014854107983410358,0.2627951204776764,0.5226763486862183,-0.019431017339229584,0.2936660945415497,0.5664275288581848,-0.015613971278071404,0.2746964395046234,0.5869271159172058,-0.011977124959230423,0.25562161207199097,0.5853407382965088,-0.012847408652305603,0.27230170369148254,0.5630300045013428,-0.027567418292164803,0.29900112748146057,0.602062463760376,-0.021178776398301125,0.2805817127227783,0.6168389916419983,-0.015026972629129887,0.2619154453277588,0.6116896867752075,-0.015536883845925331,0.27785664796829224,0.6066591739654541,-0.03616791591048241,0.2992538809776306,0.6358837485313416,-0.029235802590847015,0.2807212471961975,0.6461458802223206,-0.021540148183703423,0.2636195719242096,0.6416058540344238,-0.01832558400928974,0.0,0.0,0.0,0.0,0.0,0.0,0.0,0.0,0.0,0.0,0.0,0.0,0.0,0.0,0.0,0.0,0.0,0.0,0.0,0.0,0.0,0.0,0.0,0.0,0.0,0.0,0.0,0.0,0.0,0.0,0.0,0.0,0.0,0.0,0.0,0.0,0.0,0.0,0.0,0.0,0.0,0.0,0.0,0.0,0.0,0.0,0.0,0.0,0.0,0.0,0.0,0.0,0.0,0.0,0.0,0.0,0.0,0.0,0.0,0.0,0.0,0.0,0.0,HE
0.21594300866127014,0.506298303604126,-1.65768241799924e-07,0.2238522171974182,0.45675769448280334,0.006976340897381306,0.23781925439834595,0.4154833257198334,7.679773261770606e-05,0.24519652128219604,0.3781629502773285,-0.01108991913497448,0.23859789967536926,0.34986281394958496,-0.02184104733169079,0.2996422350406647,0.38768213987350464,0.0008013571496121585,0.3334594964981079,0.42732954025268555,-0.004384890198707581,0.3202193081378937,0.4497826397418976,-0.008706441149115562,0.30506253242492676,0.4535785913467407,-0.012343489564955235,0.31337690353393555,0.40940701961517334,-0.010606057941913605,0.3438150882720947,0.4540567696094513,-0.010707840323448181,0.3274829387664795,0.4710475504398346,-0.010201993398368359,0.31237635016441345,0.4685400128364563,-0.012565410695970058,0.3219447433948517,0.43809959292411804,-0.02213086374104023,0.34943196177482605,0.48328667879104614,-0.02049640566110611,0.33177968859672546,0.49659931659698486,-0.016112685203552246,0.3165157735347748,0.4901478886604309,-0.01648634672164917,0.3267018795013428,0.4720291197299957,-0.03393946588039398,0.3481910228729248,0.5115964412689209,-0.02915257401764393,0.32971763610839844,0.5213596820831299,-0.02218940295279026,0.31407129764556885,0.5141903758049011,-0.019562046974897385,0.0,0.0,0.0,0.0,0.0,0.0,0.0,0.0,0.0,0.0,0.0,0.0,0.0,0.0,0.0,0.0,0.0,0.0,0.0,0.0,0.0,0.0,0.0,0.0,0.0,0.0,0.0,0.0,0.0,0.0,0.0,0.0,0.0,0.0,0.0,0.0,0.0,0.0,0.0,0.0,0.0,0.0,0.0,0.0,0.0,0.0,0.0,0.0,0.0,0.0,0.0,0.0,0.0,0.0,0.0,0.0,0.0,0.0,0.0,0.0,0.0,0.0,0.0,HE
0.20485728979110718,0.4643910229206085,-1.526590551748086e-07,0.2263980507850647,0.4193708300590515,0.006145624443888664,0.25365743041038513,0.38398775458335876,-0.0002470026956871152,0.274162232875824,0.3519258201122284,-0.010086934082210064,0.2750590443611145,0.3204617500305176,-0.018541211262345314,0.30900081992149353,0.36965715885162354,-0.0013290209462866187,0.3430822789669037,0.416369765996933,-0.00882997177541256,0.3260788321495056,0.43357527256011963,-0.013171982020139694,0.31015074253082275,0.4316709339618683,-0.015960868448019028,0.31269142031669617,0.39531806111335754,-0.012314417399466038,0.3419477045536041,0.44845616817474365,-0.015096793882548809,0.32203003764152527,0.4603898525238037,-0.014502578414976597,0.30701377987861633,0.45045843720436096,-0.01560626458376646,0.31309404969215393,0.42694970965385437,-0.023465510457754135,0.3377673327922821,0.47924408316612244,-0.023206127807497978,0.3192061185836792,0.48723506927490234,-0.017552446573972702,0.3054257929325104,0.4746106266975403,-0.016229664906859398,0.3098519444465637,0.4612874388694763,-0.0349394865334034,0.3276810050010681,0.504043698310852,-0.03140510991215706,0.3099404275417328,0.5091732740402222,-0.0244121290743351,0.29740050435066223,0.49785053730010986,-0.021018696948885918,0.0,0.0,0.0,0.0,0.0,0.0,0.0,0.0,0.0,0.0,0.0,0.0,0.0,0.0,0.0,0.0,0.0,0.0,0.0,0.0,0.0,0.0,0.0,0.0,0.0,0.0,0.0,0.0,0.0,0.0,0.0,0.0,0.0,0.0,0.0,0.0,0.0,0.0,0.0,0.0,0.0,0.0,0.0,0.0,0.0,0.0,0.0,0.0,0.0,0.0,0.0,0.0,0.0,0.0,0.0,0.0,0.0,0.0,0.0,0.0,0.0,0.0,0.0,HE
0.22713223099708557,0.5386678576469421,-2.166974297779234e-07,0.228441059589386,0.4740215241909027,-0.004335477016866207,0.23801007866859436,0.41577765345573425,-0.016228457912802696,0.24246197938919067,0.36250054836273193,-0.028403492644429207,0.23336488008499146,0.321995347738266,-0.03966221585869789,0.3082910478115082,0.4009268879890442,-0.019031651318073273,0.33366259932518005,0.4317483901977539,-0.020021824166178703,0.31757813692092896,0.4553873836994171,-0.019744718447327614,0.2990157902240753,0.46057596802711487,-0.02081502228975296,0.32990461587905884,0.43605121970176697,-0.022251004353165627,0.34237906336784363,0.46268028020858765,-0.015382031910121441,0.32415977120399475,0.4814380407333374,-0.011983982287347317,0.3068324029445648,0.48722147941589355,-0.01397106796503067,0.342224657535553,0.4770980179309845,-0.024520069360733032,0.34887513518333435,0.49606019258499146,-0.016103822737932205,0.3320048749446869,0.5115494728088379,-0.012070017866790295,0.3143964111804962,0.5153305530548096,-0.014544518664479256,0.34906789660453796,0.5191835165023804,-0.027824243530631065,0.3526666462421417,0.5314295291900635,-0.021084940060973167,0.3371272087097168,0.5422792434692383,-0.01582329347729683,0.3226027488708496,0.545691728591919,-0.013939720578491688,0.0,0.0,0.0,0.0,0.0,0.0,0.0,0.0,0.0,0.0,0.0,0.0,0.0,0.0,0.0,0.0,0.0,0.0,0.0,0.0,0.0,0.0,0.0,0.0,0.0,0.0,0.0,0.0,0.0,0.0,0.0,0.0,0.0,0.0,0.0,0.0,0.0,0.0,0.0,0.0,0.0,0.0,0.0,0.0,0.0,0.0,0.0,0.0,0.0,0.0,0.0,0.0,0.0,0.0,0.0,0.0,0.0,0.0,0.0,0.0,0.0,0.0,0.0,HE
0.24161109328269958,0.525368869304657,-2.531867835386947e-07,0.23642557859420776,0.46983030438423157,-0.003538923803716898,0.23840966820716858,0.4196908175945282,-0.01671963930130005,0.2374517321586609,0.37487542629241943,-0.030641699209809303,0.2260349988937378,0.34243643283843994,-0.043594323098659515,0.307327538728714,0.38871774077415466,-0.02178213745355606,0.33475154638290405,0.4168049991130829,-0.025737514719367027,0.3203567862510681,0.4448978304862976,-0.02694484032690525,0.3018156886100769,0.4542863667011261,-0.029156850650906563,0.33293870091438293,0.41511714458465576,-0.026901429519057274,0.3477384150028229,0.4456147849559784,-0.025107644498348236,0.33083224296569824,0.46727877855300903,-0.024013107642531395,0.31405648589134216,0.4725346565246582,-0.02681315317749977,0.3496123254299164,0.4498523771762848,-0.030953023582696915,0.3570631146430969,0.4780276119709015,-0.02731199562549591,0.33969753980636597,0.49621477723121643,-0.024470709264278412,0.3226486146450043,0.49947887659072876,-0.026802891865372658,0.3608582019805908,0.48861491680145264,-0.0359785296022892,0.36098361015319824,0.514600932598114,-0.03285672143101692,0.34513819217681885,0.5279486775398254,-0.02965996228158474,0.33146932721138,0.529542863368988,-0.028658125549554825,0.0,0.0,0.0,0.0,0.0,0.0,0.0,0.0,0.0,0.0,0.0,0.0,0.0,0.0,0.0,0.0,0.0,0.0,0.0,0.0,0.0,0.0,0.0,0.0,0.0,0.0,0.0,0.0,0.0,0.0,0.0,0.0,0.0,0.0,0.0,0.0,0.0,0.0,0.0,0.0,0.0,0.0,0.0,0.0,0.0,0.0,0.0,0.0,0.0,0.0,0.0,0.0,0.0,0.0,0.0,0.0,0.0,0.0,0.0,0.0,0.0,0.0,0.0,HE
0.21041536331176758,0.5064585208892822,-1.1478589101443504e-07,0.2422638237476349,0.4925882816314697,0.012044386938214302,0.2705536484718323,0.46923452615737915,0.007493994198739529,0.28719276189804077,0.4547514319419861,-0.0028594844043254852,0.2941218614578247,0.4435845911502838,-0.010945322923362255,0.3155333697795868,0.4170273244380951,0.012452329508960247,0.3524684011936188,0.46099504828453064,0.0032192752696573734,0.33925753831863403,0.4786960184574127,-0.005317653529345989,0.3221698999404907,0.4773508310317993,-0.01031854934990406,0.3186332583427429,0.42099928855895996,-0.0008017049985937774,0.35778433084487915,0.47266826033592224,-0.004835541360080242,0.3414357602596283,0.4912523925304413,-0.006922383792698383,0.3245052397251129,0.48699647188186646,-0.009560000151395798,0.32098791003227234,0.4357869625091553,-0.014806493185460567,0.36059191823005676,0.48625874519348145,-0.01445389911532402,0.3427417278289795,0.5061984062194824,-0.010099715553224087,0.3244616687297821,0.5015746355056763,-0.009063887409865856,0.32214370369911194,0.4597361087799072,-0.028876999393105507,0.3527250587940216,0.5018685460090637,-0.02373095415532589,0.3364630341529846,0.5172834992408752,-0.01634008064866066,0.31945568323135376,0.5116910934448242,-0.012921159155666828,0.0,0.0,0.0,0.0,0.0,0.0,0.0,0.0,0.0,0.0,0.0,0.0,0.0,0.0,0.0,0.0,0.0,0.0,0.0,0.0,0.0,0.0,0.0,0.0,0.0,0.0,0.0,0.0,0.0,0.0,0.0,0.0,0.0,0.0,0.0,0.0,0.0,0.0,0.0,0.0,0.0,0.0,0.0,0.0,0.0,0.0,0.0,0.0,0.0,0.0,0.0,0.0,0.0,0.0,0.0,0.0,0.0,0.0,0.0,0.0,0.0,0.0,0.0,HE
0.23956850171089172,0.5560969710350037,-1.4880512821946468e-07,0.234422504901886,0.5052924752235413,0.0036876376252621412,0.24032574892044067,0.4637693166732788,-0.00546545535326004,0.2386108636856079,0.42625465989112854,-0.018716998398303986,0.2228643000125885,0.4056542217731476,-0.03092348575592041,0.3011555075645447,0.4107581377029419,-0.0004929887363687158,0.338619589805603,0.44008445739746094,-0.003839887445792556,0.3308010697364807,0.4718501567840576,-0.00612542312592268,0.3162267804145813,0.4867765009403229,-0.008942635729908943,0.3255960941314697,0.42465299367904663,-0.010465584695339203,0.36094576120376587,0.46146631240844727,-0.009266799315810204,0.3494783341884613,0.4877541959285736,-0.008889259770512581,0.3344738185405731,0.4953855872154236,-0.011681929230690002,0.34536510705947876,0.44902005791664124,-0.020612627267837524,0.37472546100616455,0.489035964012146,-0.017598070204257965,0.36150383949279785,0.5150364637374878,-0.014986922033131123,0.3454262912273407,0.5218814015388489,-0.016732923686504364,0.362019419670105,0.48086005449295044,-0.031607311218976974,0.3818614184856415,0.519656777381897,-0.025781812146306038,0.3695584833621979,0.5406356453895569,-0.020776135846972466,0.3552916646003723,0.5451556444168091,-0.019455455243587494,0.0,0.0,0.0,0.0,0.0,0.0,0.0,0.0,0.0,0.0,0.0,0.0,0.0,0.0,0.0,0.0,0.0,0.0,0.0,0.0,0.0,0.0,0.0,0.0,0.0,0.0,0.0,0.0,0.0,0.0,0.0,0.0,0.0,0.0,0.0,0.0,0.0,0.0,0.0,0.0,0.0,0.0,0.0,0.0,0.0,0.0,0.0,0.0,0.0,0.0,0.0,0.0,0.0,0.0,0.0,0.0,0.0,0.0,0.0,0.0,0.0,0.0,0.0,HE
0.20023615658283234,0.55317622423172,-2.5952260784833925e-07,0.2017943561077118,0.48263585567474365,-0.0019888635724782944,0.21225687861442566,0.42203572392463684,-0.014113365672528744,0.2193903923034668,0.36955708265304565,-0.027188263833522797,0.21086744964122772,0.3303607702255249,-0.03923873230814934,0.2848740518093109,0.4066423773765564,-0.020500706508755684,0.31592538952827454,0.43936392664909363,-0.021725179627537727,0.2989189624786377,0.467379629611969,-0.020381227135658264,0.2785528302192688,0.47481676936149597,-0.02104084938764572,0.3085691034793854,0.440859854221344,-0.02594049833714962,0.3282231092453003,0.47461846470832825,-0.019570179283618927,0.30871152877807617,0.4951183795928955,-0.014995163306593895,0.2900802791118622,0.4991660714149475,-0.01661190390586853,0.3224530816078186,0.4823220670223236,-0.0301737692207098,0.3372609317302704,0.5098203420639038,-0.022419998422265053,0.3185447156429291,0.5266224145889282,-0.017063071951270103,0.2995796203613281,0.5288683772087097,-0.01899106055498123,0.33034631609916687,0.5260685682296753,-0.03523902967572212,0.33777913451194763,0.5470051169395447,-0.02867223136126995,0.32046693563461304,0.559203565120697,-0.022726602852344513,0.3050103187561035,0.5611865520477295,-0.02069481462240219,0.0,0.0,0.0,0.0,0.0,0.0,0.0,0.0,0.0,0.0,0.0,0.0,0.0,0.0,0.0,0.0,0.0,0.0,0.0,0.0,0.0,0.0,0.0,0.0,0.0,0.0,0.0,0.0,0.0,0.0,0.0,0.0,0.0,0.0,0.0,0.0,0.0,0.0,0.0,0.0,0.0,0.0,0.0,0.0,0.0,0.0,0.0,0.0,0.0,0.0,0.0,0.0,0.0,0.0,0.0,0.0,0.0,0.0,0.0,0.0,0.0,0.0,0.0,HE
0.21227890253067017,0.512519359588623,-1.617544000964699e-07,0.20981252193450928,0.4634084105491638,0.0029263882897794247,0.21773692965507507,0.4220280945301056,-0.00784661341458559,0.21563640236854553,0.387425035238266,-0.022448444738984108,0.2004365622997284,0.3692794144153595,-0.036146000027656555,0.27297136187553406,0.37300294637680054,-0.005427180323749781,0.3156096935272217,0.4051973223686218,-0.015734251588582993,0.30417877435684204,0.43471676111221313,-0.022289080545306206,0.28706422448158264,0.44454124569892883,-0.027230069041252136,0.29194244742393494,0.38896846771240234,-0.01628306694328785,0.3317003846168518,0.4289974868297577,-0.02320367656648159,0.3157331347465515,0.4503324031829834,-0.025461025536060333,0.29989364743232727,0.44958314299583435,-0.028613563627004623,0.3072192966938019,0.41273266077041626,-0.02763848565518856,0.3406476378440857,0.45820528268814087,-0.0316038653254509,0.3233751654624939,0.4758374094963074,-0.02938849851489067,0.30738264322280884,0.4705226719379425,-0.030047612264752388,0.31944751739501953,0.44413065910339355,-0.03959745168685913,0.33816415071487427,0.4882705807685852,-0.03821997344493866,0.3219345808029175,0.5026361346244812,-0.034481797367334366,0.3085222840309143,0.49645543098449707,-0.033659979701042175,0.0,0.0,0.0,0.0,0.0,0.0,0.0,0.0,0.0,0.0,0.0,0.0,0.0,0.0,0.0,0.0,0.0,0.0,0.0,0.0,0.0,0.0,0.0,0.0,0.0,0.0,0.0,0.0,0.0,0.0,0.0,0.0,0.0,0.0,0.0,0.0,0.0,0.0,0.0,0.0,0.0,0.0,0.0,0.0,0.0,0.0,0.0,0.0,0.0,0.0,0.0,0.0,0.0,0.0,0.0,0.0,0.0,0.0,0.0,0.0,0.0,0.0,0.0,HE
0.20330369472503662,0.49215707182884216,-1.9074825274856266e-07,0.21561717987060547,0.4508920907974243,0.010914012789726257,0.23425333201885223,0.4181477129459381,0.006441300269216299,0.236516535282135,0.3909483850002289,-0.003668569028377533,0.2227737009525299,0.3701891303062439,-0.013273428194224834,0.2891688346862793,0.37548530101776123,0.00837024301290512,0.3270074725151062,0.41890156269073486,0.0015533051919192076,0.3142351806163788,0.4393673241138458,-0.004133992828428745,0.3007143437862396,0.4405818283557892,-0.008650246076285839,0.2997110188007355,0.38838064670562744,-0.0054529160261154175,0.33822840452194214,0.43808209896087646,-0.009157349355518818,0.32018378376960754,0.45362013578414917,-0.010321077890694141,0.30599862337112427,0.44729888439178467,-0.012622596696019173,0.30848726630210876,0.4093433916568756,-0.019590729847550392,0.3445350229740143,0.45955678820610046,-0.019552363082766533,0.3257633149623871,0.4730733036994934,-0.015758225694298744,0.311942994594574,0.4633016288280487,-0.015509519726037979,0.31558430194854736,0.43710950016975403,-0.03388002887368202,0.34077849984169006,0.47811412811279297,-0.027994027361273766,0.3232906460762024,0.4906191825866699,-0.020890992134809494,0.3099516034126282,0.481939435005188,-0.01837141625583172,0.0,0.0,0.0,0.0,0.0,0.0,0.0,0.0,0.0,0.0,0.0,0.0,0.0,0.0,0.0,0.0,0.0,0.0,0.0,0.0,0.0,0.0,0.0,0.0,0.0,0.0,0.0,0.0,0.0,0.0,0.0,0.0,0.0,0.0,0.0,0.0,0.0,0.0,0.0,0.0,0.0,0.0,0.0,0.0,0.0,0.0,0.0,0.0,0.0,0.0,0.0,0.0,0.0,0.0,0.0,0.0,0.0,0.0,0.0,0.0,0.0,0.0,0.0,HE
0.2184431552886963,0.5075063705444336,-1.843255432731894e-07,0.22180210053920746,0.46635520458221436,0.009405063465237617,0.23286759853363037,0.4396723508834839,0.002087625674903393,0.22978158295154572,0.4186590313911438,-0.010176453739404678,0.21384477615356445,0.4034765660762787,-0.02241268940269947,0.2865353524684906,0.3842674493789673,0.0004442486388143152,0.3205408751964569,0.4254273772239685,-0.007493488024920225,0.3096052408218384,0.45035502314567566,-0.013768952339887619,0.2949187457561493,0.45556139945983887,-0.01881108619272709,0.30382317304611206,0.39676883816719055,-0.012552535161376,0.33716076612472534,0.44455575942993164,-0.015342839062213898,0.3230270445346832,0.4643816649913788,-0.016229720786213875,0.3091066777706146,0.46343740820884705,-0.01960439793765545,0.31717586517333984,0.41780099272727966,-0.02541976608335972,0.34888967871665955,0.4667911231517792,-0.02478361874818802,0.33269214630126953,0.4833158850669861,-0.02103298343718052,0.3179236352443695,0.4782308042049408,-0.021969441324472427,0.3281114101409912,0.44522953033447266,-0.03851890191435814,0.34853965044021606,0.4874899089336395,-0.034652747213840485,0.33262643218040466,0.5025589466094971,-0.029288720339536667,0.3190138041973114,0.4984889030456543,-0.02798948995769024,0.0,0.0,0.0,0.0,0.0,0.0,0.0,0.0,0.0,0.0,0.0,0.0,0.0,0.0,0.0,0.0,0.0,0.0,0.0,0.0,0.0,0.0,0.0,0.0,0.0,0.0,0.0,0.0,0.0,0.0,0.0,0.0,0.0,0.0,0.0,0.0,0.0,0.0,0.0,0.0,0.0,0.0,0.0,0.0,0.0,0.0,0.0,0.0,0.0,0.0,0.0,0.0,0.0,0.0,0.0,0.0,0.0,0.0,0.0,0.0,0.0,0.0,0.0,HE
0.2191050499677658,0.549240231513977,-1.685188095734702e-07,0.21207109093666077,0.501329243183136,0.0015651618596166372,0.21161091327667236,0.4603289067745209,-0.009920879267156124,0.20264451205730438,0.4233089089393616,-0.024186788126826286,0.18403887748718262,0.4015440046787262,-0.037594448775053024,0.2608572840690613,0.4012592136859894,-0.011984286829829216,0.3023007810115814,0.4254486858844757,-0.020556576550006866,0.2937748432159424,0.45570871233940125,-0.025004031136631966,0.2785859704017639,0.466355562210083,-0.028703706339001656,0.2844620943069458,0.41485002636909485,-0.021141784265637398,0.3201185166835785,0.4458538591861725,-0.025313522666692734,0.30723127722740173,0.4705803394317627,-0.025835519656538963,0.2924382984638214,0.4747450649738312,-0.02848832681775093,0.3054640591144562,0.43781670928001404,-0.0301397405564785,0.3336948752403259,0.47252047061920166,-0.03154783323407173,0.31901586055755615,0.4944376051425934,-0.028572378680109978,0.3033553659915924,0.49626657366752625,-0.0294942669570446,0.32388371229171753,0.4677674174308777,-0.03980519622564316,0.34032073616981506,0.5018333792686462,-0.038689903914928436,0.32672595977783203,0.5206800699234009,-0.03558153659105301,0.31422126293182373,0.5220595002174377,-0.03492787480354309,0.0,0.0,0.0,0.0,0.0,0.0,0.0,0.0,0.0,0.0,0.0,0.0,0.0,0.0,0.0,0.0,0.0,0.0,0.0,0.0,0.0,0.0,0.0,0.0,0.0,0.0,0.0,0.0,0.0,0.0,0.0,0.0,0.0,0.0,0.0,0.0,0.0,0.0,0.0,0.0,0.0,0.0,0.0,0.0,0.0,0.0,0.0,0.0,0.0,0.0,0.0,0.0,0.0,0.0,0.0,0.0,0.0,0.0,0.0,0.0,0.0,0.0,0.0,HE
0.16856485605239868,0.5259818434715271,-1.51920943380901e-07,0.16024473309516907,0.4841889441013336,0.004736250266432762,0.16238641738891602,0.44650131464004517,-0.0029344093054533005,0.1551315188407898,0.41490283608436584,-0.01460388582199812,0.1404435634613037,0.39724376797676086,-0.025506844744086266,0.21001827716827393,0.3893956243991852,0.001570471446029842,0.2467193752527237,0.4086238741874695,-0.00491270050406456,0.23888245224952698,0.4325690269470215,-0.01004788652062416,0.22461336851119995,0.44073086977005005,-0.014322360046207905,0.22966329753398895,0.39945486187934875,-0.009016984142363071,0.26547113060951233,0.42339611053466797,-0.011585734784603119,0.2545458972454071,0.4438752233982086,-0.013444659300148487,0.24099932610988617,0.44711336493492126,-0.01683788187801838,0.24715609848499298,0.418806254863739,-0.020010631531476974,0.28106796741485596,0.44603559374809265,-0.021269533783197403,0.26831644773483276,0.46640798449516296,-0.019125912338495255,0.2531982958316803,0.46733060479164124,-0.020124133676290512,0.2622547447681427,0.4453917443752289,-0.03146659955382347,0.2875838279724121,0.47498655319213867,-0.029894119128584862,0.2752531170845032,0.4940663278102875,-0.025960557162761688,0.26071521639823914,0.49522528052330017,-0.024789581075310707,0.0,0.0,0.0,0.0,0.0,0.0,0.0,0.0,0.0,0.0,0.0,0.0,0.0,0.0,0.0,0.0,0.0,0.0,0.0,0.0,0.0,0.0,0.0,0.0,0.0,0.0,0.0,0.0,0.0,0.0,0.0,0.0,0.0,0.0,0.0,0.0,0.0,0.0,0.0,0.0,0.0,0.0,0.0,0.0,0.0,0.0,0.0,0.0,0.0,0.0,0.0,0.0,0.0,0.0,0.0,0.0,0.0,0.0,0.0,0.0,0.0,0.0,0.0,HE
0.19176413118839264,0.5538386106491089,-2.387362485478661e-07,0.17310293018817902,0.49634554982185364,-0.001904136035591364,0.16289004683494568,0.44605880975723267,-0.01496628113090992,0.15031550824642181,0.4038631319999695,-0.02923394925892353,0.13020585477352142,0.37815389037132263,-0.042980894446372986,0.2262800633907318,0.3957447111606598,-0.022411474958062172,0.25195038318634033,0.41424185037612915,-0.024313172325491905,0.2431965470314026,0.4449920058250427,-0.023507852107286453,0.22721228003501892,0.4590446650981903,-0.02445172891020775,0.2589624226093292,0.4120643436908722,-0.02750900760293007,0.27058911323547363,0.43605589866638184,-0.02156258001923561,0.25865548849105835,0.46152547001838684,-0.01817142777144909,0.24538102746009827,0.47271743416786194,-0.02103743515908718,0.28322282433509827,0.44063252210617065,-0.031166015192866325,0.2867368757724762,0.461631178855896,-0.02396295592188835,0.2737632393836975,0.4845219850540161,-0.021513361483812332,0.25908035039901733,0.49435552954673767,-0.025740373879671097,0.30183038115501404,0.47507724165916443,-0.03569009527564049,0.3008182942867279,0.49460670351982117,-0.03116391971707344,0.2897137701511383,0.5125988125801086,-0.028586523607373238,0.27823343873023987,0.5204789638519287,-0.028914103284478188,0.0,0.0,0.0,0.0,0.0,0.0,0.0,0.0,0.0,0.0,0.0,0.0,0.0,0.0,0.0,0.0,0.0,0.0,0.0,0.0,0.0,0.0,0.0,0.0,0.0,0.0,0.0,0.0,0.0,0.0,0.0,0.0,0.0,0.0,0.0,0.0,0.0,0.0,0.0,0.0,0.0,0.0,0.0,0.0,0.0,0.0,0.0,0.0,0.0,0.0,0.0,0.0,0.0,0.0,0.0,0.0,0.0,0.0,0.0,0.0,0.0,0.0,0.0,HE
0.2060205340385437,0.5537347197532654,-2.032599439871774e-07,0.19269093871116638,0.4981192350387573,-0.0036088135093450546,0.18449977040290833,0.44933396577835083,-0.017999790608882904,0.1728881448507309,0.40817585587501526,-0.03358516842126846,0.15315714478492737,0.38396504521369934,-0.04840061813592911,0.2410638928413391,0.3947494924068451,-0.02534196712076664,0.27636757493019104,0.4126606583595276,-0.030765580013394356,0.2684604525566101,0.44444218277931213,-0.03127869963645935,0.25180381536483765,0.45820972323417664,-0.0327935628592968,0.2725052237510681,0.411977082490921,-0.031021051108837128,0.2975059449672699,0.4367939829826355,-0.030001629143953323,0.28561535477638245,0.46240144968032837,-0.027388308197259903,0.27047494053840637,0.47140246629714966,-0.029791153967380524,0.2971602976322174,0.4398258328437805,-0.03576156497001648,0.3136746883392334,0.4632827043533325,-0.03247351944446564,0.29982224106788635,0.48548150062561035,-0.029090488329529762,0.28323283791542053,0.4920845925807953,-0.03187431022524834,0.31715327501296997,0.47359755635261536,-0.04148594290018082,0.3224763572216034,0.4978910982608795,-0.039508990943431854,0.31036362051963806,0.5169529914855957,-0.037114545702934265,0.2980973422527313,0.5224608182907104,-0.0373150110244751,0.0,0.0,0.0,0.0,0.0,0.0,0.0,0.0,0.0,0.0,0.0,0.0,0.0,0.0,0.0,0.0,0.0,0.0,0.0,0.0,0.0,0.0,0.0,0.0,0.0,0.0,0.0,0.0,0.0,0.0,0.0,0.0,0.0,0.0,0.0,0.0,0.0,0.0,0.0,0.0,0.0,0.0,0.0,0.0,0.0,0.0,0.0,0.0,0.0,0.0,0.0,0.0,0.0,0.0,0.0,0.0,0.0,0.0,0.0,0.0,0.0,0.0,0.0,HE
0.24094898998737335,0.5199347138404846,-1.3236876839073375e-07,0.23988330364227295,0.47339972853660583,-0.0028224787674844265,0.2411634922027588,0.4330546259880066,-0.01476851012557745,0.23736590147018433,0.39549076557159424,-0.028540894389152527,0.22526443004608154,0.36991000175476074,-0.04199915751814842,0.30098193883895874,0.3982165455818176,-0.014594507403671741,0.3271409571170807,0.42242681980133057,-0.02156437560915947,0.3154626786708832,0.4457106292247772,-0.02657206542789936,0.3011692464351654,0.4530143737792969,-0.03111673705279827,0.3238092064857483,0.4208616614341736,-0.02042168378829956,0.33930569887161255,0.4470594525337219,-0.020842215046286583,0.3265416920185089,0.4653622806072235,-0.02159048244357109,0.3152812123298645,0.470071405172348,-0.025709118694067,0.3386334776878357,0.45080679655075073,-0.02627413161098957,0.3487142324447632,0.4744364619255066,-0.025842398405075073,0.334347665309906,0.48925015330314636,-0.025285478681325912,0.3211739659309387,0.4906739890575409,-0.0285811685025692,0.3494465947151184,0.48459506034851074,-0.03292209655046463,0.3502505123615265,0.5044353008270264,-0.03272317722439766,0.3373740315437317,0.5176669359207153,-0.031341083347797394,0.32697516679763794,0.5205835103988647,-0.03171427175402641,0.0,0.0,0.0,0.0,0.0,0.0,0.0,0.0,0.0,0.0,0.0,0.0,0.0,0.0,0.0,0.0,0.0,0.0,0.0,0.0,0.0,0.0,0.0,0.0,0.0,0.0,0.0,0.0,0.0,0.0,0.0,0.0,0.0,0.0,0.0,0.0,0.0,0.0,0.0,0.0,0.0,0.0,0.0,0.0,0.0,0.0,0.0,0.0,0.0,0.0,0.0,0.0,0.0,0.0,0.0,0.0,0.0,0.0,0.0,0.0,0.0,0.0,0.0,HE
0.21834567189216614,0.5214815139770508,-1.0950316919888792e-07,0.21072733402252197,0.4801245629787445,0.000813323596958071,0.20893454551696777,0.44479092955589294,-0.010342187248170376,0.1985449492931366,0.4146249294281006,-0.02454260177910328,0.18068808317184448,0.40164896845817566,-0.0381505973637104,0.25429776310920715,0.3886050879955292,-0.008224233984947205,0.28530779480934143,0.41225606203079224,-0.014895342290401459,0.27743956446647644,0.43685415387153625,-0.019156502559781075,0.26462358236312866,0.44504812359809875,-0.02353380247950554,0.2777206003665924,0.39803892374038696,-0.017136413604021072,0.3092084527015686,0.4241805374622345,-0.020206304267048836,0.29821276664733887,0.4447099566459656,-0.021097898483276367,0.28524139523506165,0.4476459324359894,-0.024468710646033287,0.2974887192249298,0.41754981875419617,-0.026153579354286194,0.32625195384025574,0.44684892892837524,-0.027972567826509476,0.31250056624412537,0.46593135595321655,-0.025868963450193405,0.29771700501441956,0.4656619727611542,-0.027512937784194946,0.31424227356910706,0.4450215697288513,-0.035850945860147476,0.33256545662879944,0.4768363833427429,-0.036042578518390656,0.31885334849357605,0.49429601430892944,-0.03318905457854271,0.30473950505256653,0.49460214376449585,-0.03289858624339104,0.0,0.0,0.0,0.0,0.0,0.0,0.0,0.0,0.0,0.0,0.0,0.0,0.0,0.0,0.0,0.0,0.0,0.0,0.0,0.0,0.0,0.0,0.0,0.0,0.0,0.0,0.0,0.0,0.0,0.0,0.0,0.0,0.0,0.0,0.0,0.0,0.0,0.0,0.0,0.0,0.0,0.0,0.0,0.0,0.0,0.0,0.0,0.0,0.0,0.0,0.0,0.0,0.0,0.0,0.0,0.0,0.0,0.0,0.0,0.0,0.0,0.0,0.0,HE
0.2458568811416626,0.5651432275772095,-2.7462206730888283e-07,0.22113332152366638,0.5136178135871887,-0.003694460727274418,0.20272283256053925,0.4692384898662567,-0.017736107110977173,0.18549801409244537,0.431802898645401,-0.03231264650821686,0.16136877238750458,0.4125765860080719,-0.04692918062210083,0.2576966881752014,0.41562914848327637,-0.029114751145243645,0.27636662125587463,0.42835497856140137,-0.032301366329193115,0.2710461914539337,0.45700377225875854,-0.031304359436035156,0.2567349076271057,0.4705949127674103,-0.03157171607017517,0.29003894329071045,0.42809268832206726,-0.03302226960659027,0.299496054649353,0.44486212730407715,-0.029401546344161034,0.28980252146720886,0.46679532527923584,-0.02685348317027092,0.2771926820278168,0.47814425826072693,-0.030014127492904663,0.31541770696640015,0.45275256037712097,-0.034916725009679794,0.3166055977344513,0.4673016369342804,-0.02858704887330532,0.30661821365356445,0.48856934905052185,-0.025181898847222328,0.29376721382141113,0.5003328919410706,-0.028518233448266983,0.3359006345272064,0.48244866728782654,-0.03763703256845474,0.33476269245147705,0.49605804681777954,-0.031525276601314545,0.32491356134414673,0.5137286186218262,-0.02625230699777603,0.3143261671066284,0.5234670042991638,-0.02485174685716629,0.0,0.0,0.0,0.0,0.0,0.0,0.0,0.0,0.0,0.0,0.0,0.0,0.0,0.0,0.0,0.0,0.0,0.0,0.0,0.0,0.0,0.0,0.0,0.0,0.0,0.0,0.0,0.0,0.0,0.0,0.0,0.0,0.0,0.0,0.0,0.0,0.0,0.0,0.0,0.0,0.0,0.0,0.0,0.0,0.0,0.0,0.0,0.0,0.0,0.0,0.0,0.0,0.0,0.0,0.0,0.0,0.0,0.0,0.0,0.0,0.0,0.0,0.0,HE
0.2325841635465622,0.5947780609130859,-2.9461327244462154e-07,0.2151196002960205,0.5392161011695862,-0.0011575788957998157,0.20500145852565765,0.4898286461830139,-0.012764575891196728,0.19398431479930878,0.44871601462364197,-0.02563318982720375,0.17351563274860382,0.42529579997062683,-0.0382440909743309,0.2637318968772888,0.44033873081207275,-0.022035863250494003,0.288825660943985,0.4549851417541504,-0.024703873321413994,0.2817094326019287,0.48407524824142456,-0.02434513159096241,0.2665601372718811,0.4975477457046509,-0.025444896891713142,0.2953110635280609,0.4555962085723877,-0.027127575129270554,0.3080076277256012,0.47609570622444153,-0.023023659363389015,0.29644572734832764,0.49951159954071045,-0.020411908626556396,0.28295227885246277,0.5099835395812988,-0.023278597742319107,0.3191572427749634,0.4828716516494751,-0.03055368736386299,0.3237249553203583,0.501387894153595,-0.02439955249428749,0.31140440702438354,0.5231543183326721,-0.020771339535713196,0.2969408631324768,0.5333685278892517,-0.023607542738318443,0.33756569027900696,0.5153768658638,-0.034719087183475494,0.33801066875457764,0.5334540605545044,-0.0290849469602108,0.32704463601112366,0.5513956546783447,-0.024628814309835434,0.31626686453819275,0.5599833726882935,-0.0234814565628767,0.0,0.0,0.0,0.0,0.0,0.0,0.0,0.0,0.0,0.0,0.0,0.0,0.0,0.0,0.0,0.0,0.0,0.0,0.0,0.0,0.0,0.0,0.0,0.0,0.0,0.0,0.0,0.0,0.0,0.0,0.0,0.0,0.0,0.0,0.0,0.0,0.0,0.0,0.0,0.0,0.0,0.0,0.0,0.0,0.0,0.0,0.0,0.0,0.0,0.0,0.0,0.0,0.0,0.0,0.0,0.0,0.0,0.0,0.0,0.0,0.0,0.0,0.0,HE
0.24275550246238708,0.5919439196586609,-2.661312237250968e-07,0.21984833478927612,0.5392286777496338,-0.004611910320818424,0.2038072645664215,0.48773348331451416,-0.017565131187438965,0.1875697523355484,0.44312942028045654,-0.030666854232549667,0.16383396089076996,0.41682687401771545,-0.043476372957229614,0.2580294907093048,0.43130627274513245,-0.026913367211818695,0.28094273805618286,0.447293758392334,-0.029773229733109474,0.27565088868141174,0.4765251576900482,-0.029362214729189873,0.26173174381256104,0.48969805240631104,-0.0299562755972147,0.29205387830734253,0.44568634033203125,-0.029752565547823906,0.301717072725296,0.4668623208999634,-0.02401324361562729,0.2917437255382538,0.4908919334411621,-0.02070758305490017,0.27968254685401917,0.50108802318573,-0.023550624027848244,0.31887251138687134,0.4724423885345459,-0.030938178300857544,0.3198417127132416,0.4892759323120117,-0.02322962135076523,0.30963587760925293,0.5111161470413208,-0.02010580152273178,0.2967965006828308,0.5216966271400452,-0.023719221353530884,0.3404536843299866,0.5034328699111938,-0.033033352345228195,0.33902737498283386,0.515235185623169,-0.026037100702524185,0.3289473056793213,0.532188355922699,-0.020966121926903725,0.3184216618537903,0.5405949950218201,-0.01972711831331253,0.0,0.0,0.0,0.0,0.0,0.0,0.0,0.0,0.0,0.0,0.0,0.0,0.0,0.0,0.0,0.0,0.0,0.0,0.0,0.0,0.0,0.0,0.0,0.0,0.0,0.0,0.0,0.0,0.0,0.0,0.0,0.0,0.0,0.0,0.0,0.0,0.0,0.0,0.0,0.0,0.0,0.0,0.0,0.0,0.0,0.0,0.0,0.0,0.0,0.0,0.0,0.0,0.0,0.0,0.0,0.0,0.0,0.0,0.0,0.0,0.0,0.0,0.0,HE
0.21587102115154266,0.5863046646118164,-3.081762827150669e-07,0.2000407874584198,0.5262147784233093,-0.0009033185779117048,0.19124114513397217,0.4746466875076294,-0.013246961869299412,0.18008160591125488,0.4320937991142273,-0.026926973834633827,0.15858763456344604,0.40653976798057556,-0.040145400911569595,0.24589647352695465,0.4212140440940857,-0.024913230910897255,0.27834418416023254,0.4354037046432495,-0.028141671791672707,0.26994630694389343,0.46879616379737854,-0.026756811887025833,0.25317707657814026,0.4844611883163452,-0.026880763471126556,0.2783060073852539,0.4390210509300232,-0.03042745776474476,0.2984265983104706,0.45941823720932007,-0.025990145280957222,0.28586792945861816,0.4858773648738861,-0.021657731384038925,0.2710230052471161,0.49763423204421997,-0.023661429062485695,0.3045622706413269,0.46813082695007324,-0.03432426229119301,0.3143511712551117,0.4858919084072113,-0.0273249763995409,0.3012058138847351,0.5098184943199158,-0.02256014384329319,0.2852073013782501,0.5215275883674622,-0.025142421945929527,0.32667797803878784,0.5013285875320435,-0.03897782042622566,0.3265520930290222,0.5174527764320374,-0.0328923761844635,0.3149614632129669,0.5372273921966553,-0.028119754046201706,0.30313369631767273,0.5472184419631958,-0.027053281664848328,0.0,0.0,0.0,0.0,0.0,0.0,0.0,0.0,0.0,0.0,0.0,0.0,0.0,0.0,0.0,0.0,0.0,0.0,0.0,0.0,0.0,0.0,0.0,0.0,0.0,0.0,0.0,0.0,0.0,0.0,0.0,0.0,0.0,0.0,0.0,0.0,0.0,0.0,0.0,0.0,0.0,0.0,0.0,0.0,0.0,0.0,0.0,0.0,0.0,0.0,0.0,0.0,0.0,0.0,0.0,0.0,0.0,0.0,0.0,0.0,0.0,0.0,0.0,HE
0.23189029097557068,0.5852637887001038,-3.149835094973241e-07,0.2132677137851715,0.5236285328865051,-0.002739810850471258,0.20283038914203644,0.4668641984462738,-0.01604669913649559,0.19003663957118988,0.42089009284973145,-0.030304821208119392,0.16734595596790314,0.39349469542503357,-0.04400879144668579,0.26113077998161316,0.4145352840423584,-0.026142572984099388,0.2910318076610565,0.4343082308769226,-0.030148981139063835,0.2822086215019226,0.4681173264980316,-0.030233746394515038,0.2649424076080322,0.48279517889022827,-0.031323786824941635,0.2947397232055664,0.43250346183776855,-0.03096845932304859,0.31164273619651794,0.45797568559646606,-0.026615802198648453,0.2985670566558838,0.4839436709880829,-0.023185187950730324,0.28371918201446533,0.4949812889099121,-0.025982584804296494,0.3210426867008209,0.462706595659256,-0.03430129587650299,0.3278137147426605,0.4856724739074707,-0.02735748514533043,0.31479793787002563,0.5099726915359497,-0.023112870752811432,0.2993880808353424,0.5210469365119934,-0.02600410208106041,0.34252291917800903,0.49738699197769165,-0.03855052590370178,0.34181493520736694,0.5166196227073669,-0.03162224963307381,0.3297814428806305,0.5359741449356079,-0.026155764237046242,0.318035364151001,0.5445753335952759,-0.024695761501789093,0.0,0.0,0.0,0.0,0.0,0.0,0.0,0.0,0.0,0.0,0.0,0.0,0.0,0.0,0.0,0.0,0.0,0.0,0.0,0.0,0.0,0.0,0.0,0.0,0.0,0.0,0.0,0.0,0.0,0.0,0.0,0.0,0.0,0.0,0.0,0.0,0.0,0.0,0.0,0.0,0.0,0.0,0.0,0.0,0.0,0.0,0.0,0.0,0.0,0.0,0.0,0.0,0.0,0.0,0.0,0.0,0.0,0.0,0.0,0.0,0.0,0.0,0.0,HE
0.21513399481773376,0.5896167159080505,-3.0367141334863845e-07,0.20784896612167358,0.5232591032981873,-0.001210476621054113,0.20858269929885864,0.46162915229797363,-0.01285781990736723,0.20716573297977448,0.40755051374435425,-0.02562255598604679,0.19185857474803925,0.37087827920913696,-0.0376366563141346,0.27441608905792236,0.4279937744140625,-0.020557977259159088,0.3085504174232483,0.4478355944156647,-0.021257609128952026,0.29658272862434387,0.47714388370513916,-0.0192343071103096,0.2775883078575134,0.4882422983646393,-0.01916353590786457,0.3022160530090332,0.4565020203590393,-0.025658458471298218,0.3208882510662079,0.477511465549469,-0.018311768770217896,0.30536407232284546,0.5003743767738342,-0.013886237516999245,0.28761640191078186,0.5086562633514404,-0.015997057780623436,0.32098379731178284,0.4939365088939667,-0.02920016646385193,0.33120304346084595,0.508381724357605,-0.020147228613495827,0.3164147138595581,0.5293098092079163,-0.014662915840744972,0.2979167401790619,0.5378919839859009,-0.01696065440773964,0.33405980467796326,0.5341521501541138,-0.0335325188934803,0.33829811215400696,0.5437405705451965,-0.026174334809184074,0.3246290981769562,0.558632493019104,-0.020115403458476067,0.3101387619972229,0.5652522444725037,-0.018141817301511765,0.0,0.0,0.0,0.0,0.0,0.0,0.0,0.0,0.0,0.0,0.0,0.0,0.0,0.0,0.0,0.0,0.0,0.0,0.0,0.0,0.0,0.0,0.0,0.0,0.0,0.0,0.0,0.0,0.0,0.0,0.0,0.0,0.0,0.0,0.0,0.0,0.0,0.0,0.0,0.0,0.0,0.0,0.0,0.0,0.0,0.0,0.0,0.0,0.0,0.0,0.0,0.0,0.0,0.0,0.0,0.0,0.0,0.0,0.0,0.0,0.0,0.0,0.0,HE
0.20356005430221558,0.5783676505088806,-2.3236553658989578e-07,0.19389474391937256,0.5177497267723083,0.0015674046007916331,0.19134128093719482,0.4663442373275757,-0.009499674662947655,0.18697872757911682,0.419877827167511,-0.02250182256102562,0.17150011658668518,0.3880612254142761,-0.035010822117328644,0.24844864010810852,0.4213796854019165,-0.01796235702931881,0.28594428300857544,0.442386269569397,-0.019636381417512894,0.27659872174263,0.47221770882606506,-0.01818433403968811,0.2594042718410492,0.48281633853912354,-0.018243849277496338,0.2762809097766876,0.44387343525886536,-0.024415241554379463,0.3003353774547577,0.468650221824646,-0.018149517476558685,0.28713321685791016,0.4919772446155548,-0.013741078786551952,0.27153998613357544,0.49897322058677673,-0.015533912926912308,0.2978039085865021,0.476352334022522,-0.029444145038723946,0.31330999732017517,0.4963890016078949,-0.020609106868505478,0.29957863688468933,0.5165351629257202,-0.015660645440220833,0.2829206585884094,0.5224043130874634,-0.01826295629143715,0.3152320981025696,0.5129655599594116,-0.03503207489848137,0.3217945098876953,0.5294145345687866,-0.027210187166929245,0.30952125787734985,0.545477569103241,-0.021880241110920906,0.2967078983783722,0.5506869554519653,-0.02063645049929619,0.0,0.0,0.0,0.0,0.0,0.0,0.0,0.0,0.0,0.0,0.0,0.0,0.0,0.0,0.0,0.0,0.0,0.0,0.0,0.0,0.0,0.0,0.0,0.0,0.0,0.0,0.0,0.0,0.0,0.0,0.0,0.0,0.0,0.0,0.0,0.0,0.0,0.0,0.0,0.0,0.0,0.0,0.0,0.0,0.0,0.0,0.0,0.0,0.0,0.0,0.0,0.0,0.0,0.0,0.0,0.0,0.0,0.0,0.0,0.0,0.0,0.0,0.0,HE
0.24748945236206055,0.5757559537887573,-3.298138153695618e-07,0.23487445712089539,0.5165752172470093,-0.0011926684528589249,0.23047064244747162,0.4625749886035919,-0.012318222783505917,0.2256380021572113,0.4156646430492401,-0.02423003315925598,0.20920076966285706,0.3843131959438324,-0.03575727716088295,0.29090616106987,0.4228084981441498,-0.022712303325533867,0.3145429790019989,0.4445151090621948,-0.024506965652108192,0.30473825335502625,0.4730243682861328,-0.024143841117620468,0.2892385721206665,0.4837961494922638,-0.025375425815582275,0.32029008865356445,0.44439971446990967,-0.027587907388806343,0.3291811943054199,0.46969181299209595,-0.02215358056128025,0.31528225541114807,0.4913771450519562,-0.019503340125083923,0.3010830283164978,0.49870535731315613,-0.022610189393162727,0.3405606746673584,0.47682929039001465,-0.030583836138248444,0.3425971269607544,0.49638113379478455,-0.023233136162161827,0.32927775382995605,0.5159907937049866,-0.01956550031900406,0.31464338302612305,0.5236201286315918,-0.02261529304087162,0.3551807403564453,0.5121811032295227,-0.03420192003250122,0.3542245030403137,0.5259737372398376,-0.027585608884692192,0.3426380455493927,0.5403968095779419,-0.02257659286260605,0.33163517713546753,0.5467877388000488,-0.021175745874643326,0.0,0.0,0.0,0.0,0.0,0.0,0.0,0.0,0.0,0.0,0.0,0.0,0.0,0.0,0.0,0.0,0.0,0.0,0.0,0.0,0.0,0.0,0.0,0.0,0.0,0.0,0.0,0.0,0.0,0.0,0.0,0.0,0.0,0.0,0.0,0.0,0.0,0.0,0.0,0.0,0.0,0.0,0.0,0.0,0.0,0.0,0.0,0.0,0.0,0.0,0.0,0.0,0.0,0.0,0.0,0.0,0.0,0.0,0.0,0.0,0.0,0.0,0.0,HE
0.20316630601882935,0.5741921663284302,-2.2746432648546033e-07,0.196589857339859,0.5210963487625122,0.000866658694576472,0.1951088011264801,0.4720192551612854,-0.008889123797416687,0.19009408354759216,0.4324353039264679,-0.02125680074095726,0.1738070696592331,0.4076099693775177,-0.032930873334407806,0.24578942358493805,0.42130711674690247,-0.01059497706592083,0.28184428811073303,0.43979135155677795,-0.01610732451081276,0.27215588092803955,0.4676433801651001,-0.018834492191672325,0.2557823061943054,0.47877925634384155,-0.021542172878980637,0.27047213912010193,0.44033241271972656,-0.01817638799548149,0.3002029061317444,0.4631209671497345,-0.017696648836135864,0.2873125970363617,0.48678848147392273,-0.01644105091691017,0.2718552052974701,0.49442481994628906,-0.01898500882089138,0.2908612787723541,0.4675382375717163,-0.02559264935553074,0.3154769539833069,0.490106999874115,-0.023174535483121872,0.30141976475715637,0.5102250576019287,-0.019249361008405685,0.284368097782135,0.5148788690567017,-0.020452065393328667,0.30802300572395325,0.49948063492774963,-0.033715978264808655,0.32495343685150146,0.5195009708404541,-0.029899463057518005,0.31205058097839355,0.5360853672027588,-0.024898899719119072,0.2983505129814148,0.5395240783691406,-0.02320445515215397,0.0,0.0,0.0,0.0,0.0,0.0,0.0,0.0,0.0,0.0,0.0,0.0,0.0,0.0,0.0,0.0,0.0,0.0,0.0,0.0,0.0,0.0,0.0,0.0,0.0,0.0,0.0,0.0,0.0,0.0,0.0,0.0,0.0,0.0,0.0,0.0,0.0,0.0,0.0,0.0,0.0,0.0,0.0,0.0,0.0,0.0,0.0,0.0,0.0,0.0,0.0,0.0,0.0,0.0,0.0,0.0,0.0,0.0,0.0,0.0,0.0,0.0,0.0,HE
0.24430802464485168,0.5812498927116394,-2.6741179226519307e-07,0.2306848168373108,0.5240826606750488,0.0008988758781924844,0.22745636105537415,0.47513115406036377,-0.008431856520473957,0.22394904494285583,0.4324139654636383,-0.019134463742375374,0.20849865674972534,0.40397167205810547,-0.029474733397364616,0.28492289781570435,0.4358230233192444,-0.01621110737323761,0.31030288338661194,0.4537736475467682,-0.017122037708759308,0.30212152004241943,0.481315553188324,-0.016117816790938377,0.28757426142692566,0.4926038384437561,-0.016885966062545776,0.31352609395980835,0.45463553071022034,-0.02201901003718376,0.326840877532959,0.4791748523712158,-0.0168265700340271,0.3138449192047119,0.5004728436470032,-0.01415895577520132,0.3001669943332672,0.5075168609619141,-0.01665688306093216,0.33358460664749146,0.48452356457710266,-0.02632962539792061,0.3402951657772064,0.50473952293396,-0.019647015258669853,0.32722097635269165,0.5233017802238464,-0.01619989424943924,0.31287485361099243,0.5293920040130615,-0.01900937780737877,0.3478330969810486,0.5186214447021484,-0.031123675405979156,0.34880122542381287,0.5363907217979431,-0.025138473138213158,0.3367564380168915,0.5511437058448792,-0.020818792283535004,0.32588279247283936,0.5560922622680664,-0.019851556047797203,0.0,0.0,0.0,0.0,0.0,0.0,0.0,0.0,0.0,0.0,0.0,0.0,0.0,0.0,0.0,0.0,0.0,0.0,0.0,0.0,0.0,0.0,0.0,0.0,0.0,0.0,0.0,0.0,0.0,0.0,0.0,0.0,0.0,0.0,0.0,0.0,0.0,0.0,0.0,0.0,0.0,0.0,0.0,0.0,0.0,0.0,0.0,0.0,0.0,0.0,0.0,0.0,0.0,0.0,0.0,0.0,0.0,0.0,0.0,0.0,0.0,0.0,0.0,HE
0.2227620780467987,0.5595690011978149,-2.3658850523133879e-07,0.23016667366027832,0.5159218907356262,0.008698531426489353,0.2404475212097168,0.491181880235672,0.0030911853536963463,0.2464679628610611,0.4699020981788635,-0.006050237454473972,0.24122270941734314,0.44740837812423706,-0.015534594655036926,0.3123945891857147,0.473948210477829,-0.001977731240913272,0.32255449891090393,0.5106493234634399,-0.004507589153945446,0.3071286976337433,0.5293127298355103,-0.007835619151592255,0.2932339310646057,0.5310394167900085,-0.011504258029162884,0.328197181224823,0.5003939867019653,-0.012025640346109867,0.3329799175262451,0.536270260810852,-0.007470986805856228,0.3174254298210144,0.5496615171432495,-0.006716723088175058,0.30511513352394104,0.5496683120727539,-0.010611106641590595,0.3328687846660614,0.5309240818023682,-0.021108880639076233,0.3392312824726105,0.5634496808052063,-0.015867481008172035,0.3227733075618744,0.5740653872489929,-0.012577519752085209,0.3095903992652893,0.5708611011505127,-0.01482146792113781,0.33256417512893677,0.5623259544372559,-0.03009684942662716,0.33338984847068787,0.5908197164535522,-0.02401188388466835,0.3182834982872009,0.5992684960365295,-0.018532782793045044,0.3067323863506317,0.5962599515914917,-0.017082538455724716,0.0,0.0,0.0,0.0,0.0,0.0,0.0,0.0,0.0,0.0,0.0,0.0,0.0,0.0,0.0,0.0,0.0,0.0,0.0,0.0,0.0,0.0,0.0,0.0,0.0,0.0,0.0,0.0,0.0,0.0,0.0,0.0,0.0,0.0,0.0,0.0,0.0,0.0,0.0,0.0,0.0,0.0,0.0,0.0,0.0,0.0,0.0,0.0,0.0,0.0,0.0,0.0,0.0,0.0,0.0,0.0,0.0,0.0,0.0,0.0,0.0,0.0,0.0,HE
0.2556409239768982,0.5778056979179382,-2.066774840159269e-07,0.24468669295310974,0.5290541052818298,-0.0054815770126879215,0.23714753985404968,0.48953768610954285,-0.0197093915194273,0.22683152556419373,0.4514573812484741,-0.03400493040680885,0.21470455825328827,0.4235517382621765,-0.04838159307837486,0.30893170833587646,0.46367403864860535,-0.024874882772564888,0.31200212240219116,0.49330607056617737,-0.028309393674135208,0.29887789487838745,0.5128417015075684,-0.030980773270130157,0.28631702065467834,0.5172823071479797,-0.034538883715867996,0.3335418105125427,0.4898422360420227,-0.028012411668896675,0.32950425148010254,0.5138606429100037,-0.02206527441740036,0.3172447085380554,0.5274540185928345,-0.020419958978891373,0.30732959508895874,0.5321556329727173,-0.02520652487874031,0.34649577736854553,0.5219815969467163,-0.029963478446006775,0.33981096744537354,0.538267195224762,-0.022951388731598854,0.3268589675426483,0.5510780811309814,-0.020999955013394356,0.3152540624141693,0.5542182922363281,-0.02578737400472164,0.35363489389419556,0.5550984144210815,-0.03292516991496086,0.3420164883136749,0.5694904327392578,-0.026891615241765976,0.3300396800041199,0.5787507891654968,-0.023188214749097824,0.3205425441265106,0.5790049433708191,-0.023611368611454964,0.0,0.0,0.0,0.0,0.0,0.0,0.0,0.0,0.0,0.0,0.0,0.0,0.0,0.0,0.0,0.0,0.0,0.0,0.0,0.0,0.0,0.0,0.0,0.0,0.0,0.0,0.0,0.0,0.0,0.0,0.0,0.0,0.0,0.0,0.0,0.0,0.0,0.0,0.0,0.0,0.0,0.0,0.0,0.0,0.0,0.0,0.0,0.0,0.0,0.0,0.0,0.0,0.0,0.0,0.0,0.0,0.0,0.0,0.0,0.0,0.0,0.0,0.0,HE
0.20480701327323914,0.6262050867080688,-2.880302645280608e-07,0.19065316021442413,0.5634339451789856,-0.0025993334129452705,0.18798239529132843,0.5141632556915283,-0.013281086459755898,0.18467986583709717,0.47789186239242554,-0.02419942617416382,0.16805970668792725,0.45346248149871826,-0.03510163724422455,0.25820115208625793,0.48342645168304443,-0.02213478833436966,0.2649991810321808,0.498243123292923,-0.02277764119207859,0.25300318002700806,0.521915853023529,-0.021496903151273727,0.23821845650672913,0.5327006578445435,-0.021810568869113922,0.2860040068626404,0.510733425617218,-0.02574201487004757,0.2862834632396698,0.5243525505065918,-0.018592627719044685,0.2725667655467987,0.5405058860778809,-0.014832028187811375,0.2608504295349121,0.5494497418403625,-0.017341773957014084,0.3018469214439392,0.5451662540435791,-0.0275378730148077,0.29739490151405334,0.553132951259613,-0.018847918137907982,0.28385066986083984,0.5667999982833862,-0.015208420343697071,0.270567387342453,0.5737959742546082,-0.01851905696094036,0.3103792667388916,0.5809708833694458,-0.03006584197282791,0.3036714494228363,0.5873218178749084,-0.02195342257618904,0.29108768701553345,0.5962982773780823,-0.01620572805404663,0.2801477015018463,0.6000312566757202,-0.014655964449048042,0.0,0.0,0.0,0.0,0.0,0.0,0.0,0.0,0.0,0.0,0.0,0.0,0.0,0.0,0.0,0.0,0.0,0.0,0.0,0.0,0.0,0.0,0.0,0.0,0.0,0.0,0.0,0.0,0.0,0.0,0.0,0.0,0.0,0.0,0.0,0.0,0.0,0.0,0.0,0.0,0.0,0.0,0.0,0.0,0.0,0.0,0.0,0.0,0.0,0.0,0.0,0.0,0.0,0.0,0.0,0.0,0.0,0.0,0.0,0.0,0.0,0.0,0.0,HE
0.2511059641838074,0.5757902264595032,-3.1189796345643117e-07,0.2350805401802063,0.5187967419624329,-0.0025614274200052023,0.22910088300704956,0.4721178710460663,-0.014292402192950249,0.22441266477108002,0.4350120723247528,-0.026378704234957695,0.21047908067703247,0.41027411818504333,-0.0385686419904232,0.29820841550827026,0.4427827000617981,-0.025711506605148315,0.3046345114707947,0.4660728871822357,-0.02805144153535366,0.29489102959632874,0.4897777736186981,-0.028053684160113335,0.2818760871887207,0.4991873502731323,-0.02955647185444832,0.3269147276878357,0.4677796959877014,-0.029770171269774437,0.3229891061782837,0.4927833378314972,-0.024782730266451836,0.30915579199790955,0.5086912512779236,-0.02271774224936962,0.2976592481136322,0.515030026435852,-0.02667349763214588,0.3435226082801819,0.5017711520195007,-0.03172043710947037,0.33487287163734436,0.5193776488304138,-0.025030331686139107,0.3212062418460846,0.5337685346603394,-0.022019580006599426,0.3084290623664856,0.5396693348884583,-0.02578119933605194,0.35285741090774536,0.5376491546630859,-0.03435231000185013,0.3430575430393219,0.5540724396705627,-0.027764949947595596,0.33041146397590637,0.5646499395370483,-0.02271638624370098,0.31993940472602844,0.5680084228515625,-0.021674031391739845,0.0,0.0,0.0,0.0,0.0,0.0,0.0,0.0,0.0,0.0,0.0,0.0,0.0,0.0,0.0,0.0,0.0,0.0,0.0,0.0,0.0,0.0,0.0,0.0,0.0,0.0,0.0,0.0,0.0,0.0,0.0,0.0,0.0,0.0,0.0,0.0,0.0,0.0,0.0,0.0,0.0,0.0,0.0,0.0,0.0,0.0,0.0,0.0,0.0,0.0,0.0,0.0,0.0,0.0,0.0,0.0,0.0,0.0,0.0,0.0,0.0,0.0,0.0,HE
0.2376905083656311,0.5725205540657043,-2.897345154906361e-07,0.23182643949985504,0.5218636989593506,0.0035383773501962423,0.2334427833557129,0.48415112495422363,-0.005548472050577402,0.23096677660942078,0.4531542956829071,-0.016569461673498154,0.216997891664505,0.4326530992984772,-0.027605481445789337,0.2963811755180359,0.44968363642692566,-0.01735612004995346,0.32079756259918213,0.4780925512313843,-0.021959340199828148,0.3106396794319153,0.5057384371757507,-0.023162920027971268,0.29482129216194153,0.5148339867591858,-0.025301294401288033,0.32261988520622253,0.4720488488674164,-0.025660613551735878,0.3367711007595062,0.5057207345962524,-0.02388891763985157,0.3236682116985321,0.5245185494422913,-0.021577944979071617,0.31049808859825134,0.5269388556480408,-0.024265458807349205,0.33848676085472107,0.5034098625183105,-0.032566942274570465,0.34601280093193054,0.5330134034156799,-0.02932145446538925,0.331430584192276,0.5485583543777466,-0.02528151497244835,0.3166326582431793,0.548625111579895,-0.02746630273759365,0.3480669856071472,0.5386615991592407,-0.039818212389945984,0.3444809913635254,0.5695605874061584,-0.03722185268998146,0.33030661940574646,0.5814900398254395,-0.03405620902776718,0.31821998953819275,0.5802815556526184,-0.03386755287647247,0.0,0.0,0.0,0.0,0.0,0.0,0.0,0.0,0.0,0.0,0.0,0.0,0.0,0.0,0.0,0.0,0.0,0.0,0.0,0.0,0.0,0.0,0.0,0.0,0.0,0.0,0.0,0.0,0.0,0.0,0.0,0.0,0.0,0.0,0.0,0.0,0.0,0.0,0.0,0.0,0.0,0.0,0.0,0.0,0.0,0.0,0.0,0.0,0.0,0.0,0.0,0.0,0.0,0.0,0.0,0.0,0.0,0.0,0.0,0.0,0.0,0.0,0.0,HE
0.21895304322242737,0.5835185647010803,-2.276607062867697e-07,0.20880863070487976,0.5294653177261353,0.00018501606245990843,0.20720022916793823,0.4847254753112793,-0.010551897808909416,0.2023898959159851,0.44801291823387146,-0.02275351993739605,0.1869257539510727,0.4246279001235962,-0.03458007425069809,0.2682376801967621,0.4461252689361572,-0.019589820876717567,0.29241085052490234,0.47110989689826965,-0.024200404062867165,0.28348007798194885,0.49962401390075684,-0.025140007957816124,0.2675352394580841,0.5108479261398315,-0.027121873572468758,0.29795414209365845,0.46685734391212463,-0.026438402011990547,0.3113153576850891,0.49747928977012634,-0.024897094815969467,0.29954203963279724,0.5178596377372742,-0.022643232718110085,0.28634071350097656,0.5237149000167847,-0.025354089215397835,0.31694352626800537,0.4965192973613739,-0.03221503272652626,0.3238694965839386,0.5255759954452515,-0.029233738780021667,0.31021949648857117,0.5426554083824158,-0.02615269087255001,0.2957025170326233,0.5453882217407227,-0.029003126546740532,0.32922789454460144,0.5308341383934021,-0.03866146504878998,0.324849009513855,0.5616586208343506,-0.036610741168260574,0.3119955360889435,0.5759747624397278,-0.03479611501097679,0.30145516991615295,0.5769034624099731,-0.0355447456240654,0.0,0.0,0.0,0.0,0.0,0.0,0.0,0.0,0.0,0.0,0.0,0.0,0.0,0.0,0.0,0.0,0.0,0.0,0.0,0.0,0.0,0.0,0.0,0.0,0.0,0.0,0.0,0.0,0.0,0.0,0.0,0.0,0.0,0.0,0.0,0.0,0.0,0.0,0.0,0.0,0.0,0.0,0.0,0.0,0.0,0.0,0.0,0.0,0.0,0.0,0.0,0.0,0.0,0.0,0.0,0.0,0.0,0.0,0.0,0.0,0.0,0.0,0.0,HE
0.23551926016807556,0.5802837014198303,-3.131918617782503e-07,0.21609845757484436,0.5218623280525208,-0.00407799705862999,0.20986810326576233,0.4756438136100769,-0.01552518829703331,0.20676767826080322,0.4399193823337555,-0.027174746617674828,0.19540594518184662,0.41362401843070984,-0.03916299715638161,0.28804588317871094,0.4582485556602478,-0.02191934548318386,0.2873859107494354,0.48509955406188965,-0.022385485470294952,0.2748487591743469,0.505771279335022,-0.023485716432332993,0.2617242932319641,0.5123713612556458,-0.026038583368062973,0.31444939970970154,0.48705363273620605,-0.024739328771829605,0.3052055537700653,0.5105948448181152,-0.016357189044356346,0.29115384817123413,0.523703396320343,-0.014154648408293724,0.28041940927505493,0.5302799344062805,-0.01876690797507763,0.32791078090667725,0.5213913917541504,-0.02588275447487831,0.3156169056892395,0.5384057760238647,-0.016655810177326202,0.3019459545612335,0.5492715239524841,-0.014207682572305202,0.2897571623325348,0.5535867810249329,-0.01891440711915493,0.33433473110198975,0.5563334822654724,-0.028001846745610237,0.32120686769485474,0.574890673160553,-0.01958063617348671,0.3067189157009125,0.5821649432182312,-0.014417932368814945,0.29479774832725525,0.582270622253418,-0.013766864314675331,0.0,0.0,0.0,0.0,0.0,0.0,0.0,0.0,0.0,0.0,0.0,0.0,0.0,0.0,0.0,0.0,0.0,0.0,0.0,0.0,0.0,0.0,0.0,0.0,0.0,0.0,0.0,0.0,0.0,0.0,0.0,0.0,0.0,0.0,0.0,0.0,0.0,0.0,0.0,0.0,0.0,0.0,0.0,0.0,0.0,0.0,0.0,0.0,0.0,0.0,0.0,0.0,0.0,0.0,0.0,0.0,0.0,0.0,0.0,0.0,0.0,0.0,0.0,HE
0.23560693860054016,0.5827054381370544,-3.308569773707859e-07,0.2184029221534729,0.522991418838501,-0.00023255324049387127,0.21288803219795227,0.4750524163246155,-0.010187088511884212,0.2092675268650055,0.43679195642471313,-0.021020257845520973,0.1950392872095108,0.410869300365448,-0.03204476833343506,0.2808949053287506,0.44015374779701233,-0.020185010507702827,0.2902694344520569,0.4613266587257385,-0.020442575216293335,0.28012269735336304,0.48546767234802246,-0.01971459574997425,0.26668840646743774,0.4955708682537079,-0.020927133038640022,0.3109195828437805,0.46318262815475464,-0.02473350055515766,0.3094995319843292,0.4853903651237488,-0.01722901128232479,0.2961244285106659,0.5022501945495605,-0.014907103031873703,0.284690260887146,0.5104870796203613,-0.01891937293112278,0.32954666018486023,0.4960719645023346,-0.027209453284740448,0.32390445470809937,0.5125161409378052,-0.0188408512622118,0.31034326553344727,0.5283616781234741,-0.01652643084526062,0.2971435487270355,0.5359706878662109,-0.02089829556643963,0.34133878350257874,0.5319796800613403,-0.030192086473107338,0.3333226144313812,0.5479713082313538,-0.02253846265375614,0.32041797041893005,0.5603628158569336,-0.017963554710149765,0.30919381976127625,0.565819501876831,-0.01733553782105446,0.0,0.0,0.0,0.0,0.0,0.0,0.0,0.0,0.0,0.0,0.0,0.0,0.0,0.0,0.0,0.0,0.0,0.0,0.0,0.0,0.0,0.0,0.0,0.0,0.0,0.0,0.0,0.0,0.0,0.0,0.0,0.0,0.0,0.0,0.0,0.0,0.0,0.0,0.0,0.0,0.0,0.0,0.0,0.0,0.0,0.0,0.0,0.0,0.0,0.0,0.0,0.0,0.0,0.0,0.0,0.0,0.0,0.0,0.0,0.0,0.0,0.0,0.0,HE
0.2444484382867813,0.5811880826950073,-3.52972620021319e-07,0.22856706380844116,0.5178420543670654,0.0007707421318627894,0.2252686619758606,0.4650627374649048,-0.00827807653695345,0.2253578007221222,0.4204756021499634,-0.018418796360492706,0.21091099083423615,0.3896888494491577,-0.028490647673606873,0.2871973216533661,0.4226006269454956,-0.01823069155216217,0.3043168783187866,0.43996307253837585,-0.01880461908876896,0.29553845524787903,0.4656659662723541,-0.01802595518529415,0.282247930765152,0.4775240421295166,-0.01899264007806778,0.317773699760437,0.44529396295547485,-0.0232281181961298,0.3239183723926544,0.4651700258255005,-0.01594693399965763,0.3106393814086914,0.4841807186603546,-0.012899046763777733,0.29847651720046997,0.49370089173316956,-0.016180789098143578,0.3378552794456482,0.47861534357070923,-0.02626064233481884,0.3371155261993408,0.49254509806632996,-0.01738349162042141,0.32443252205848694,0.5106756091117859,-0.01359312143176794,0.3105832636356354,0.5204749703407288,-0.016963738948106766,0.35164371132850647,0.5145097970962524,-0.029805012047290802,0.34634512662887573,0.5259118676185608,-0.020715728402137756,0.3344592750072479,0.540229082107544,-0.014763152226805687,0.32382792234420776,0.5480450987815857,-0.013283340260386467,0.0,0.0,0.0,0.0,0.0,0.0,0.0,0.0,0.0,0.0,0.0,0.0,0.0,0.0,0.0,0.0,0.0,0.0,0.0,0.0,0.0,0.0,0.0,0.0,0.0,0.0,0.0,0.0,0.0,0.0,0.0,0.0,0.0,0.0,0.0,0.0,0.0,0.0,0.0,0.0,0.0,0.0,0.0,0.0,0.0,0.0,0.0,0.0,0.0,0.0,0.0,0.0,0.0,0.0,0.0,0.0,0.0,0.0,0.0,0.0,0.0,0.0,0.0,HE
0.24256998300552368,0.5768517255783081,-3.0254901162152237e-07,0.23063021898269653,0.5164034962654114,-0.0004740946751553565,0.22859618067741394,0.46839091181755066,-0.011660919524729252,0.22666312754154205,0.430660605430603,-0.023722916841506958,0.2133764922618866,0.4044332206249237,-0.035715870559215546,0.2969515919685364,0.44043517112731934,-0.021734338253736496,0.3056207299232483,0.4679565727710724,-0.02326684258878231,0.2938652038574219,0.49116799235343933,-0.023260127753019333,0.2793830335140228,0.497941255569458,-0.02507937327027321,0.325264573097229,0.4668509066104889,-0.027123209089040756,0.3230048716068268,0.493573933839798,-0.02080092765390873,0.30927610397338867,0.5096126794815063,-0.01824193447828293,0.29764866828918457,0.5151403546333313,-0.022119054570794106,0.34176647663116455,0.5011240839958191,-0.030586710199713707,0.3351842761039734,0.5217105746269226,-0.023004749789834023,0.3208720088005066,0.5366066694259644,-0.019786864519119263,0.30763769149780273,0.541001558303833,-0.023628737777471542,0.35116127133369446,0.5379905104637146,-0.034704577177762985,0.34126633405685425,0.5578770637512207,-0.02782806009054184,0.3283267319202423,0.569597065448761,-0.023249410092830658,0.31813696026802063,0.572225034236908,-0.022625992074608803,0.0,0.0,0.0,0.0,0.0,0.0,0.0,0.0,0.0,0.0,0.0,0.0,0.0,0.0,0.0,0.0,0.0,0.0,0.0,0.0,0.0,0.0,0.0,0.0,0.0,0.0,0.0,0.0,0.0,0.0,0.0,0.0,0.0,0.0,0.0,0.0,0.0,0.0,0.0,0.0,0.0,0.0,0.0,0.0,0.0,0.0,0.0,0.0,0.0,0.0,0.0,0.0,0.0,0.0,0.0,0.0,0.0,0.0,0.0,0.0,0.0,0.0,0.0,HE
0.24153372645378113,0.5756233930587769,-2.901946061228955e-07,0.22978389263153076,0.5136451721191406,0.0008290532277897,0.22654809057712555,0.4596790373325348,-0.009080996736884117,0.22470296919345856,0.41428935527801514,-0.020717360079288483,0.20925909280776978,0.38449516892433167,-0.03190740942955017,0.2830180525779724,0.41739559173583984,-0.019015762954950333,0.31867676973342896,0.4329792261123657,-0.021152738481760025,0.31079527735710144,0.4629652202129364,-0.019892161712050438,0.29507026076316833,0.4762120842933655,-0.02015852928161621,0.310989648103714,0.4388914108276367,-0.025156976655125618,0.3334769904613495,0.46106815338134766,-0.02072848007082939,0.32070013880729675,0.4847821593284607,-0.017077580094337463,0.30523714423179626,0.4934402108192444,-0.019052432850003242,0.33222824335098267,0.4703276455402374,-0.029829116538167,0.3458307981491089,0.4892077147960663,-0.022994643077254295,0.332609623670578,0.5098592042922974,-0.01769428513944149,0.3159550130367279,0.5179135203361511,-0.01936177723109722,0.3494401276111603,0.5054548978805542,-0.03514079377055168,0.35511356592178345,0.5211020708084106,-0.028076717630028725,0.34307122230529785,0.5368993282318115,-0.02218162827193737,0.3305106461048126,0.5433174967765808,-0.020274311304092407,0.0,0.0,0.0,0.0,0.0,0.0,0.0,0.0,0.0,0.0,0.0,0.0,0.0,0.0,0.0,0.0,0.0,0.0,0.0,0.0,0.0,0.0,0.0,0.0,0.0,0.0,0.0,0.0,0.0,0.0,0.0,0.0,0.0,0.0,0.0,0.0,0.0,0.0,0.0,0.0,0.0,0.0,0.0,0.0,0.0,0.0,0.0,0.0,0.0,0.0,0.0,0.0,0.0,0.0,0.0,0.0,0.0,0.0,0.0,0.0,0.0,0.0,0.0,HE
0.24401012063026428,0.5813472867012024,-2.498030653441674e-07,0.23252925276756287,0.5252854824066162,0.0027372767217457294,0.22965408861637115,0.47750362753868103,-0.006694279611110687,0.22640594840049744,0.43718221783638,-0.01858341693878174,0.2116745561361313,0.4124162495136261,-0.02997203916311264,0.28263309597969055,0.4284299910068512,-0.014439999125897884,0.3172340393066406,0.44832128286361694,-0.018334003165364265,0.3095497488975525,0.4800383448600769,-0.018883584067225456,0.2938483953475952,0.49348023533821106,-0.020301027223467827,0.3096941113471985,0.44468823075294495,-0.022373011335730553,0.3348759412765503,0.472680002450943,-0.02102683112025261,0.32262635231018066,0.4973704218864441,-0.019162777811288834,0.3071340322494507,0.5049324035644531,-0.021405629813671112,0.3306693136692047,0.4719002842903137,-0.029234912246465683,0.34846970438957214,0.4997550845146179,-0.026020647957921028,0.33480533957481384,0.5228399038314819,-0.02223806455731392,0.31868740916252136,0.5296160578727722,-0.023777630180120468,0.3475817143917084,0.505021333694458,-0.03650541976094246,0.35759755969047546,0.5324832201004028,-0.03239377215504646,0.3455412685871124,0.550777792930603,-0.02812998555600643,0.33326998353004456,0.5558066368103027,-0.026877854019403458,0.0,0.0,0.0,0.0,0.0,0.0,0.0,0.0,0.0,0.0,0.0,0.0,0.0,0.0,0.0,0.0,0.0,0.0,0.0,0.0,0.0,0.0,0.0,0.0,0.0,0.0,0.0,0.0,0.0,0.0,0.0,0.0,0.0,0.0,0.0,0.0,0.0,0.0,0.0,0.0,0.0,0.0,0.0,0.0,0.0,0.0,0.0,0.0,0.0,0.0,0.0,0.0,0.0,0.0,0.0,0.0,0.0,0.0,0.0,0.0,0.0,0.0,0.0,HE
0.24701446294784546,0.5831601023674011,-3.436630322539713e-07,0.22920431196689606,0.52125084400177,-0.00011115735105704516,0.22214487195014954,0.4662167727947235,-0.010286646895110607,0.21802476048469543,0.4199589490890503,-0.021513313055038452,0.20113706588745117,0.39094287157058716,-0.03240052983164787,0.28079429268836975,0.4208889603614807,-0.022504456341266632,0.3063772916793823,0.4358420670032501,-0.023171229287981987,0.2986011505126953,0.4653577506542206,-0.020906202495098114,0.2839409410953522,0.4790334403514862,-0.02077656239271164,0.3127700090408325,0.4397152364253998,-0.02714570052921772,0.32446953654289246,0.4619796872138977,-0.020422806963324547,0.3117825388908386,0.4851461946964264,-0.016637613996863365,0.2985199987888336,0.4958966374397278,-0.01934702880680561,0.3363680839538574,0.470563143491745,-0.02970648929476738,0.3383922576904297,0.48893868923187256,-0.020728297531604767,0.3256135880947113,0.5103347301483154,-0.016606202349066734,0.31144604086875916,0.5214439034461975,-0.019912324845790863,0.3544396162033081,0.5051894783973694,-0.032874416559934616,0.35131019353866577,0.5200969576835632,-0.024300865828990936,0.34051451086997986,0.5372529029846191,-0.018956512212753296,0.33068743348121643,0.5467584729194641,-0.017812421545386314,0.0,0.0,0.0,0.0,0.0,0.0,0.0,0.0,0.0,0.0,0.0,0.0,0.0,0.0,0.0,0.0,0.0,0.0,0.0,0.0,0.0,0.0,0.0,0.0,0.0,0.0,0.0,0.0,0.0,0.0,0.0,0.0,0.0,0.0,0.0,0.0,0.0,0.0,0.0,0.0,0.0,0.0,0.0,0.0,0.0,0.0,0.0,0.0,0.0,0.0,0.0,0.0,0.0,0.0,0.0,0.0,0.0,0.0,0.0,0.0,0.0,0.0,0.0,HE
0.24501264095306396,0.58575040102005,-2.8947337682438956e-07,0.23252832889556885,0.5264263153076172,0.002201056107878685,0.22923502326011658,0.47788938879966736,-0.00696867099031806,0.22765317559242249,0.4351534843444824,-0.018118219450116158,0.21274544298648834,0.4067113697528839,-0.02875477261841297,0.28272879123687744,0.42956995964050293,-0.01660011149942875,0.3167603015899658,0.44612669944763184,-0.019442016258835793,0.3093883991241455,0.4762178957462311,-0.0189504437148571,0.2936231195926666,0.4894248843193054,-0.019643325358629227,0.3115881085395813,0.44792360067367554,-0.023432226851582527,0.3331049382686615,0.4721144437789917,-0.020334701985120773,0.3211236298084259,0.4958456754684448,-0.01784941554069519,0.3057705760002136,0.5046154260635376,-0.01999952644109726,0.33383023738861084,0.4770345985889435,-0.02880125679075718,0.3461379408836365,0.49956968426704407,-0.02356230840086937,0.333036333322525,0.5211878418922424,-0.01947452872991562,0.3168832063674927,0.5294818878173828,-0.02129347436130047,0.3516416847705841,0.5107595324516296,-0.03465709090232849,0.3557239770889282,0.5325749516487122,-0.02921074628829956,0.34396034479141235,0.5498128533363342,-0.024697555229067802,0.33171987533569336,0.5566772222518921,-0.023288942873477936,0.0,0.0,0.0,0.0,0.0,0.0,0.0,0.0,0.0,0.0,0.0,0.0,0.0,0.0,0.0,0.0,0.0,0.0,0.0,0.0,0.0,0.0,0.0,0.0,0.0,0.0,0.0,0.0,0.0,0.0,0.0,0.0,0.0,0.0,0.0,0.0,0.0,0.0,0.0,0.0,0.0,0.0,0.0,0.0,0.0,0.0,0.0,0.0,0.0,0.0,0.0,0.0,0.0,0.0,0.0,0.0,0.0,0.0,0.0,0.0,0.0,0.0,0.0,HE
0.2605738341808319,0.6038587093353271,-3.826145018592797e-07,0.2352077066898346,0.5382104516029358,-0.002092431066557765,0.22382153570652008,0.477890282869339,-0.012583335861563683,0.21504373848438263,0.42772185802459717,-0.023563552647829056,0.19575659930706024,0.3970862030982971,-0.03482291102409363,0.2918834686279297,0.43600887060165405,-0.02108219638466835,0.2981315553188324,0.4501381814479828,-0.02116614766418934,0.2888457775115967,0.478194922208786,-0.021198539063334465,0.27726423740386963,0.49247655272483826,-0.02249731868505478,0.3255038857460022,0.45898815989494324,-0.024029918015003204,0.3216448426246643,0.4759522080421448,-0.013933196663856506,0.3084988594055176,0.4966605007648468,-0.01038744393736124,0.29773956537246704,0.5099847912788391,-0.014289951883256435,0.34772035479545593,0.4922163188457489,-0.024963395670056343,0.3357510268688202,0.5050914883613586,-0.014344565570354462,0.323087602853775,0.5258503556251526,-0.01141952071338892,0.31063106656074524,0.5399511456489563,-0.015848960727453232,0.3629792034626007,0.5261505842208862,-0.02656533010303974,0.35206475853919983,0.5348190069198608,-0.016545264050364494,0.3396635949611664,0.5496197938919067,-0.010055124759674072,0.32864972949028015,0.5593937635421753,-0.00834933202713728,0.0,0.0,0.0,0.0,0.0,0.0,0.0,0.0,0.0,0.0,0.0,0.0,0.0,0.0,0.0,0.0,0.0,0.0,0.0,0.0,0.0,0.0,0.0,0.0,0.0,0.0,0.0,0.0,0.0,0.0,0.0,0.0,0.0,0.0,0.0,0.0,0.0,0.0,0.0,0.0,0.0,0.0,0.0,0.0,0.0,0.0,0.0,0.0,0.0,0.0,0.0,0.0,0.0,0.0,0.0,0.0,0.0,0.0,0.0,0.0,0.0,0.0,0.0,HE
0.20756618678569794,0.5789814591407776,-2.0613758522358694e-07,0.20568716526031494,0.5283600687980652,0.0005089109181426466,0.2108612358570099,0.4891686737537384,-0.009362687356770039,0.21277686953544617,0.45551320910453796,-0.021059785038232803,0.20151087641716003,0.43418508768081665,-0.032272275537252426,0.2741078734397888,0.45284605026245117,-0.014135944657027721,0.2993173897266388,0.477816104888916,-0.018423931673169136,0.2872222363948822,0.5035460591316223,-0.019973047077655792,0.2713548541069031,0.513067901134491,-0.022286128252744675,0.29796507954597473,0.47562968730926514,-0.020604126155376434,0.3120819628238678,0.5075989961624146,-0.018374770879745483,0.29765576124191284,0.5268567800521851,-0.016258155927062035,0.284758597612381,0.5315613150596619,-0.018869146704673767,0.31195786595344543,0.5062637329101562,-0.026467369869351387,0.32161474227905273,0.5370473861694336,-0.023813562467694283,0.30670520663261414,0.5523374676704407,-0.02089517191052437,0.29180827736854553,0.553503155708313,-0.02310590259730816,0.3210456073284149,0.5408381223678589,-0.032858047634363174,0.32124844193458557,0.5700500011444092,-0.029537254944443703,0.3079130947589874,0.5821163654327393,-0.026613576337695122,0.29653868079185486,0.5813734531402588,-0.02651500329375267,0.0,0.0,0.0,0.0,0.0,0.0,0.0,0.0,0.0,0.0,0.0,0.0,0.0,0.0,0.0,0.0,0.0,0.0,0.0,0.0,0.0,0.0,0.0,0.0,0.0,0.0,0.0,0.0,0.0,0.0,0.0,0.0,0.0,0.0,0.0,0.0,0.0,0.0,0.0,0.0,0.0,0.0,0.0,0.0,0.0,0.0,0.0,0.0,0.0,0.0,0.0,0.0,0.0,0.0,0.0,0.0,0.0,0.0,0.0,0.0,0.0,0.0,0.0,HE
0.21886372566223145,0.5701712369918823,-1.96771125615669e-07,0.2225339412689209,0.5268818140029907,0.006164737045764923,0.23324382305145264,0.4945911467075348,0.000438288610894233,0.23753947019577026,0.46853458881378174,-0.008893628604710102,0.227945476770401,0.44840505719184875,-0.018104493618011475,0.29481589794158936,0.4596886932849884,-0.00016415749269071966,0.3222077488899231,0.4919258952140808,-0.00578805897384882,0.31298327445983887,0.5125361680984497,-0.01061955001205206,0.3003791570663452,0.5175752639770508,-0.014781242236495018,0.3122354745864868,0.4797496795654297,-0.009972776286303997,0.3334920406341553,0.5178836584091187,-0.010288488119840622,0.3210771679878235,0.5330747961997986,-0.010609018616378307,0.3084883391857147,0.5327674150466919,-0.013782833702862263,0.3223525583744049,0.505921483039856,-0.019847452640533447,0.34075185656547546,0.5446612238883972,-0.018963951617479324,0.3269820809364319,0.5559927821159363,-0.016076531261205673,0.31343135237693787,0.551785409450531,-0.01734115369617939,0.32806023955345154,0.5359304547309875,-0.030059972777962685,0.3385190963745117,0.5703591108322144,-0.02667596936225891,0.32422584295272827,0.5788213610649109,-0.022270211949944496,0.31206315755844116,0.5734878778457642,-0.021237656474113464,0.0,0.0,0.0,0.0,0.0,0.0,0.0,0.0,0.0,0.0,0.0,0.0,0.0,0.0,0.0,0.0,0.0,0.0,0.0,0.0,0.0,0.0,0.0,0.0,0.0,0.0,0.0,0.0,0.0,0.0,0.0,0.0,0.0,0.0,0.0,0.0,0.0,0.0,0.0,0.0,0.0,0.0,0.0,0.0,0.0,0.0,0.0,0.0,0.0,0.0,0.0,0.0,0.0,0.0,0.0,0.0,0.0,0.0,0.0,0.0,0.0,0.0,0.0,HE
0.21281617879867554,0.5606377720832825,-2.1130318827999872e-07,0.21533024311065674,0.5175786018371582,0.0056290351785719395,0.22540274262428284,0.4877443015575409,-0.0016938940389081836,0.22943885624408722,0.45954394340515137,-0.012548353523015976,0.22136107087135315,0.4380638301372528,-0.022805621847510338,0.2841358780860901,0.4479852318763733,-0.0032352562993764877,0.3098587691783905,0.4852293133735657,-0.010160684585571289,0.29764077067375183,0.5084472894668579,-0.015426386147737503,0.28292033076286316,0.5135393142700195,-0.0200017262250185,0.30491548776626587,0.464361310005188,-0.013105511665344238,0.3251800537109375,0.5066249370574951,-0.014560036361217499,0.3118426501750946,0.5234795212745667,-0.014979960396885872,0.2993334233760834,0.5227876901626587,-0.018413836136460304,0.3180384337902069,0.4888473451137543,-0.022951025515794754,0.33563798666000366,0.5317022204399109,-0.02270885743200779,0.3209616243839264,0.5465989112854004,-0.019865529611706734,0.30782783031463623,0.5431697964668274,-0.021364033222198486,0.32673314213752747,0.5186731815338135,-0.033163342624902725,0.33391761779785156,0.5588474273681641,-0.03025071881711483,0.31924140453338623,0.5701608061790466,-0.02670949138700962,0.3079744875431061,0.5651834011077881,-0.02637222409248352,0.0,0.0,0.0,0.0,0.0,0.0,0.0,0.0,0.0,0.0,0.0,0.0,0.0,0.0,0.0,0.0,0.0,0.0,0.0,0.0,0.0,0.0,0.0,0.0,0.0,0.0,0.0,0.0,0.0,0.0,0.0,0.0,0.0,0.0,0.0,0.0,0.0,0.0,0.0,0.0,0.0,0.0,0.0,0.0,0.0,0.0,0.0,0.0,0.0,0.0,0.0,0.0,0.0,0.0,0.0,0.0,0.0,0.0,0.0,0.0,0.0,0.0,0.0,HE
0.2133396565914154,0.554967999458313,-2.0584853643867973e-07,0.21945124864578247,0.5169437527656555,0.010801905766129494,0.23343397676944733,0.4973098635673523,0.00600215420126915,0.23803584277629852,0.48107045888900757,-0.003423926420509815,0.2300315797328949,0.4634043872356415,-0.012503884732723236,0.29162904620170593,0.4529659152030945,0.0040204948745667934,0.3129529356956482,0.5006213784217834,-0.00131163839250803,0.2997569441795349,0.520246148109436,-0.00603959895670414,0.2875470221042633,0.5211186408996582,-0.010416405275464058,0.30874910950660706,0.46954676508903503,-0.00819437950849533,0.32907959818840027,0.5260722637176514,-0.008870533667504787,0.3138382136821747,0.538849949836731,-0.008616370148956776,0.30267781019210815,0.5324539542198181,-0.011381804011762142,0.3195173740386963,0.4924541413784027,-0.020209262147545815,0.3387468159198761,0.5485180020332336,-0.018459515646100044,0.32138243317604065,0.558616578578949,-0.014853766188025475,0.30996108055114746,0.5486944317817688,-0.015974218025803566,0.3269405961036682,0.5201101899147034,-0.032138895243406296,0.3362976014614105,0.566157341003418,-0.02691282145678997,0.31994956731796265,0.5746216773986816,-0.02209457755088806,0.3098815381526947,0.5649716854095459,-0.02154175005853176,0.0,0.0,0.0,0.0,0.0,0.0,0.0,0.0,0.0,0.0,0.0,0.0,0.0,0.0,0.0,0.0,0.0,0.0,0.0,0.0,0.0,0.0,0.0,0.0,0.0,0.0,0.0,0.0,0.0,0.0,0.0,0.0,0.0,0.0,0.0,0.0,0.0,0.0,0.0,0.0,0.0,0.0,0.0,0.0,0.0,0.0,0.0,0.0,0.0,0.0,0.0,0.0,0.0,0.0,0.0,0.0,0.0,0.0,0.0,0.0,0.0,0.0,0.0,HE
0.22623580694198608,0.5800724625587463,-2.8439953325687384e-07,0.2126617133617401,0.5257696509361267,0.0012858104892075062,0.2082429826259613,0.48218923807144165,-0.008461788296699524,0.20197612047195435,0.44558364152908325,-0.01995161734521389,0.18578661978244781,0.4222794771194458,-0.03138639032840729,0.2683088779449463,0.4421539902687073,-0.017673201858997345,0.2915051281452179,0.46338340640068054,-0.020315347239375114,0.2830492854118347,0.4911334216594696,-0.020735006779432297,0.26801589131355286,0.5029376149177551,-0.022639844566583633,0.29775288701057434,0.4603559970855713,-0.024199146777391434,0.3082769513130188,0.4877493381500244,-0.020926527678966522,0.2959825098514557,0.5070601105690002,-0.01937001198530197,0.2825157642364502,0.512811005115509,-0.022808313369750977,0.3173949122428894,0.4892352521419525,-0.029228296130895615,0.3217372000217438,0.5139161348342896,-0.024682223796844482,0.3076697587966919,0.5317012667655945,-0.022204840555787086,0.29289835691452026,0.5365419983863831,-0.02553846314549446,0.3311137855052948,0.5235486030578613,-0.03479216992855072,0.3286638855934143,0.5510376691818237,-0.03145439177751541,0.315838485956192,0.5661014914512634,-0.02893023192882538,0.30390456318855286,0.5700836777687073,-0.029088208451867104,0.0,0.0,0.0,0.0,0.0,0.0,0.0,0.0,0.0,0.0,0.0,0.0,0.0,0.0,0.0,0.0,0.0,0.0,0.0,0.0,0.0,0.0,0.0,0.0,0.0,0.0,0.0,0.0,0.0,0.0,0.0,0.0,0.0,0.0,0.0,0.0,0.0,0.0,0.0,0.0,0.0,0.0,0.0,0.0,0.0,0.0,0.0,0.0,0.0,0.0,0.0,0.0,0.0,0.0,0.0,0.0,0.0,0.0,0.0,0.0,0.0,0.0,0.0,HE
0.5496624708175659,0.5387683510780334,-2.3960919293131155e-07,0.5686647295951843,0.511316180229187,-0.005597561132162809,0.5838190317153931,0.4700513780117035,-0.011358525604009628,0.6017058491706848,0.4389971196651459,-0.017889900133013725,0.6206659078598022,0.42553016543388367,-0.02509966306388378,0.5348151326179504,0.3898663818836212,-0.009707482531666756,0.5011366605758667,0.4050959348678589,-0.01959158480167389,0.5026858448982239,0.42928656935691833,-0.031724706292152405,0.5116401314735413,0.4463539719581604,-0.04070309177041054,0.5115639567375183,0.3913635313510895,-0.013272082433104515,0.47537654638290405,0.42459771037101746,-0.016300637274980545,0.48147544264793396,0.4488586485385895,-0.022514428943395615,0.49548882246017456,0.4600057005882263,-0.02993369661271572,0.4900054633617401,0.4101110100746155,-0.017067592591047287,0.4606482684612274,0.4455955922603607,-0.021557359024882317,0.468821257352829,0.46692532300949097,-0.025381965562701225,0.48405271768569946,0.47475117444992065,-0.030559981241822243,0.46804285049438477,0.4342826008796692,-0.021866047754883766,0.4455694556236267,0.470547616481781,-0.027625957503914833,0.4553227126598358,0.4905719757080078,-0.029042845591902733,0.4692257046699524,0.4955318868160248,-0.03014540858566761,0.0,0.0,0.0,0.0,0.0,0.0,0.0,0.0,0.0,0.0,0.0,0.0,0.0,0.0,0.0,0.0,0.0,0.0,0.0,0.0,0.0,0.0,0.0,0.0,0.0,0.0,0.0,0.0,0.0,0.0,0.0,0.0,0.0,0.0,0.0,0.0,0.0,0.0,0.0,0.0,0.0,0.0,0.0,0.0,0.0,0.0,0.0,0.0,0.0,0.0,0.0,0.0,0.0,0.0,0.0,0.0,0.0,0.0,0.0,0.0,0.0,0.0,0.0,HE
0.5008301138877869,0.6322857141494751,-2.245186436766744e-07,0.5396634340286255,0.5936291217803955,-0.005294142756611109,0.5628496408462524,0.5372127890586853,-0.010883004404604435,0.586070716381073,0.49590787291526794,-0.016787109896540642,0.6129359006881714,0.4782777428627014,-0.023593328893184662,0.49845239520072937,0.46680495142936707,-0.016414731740951538,0.4877953827381134,0.49002090096473694,-0.02132249064743519,0.4924694299697876,0.5156587958335876,-0.028959935531020164,0.4957021474838257,0.5303553342819214,-0.03523897007107735,0.4650687575340271,0.4792722463607788,-0.019253898411989212,0.4630338251590729,0.5116922855377197,-0.015897314995527267,0.4715942144393921,0.5323317050933838,-0.0187138170003891,0.4773990213871002,0.5453871488571167,-0.026141179725527763,0.4404928684234619,0.5064120292663574,-0.020920682698488235,0.4424806237220764,0.5302110314369202,-0.020472517237067223,0.45310869812965393,0.5471988916397095,-0.02123543620109558,0.4608840346336365,0.5596978664398193,-0.025599133223295212,0.41903749108314514,0.5351730585098267,-0.023245111107826233,0.42423853278160095,0.5558034777641296,-0.022736230865120888,0.43786561489105225,0.5709590315818787,-0.01914393901824951,0.44764506816864014,0.5806801915168762,-0.017938628792762756,0.0,0.0,0.0,0.0,0.0,0.0,0.0,0.0,0.0,0.0,0.0,0.0,0.0,0.0,0.0,0.0,0.0,0.0,0.0,0.0,0.0,0.0,0.0,0.0,0.0,0.0,0.0,0.0,0.0,0.0,0.0,0.0,0.0,0.0,0.0,0.0,0.0,0.0,0.0,0.0,0.0,0.0,0.0,0.0,0.0,0.0,0.0,0.0,0.0,0.0,0.0,0.0,0.0,0.0,0.0,0.0,0.0,0.0,0.0,0.0,0.0,0.0,0.0,HE
0.5434185266494751,0.6136547327041626,-1.525928752243999e-07,0.5770472288131714,0.5854551196098328,-0.003704249858856201,0.5975750684738159,0.5470532774925232,-0.00882201548665762,0.6178406476974487,0.5184904336929321,-0.01430668868124485,0.6414444446563721,0.5076980590820312,-0.02062555029988289,0.5451903343200684,0.47401389479637146,-0.011901608668267727,0.5403313636779785,0.4982418417930603,-0.014887087047100067,0.5420317053794861,0.5213101506233215,-0.020497441291809082,0.5423493981361389,0.5338497757911682,-0.025885621085762978,0.5133262872695923,0.4808908700942993,-0.014865360222756863,0.5126118659973145,0.5059360265731812,-0.011621592566370964,0.5174275636672974,0.5261980295181274,-0.013402649201452732,0.521221935749054,0.5389227867126465,-0.019298478960990906,0.4883491098880768,0.5012359023094177,-0.01692837104201317,0.48872053623199463,0.5183767676353455,-0.01696748286485672,0.4966813325881958,0.5343733429908752,-0.01791481301188469,0.5028005242347717,0.5455834269523621,-0.021971825510263443,0.4677603840827942,0.5239489078521729,-0.019340982660651207,0.47093886137008667,0.5409654974937439,-0.020115762948989868,0.4810546040534973,0.5562509298324585,-0.01762975938618183,0.48814406991004944,0.5648361444473267,-0.017043212428689003,0.0,0.0,0.0,0.0,0.0,0.0,0.0,0.0,0.0,0.0,0.0,0.0,0.0,0.0,0.0,0.0,0.0,0.0,0.0,0.0,0.0,0.0,0.0,0.0,0.0,0.0,0.0,0.0,0.0,0.0,0.0,0.0,0.0,0.0,0.0,0.0,0.0,0.0,0.0,0.0,0.0,0.0,0.0,0.0,0.0,0.0,0.0,0.0,0.0,0.0,0.0,0.0,0.0,0.0,0.0,0.0,0.0,0.0,0.0,0.0,0.0,0.0,0.0,HE
0.5177252292633057,0.6064134836196899,-2.3469138454856875e-07,0.546230137348175,0.5756024122238159,0.004829390440136194,0.5522846579551697,0.5281339883804321,0.005595613736659288,0.5552312731742859,0.4909725785255432,0.004661654122173786,0.5700332522392273,0.4715452790260315,0.0022818492725491524,0.5212557911872864,0.47719675302505493,-0.0009470421937294304,0.5166661739349365,0.49773019552230835,-0.0034828681964427233,0.5194740295410156,0.5189538598060608,-0.009151521138846874,0.5227146148681641,0.5318073034286499,-0.01382883545011282,0.493873655796051,0.48440974950790405,-0.005536876153200865,0.49062347412109375,0.5089815855026245,-0.0006374340155161917,0.49442559480667114,0.5288893580436707,-0.0014805669197812676,0.4986342191696167,0.54100102186203,-0.005926474463194609,0.47119200229644775,0.5044447183609009,-0.009036149829626083,0.4693487882614136,0.5226209759712219,-0.007061632815748453,0.47628605365753174,0.5377485752105713,-0.006867550313472748,0.48175370693206787,0.5487880110740662,-0.009638836607336998,0.45201215147972107,0.52789705991745,-0.012090086936950684,0.45337575674057007,0.5436649918556213,-0.010644498281180859,0.46142256259918213,0.557464599609375,-0.007176123093813658,0.46556076407432556,0.5665287375450134,-0.005482119042426348,0.0,0.0,0.0,0.0,0.0,0.0,0.0,0.0,0.0,0.0,0.0,0.0,0.0,0.0,0.0,0.0,0.0,0.0,0.0,0.0,0.0,0.0,0.0,0.0,0.0,0.0,0.0,0.0,0.0,0.0,0.0,0.0,0.0,0.0,0.0,0.0,0.0,0.0,0.0,0.0,0.0,0.0,0.0,0.0,0.0,0.0,0.0,0.0,0.0,0.0,0.0,0.0,0.0,0.0,0.0,0.0,0.0,0.0,0.0,0.0,0.0,0.0,0.0,HE
0.4933242201805115,0.6227550506591797,-1.633042074900004e-07,0.5353716015815735,0.5951910018920898,-0.0007077778573147953,0.5571168065071106,0.5453582406044006,-0.0011173365637660027,0.5705497860908508,0.5037437081336975,-0.0020851774606853724,0.593315601348877,0.4857257008552551,-0.003433838952332735,0.514107882976532,0.4826277494430542,0.0007567835273221135,0.512460470199585,0.4922575354576111,0.0013326937332749367,0.5152102708816528,0.5145203471183777,-0.0030324729159474373,0.5160373449325562,0.5285932421684265,-0.007606918923556805,0.4832953214645386,0.48945552110671997,-0.0012341594556346536,0.4861951470375061,0.5070410966873169,0.004474706947803497,0.49156177043914795,0.5270861387252808,0.0011382019147276878,0.49355459213256836,0.5387226939201355,-0.005860866978764534,0.4594801068305969,0.5087651610374451,-0.002480265451595187,0.4640907943248749,0.5196186900138855,-0.0005899192183278501,0.4718696177005768,0.5356712937355042,-0.0016227408777922392,0.47559842467308044,0.5467734336853027,-0.005649635102599859,0.4418767988681793,0.5289241671562195,-0.003653645282611251,0.4469904601573944,0.536115825176239,-0.0025712065398693085,0.45527827739715576,0.5515129566192627,0.0010325278853997588,0.4597052335739136,0.5620115995407104,0.002466995734721422,0.0,0.0,0.0,0.0,0.0,0.0,0.0,0.0,0.0,0.0,0.0,0.0,0.0,0.0,0.0,0.0,0.0,0.0,0.0,0.0,0.0,0.0,0.0,0.0,0.0,0.0,0.0,0.0,0.0,0.0,0.0,0.0,0.0,0.0,0.0,0.0,0.0,0.0,0.0,0.0,0.0,0.0,0.0,0.0,0.0,0.0,0.0,0.0,0.0,0.0,0.0,0.0,0.0,0.0,0.0,0.0,0.0,0.0,0.0,0.0,0.0,0.0,0.0,HE
0.4941761791706085,0.6477141380310059,-1.5613321124874346e-07,0.5411055088043213,0.6148006916046143,-0.0006576800369657576,0.5639411211013794,0.5550981760025024,-2.798497735057026e-05,0.5767079591751099,0.5035435557365417,9.429416968487203e-05,0.5996177196502686,0.4761466681957245,5.897598839510465e-06,0.5129815936088562,0.4920429289340973,0.00652214465662837,0.5134028196334839,0.49984240531921387,0.009395482949912548,0.5176544785499573,0.5277015566825867,0.004839987959712744,0.5182267427444458,0.5460366010665894,-0.0002465136640239507,0.4794198274612427,0.5028656125068665,0.00511430436745286,0.485237717628479,0.5183031558990479,0.013571527786552906,0.4927077889442444,0.5425631403923035,0.008864164352416992,0.4947447180747986,0.5586183071136475,0.000364402454579249,0.454347163438797,0.5265452861785889,0.004428758751600981,0.4617398679256439,0.5340763330459595,0.009280567057430744,0.4711693525314331,0.5522360801696777,0.008140130899846554,0.4754698574542999,0.56658935546875,0.0032915205229073763,0.437168687582016,0.5512361526489258,0.003768766298890114,0.4429616332054138,0.5544960498809814,0.007779653649777174,0.45246604084968567,0.5708262324333191,0.012762884609401226,0.4575272798538208,0.5839412808418274,0.014773642644286156,0.0,0.0,0.0,0.0,0.0,0.0,0.0,0.0,0.0,0.0,0.0,0.0,0.0,0.0,0.0,0.0,0.0,0.0,0.0,0.0,0.0,0.0,0.0,0.0,0.0,0.0,0.0,0.0,0.0,0.0,0.0,0.0,0.0,0.0,0.0,0.0,0.0,0.0,0.0,0.0,0.0,0.0,0.0,0.0,0.0,0.0,0.0,0.0,0.0,0.0,0.0,0.0,0.0,0.0,0.0,0.0,0.0,0.0,0.0,0.0,0.0,0.0,0.0,HE
0.4953927993774414,0.6405515074729919,-1.5896243610313832e-07,0.5436928868293762,0.6036056280136108,0.003501237602904439,0.5656231045722961,0.545294463634491,0.005669356323778629,0.5808789730072021,0.49474388360977173,0.0068341088481247425,0.6050728559494019,0.4717290997505188,0.007348177023231983,0.5177750587463379,0.47630345821380615,0.007480412255972624,0.5195184350013733,0.4930357336997986,0.01212414912879467,0.5232140421867371,0.5214083790779114,0.00899133924394846,0.5235178470611572,0.5387477874755859,0.004833597224205732,0.48253655433654785,0.486346036195755,0.004439468961209059,0.4893684685230255,0.506796658039093,0.016095248982310295,0.49618861079216003,0.5293785333633423,0.012822043150663376,0.4983164668083191,0.5444717407226562,0.004121182020753622,0.4552192687988281,0.5109863877296448,0.0026212544180452824,0.46301084756851196,0.52284836769104,0.009413405321538448,0.47265177965164185,0.5399566292762756,0.006729260552674532,0.47688788175582886,0.5533377528190613,-0.00015657569747418165,0.43580809235572815,0.5374742746353149,0.001338066766038537,0.440324991941452,0.5438858866691589,0.006144944112747908,0.4496051073074341,0.5599316954612732,0.009835731238126755,0.4551490247249603,0.5722163915634155,0.010228626430034637,0.0,0.0,0.0,0.0,0.0,0.0,0.0,0.0,0.0,0.0,0.0,0.0,0.0,0.0,0.0,0.0,0.0,0.0,0.0,0.0,0.0,0.0,0.0,0.0,0.0,0.0,0.0,0.0,0.0,0.0,0.0,0.0,0.0,0.0,0.0,0.0,0.0,0.0,0.0,0.0,0.0,0.0,0.0,0.0,0.0,0.0,0.0,0.0,0.0,0.0,0.0,0.0,0.0,0.0,0.0,0.0,0.0,0.0,0.0,0.0,0.0,0.0,0.0,HE
0.5013254284858704,0.6372717618942261,-1.480050428881441e-07,0.5362862944602966,0.5879183411598206,0.00048361957306042314,0.5458127856254578,0.5227450132369995,0.0005630708183161914,0.5509968400001526,0.4708751142024994,-0.0002707415260374546,0.5707250237464905,0.44145339727401733,-0.0017516699153929949,0.4944310486316681,0.4732539653778076,0.003697135718539357,0.4903128445148468,0.4903065264225006,0.0039072297513484955,0.49765485525131226,0.5164530277252197,-0.002222792012616992,0.5020458102226257,0.5324081182479858,-0.007875972427427769,0.4638828635215759,0.49088677763938904,0.0009134253486990929,0.4667573869228363,0.5147485733032227,0.007615760900080204,0.4765872359275818,0.5348002314567566,0.002908895257860422,0.481832891702652,0.5487194657325745,-0.0053054774180054665,0.44198545813560486,0.5197407603263855,-0.0010490057757124305,0.44710397720336914,0.5370522141456604,0.0028675540816038847,0.4593403935432434,0.5512257218360901,0.0010515231406316161,0.46703416109085083,0.5623507499694824,-0.0040979282930493355,0.42645931243896484,0.5494116544723511,-0.0031165441032499075,0.4335325360298157,0.5630383491516113,-0.00028642272809520364,0.4460170865058899,0.5768784284591675,0.0035248713102191687,0.45323893427848816,0.5870572328567505,0.004933706950396299,0.0,0.0,0.0,0.0,0.0,0.0,0.0,0.0,0.0,0.0,0.0,0.0,0.0,0.0,0.0,0.0,0.0,0.0,0.0,0.0,0.0,0.0,0.0,0.0,0.0,0.0,0.0,0.0,0.0,0.0,0.0,0.0,0.0,0.0,0.0,0.0,0.0,0.0,0.0,0.0,0.0,0.0,0.0,0.0,0.0,0.0,0.0,0.0,0.0,0.0,0.0,0.0,0.0,0.0,0.0,0.0,0.0,0.0,0.0,0.0,0.0,0.0,0.0,HE
0.5989455580711365,0.5444180965423584,-3.2549993989050563e-07,0.5799510478973389,0.5002601742744446,0.010046347044408321,0.5583081245422363,0.4646501839160919,0.009168320335447788,0.547204315662384,0.4343792796134949,0.004821959417313337,0.5508297085762024,0.4079650640487671,-0.0008463423000648618,0.5114554166793823,0.4446825385093689,0.0027560447342693806,0.47990721464157104,0.47184517979621887,-0.004047047346830368,0.48971059918403625,0.49315345287323,-0.011588024906814098,0.5041684508323669,0.500053346157074,-0.016840912401676178,0.5024063587188721,0.46959349513053894,-0.006677613593637943,0.4759150445461273,0.5082961320877075,-0.010289057157933712,0.48992598056793213,0.5225540399551392,-0.012334907427430153,0.5076638460159302,0.5201456546783447,-0.015065446496009827,0.49847182631492615,0.5015954971313477,-0.015040559694170952,0.47679436206817627,0.534247636795044,-0.017731618136167526,0.490275114774704,0.5439679622650146,-0.014441026374697685,0.5058996677398682,0.5398730635643005,-0.013753424398601055,0.4969562888145447,0.5349206328392029,-0.02293822169303894,0.4821389317512512,0.561686635017395,-0.02610023505985737,0.49631115794181824,0.5697246193885803,-0.022141583263874054,0.5093536972999573,0.565935492515564,-0.018452363088726997,0.0,0.0,0.0,0.0,0.0,0.0,0.0,0.0,0.0,0.0,0.0,0.0,0.0,0.0,0.0,0.0,0.0,0.0,0.0,0.0,0.0,0.0,0.0,0.0,0.0,0.0,0.0,0.0,0.0,0.0,0.0,0.0,0.0,0.0,0.0,0.0,0.0,0.0,0.0,0.0,0.0,0.0,0.0,0.0,0.0,0.0,0.0,0.0,0.0,0.0,0.0,0.0,0.0,0.0,0.0,0.0,0.0,0.0,0.0,0.0,0.0,0.0,0.0,HE
0.5592135787010193,0.5726582407951355,-1.708615116058354e-07,0.5699256062507629,0.5297955274581909,-0.0011636397102847695,0.5673195719718933,0.4857218861579895,-0.004462833516299725,0.5701144933700562,0.45086801052093506,-0.008813383057713509,0.5827120542526245,0.4260480999946594,-0.014161779545247555,0.5054543018341064,0.457439124584198,-0.006226203870028257,0.5006946325302124,0.4799045920372009,-0.010054420679807663,0.5089507699012756,0.4984830915927887,-0.01626403257250786,0.5176514387130737,0.5075831413269043,-0.021527592092752457,0.4839912950992584,0.4818982779979706,-0.009951070882380009,0.4854018986225128,0.5068764090538025,-0.008388792164623737,0.49699655175209045,0.5222687125205994,-0.010412652976810932,0.5086979866027832,0.5284020900726318,-0.014903821051120758,0.47123298048973083,0.5141916871070862,-0.01302642747759819,0.47416210174560547,0.5349913835525513,-0.01370120421051979,0.48627227544784546,0.5459162592887878,-0.014125047251582146,0.498552143573761,0.5506048202514648,-0.016655683517456055,0.4623572826385498,0.5466636419296265,-0.016487013548612595,0.4675137400627136,0.5669472217559814,-0.018759556114673615,0.4805505871772766,0.5762665271759033,-0.017171695828437805,0.4906858801841736,0.579353392124176,-0.0159407090395689,0.0,0.0,0.0,0.0,0.0,0.0,0.0,0.0,0.0,0.0,0.0,0.0,0.0,0.0,0.0,0.0,0.0,0.0,0.0,0.0,0.0,0.0,0.0,0.0,0.0,0.0,0.0,0.0,0.0,0.0,0.0,0.0,0.0,0.0,0.0,0.0,0.0,0.0,0.0,0.0,0.0,0.0,0.0,0.0,0.0,0.0,0.0,0.0,0.0,0.0,0.0,0.0,0.0,0.0,0.0,0.0,0.0,0.0,0.0,0.0,0.0,0.0,0.0,HE
0.5322015881538391,0.5883731245994568,-2.1351169721128826e-07,0.5532922148704529,0.5468353033065796,0.0015657172771170735,0.5584656596183777,0.49835968017578125,0.00018137962615583092,0.5653277635574341,0.45698782801628113,-0.002476524328812957,0.584650993347168,0.4367676079273224,-0.006328703835606575,0.5036599636077881,0.4479072690010071,-0.0028388036880642176,0.49358490109443665,0.46375617384910583,-0.0025131891015917063,0.49793630838394165,0.48514318466186523,-0.006223456002771854,0.5036613345146179,0.4994989037513733,-0.010324636474251747,0.47859981656074524,0.4683611989021301,-0.007079144008457661,0.472939670085907,0.48955604434013367,-0.002081286860629916,0.48134031891822815,0.5076335072517395,-0.004294326528906822,0.4911244213581085,0.5181554555892944,-0.009970391169190407,0.4614708423614502,0.49896562099456787,-0.009916969574987888,0.45763593912124634,0.5126800537109375,-0.007609654683619738,0.4668053388595581,0.5253328084945679,-0.00816291756927967,0.47677016258239746,0.5343236327171326,-0.011723351664841175,0.44782817363739014,0.5292953848838806,-0.012664716690778732,0.4453696012496948,0.5395807027816772,-0.011146660894155502,0.45496028661727905,0.5509096384048462,-0.007308455649763346,0.46348220109939575,0.5575966238975525,-0.005410137586295605,0.0,0.0,0.0,0.0,0.0,0.0,0.0,0.0,0.0,0.0,0.0,0.0,0.0,0.0,0.0,0.0,0.0,0.0,0.0,0.0,0.0,0.0,0.0,0.0,0.0,0.0,0.0,0.0,0.0,0.0,0.0,0.0,0.0,0.0,0.0,0.0,0.0,0.0,0.0,0.0,0.0,0.0,0.0,0.0,0.0,0.0,0.0,0.0,0.0,0.0,0.0,0.0,0.0,0.0,0.0,0.0,0.0,0.0,0.0,0.0,0.0,0.0,0.0,HE
0.5404081344604492,0.5792462825775146,-2.3653669245504716e-07,0.5435253381729126,0.5253397822380066,0.005864342208951712,0.5320754051208496,0.47988930344581604,0.0027006659656763077,0.5322114825248718,0.45224645733833313,-0.003353073727339506,0.547339141368866,0.43764528632164,-0.011337224394083023,0.5011811256408691,0.44095301628112793,-0.005973841995000839,0.481982946395874,0.46468618512153625,-0.013629958964884281,0.4871860444545746,0.4899017810821533,-0.022583141922950745,0.4986494779586792,0.5032747387886047,-0.029446162283420563,0.4767248332500458,0.4577672481536865,-0.01379633229225874,0.4617003798484802,0.49024227261543274,-0.014171543531119823,0.4696558117866516,0.5115500092506409,-0.01611391268670559,0.4839061498641968,0.5211339592933655,-0.02061380445957184,0.4569910764694214,0.48877277970314026,-0.020455166697502136,0.445646733045578,0.5192551612854004,-0.02176877297461033,0.45530128479003906,0.5359691381454468,-0.021358149126172066,0.4702092111110687,0.5419972538948059,-0.023680871352553368,0.4402697682380676,0.5243216753005981,-0.026864277198910713,0.4336710572242737,0.5516289472579956,-0.028727753087878227,0.4442591965198517,0.5658935308456421,-0.026014914736151695,0.45589539408683777,0.5704534649848938,-0.02407112903892994,0.0,0.0,0.0,0.0,0.0,0.0,0.0,0.0,0.0,0.0,0.0,0.0,0.0,0.0,0.0,0.0,0.0,0.0,0.0,0.0,0.0,0.0,0.0,0.0,0.0,0.0,0.0,0.0,0.0,0.0,0.0,0.0,0.0,0.0,0.0,0.0,0.0,0.0,0.0,0.0,0.0,0.0,0.0,0.0,0.0,0.0,0.0,0.0,0.0,0.0,0.0,0.0,0.0,0.0,0.0,0.0,0.0,0.0,0.0,0.0,0.0,0.0,0.0,HE
0.5362181663513184,0.6068775057792664,-1.9679461615851324e-07,0.5552352666854858,0.556694507598877,0.0033149602822959423,0.5550418496131897,0.5012131929397583,0.0018370883772149682,0.5569156408309937,0.4635735750198364,-0.0017436040798202157,0.5728117227554321,0.44212692975997925,-0.006587061565369368,0.5218295454978943,0.4612012207508087,-0.0005775459576398134,0.5135355591773987,0.4787628948688507,-0.006889669224619865,0.5160356760025024,0.502571165561676,-0.015886779874563217,0.5217462778091431,0.5177757143974304,-0.02284151315689087,0.49474096298217773,0.47634729743003845,-0.006463008001446724,0.48731252551078796,0.4995936155319214,-0.0058379280380904675,0.49306073784828186,0.5208391547203064,-0.009390314109623432,0.5016612410545349,0.5325454473495483,-0.01522012334316969,0.4720444083213806,0.5031764507293701,-0.011781498789787292,0.46701377630233765,0.5222258567810059,-0.013706323690712452,0.47582992911338806,0.5394263863563538,-0.014056424610316753,0.48549115657806396,0.5491051077842712,-0.01646854542195797,0.45305919647216797,0.5330904722213745,-0.016871744766831398,0.45139893889427185,0.5483976602554321,-0.018337709829211235,0.4604460597038269,0.5638794898986816,-0.014575710520148277,0.46727821230888367,0.5721099376678467,-0.011972569860517979,0.0,0.0,0.0,0.0,0.0,0.0,0.0,0.0,0.0,0.0,0.0,0.0,0.0,0.0,0.0,0.0,0.0,0.0,0.0,0.0,0.0,0.0,0.0,0.0,0.0,0.0,0.0,0.0,0.0,0.0,0.0,0.0,0.0,0.0,0.0,0.0,0.0,0.0,0.0,0.0,0.0,0.0,0.0,0.0,0.0,0.0,0.0,0.0,0.0,0.0,0.0,0.0,0.0,0.0,0.0,0.0,0.0,0.0,0.0,0.0,0.0,0.0,0.0,HE
0.5297640562057495,0.5949879288673401,-2.516469521651743e-07,0.5443768501281738,0.5408033132553101,0.00647397618740797,0.5445339679718018,0.4900256097316742,0.0035727517679333687,0.5529797673225403,0.45565271377563477,-0.002380353631451726,0.5733665227890015,0.43877652287483215,-0.010352791287004948,0.5101526975631714,0.4415718913078308,-0.00502963038161397,0.4833444654941559,0.45585429668426514,-0.012741210870444775,0.4830668568611145,0.4816667139530182,-0.022213103249669075,0.4911741614341736,0.4987586438655853,-0.029163045808672905,0.4832707643508911,0.45678141713142395,-0.013370292261242867,0.4605145752429962,0.4806709885597229,-0.01354650966823101,0.4652956426143646,0.5036558508872986,-0.016129186376929283,0.4779083728790283,0.517885148525238,-0.021165581420063972,0.46017152070999146,0.48483380675315857,-0.020369894802570343,0.44415971636772156,0.5075189471244812,-0.021578717976808548,0.4516472816467285,0.5251026153564453,-0.020761780440807343,0.46473708748817444,0.5362745523452759,-0.022747045382857323,0.4394613802433014,0.515979528427124,-0.0271310992538929,0.43082714080810547,0.5392172336578369,-0.02827664278447628,0.44029057025909424,0.555442750453949,-0.02421070821583271,0.45084792375564575,0.5633177161216736,-0.02129236049950123,0.0,0.0,0.0,0.0,0.0,0.0,0.0,0.0,0.0,0.0,0.0,0.0,0.0,0.0,0.0,0.0,0.0,0.0,0.0,0.0,0.0,0.0,0.0,0.0,0.0,0.0,0.0,0.0,0.0,0.0,0.0,0.0,0.0,0.0,0.0,0.0,0.0,0.0,0.0,0.0,0.0,0.0,0.0,0.0,0.0,0.0,0.0,0.0,0.0,0.0,0.0,0.0,0.0,0.0,0.0,0.0,0.0,0.0,0.0,0.0,0.0,0.0,0.0,HE
0.5956870317459106,0.537073016166687,-2.594331931504712e-07,0.5751562118530273,0.49209216237068176,0.010052970610558987,0.5517239570617676,0.4622234106063843,0.008357035927474499,0.5411882400512695,0.43926918506622314,0.0022878919262439013,0.5469818711280823,0.41643643379211426,-0.0051392726600170135,0.5132157802581787,0.4328773319721222,0.005248796660453081,0.4877694249153137,0.4592585265636444,-0.003324655583128333,0.4960924983024597,0.48285046219825745,-0.01275605708360672,0.5110157132148743,0.49202761054039,-0.019188636913895607,0.4992964565753937,0.45724260807037354,-0.005133314523845911,0.4793078303337097,0.4931332468986511,-0.00894941482692957,0.49206551909446716,0.5104944109916687,-0.012461842969059944,0.5104584097862244,0.5115083456039429,-0.01628050208091736,0.4917147159576416,0.49130314588546753,-0.014765569940209389,0.47781845927238464,0.523766040802002,-0.018688086420297623,0.49228009581565857,0.5352044701576233,-0.017320197075605392,0.5097914338111877,0.5327804088592529,-0.01756409741938114,0.4875181317329407,0.5279991030693054,-0.023959830403327942,0.4827403426170349,0.5555426478385925,-0.027412639930844307,0.49788907170295715,0.5633431077003479,-0.024198248982429504,0.5120679140090942,0.5592439770698547,-0.020921826362609863,0.0,0.0,0.0,0.0,0.0,0.0,0.0,0.0,0.0,0.0,0.0,0.0,0.0,0.0,0.0,0.0,0.0,0.0,0.0,0.0,0.0,0.0,0.0,0.0,0.0,0.0,0.0,0.0,0.0,0.0,0.0,0.0,0.0,0.0,0.0,0.0,0.0,0.0,0.0,0.0,0.0,0.0,0.0,0.0,0.0,0.0,0.0,0.0,0.0,0.0,0.0,0.0,0.0,0.0,0.0,0.0,0.0,0.0,0.0,0.0,0.0,0.0,0.0,HE
0.5297403335571289,0.6002134084701538,-2.253626689707744e-07,0.5532884001731873,0.5556259155273438,0.002671698806807399,0.5578813552856445,0.5033305883407593,0.0015245240647345781,0.5638427138328552,0.46527060866355896,-0.0009741882677190006,0.5815486311912537,0.4467385411262512,-0.004402013495564461,0.5155268907546997,0.4569206237792969,-0.005669006612151861,0.5117269158363342,0.47307851910591125,-0.00915701873600483,0.516758143901825,0.49605876207351685,-0.014940327033400536,0.5208286046981812,0.5111491084098816,-0.0197892002761364,0.489872545003891,0.47238627076148987,-0.01018824428319931,0.48809826374053955,0.4937233030796051,-0.0074058035388588905,0.4953784644603729,0.5134650468826294,-0.008805762976408005,0.5015849471092224,0.5258365869522095,-0.0135820796713233,0.4705093801021576,0.497714102268219,-0.013472485356032848,0.46889328956604004,0.5146699547767639,-0.012422347441315651,0.4783174693584442,0.5289658308029175,-0.011843699961900711,0.48618224263191223,0.5391696691513062,-0.014456033706665039,0.45410317182540894,0.5239946842193604,-0.016623051837086678,0.4550439119338989,0.5382850766181946,-0.0164702869951725,0.46590307354927063,0.5502924919128418,-0.013198002241551876,0.47379493713378906,0.5568674802780151,-0.011552587151527405,0.0,0.0,0.0,0.0,0.0,0.0,0.0,0.0,0.0,0.0,0.0,0.0,0.0,0.0,0.0,0.0,0.0,0.0,0.0,0.0,0.0,0.0,0.0,0.0,0.0,0.0,0.0,0.0,0.0,0.0,0.0,0.0,0.0,0.0,0.0,0.0,0.0,0.0,0.0,0.0,0.0,0.0,0.0,0.0,0.0,0.0,0.0,0.0,0.0,0.0,0.0,0.0,0.0,0.0,0.0,0.0,0.0,0.0,0.0,0.0,0.0,0.0,0.0,HE
0.5566893815994263,0.5624778866767883,-2.7129669888381613e-07,0.5521567463874817,0.5189396142959595,0.00602363096550107,0.538995087146759,0.4848504364490509,0.0022798555437475443,0.5357215404510498,0.45965147018432617,-0.00463107880204916,0.5492876172065735,0.4411630630493164,-0.012956812046468258,0.5026931166648865,0.43890807032585144,-0.002153408946469426,0.47629255056381226,0.4653207063674927,-0.01121035311371088,0.47968047857284546,0.4897906184196472,-0.02149849385023117,0.4901127815246582,0.5012021660804749,-0.02903735265135765,0.48348191380500793,0.4560076594352722,-0.011049469001591206,0.4593650996685028,0.4950838088989258,-0.013680210337042809,0.46806180477142334,0.5164704918861389,-0.017297854647040367,0.48333030939102173,0.5223821401596069,-0.02218826673924923,0.4691517949104309,0.486065149307251,-0.01903938502073288,0.4507453441619873,0.5229521989822388,-0.022188158705830574,0.4619694650173187,0.5390350818634033,-0.021594461053609848,0.4775732755661011,0.5411778688430786,-0.02322322130203247,0.45804062485694885,0.5191870331764221,-0.02696438692510128,0.44851577281951904,0.5547308325767517,-0.030830401927232742,0.46061521768569946,0.5679994821548462,-0.028493782505393028,0.47298750281333923,0.5678354501724243,-0.026261013001203537,0.0,0.0,0.0,0.0,0.0,0.0,0.0,0.0,0.0,0.0,0.0,0.0,0.0,0.0,0.0,0.0,0.0,0.0,0.0,0.0,0.0,0.0,0.0,0.0,0.0,0.0,0.0,0.0,0.0,0.0,0.0,0.0,0.0,0.0,0.0,0.0,0.0,0.0,0.0,0.0,0.0,0.0,0.0,0.0,0.0,0.0,0.0,0.0,0.0,0.0,0.0,0.0,0.0,0.0,0.0,0.0,0.0,0.0,0.0,0.0,0.0,0.0,0.0,HE
0.5671601891517639,0.5683914422988892,-3.2692938134459837e-07,0.573300302028656,0.5364118218421936,0.004426660481840372,0.5723131895065308,0.5070961117744446,0.0007564875413663685,0.5762075185775757,0.48777925968170166,-0.0057368287816643715,0.5892859101295471,0.48690277338027954,-0.012683828361332417,0.5535768866539001,0.44253411889076233,-0.002037998288869858,0.5217151641845703,0.4647938311100006,-0.011697961017489433,0.519931972026825,0.49216368794441223,-0.022851362824440002,0.5279425382614136,0.5079949498176575,-0.03169761225581169,0.53652024269104,0.4376624524593353,-0.010347196832299232,0.4961550533771515,0.47921043634414673,-0.014900865033268929,0.4998535215854645,0.5076477527618408,-0.020597849041223526,0.5141422748565674,0.5184363126754761,-0.027079837396740913,0.5178616046905518,0.4485280513763428,-0.018093649297952652,0.4832797050476074,0.4934503734111786,-0.023148424923419952,0.4904896020889282,0.5179514288902283,-0.026141609996557236,0.5058625936508179,0.5240268707275391,-0.030467232689261436,0.4976556897163391,0.4657635986804962,-0.026021895930171013,0.47090446949005127,0.5111622214317322,-0.03292389214038849,0.4787829518318176,0.532996416091919,-0.03526708111166954,0.4922845959663391,0.5363085865974426,-0.03681730851531029,0.0,0.0,0.0,0.0,0.0,0.0,0.0,0.0,0.0,0.0,0.0,0.0,0.0,0.0,0.0,0.0,0.0,0.0,0.0,0.0,0.0,0.0,0.0,0.0,0.0,0.0,0.0,0.0,0.0,0.0,0.0,0.0,0.0,0.0,0.0,0.0,0.0,0.0,0.0,0.0,0.0,0.0,0.0,0.0,0.0,0.0,0.0,0.0,0.0,0.0,0.0,0.0,0.0,0.0,0.0,0.0,0.0,0.0,0.0,0.0,0.0,0.0,0.0,HE
0.5354384779930115,0.5963174104690552,-2.0503183861819707e-07,0.5577307343482971,0.5553228259086609,0.004221503622829914,0.5663596987724304,0.5098883509635925,0.0023089966271072626,0.5786474347114563,0.4781906306743622,-0.0014308257959783077,0.599933385848999,0.4670727550983429,-0.00661371648311615,0.5320777297019958,0.4547758400440216,-0.00504833459854126,0.5200070142745972,0.4711518883705139,-0.008570422418415546,0.5193548798561096,0.49357104301452637,-0.014841432683169842,0.5229372978210449,0.5091672539710999,-0.020207636058330536,0.5041148662567139,0.46471846103668213,-0.011006146669387817,0.4930788278579712,0.4851028621196747,-0.0075927479192614555,0.49579593539237976,0.5053515434265137,-0.008533600717782974,0.5028513669967651,0.519140899181366,-0.012996112927794456,0.4804022014141083,0.48689934611320496,-0.015592244453728199,0.47272729873657227,0.5033074021339417,-0.013581965118646622,0.4783118963241577,0.519385576248169,-0.012380272150039673,0.4863344430923462,0.531322181224823,-0.01473358552902937,0.4598241448402405,0.5124198198318481,-0.020053090527653694,0.4551738500595093,0.5272228717803955,-0.01920481212437153,0.46326982975006104,0.542357861995697,-0.015059293247759342,0.47076690196990967,0.5512344837188721,-0.012702113017439842,0.0,0.0,0.0,0.0,0.0,0.0,0.0,0.0,0.0,0.0,0.0,0.0,0.0,0.0,0.0,0.0,0.0,0.0,0.0,0.0,0.0,0.0,0.0,0.0,0.0,0.0,0.0,0.0,0.0,0.0,0.0,0.0,0.0,0.0,0.0,0.0,0.0,0.0,0.0,0.0,0.0,0.0,0.0,0.0,0.0,0.0,0.0,0.0,0.0,0.0,0.0,0.0,0.0,0.0,0.0,0.0,0.0,0.0,0.0,0.0,0.0,0.0,0.0,HE
0.5368211269378662,0.5961976051330566,-1.9292473041332414e-07,0.5563785433769226,0.559662938117981,0.002768979175016284,0.5618212223052979,0.5164449214935303,0.0015067607164382935,0.5704264044761658,0.4836467504501343,-0.0015111393295228481,0.5884352326393127,0.4697118401527405,-0.005688416305929422,0.5198419094085693,0.4651890993118286,-0.00198642467148602,0.5100080966949463,0.48077282309532166,-0.004925595596432686,0.5112524628639221,0.5011080503463745,-0.010965262539684772,0.5156431794166565,0.5146352052688599,-0.015918951481580734,0.49459388852119446,0.47645437717437744,-0.006570850033313036,0.48807352781295776,0.49671635031700134,-0.003381789196282625,0.4926412105560303,0.5157725811004639,-0.004588412586599588,0.5003275275230408,0.5271009802818298,-0.008604614995419979,0.4748576879501343,0.49875858426094055,-0.01025744341313839,0.4714767634868622,0.5160120725631714,-0.008742847479879856,0.47814103960990906,0.5301192402839661,-0.008197475224733353,0.48628783226013184,0.5405476689338684,-0.01021828968077898,0.4579278528690338,0.5238257050514221,-0.014001288451254368,0.4581071734428406,0.5361896753311157,-0.012813732959330082,0.4659794569015503,0.5488817691802979,-0.009114351123571396,0.4720223844051361,0.5571980476379395,-0.006776006426662207,0.0,0.0,0.0,0.0,0.0,0.0,0.0,0.0,0.0,0.0,0.0,0.0,0.0,0.0,0.0,0.0,0.0,0.0,0.0,0.0,0.0,0.0,0.0,0.0,0.0,0.0,0.0,0.0,0.0,0.0,0.0,0.0,0.0,0.0,0.0,0.0,0.0,0.0,0.0,0.0,0.0,0.0,0.0,0.0,0.0,0.0,0.0,0.0,0.0,0.0,0.0,0.0,0.0,0.0,0.0,0.0,0.0,0.0,0.0,0.0,0.0,0.0,0.0,HE
0.5760893225669861,0.5744272470474243,-2.1945176342796913e-07,0.573813796043396,0.5252067446708679,0.004596590530127287,0.5620549321174622,0.4808194935321808,0.0020900005474686623,0.5606844425201416,0.44750991463661194,-0.0028439927846193314,0.5724446773529053,0.4231000542640686,-0.009264198131859303,0.5167513489723206,0.44785016775131226,-0.0032307677902281284,0.49899303913116455,0.47155219316482544,-0.010201585479080677,0.5062296986579895,0.49221935868263245,-0.018720069900155067,0.5177724957466125,0.5028806924819946,-0.025010360404849052,0.49763673543930054,0.4714500606060028,-0.010247980244457722,0.4856332838535309,0.5037631392478943,-0.011211141012609005,0.4968600273132324,0.5219237208366394,-0.013839013874530792,0.5119352340698242,0.5281474590301514,-0.01824519783258438,0.48444634675979614,0.5051862001419067,-0.01635723002254963,0.4769960045814514,0.532135009765625,-0.018792113289237022,0.4892142117023468,0.5448336005210876,-0.018160348758101463,0.5042597651481628,0.5485879182815552,-0.01958502270281315,0.47429904341697693,0.5407044887542725,-0.022376209497451782,0.4727281332015991,0.5627326965332031,-0.02601427026093006,0.4858589768409729,0.5739375948905945,-0.023631040006875992,0.4975568950176239,0.5762802362442017,-0.02126115933060646,0.0,0.0,0.0,0.0,0.0,0.0,0.0,0.0,0.0,0.0,0.0,0.0,0.0,0.0,0.0,0.0,0.0,0.0,0.0,0.0,0.0,0.0,0.0,0.0,0.0,0.0,0.0,0.0,0.0,0.0,0.0,0.0,0.0,0.0,0.0,0.0,0.0,0.0,0.0,0.0,0.0,0.0,0.0,0.0,0.0,0.0,0.0,0.0,0.0,0.0,0.0,0.0,0.0,0.0,0.0,0.0,0.0,0.0,0.0,0.0,0.0,0.0,0.0,HE
0.5639020204544067,0.5933102965354919,-2.3600985343819048e-07,0.5738453269004822,0.5419760942459106,0.006229958962649107,0.5696554183959961,0.49207764863967896,0.0033168038353323936,0.5718315839767456,0.45848703384399414,-0.0021540492307394743,0.5863969326019287,0.44140350818634033,-0.009363627061247826,0.5362486839294434,0.4517017602920532,-0.006883278489112854,0.52386474609375,0.47393131256103516,-0.01393070723861456,0.526743471622467,0.4976183772087097,-0.022534983232617378,0.5331551432609558,0.5104101300239563,-0.02914981171488762,0.5107030868530273,0.46735286712646484,-0.014838053844869137,0.4998328685760498,0.4945078194141388,-0.013376767747104168,0.5048931837081909,0.5156424045562744,-0.01423377450555563,0.5137262940406799,0.526284396648407,-0.018838966265320778,0.48903295397758484,0.4944781959056854,-0.021420292556285858,0.4802205562591553,0.5165302157402039,-0.021132195368409157,0.48849719762802124,0.5329851508140564,-0.01855912245810032,0.4991397261619568,0.5416470766067505,-0.02004011534154415,0.4698585569858551,0.5251690745353699,-0.027747849002480507,0.46478796005249023,0.5443245768547058,-0.027309978380799294,0.4750230610370636,0.5583305358886719,-0.0220599714666605,0.4839523434638977,0.5642864108085632,-0.019018074497580528,0.0,0.0,0.0,0.0,0.0,0.0,0.0,0.0,0.0,0.0,0.0,0.0,0.0,0.0,0.0,0.0,0.0,0.0,0.0,0.0,0.0,0.0,0.0,0.0,0.0,0.0,0.0,0.0,0.0,0.0,0.0,0.0,0.0,0.0,0.0,0.0,0.0,0.0,0.0,0.0,0.0,0.0,0.0,0.0,0.0,0.0,0.0,0.0,0.0,0.0,0.0,0.0,0.0,0.0,0.0,0.0,0.0,0.0,0.0,0.0,0.0,0.0,0.0,HE
0.5449861288070679,0.6015543937683105,-2.218444592472224e-07,0.5723743438720703,0.562917947769165,0.001443715882487595,0.5809646844863892,0.5132807493209839,-0.0004732079105451703,0.589438796043396,0.477517306804657,-0.0037992792204022408,0.6079731583595276,0.46063920855522156,-0.008447823114693165,0.5457363128662109,0.45787671208381653,-0.006769075524061918,0.535706102848053,0.4830194413661957,-0.012231158092617989,0.5374922752380371,0.5063833594322205,-0.02031519077718258,0.5408477187156677,0.5199463367462158,-0.02665884606540203,0.5163906216621399,0.4679883122444153,-0.011427436023950577,0.5087479948997498,0.4957613945007324,-0.009002471342682838,0.5125535726547241,0.5168977379798889,-0.011186557821929455,0.5175665616989136,0.5290177464485168,-0.016923872753977776,0.49220019578933716,0.4906347692012787,-0.0151826161891222,0.4867764115333557,0.5126762986183167,-0.014894186519086361,0.4942762553691864,0.528357744216919,-0.01510404422879219,0.5015591382980347,0.5384089946746826,-0.018428979441523552,0.4712788462638855,0.515907347202301,-0.01900799572467804,0.47070032358169556,0.5346783399581909,-0.018940038979053497,0.4804474711418152,0.5490084290504456,-0.015722164884209633,0.48731595277786255,0.5564268827438354,-0.014369846321642399,0.0,0.0,0.0,0.0,0.0,0.0,0.0,0.0,0.0,0.0,0.0,0.0,0.0,0.0,0.0,0.0,0.0,0.0,0.0,0.0,0.0,0.0,0.0,0.0,0.0,0.0,0.0,0.0,0.0,0.0,0.0,0.0,0.0,0.0,0.0,0.0,0.0,0.0,0.0,0.0,0.0,0.0,0.0,0.0,0.0,0.0,0.0,0.0,0.0,0.0,0.0,0.0,0.0,0.0,0.0,0.0,0.0,0.0,0.0,0.0,0.0,0.0,0.0,HE
0.5466718077659607,0.6096851825714111,-2.388330813118955e-07,0.5611522197723389,0.5579527020454407,0.004550104960799217,0.5582852959632874,0.5026355385780334,0.002818390494212508,0.560318648815155,0.4641093611717224,-0.0011154565727338195,0.5773261189460754,0.4430128335952759,-0.0063798632472753525,0.515311062335968,0.45669159293174744,-0.0029854117892682552,0.5040542483329773,0.47755223512649536,-0.008025298826396465,0.5090438723564148,0.4997188448905945,-0.01607855036854744,0.5157655477523804,0.5128964185714722,-0.022429602220654488,0.49016207456588745,0.4766441583633423,-0.00954451970756054,0.4825451076030731,0.5015970468521118,-0.007988162338733673,0.490315705537796,0.5196844935417175,-0.010970523580908775,0.49962830543518066,0.5300559401512146,-0.01673419587314129,0.47101151943206787,0.506889283657074,-0.014857765287160873,0.4664277136325836,0.5240747928619385,-0.015528799965977669,0.47653818130493164,0.5373249053955078,-0.015340154059231281,0.48693618178367615,0.5456820726394653,-0.017773671075701714,0.45530134439468384,0.5389007329940796,-0.019926462322473526,0.45632511377334595,0.5499180555343628,-0.020482560619711876,0.4676339328289032,0.5615286827087402,-0.016201704740524292,0.47593259811401367,0.567737340927124,-0.013410425744950771,0.0,0.0,0.0,0.0,0.0,0.0,0.0,0.0,0.0,0.0,0.0,0.0,0.0,0.0,0.0,0.0,0.0,0.0,0.0,0.0,0.0,0.0,0.0,0.0,0.0,0.0,0.0,0.0,0.0,0.0,0.0,0.0,0.0,0.0,0.0,0.0,0.0,0.0,0.0,0.0,0.0,0.0,0.0,0.0,0.0,0.0,0.0,0.0,0.0,0.0,0.0,0.0,0.0,0.0,0.0,0.0,0.0,0.0,0.0,0.0,0.0,0.0,0.0,HE
0.5449540019035339,0.6003384590148926,-2.353702939217328e-07,0.5686309337615967,0.5583072900772095,0.0032696921844035387,0.5759257674217224,0.5090853571891785,0.0018147641094401479,0.5869326591491699,0.47440478205680847,-0.0016959368949756026,0.6074104309082031,0.4590117335319519,-0.00675260229036212,0.5387334227561951,0.4547613263130188,-0.002329722512513399,0.5253009796142578,0.4727924168109894,-0.0071970936842262745,0.5246066451072693,0.4959840774536133,-0.015415377914905548,0.5286895632743835,0.5118024945259094,-0.022026807069778442,0.5099172592163086,0.4645790457725525,-0.007945236749947071,0.49857601523399353,0.48668670654296875,-0.006599321961402893,0.5009052753448486,0.5071700215339661,-0.009775349870324135,0.5084343552589417,0.5214303731918335,-0.01525917463004589,0.4855083227157593,0.4860738217830658,-0.012598089873790741,0.47825050354003906,0.5030059218406677,-0.012587768957018852,0.48334255814552307,0.5188665390014648,-0.013151799328625202,0.4918018877506256,0.530404806137085,-0.01615115813910961,0.4646326005458832,0.5116347670555115,-0.017235005274415016,0.46025794744491577,0.5279783010482788,-0.01780105009675026,0.46799609065055847,0.5431498289108276,-0.014750410802662373,0.4756105840206146,0.5519517660140991,-0.012825554236769676,0.0,0.0,0.0,0.0,0.0,0.0,0.0,0.0,0.0,0.0,0.0,0.0,0.0,0.0,0.0,0.0,0.0,0.0,0.0,0.0,0.0,0.0,0.0,0.0,0.0,0.0,0.0,0.0,0.0,0.0,0.0,0.0,0.0,0.0,0.0,0.0,0.0,0.0,0.0,0.0,0.0,0.0,0.0,0.0,0.0,0.0,0.0,0.0,0.0,0.0,0.0,0.0,0.0,0.0,0.0,0.0,0.0,0.0,0.0,0.0,0.0,0.0,0.0,HE
0.5428008437156677,0.604812502861023,-2.1537167071983276e-07,0.5633140206336975,0.5579990744590759,0.004661167971789837,0.5656859874725342,0.50472092628479,0.0045064836740493774,0.5703439116477966,0.4653320014476776,0.0022219549864530563,0.588314414024353,0.4459967017173767,-0.001459302380681038,0.5212673544883728,0.4555458128452301,-0.00028542260406538844,0.5129366517066956,0.4761604964733124,-0.0033911250066012144,0.5163236260414124,0.4986170530319214,-0.010603627189993858,0.5213653445243835,0.5128856897354126,-0.016464263200759888,0.4944176971912384,0.47169047594070435,-0.006014237646013498,0.4893929064273834,0.49865248799324036,-0.0015868714544922113,0.49545958638191223,0.5180577039718628,-0.003942309878766537,0.5028562545776367,0.5287562012672424,-0.009581726975739002,0.4737898111343384,0.5003492832183838,-0.010607869364321232,0.47137677669525146,0.5202507972717285,-0.008481488563120365,0.47991594672203064,0.5348772406578064,-0.008681594394147396,0.48849985003471375,0.544106125831604,-0.01191320177167654,0.4561314284801483,0.5316338539123535,-0.015034973621368408,0.4578942656517029,0.547989010810852,-0.01377362571656704,0.46864211559295654,0.5604366660118103,-0.009974958375096321,0.47588488459587097,0.5672641396522522,-0.007905371487140656,0.0,0.0,0.0,0.0,0.0,0.0,0.0,0.0,0.0,0.0,0.0,0.0,0.0,0.0,0.0,0.0,0.0,0.0,0.0,0.0,0.0,0.0,0.0,0.0,0.0,0.0,0.0,0.0,0.0,0.0,0.0,0.0,0.0,0.0,0.0,0.0,0.0,0.0,0.0,0.0,0.0,0.0,0.0,0.0,0.0,0.0,0.0,0.0,0.0,0.0,0.0,0.0,0.0,0.0,0.0,0.0,0.0,0.0,0.0,0.0,0.0,0.0,0.0,HE
0.5736490488052368,0.6089569330215454,-2.4750369220782886e-07,0.5928951501846313,0.5508208274841309,0.004717628005892038,0.593777060508728,0.49504101276397705,0.0015738449292257428,0.5972857475280762,0.4541829228401184,-0.0035822750069200993,0.6158635020256042,0.4327021837234497,-0.010157088749110699,0.5500214695930481,0.45085009932518005,-0.008519643917679787,0.544181764125824,0.47426286339759827,-0.015651531517505646,0.5496732592582703,0.49937742948532104,-0.02460324391722679,0.5551581978797913,0.5153496265411377,-0.03139081597328186,0.5218477249145508,0.4711942672729492,-0.015436608344316483,0.5177433490753174,0.49379679560661316,-0.014529571868479252,0.5250965356826782,0.514302134513855,-0.016114749014377594,0.532453715801239,0.5281839966773987,-0.02135493978857994,0.5001006126403809,0.5006621479988098,-0.02092939056456089,0.49754464626312256,0.5163800120353699,-0.02116352505981922,0.507212221622467,0.5317327976226807,-0.019268829375505447,0.5156968832015991,0.5441311597824097,-0.021127965301275253,0.4819861054420471,0.5317946672439575,-0.02616783417761326,0.4835008680820465,0.5437173843383789,-0.026494750753045082,0.49504774808883667,0.5560321807861328,-0.021746603772044182,0.5027672052383423,0.5639533996582031,-0.018955590203404427,0.0,0.0,0.0,0.0,0.0,0.0,0.0,0.0,0.0,0.0,0.0,0.0,0.0,0.0,0.0,0.0,0.0,0.0,0.0,0.0,0.0,0.0,0.0,0.0,0.0,0.0,0.0,0.0,0.0,0.0,0.0,0.0,0.0,0.0,0.0,0.0,0.0,0.0,0.0,0.0,0.0,0.0,0.0,0.0,0.0,0.0,0.0,0.0,0.0,0.0,0.0,0.0,0.0,0.0,0.0,0.0,0.0,0.0,0.0,0.0,0.0,0.0,0.0,HE
0.5519088506698608,0.6052297353744507,-2.5294403371844965e-07,0.5755572319030762,0.5511254072189331,0.005250795278698206,0.5777475237846375,0.488430380821228,0.004453458823263645,0.5820109844207764,0.44142472743988037,0.0014618292916566133,0.6021994948387146,0.4176185429096222,-0.0026361558120697737,0.5303074717521667,0.43498876690864563,-0.0006704195984639227,0.5199270844459534,0.4482870101928711,-0.004712348338216543,0.5242094397544861,0.4744759202003479,-0.012673713266849518,0.5306902527809143,0.49242812395095825,-0.019028954207897186,0.5006468296051025,0.4527345299720764,-0.006792970933020115,0.49333733320236206,0.4727388918399811,-0.002814347855746746,0.5008271932601929,0.4944238066673279,-0.005114527884870768,0.5097500681877136,0.5088984370231628,-0.01064087450504303,0.477692574262619,0.4816824495792389,-0.01159752905368805,0.47422152757644653,0.496876060962677,-0.009590857662260532,0.48444700241088867,0.512972891330719,-0.009028039872646332,0.4944511950016022,0.5251568555831909,-0.011779692955315113,0.45908069610595703,0.5126370787620544,-0.01613655500113964,0.4606765806674957,0.5257036089897156,-0.014615082181990147,0.47201547026634216,0.5401543378829956,-0.009827109053730965,0.4805119037628174,0.5488861203193665,-0.006860220804810524,0.0,0.0,0.0,0.0,0.0,0.0,0.0,0.0,0.0,0.0,0.0,0.0,0.0,0.0,0.0,0.0,0.0,0.0,0.0,0.0,0.0,0.0,0.0,0.0,0.0,0.0,0.0,0.0,0.0,0.0,0.0,0.0,0.0,0.0,0.0,0.0,0.0,0.0,0.0,0.0,0.0,0.0,0.0,0.0,0.0,0.0,0.0,0.0,0.0,0.0,0.0,0.0,0.0,0.0,0.0,0.0,0.0,0.0,0.0,0.0,0.0,0.0,0.0,HE
0.5673536062240601,0.5876564383506775,-2.5637532985456346e-07,0.5779644846916199,0.5284329056739807,0.007319026626646519,0.5745140910148621,0.47533392906188965,0.005100700072944164,0.5777881145477295,0.4345633387565613,0.0005003850674256682,0.5962299108505249,0.4105135500431061,-0.0058506024070084095,0.5262607336044312,0.4329583942890167,-0.008070207200944424,0.5179598331451416,0.45565858483314514,-0.012465151958167553,0.5235373377799988,0.4797590970993042,-0.018503038212656975,0.5311898589134216,0.49506092071533203,-0.02364307828247547,0.4986589550971985,0.4550592303276062,-0.015801643952727318,0.492835134267807,0.4815695285797119,-0.012564597651362419,0.5003783106803894,0.5020968914031982,-0.01200494822114706,0.5108535885810852,0.5149365663528442,-0.01602688990533352,0.47802549600601196,0.488162100315094,-0.021579153835773468,0.47480252385139465,0.5088801980018616,-0.01986396685242653,0.48466360569000244,0.5242100358009338,-0.016956156119704247,0.4958537817001343,0.5355706810951233,-0.018657436594367027,0.46165162324905396,0.5244236588478088,-0.026932386681437492,0.46190083026885986,0.541856050491333,-0.02671019546687603,0.47445204854011536,0.5543657541275024,-0.021892063319683075,0.48425835371017456,0.5617420077323914,-0.019074348732829094,0.0,0.0,0.0,0.0,0.0,0.0,0.0,0.0,0.0,0.0,0.0,0.0,0.0,0.0,0.0,0.0,0.0,0.0,0.0,0.0,0.0,0.0,0.0,0.0,0.0,0.0,0.0,0.0,0.0,0.0,0.0,0.0,0.0,0.0,0.0,0.0,0.0,0.0,0.0,0.0,0.0,0.0,0.0,0.0,0.0,0.0,0.0,0.0,0.0,0.0,0.0,0.0,0.0,0.0,0.0,0.0,0.0,0.0,0.0,0.0,0.0,0.0,0.0,HE
0.5408177971839905,0.5876091718673706,-2.5941847070498625e-07,0.559227705001831,0.5410112738609314,0.003824999090284109,0.5659215450286865,0.48992443084716797,0.0004917671903967857,0.5790510773658752,0.45633912086486816,-0.0053490218706429005,0.6019572019577026,0.44627922773361206,-0.012911586090922356,0.527819037437439,0.4319605231285095,-0.007642385084182024,0.5046293139457703,0.44873353838920593,-0.015256119892001152,0.5038877129554749,0.4747488498687744,-0.024979598820209503,0.5109719038009644,0.49310898780822754,-0.03235575556755066,0.4987906217575073,0.4412168562412262,-0.014974808320403099,0.4777708947658539,0.4674564301967621,-0.015156901441514492,0.4817323088645935,0.4911266565322876,-0.01764216460287571,0.49325013160705566,0.5059720873832703,-0.02268635854125023,0.47336456179618835,0.4639422297477722,-0.021096020936965942,0.45881903171539307,0.48965346813201904,-0.02175193652510643,0.4654831886291504,0.508370041847229,-0.021243296563625336,0.4771827161312103,0.5201407670974731,-0.02369687706232071,0.450465589761734,0.49111708998680115,-0.027412131428718567,0.4423358738422394,0.5155593156814575,-0.028378203511238098,0.45187246799468994,0.5331124067306519,-0.02491605654358864,0.46215882897377014,0.5415626764297485,-0.022636352106928825,0.0,0.0,0.0,0.0,0.0,0.0,0.0,0.0,0.0,0.0,0.0,0.0,0.0,0.0,0.0,0.0,0.0,0.0,0.0,0.0,0.0,0.0,0.0,0.0,0.0,0.0,0.0,0.0,0.0,0.0,0.0,0.0,0.0,0.0,0.0,0.0,0.0,0.0,0.0,0.0,0.0,0.0,0.0,0.0,0.0,0.0,0.0,0.0,0.0,0.0,0.0,0.0,0.0,0.0,0.0,0.0,0.0,0.0,0.0,0.0,0.0,0.0,0.0,HE
0.561965823173523,0.5852503180503845,-2.5049618557204667e-07,0.5780654549598694,0.5305975079536438,0.005737755447626114,0.5808928608894348,0.4766538739204407,0.003633918473497033,0.5908609628677368,0.44008883833885193,-0.0008619097643531859,0.612452507019043,0.42619454860687256,-0.007204877212643623,0.5366013646125793,0.4275211989879608,-0.008076205849647522,0.5203561186790466,0.44762295484542847,-0.012815440073609352,0.5231292247772217,0.47302481532096863,-0.019641786813735962,0.5311199426651001,0.48967254161834717,-0.025258129462599754,0.50709068775177,0.4435763657093048,-0.015222055837512016,0.49523717164993286,0.4712251126766205,-0.012772087939083576,0.501385509967804,0.4944149851799011,-0.013421079143881798,0.5127898454666138,0.5091585516929626,-0.01769057661294937,0.48341333866119385,0.4717714488506317,-0.020596753805875778,0.4760875105857849,0.49404531717300415,-0.018718624487519264,0.4848456382751465,0.5116258859634399,-0.01729557476937771,0.49647045135498047,0.5244100689888,-0.01964762434363365,0.4632573127746582,0.5040838718414307,-0.02587057277560234,0.4614028334617615,0.5241714715957642,-0.02535174787044525,0.47286105155944824,0.5394123792648315,-0.021345650777220726,0.4828352630138397,0.5482261776924133,-0.018846726045012474,0.0,0.0,0.0,0.0,0.0,0.0,0.0,0.0,0.0,0.0,0.0,0.0,0.0,0.0,0.0,0.0,0.0,0.0,0.0,0.0,0.0,0.0,0.0,0.0,0.0,0.0,0.0,0.0,0.0,0.0,0.0,0.0,0.0,0.0,0.0,0.0,0.0,0.0,0.0,0.0,0.0,0.0,0.0,0.0,0.0,0.0,0.0,0.0,0.0,0.0,0.0,0.0,0.0,0.0,0.0,0.0,0.0,0.0,0.0,0.0,0.0,0.0,0.0,HE
0.5483566522598267,0.5917476415634155,-2.4795190256554633e-07,0.563206672668457,0.5333351492881775,0.003779876045882702,0.5617302060127258,0.47850990295410156,0.0012544584460556507,0.5657273530960083,0.43602892756462097,-0.003027144819498062,0.5841166973114014,0.4103219211101532,-0.008741309866309166,0.5029032230377197,0.436942458152771,-0.008526448160409927,0.4970857799053192,0.458964467048645,-0.012142639607191086,0.505926787853241,0.48513293266296387,-0.018092069774866104,0.5153951644897461,0.5011017918586731,-0.023523762822151184,0.4755043685436249,0.4631377160549164,-0.014960412867367268,0.4735848903656006,0.48457667231559753,-0.012660856358706951,0.4841412901878357,0.5056651830673218,-0.01360357366502285,0.49564892053604126,0.5192834138870239,-0.01819475367665291,0.45740923285484314,0.49880480766296387,-0.019684551283717155,0.45687639713287354,0.5121564269065857,-0.019091084599494934,0.4684313237667084,0.5283437967300415,-0.017197536304593086,0.48044946789741516,0.5404581427574158,-0.019028527662158012,0.4442596137523651,0.5355462431907654,-0.024212578311562538,0.44593697786331177,0.5473647713661194,-0.02496662735939026,0.4594687223434448,0.5592892169952393,-0.020521707832813263,0.4700695276260376,0.5666633248329163,-0.017602380365133286,0.0,0.0,0.0,0.0,0.0,0.0,0.0,0.0,0.0,0.0,0.0,0.0,0.0,0.0,0.0,0.0,0.0,0.0,0.0,0.0,0.0,0.0,0.0,0.0,0.0,0.0,0.0,0.0,0.0,0.0,0.0,0.0,0.0,0.0,0.0,0.0,0.0,0.0,0.0,0.0,0.0,0.0,0.0,0.0,0.0,0.0,0.0,0.0,0.0,0.0,0.0,0.0,0.0,0.0,0.0,0.0,0.0,0.0,0.0,0.0,0.0,0.0,0.0,HE
0.552268385887146,0.5765760540962219,-1.838026122413794e-07,0.573986828327179,0.5435149073600769,0.003375281346961856,0.5805259943008423,0.5037186741828918,0.003333812113851309,0.5903002023696899,0.4730890989303589,0.0012773730559274554,0.6081547737121582,0.45930126309394836,-0.0020585735328495502,0.538112223148346,0.4485730826854706,0.0020915819332003593,0.5311586856842041,0.4690050780773163,0.00039446624577976763,0.5329331755638123,0.48885002732276917,-0.0057245115749537945,0.5373098850250244,0.5013750195503235,-0.011043041944503784,0.5122388601303101,0.46194082498550415,-0.0028076807502657175,0.5084123015403748,0.4854002296924591,0.0011845625704154372,0.5135818123817444,0.503021776676178,-0.0015837145037949085,0.5208650231361389,0.514237642288208,-0.006935412529855967,0.49284785985946655,0.4854739010334015,-0.00687144510447979,0.49081867933273315,0.5057054162025452,-0.0053350613452494144,0.49867749214172363,0.5187403559684753,-0.007219739258289337,0.5070661902427673,0.5275593400001526,-0.011102934367954731,0.47710782289505005,0.5109666585922241,-0.01092472206801176,0.4777381420135498,0.5305212736129761,-0.010483711026608944,0.48717498779296875,0.5430244207382202,-0.008612124249339104,0.49500787258148193,0.549353837966919,-0.0078516136854887,0.0,0.0,0.0,0.0,0.0,0.0,0.0,0.0,0.0,0.0,0.0,0.0,0.0,0.0,0.0,0.0,0.0,0.0,0.0,0.0,0.0,0.0,0.0,0.0,0.0,0.0,0.0,0.0,0.0,0.0,0.0,0.0,0.0,0.0,0.0,0.0,0.0,0.0,0.0,0.0,0.0,0.0,0.0,0.0,0.0,0.0,0.0,0.0,0.0,0.0,0.0,0.0,0.0,0.0,0.0,0.0,0.0,0.0,0.0,0.0,0.0,0.0,0.0,HE
0.5686407089233398,0.5840138792991638,-2.2354473117047746e-07,0.5797259211540222,0.5400444865226746,0.002665337873622775,0.5769261121749878,0.49501532316207886,0.0006439152057282627,0.5805675983428955,0.4596148431301117,-0.003001198638230562,0.5954533219337463,0.43784889578819275,-0.007887763902544975,0.5274109244346619,0.458150178194046,-0.005944526754319668,0.5214357376098633,0.4814416468143463,-0.010367308743298054,0.5271042585372925,0.4999181628227234,-0.017040420323610306,0.5325955748558044,0.5105867981910706,-0.022474192082881927,0.5046992897987366,0.4785038232803345,-0.01126193255186081,0.5025186538696289,0.5087474584579468,-0.009602844715118408,0.5112667679786682,0.5244585275650024,-0.011687193065881729,0.5200939178466797,0.5323410034179688,-0.01682983711361885,0.4889569878578186,0.5087712407112122,-0.015434828586876392,0.4892222583293915,0.5342597961425781,-0.015548666007816792,0.4998587369918823,0.5449369549751282,-0.01565100997686386,0.5100725889205933,0.55022132396698,-0.018628276884555817,0.4765121042728424,0.540172278881073,-0.019621649757027626,0.4808461666107178,0.5617949962615967,-0.020583342760801315,0.4926631450653076,0.5709542036056519,-0.01839558407664299,0.5010819435119629,0.5736026763916016,-0.017458701506257057,0.0,0.0,0.0,0.0,0.0,0.0,0.0,0.0,0.0,0.0,0.0,0.0,0.0,0.0,0.0,0.0,0.0,0.0,0.0,0.0,0.0,0.0,0.0,0.0,0.0,0.0,0.0,0.0,0.0,0.0,0.0,0.0,0.0,0.0,0.0,0.0,0.0,0.0,0.0,0.0,0.0,0.0,0.0,0.0,0.0,0.0,0.0,0.0,0.0,0.0,0.0,0.0,0.0,0.0,0.0,0.0,0.0,0.0,0.0,0.0,0.0,0.0,0.0,HE
0.5710243582725525,0.5849599242210388,-2.4771446760496474e-07,0.585033655166626,0.5459580421447754,0.0038654885720461607,0.5906980037689209,0.5046725273132324,0.0018419423140585423,0.6014105081558228,0.47689443826675415,-0.002516623120754957,0.6193117499351501,0.46493202447891235,-0.00831408891826868,0.5471172332763672,0.4514499008655548,-0.004894508048892021,0.5269808173179626,0.4721619188785553,-0.011198675259947777,0.5283614993095398,0.4946287274360657,-0.01920800469815731,0.535714864730835,0.5088503360748291,-0.025233332067728043,0.5231242775917053,0.46103984117507935,-0.01154924463480711,0.506855845451355,0.49258971214294434,-0.011546570807695389,0.5120855569839478,0.5132031440734863,-0.013583282008767128,0.5235353112220764,0.5236026048660278,-0.017881985753774643,0.5033276081085205,0.48362982273101807,-0.017289593815803528,0.4914438724517822,0.5130618810653687,-0.018613096326589584,0.4992170035839081,0.5293087363243103,-0.018739895895123482,0.5117780566215515,0.5366483926773071,-0.02115156501531601,0.4854438602924347,0.5098199248313904,-0.023141488432884216,0.47874733805656433,0.5390352010726929,-0.025712300091981888,0.4890590012073517,0.5538671016693115,-0.02415301464498043,0.4999416470527649,0.5579906105995178,-0.022995514795184135,0.0,0.0,0.0,0.0,0.0,0.0,0.0,0.0,0.0,0.0,0.0,0.0,0.0,0.0,0.0,0.0,0.0,0.0,0.0,0.0,0.0,0.0,0.0,0.0,0.0,0.0,0.0,0.0,0.0,0.0,0.0,0.0,0.0,0.0,0.0,0.0,0.0,0.0,0.0,0.0,0.0,0.0,0.0,0.0,0.0,0.0,0.0,0.0,0.0,0.0,0.0,0.0,0.0,0.0,0.0,0.0,0.0,0.0,0.0,0.0,0.0,0.0,0.0,HE
0.5605916976928711,0.5785783529281616,-2.1665870519882446e-07,0.5644918084144592,0.5462204217910767,0.0037405681796371937,0.5628337860107422,0.5183736681938171,0.0005268941749818623,0.571321427822113,0.5017516613006592,-0.005421319045126438,0.586592972278595,0.4965765178203583,-0.01252375915646553,0.5223132967948914,0.46621376276016235,0.0014951720368117094,0.5038919448852539,0.492778480052948,-0.005741850007325411,0.5056158304214478,0.5132976770401001,-0.016262400895357132,0.5145365595817566,0.523161768913269,-0.02453227899968624,0.5028085112571716,0.4741486608982086,-0.005807625595480204,0.48523038625717163,0.5089575052261353,-0.00753310602158308,0.4916660487651825,0.5284885168075562,-0.012308292090892792,0.5053004026412964,0.5346708297729492,-0.017819859087467194,0.4869254231452942,0.4948817193508148,-0.012758794240653515,0.47315293550491333,0.5285752415657043,-0.014785835519433022,0.4816117286682129,0.5454190373420715,-0.01599198393523693,0.4948124289512634,0.5493375658988953,-0.01877678371965885,0.4743134081363678,0.5199480652809143,-0.020046425983309746,0.46672680974006653,0.5560805797576904,-0.02396550215780735,0.47684046626091003,0.5713590979576111,-0.02346288412809372,0.4877142608165741,0.5737187266349792,-0.022678915411233902,0.0,0.0,0.0,0.0,0.0,0.0,0.0,0.0,0.0,0.0,0.0,0.0,0.0,0.0,0.0,0.0,0.0,0.0,0.0,0.0,0.0,0.0,0.0,0.0,0.0,0.0,0.0,0.0,0.0,0.0,0.0,0.0,0.0,0.0,0.0,0.0,0.0,0.0,0.0,0.0,0.0,0.0,0.0,0.0,0.0,0.0,0.0,0.0,0.0,0.0,0.0,0.0,0.0,0.0,0.0,0.0,0.0,0.0,0.0,0.0,0.0,0.0,0.0,HE
0.5671694278717041,0.595495343208313,-1.9596582490066794e-07,0.5829993486404419,0.5622121095657349,0.0015707839047536254,0.5896099209785461,0.5220560431480408,-0.001035745139233768,0.6016125679016113,0.4943649172782898,-0.005289897788316011,0.6195040941238403,0.4807319641113281,-0.010920939967036247,0.5475335717201233,0.4689733684062958,-0.005892991553992033,0.5340279936790466,0.4889445900917053,-0.010674330405890942,0.5352182984352112,0.5072071552276611,-0.01759135164320469,0.5404174327850342,0.5183978080749512,-0.023181438446044922,0.5234033465385437,0.48105522990226746,-0.011021610349416733,0.513129472732544,0.5093522667884827,-0.010035045444965363,0.5183596611022949,0.5272378921508789,-0.012663607485592365,0.5280285477638245,0.5364905595779419,-0.017679313197731972,0.5043068528175354,0.5048914551734924,-0.015207028016448021,0.49828606843948364,0.530029296875,-0.015670645982027054,0.5057809352874756,0.5432654023170471,-0.016396021470427513,0.5161843299865723,0.5503491163253784,-0.019333189353346825,0.48810094594955444,0.5316212177276611,-0.01957589201629162,0.4870077669620514,0.555741548538208,-0.020581573247909546,0.4961208403110504,0.5677582621574402,-0.018701013177633286,0.5046916007995605,0.5720781683921814,-0.017659949138760567,0.0,0.0,0.0,0.0,0.0,0.0,0.0,0.0,0.0,0.0,0.0,0.0,0.0,0.0,0.0,0.0,0.0,0.0,0.0,0.0,0.0,0.0,0.0,0.0,0.0,0.0,0.0,0.0,0.0,0.0,0.0,0.0,0.0,0.0,0.0,0.0,0.0,0.0,0.0,0.0,0.0,0.0,0.0,0.0,0.0,0.0,0.0,0.0,0.0,0.0,0.0,0.0,0.0,0.0,0.0,0.0,0.0,0.0,0.0,0.0,0.0,0.0,0.0,HE
0.7203554511070251,0.6127573847770691,-1.7943658292551845e-07,0.7359626889228821,0.5703875422477722,-0.00018886661564465612,0.7402469515800476,0.5235742926597595,-0.004381316713988781,0.7501233220100403,0.49163782596588135,-0.010223942808806896,0.7711183428764343,0.4759264886379242,-0.017073072493076324,0.6940129399299622,0.4698829650878906,-0.00725045520812273,0.6797282099723816,0.4950556755065918,-0.014488544315099716,0.6823684573173523,0.5166111588478088,-0.02324448525905609,0.6890984773635864,0.5284383893013,-0.030191855505108833,0.6687434315681458,0.4818604588508606,-0.012939215637743473,0.6576926708221436,0.5156406760215759,-0.013729684986174107,0.664655864238739,0.5363671183586121,-0.01622566394507885,0.6754193902015686,0.5454158186912537,-0.021104946732521057,0.648274302482605,0.5071210861206055,-0.018160121515393257,0.6405575275421143,0.5392810106277466,-0.02036994881927967,0.6499105095863342,0.5557365417480469,-0.02033844031393528,0.6624086499214172,0.561833918094635,-0.02280133031308651,0.6308198571205139,0.5357136726379395,-0.023932792246341705,0.627621054649353,0.5681557059288025,-0.026933297514915466,0.6380226016044617,0.5837048292160034,-0.02519497275352478,0.6478961706161499,0.5872973203659058,-0.024024764075875282,0.0,0.0,0.0,0.0,0.0,0.0,0.0,0.0,0.0,0.0,0.0,0.0,0.0,0.0,0.0,0.0,0.0,0.0,0.0,0.0,0.0,0.0,0.0,0.0,0.0,0.0,0.0,0.0,0.0,0.0,0.0,0.0,0.0,0.0,0.0,0.0,0.0,0.0,0.0,0.0,0.0,0.0,0.0,0.0,0.0,0.0,0.0,0.0,0.0,0.0,0.0,0.0,0.0,0.0,0.0,0.0,0.0,0.0,0.0,0.0,0.0,0.0,0.0,HE
0.6513446569442749,0.5742049217224121,-2.1765733038137114e-07,0.65967857837677,0.5434085130691528,0.0018719026120379567,0.6596240997314453,0.5117712020874023,-0.0014653147663921118,0.6681904196739197,0.49105238914489746,-0.007101598661392927,0.6844182014465332,0.4802747070789337,-0.01392389927059412,0.6202918887138367,0.463838130235672,-0.0015274414326995611,0.6026389002799988,0.48646825551986694,-0.009885125793516636,0.6047892570495605,0.5070128440856934,-0.020256228744983673,0.6125798225402832,0.5194920301437378,-0.027835829183459282,0.6003995537757874,0.4745950698852539,-0.007935939356684685,0.583271861076355,0.5054754018783569,-0.01053281594067812,0.5894337892532349,0.5251270532608032,-0.015372260473668575,0.6012006998062134,0.5331381559371948,-0.020749177783727646,0.583896279335022,0.49671587347984314,-0.014066441915929317,0.5706586837768555,0.5264645218849182,-0.017783265560865402,0.579243004322052,0.5421953201293945,-0.019209781661629677,0.591509997844696,0.5468884706497192,-0.02161768078804016,0.5700686573982239,0.5220460295677185,-0.02049296349287033,0.5622366070747375,0.5540937185287476,-0.024596355855464935,0.5716568827629089,0.5688736438751221,-0.02352968230843544,0.5820379853248596,0.5720163583755493,-0.022274624556303024,0.0,0.0,0.0,0.0,0.0,0.0,0.0,0.0,0.0,0.0,0.0,0.0,0.0,0.0,0.0,0.0,0.0,0.0,0.0,0.0,0.0,0.0,0.0,0.0,0.0,0.0,0.0,0.0,0.0,0.0,0.0,0.0,0.0,0.0,0.0,0.0,0.0,0.0,0.0,0.0,0.0,0.0,0.0,0.0,0.0,0.0,0.0,0.0,0.0,0.0,0.0,0.0,0.0,0.0,0.0,0.0,0.0,0.0,0.0,0.0,0.0,0.0,0.0,HE
0.6614879369735718,0.5946962833404541,-2.3748447119942284e-07,0.6651393175125122,0.5556523203849792,0.003394625848159194,0.6609371304512024,0.5185129046440125,0.00048350964789278805,0.6666015982627869,0.4934674799442291,-0.005262755323201418,0.6822862029075623,0.4784409701824188,-0.012190863490104675,0.619663655757904,0.46890708804130554,0.0002985828323289752,0.5996356010437012,0.4952068328857422,-0.009456529282033443,0.6031472086906433,0.5162919163703918,-0.020952044054865837,0.6127042770385742,0.5269704461097717,-0.029134085401892662,0.5997555255889893,0.4808293282985687,-0.007392287254333496,0.5820363163948059,0.5186936855316162,-0.012322225607931614,0.5909299850463867,0.5384694933891296,-0.017945969477295876,0.605432391166687,0.5445241928100586,-0.023292819038033485,0.5841783285140991,0.5056002736091614,-0.014872019179165363,0.571609616279602,0.5423453450202942,-0.020609814673662186,0.5823581218719482,0.5580165386199951,-0.02171912044286728,0.5969622135162354,0.5598049759864807,-0.02335275150835514,0.5714772343635559,0.5340274572372437,-0.02262904681265354,0.5650851726531982,0.5692631006240845,-0.028043115511536598,0.576109766960144,0.5837474465370178,-0.026858722791075706,0.5875493884086609,0.584453821182251,-0.02501615509390831,0.0,0.0,0.0,0.0,0.0,0.0,0.0,0.0,0.0,0.0,0.0,0.0,0.0,0.0,0.0,0.0,0.0,0.0,0.0,0.0,0.0,0.0,0.0,0.0,0.0,0.0,0.0,0.0,0.0,0.0,0.0,0.0,0.0,0.0,0.0,0.0,0.0,0.0,0.0,0.0,0.0,0.0,0.0,0.0,0.0,0.0,0.0,0.0,0.0,0.0,0.0,0.0,0.0,0.0,0.0,0.0,0.0,0.0,0.0,0.0,0.0,0.0,0.0,HE
0.6097068190574646,0.5921337604522705,-2.3503332613472594e-07,0.6215808391571045,0.5500713586807251,0.0033413644414395094,0.6246981620788574,0.5077258944511414,0.0008518962422385812,0.6347294449806213,0.4792770445346832,-0.004195320885628462,0.6536916494369507,0.46683013439178467,-0.010643619112670422,0.5805498361587524,0.4536725580692291,-0.0031740230042487383,0.5604221224784851,0.47965359687805176,-0.010568882338702679,0.562852144241333,0.502088189125061,-0.020050594583153725,0.5709190964698792,0.5149363875389099,-0.027214758098125458,0.5571421384811401,0.46610918641090393,-0.0104935048148036,0.5396549701690674,0.5010284781455994,-0.011723595671355724,0.5459963083267212,0.5214059352874756,-0.015106091275811195,0.5578637719154358,0.5300412774085999,-0.020380426198244095,0.538293719291687,0.49129942059516907,-0.017174744978547096,0.5251198410987854,0.5248700976371765,-0.01974877156317234,0.5338281989097595,0.541246771812439,-0.020508138462901115,0.5469478964805603,0.5461076498031616,-0.023278238251805305,0.5216383934020996,0.519263744354248,-0.02415425330400467,0.5133562088012695,0.5523475408554077,-0.027682557702064514,0.523899495601654,0.5674206018447876,-0.026549935340881348,0.5351688861846924,0.5697957873344421,-0.025679776445031166,0.0,0.0,0.0,0.0,0.0,0.0,0.0,0.0,0.0,0.0,0.0,0.0,0.0,0.0,0.0,0.0,0.0,0.0,0.0,0.0,0.0,0.0,0.0,0.0,0.0,0.0,0.0,0.0,0.0,0.0,0.0,0.0,0.0,0.0,0.0,0.0,0.0,0.0,0.0,0.0,0.0,0.0,0.0,0.0,0.0,0.0,0.0,0.0,0.0,0.0,0.0,0.0,0.0,0.0,0.0,0.0,0.0,0.0,0.0,0.0,0.0,0.0,0.0,HE
