h1_x0,h1_y0,h1_z0,h1_x1,h1_y1,h1_z1,h1_x2,h1_y2,h1_z2,h1_x3,h1_y3,h1_z3,h1_x4,h1_y4,h1_z4,h1_x5,h1_y5,h1_z5,h1_x6,h1_y6,h1_z6,h1_x7,h1_y7,h1_z7,h1_x8,h1_y8,h1_z8,h1_x9,h1_y9,h1_z9,h1_x10,h1_y10,h1_z10,h1_x11,h1_y11,h1_z11,h1_x12,h1_y12,h1_z12,h1_x13,h1_y13,h1_z13,h1_x14,h1_y14,h1_z14,h1_x15,h1_y15,h1_z15,h1_x16,h1_y16,h1_z16,h1_x17,h1_y17,h1_z17,h1_x18,h1_y18,h1_z18,h1_x19,h1_y19,h1_z19,h1_x20,h1_y20,h1_z20,h2_x0,h2_y0,h2_z0,h2_x1,h2_y1,h2_z1,h2_x2,h2_y2,h2_z2,h2_x3,h2_y3,h2_z3,h2_x4,h2_y4,h2_z4,h2_x5,h2_y5,h2_z5,h2_x6,h2_y6,h2_z6,h2_x7,h2_y7,h2_z7,h2_x8,h2_y8,h2_z8,h2_x9,h2_y9,h2_z9,h2_x10,h2_y10,h2_z10,h2_x11,h2_y11,h2_z11,h2_x12,h2_y12,h2_z12,h2_x13,h2_y13,h2_z13,h2_x14,h2_y14,h2_z14,h2_x15,h2_y15,h2_z15,h2_x16,h2_y16,h2_z16,h2_x17,h2_y17,h2_z17,h2_x18,h2_y18,h2_z18,h2_x19,h2_y19,h2_z19,h2_x20,h2_y20,h2_z20,label
0.2823183536529541,0.9094622135162354,1.2324457543400058e-07,0.2724770903587341,0.8191193342208862,-0.0215139929205179,0.2885962128639221,0.7437452673912048,-0.036601185798645,0.3176425993442535,0.6839591860771179,-0.0482807867228984,0.3394495844841003,0.6403254270553589,-0.0597902759909629,0.3750896155834198,0.7546481490135193,-0.0363961569964885,0.4302469193935394,0.6925336122512817,-0.0513174049556255,0.4632954001426697,0.6599447131156921,-0.0604179725050926,0.4893614649772644,0.636087954044342,-0.0662615075707435,0.3985502123832702,0.7940790057182312,-0.0329467467963695,0.4585264027118683,0.7329763770103455,-0.0450184643268585,0.4942809343338012,0.6965087056159973,-0.0529384799301624,0.5211859345436096,0.6710202693939209,-0.0593837201595306,0.409881979227066,0.8365656733512878,-0.0307639725506305,0.4697204828262329,0.7883498072624207,-0.04389663413167,0.5066632628440857,0.755652129650116,-0.0563752092421054,0.5325967669487,0.730059027671814,-0.0646847784519195,0.414593756198883,0.8804090023040771,-0.0294889491051435,0.4685794115066528,0.864382803440094,-0.0414756461977958,0.5002569556236267,0.8512336015701294,-0.0507204532623291,0.5249723196029663,0.8369752764701843,-0.056550282984972,0.0,0.0,0.0,0.0,0.0,0.0,0.0,0.0,0.0,0.0,0.0,0.0,0.0,0.0,0.0,0.0,0.0,0.0,0.0,0.0,0.0,0.0,0.0,0.0,0.0,0.0,0.0,0.0,0.0,0.0,0.0,0.0,0.0,0.0,0.0,0.0,0.0,0.0,0.0,0.0,0.0,0.0,0.0,0.0,0.0,0.0,0.0,0.0,0.0,0.0,0.0,0.0,0.0,0.0,0.0,0.0,0.0,0.0,0.0,0.0,0.0,0.0,0.0,I
0.2767561674118042,0.8568831086158752,1.597229726257865e-07,0.2676282823085785,0.7705776691436768,-0.0217000562697649,0.2836133241653442,0.6989122033119202,-0.0372276604175567,0.312312513589859,0.6444678902626038,-0.0495669022202491,0.3356291651725769,0.6045055389404297,-0.0618949458003044,0.3632842004299164,0.7144812345504761,-0.037511721253395,0.4186399281024933,0.6565330624580383,-0.0533519424498081,0.4514015018939972,0.6272376775741577,-0.0622849762439727,0.4770217835903168,0.6067097187042236,-0.0677795857191085,0.3856109976768493,0.7561776041984558,-0.0348776616156101,0.4461199045181274,0.6983181238174438,-0.0485038831830024,0.4829993844032287,0.6645027995109558,-0.0569473057985305,0.5112112164497375,0.6413404941558838,-0.0632942169904708,0.3960687220096588,0.8004084229469299,-0.0335799008607864,0.4556505680084228,0.7564257979393005,-0.0483870394527912,0.4914642572402954,0.7268632650375366,-0.0609051398932933,0.5168030858039856,0.7037733197212219,-0.0687118172645568,0.3999819159507751,0.8456714749336243,-0.0331039726734161,0.4517137408256531,0.8315526843070984,-0.0469180531799793,0.4825574457645416,0.819011390209198,-0.0565431229770183,0.5068917274475098,0.8050514459609985,-0.062239371240139,0.0,0.0,0.0,0.0,0.0,0.0,0.0,0.0,0.0,0.0,0.0,0.0,0.0,0.0,0.0,0.0,0.0,0.0,0.0,0.0,0.0,0.0,0.0,0.0,0.0,0.0,0.0,0.0,0.0,0.0,0.0,0.0,0.0,0.0,0.0,0.0,0.0,0.0,0.0,0.0,0.0,0.0,0.0,0.0,0.0,0.0,0.0,0.0,0.0,0.0,0.0,0.0,0.0,0.0,0.0,0.0,0.0,0.0,0.0,0.0,0.0,0.0,0.0,I
0.2863063812255859,0.8529959917068481,6.703930921503344e-08,0.2749446630477905,0.7667791247367859,-0.0137371681630611,0.2976117134094238,0.697536826133728,-0.0219139605760574,0.3370753526687622,0.6519280076026917,-0.0277169607579708,0.366000235080719,0.6197981834411621,-0.033268641680479,0.3639546036720276,0.7057257890701294,-0.0247608236968517,0.422240674495697,0.6541024446487427,-0.0362629294395446,0.4560295045375824,0.6252055764198303,-0.042493037879467,0.4819039404392242,0.6043640375137329,-0.0462921448051929,0.3856275677680969,0.7433688044548035,-0.0235660541802644,0.4432442784309387,0.6850978136062622,-0.0327337048947811,0.4788270890712738,0.6496149897575378,-0.0388188511133194,0.506377637386322,0.6244057416915894,-0.043547436594963,0.3980129659175873,0.7827153205871582,-0.0232012141495943,0.4542302191257477,0.7316605448722839,-0.0332625694572925,0.487256795167923,0.6985695362091064,-0.0420417301356792,0.5106397867202759,0.6722830533981323,-0.0475775450468063,0.4050236642360687,0.8236377835273743,-0.0233634207397699,0.4512335360050201,0.7935579419136047,-0.0330307409167289,0.4787695109844208,0.7713969349861145,-0.0399400517344474,0.5006031394004822,0.7512221932411194,-0.0437941290438175,0.0,0.0,0.0,0.0,0.0,0.0,0.0,0.0,0.0,0.0,0.0,0.0,0.0,0.0,0.0,0.0,0.0,0.0,0.0,0.0,0.0,0.0,0.0,0.0,0.0,0.0,0.0,0.0,0.0,0.0,0.0,0.0,0.0,0.0,0.0,0.0,0.0,0.0,0.0,0.0,0.0,0.0,0.0,0.0,0.0,0.0,0.0,0.0,0.0,0.0,0.0,0.0,0.0,0.0,0.0,0.0,0.0,0.0,0.0,0.0,0.0,0.0,0.0,I
0.2860701978206634,0.8533918857574463,1.4435433115522758e-07,0.2763119637966156,0.7686006426811218,-0.0201975964009761,0.2952344119548797,0.7002804279327393,-0.0335514955222606,0.328688234090805,0.6500155925750732,-0.0436163395643234,0.3517355322837829,0.6097422242164612,-0.0534771494567394,0.3670089244842529,0.7094864845275879,-0.0359075814485549,0.425769567489624,0.660363495349884,-0.0512798018753528,0.4610306918621063,0.6334079504013062,-0.0594547986984252,0.4882222414016723,0.6131918430328369,-0.0643320828676223,0.3870620131492615,0.7479969263076782,-0.0331855677068233,0.4456457495689392,0.6939141154289246,-0.0466043166816234,0.4828411340713501,0.6602502465248108,-0.0543573722243309,0.5118472576141357,0.6355141401290894,-0.0599656216800212,0.3980542719364166,0.788440465927124,-0.0317066758871078,0.4546825587749481,0.7422053217887878,-0.045507475733757,0.4891709685325622,0.7112727761268616,-0.0567447282373905,0.5141616463661194,0.6862192153930664,-0.0635790973901748,0.4045237600803375,0.8306021690368652,-0.0311575382947921,0.453933835029602,0.8085628151893616,-0.0444356612861156,0.4845911860466003,0.7907904982566833,-0.0543963052332401,0.5094905495643616,0.772462785243988,-0.060232900083065,0.0,0.0,0.0,0.0,0.0,0.0,0.0,0.0,0.0,0.0,0.0,0.0,0.0,0.0,0.0,0.0,0.0,0.0,0.0,0.0,0.0,0.0,0.0,0.0,0.0,0.0,0.0,0.0,0.0,0.0,0.0,0.0,0.0,0.0,0.0,0.0,0.0,0.0,0.0,0.0,0.0,0.0,0.0,0.0,0.0,0.0,0.0,0.0,0.0,0.0,0.0,0.0,0.0,0.0,0.0,0.0,0.0,0.0,0.0,0.0,0.0,0.0,0.0,I
0.2860362231731415,0.8180932402610779,1.2710403041182874e-07,0.2763622999191284,0.7328604459762573,-0.012887398712337,0.298356145620346,0.6661342978477478,-0.0219420995563268,0.3348280191421509,0.6205037832260132,-0.0288947988301515,0.3613024950027466,0.5855221748352051,-0.0359122902154922,0.3677996397018432,0.6748483180999756,-0.026777945458889,0.4285111427307129,0.6308152675628662,-0.0389714874327182,0.4639728367328644,0.6080282926559448,-0.0453228019177913,0.4914391934871673,0.592044472694397,-0.0488507375121116,0.387956291437149,0.7152883410453796,-0.0261999759823083,0.449912965297699,0.6646533608436584,-0.0353984348475933,0.4879702031612396,0.6332967281341553,-0.0407473370432853,0.517227292060852,0.6113293766975403,-0.0448551587760448,0.3986256420612335,0.757411003112793,-0.0263315662741661,0.4581700563430786,0.7119174003601074,-0.0364367440342903,0.4934573769569397,0.6814390420913696,-0.0450770035386085,0.5175384283065796,0.6569322943687439,-0.050268318504095,0.4037694036960602,0.8004035353660583,-0.0269073732197284,0.4555824398994446,0.7760413885116577,-0.036873459815979,0.4855715930461883,0.7554738521575928,-0.0439528971910476,0.5083526372909546,0.7342312335968018,-0.047773964703083,0.0,0.0,0.0,0.0,0.0,0.0,0.0,0.0,0.0,0.0,0.0,0.0,0.0,0.0,0.0,0.0,0.0,0.0,0.0,0.0,0.0,0.0,0.0,0.0,0.0,0.0,0.0,0.0,0.0,0.0,0.0,0.0,0.0,0.0,0.0,0.0,0.0,0.0,0.0,0.0,0.0,0.0,0.0,0.0,0.0,0.0,0.0,0.0,0.0,0.0,0.0,0.0,0.0,0.0,0.0,0.0,0.0,0.0,0.0,0.0,0.0,0.0,0.0,I
0.2796573042869568,0.8027489185333252,1.532099389578434e-07,0.2706729173660278,0.7188795208930969,-0.0151969734579324,0.2919513881206512,0.6527045369148254,-0.0264933165162801,0.3283871412277221,0.6099866032600403,-0.0351296551525592,0.3588045835494995,0.5793867111206055,-0.0436227209866046,0.356845498085022,0.6655721664428711,-0.0345293544232845,0.4207227230072021,0.6243473887443542,-0.0493057072162628,0.4580335319042206,0.6028081178665161,-0.0556001402437686,0.4860749244689941,0.587602972984314,-0.0587204955518245,0.3768877685070038,0.7075774669647217,-0.0337753407657146,0.4416840970516205,0.6572861075401306,-0.0470214635133743,0.4807203710079193,0.6272150874137878,-0.0533187948167324,0.511319637298584,0.6057847738265991,-0.0573249347507953,0.3883985877037048,0.7504072785377502,-0.0334709361195564,0.448326051235199,0.7063740491867065,-0.0470943301916122,0.4857080578804016,0.6779241561889648,-0.0562789477407932,0.5129770636558533,0.6547595262527466,-0.0611709542572498,0.3943558037281036,0.7932904362678528,-0.0334729701280593,0.4453103840351105,0.7704898715019226,-0.0459771454334259,0.4750418365001678,0.7518824934959412,-0.0532999746501445,0.4980230331420898,0.7318843007087708,-0.056781705468893,0.0,0.0,0.0,0.0,0.0,0.0,0.0,0.0,0.0,0.0,0.0,0.0,0.0,0.0,0.0,0.0,0.0,0.0,0.0,0.0,0.0,0.0,0.0,0.0,0.0,0.0,0.0,0.0,0.0,0.0,0.0,0.0,0.0,0.0,0.0,0.0,0.0,0.0,0.0,0.0,0.0,0.0,0.0,0.0,0.0,0.0,0.0,0.0,0.0,0.0,0.0,0.0,0.0,0.0,0.0,0.0,0.0,0.0,0.0,0.0,0.0,0.0,0.0,I
0.2568826377391815,0.8069725632667542,1.6569164529300909e-07,0.2490411102771759,0.7191285490989685,-0.0141356065869331,0.2713995575904846,0.6525650024414062,-0.0236640460789203,0.3081481456756592,0.6065331697463989,-0.0304297842085361,0.3375365138053894,0.5762912631034851,-0.0368312373757362,0.3428329229354858,0.6694356203079224,-0.0274060238152742,0.4072334766387939,0.6320382356643677,-0.0388735644519329,0.4435493946075439,0.6120451092720032,-0.0441556572914123,0.4708601832389831,0.5979918241500854,-0.0467314235866069,0.3612024188041687,0.7118818163871765,-0.0251762997359037,0.425187200307846,0.6639479994773865,-0.0343491062521934,0.4633137583732605,0.636328935623169,-0.0390797108411788,0.493011474609375,0.6178455352783203,-0.0421544536948204,0.3706494867801666,0.7542420029640198,-0.0236662253737449,0.43028324842453,0.7104161977767944,-0.0337055437266826,0.4659758806228637,0.6835096478462219,-0.0419574342668056,0.4918875992298126,0.6625552773475647,-0.0466498509049415,0.3751372098922729,0.7961558103561401,-0.0225369874387979,0.4240772426128387,0.7722100615501404,-0.0321098454296588,0.4525209069252014,0.7547117471694946,-0.0386261232197284,0.4755417108535766,0.7375527620315552,-0.0418803207576274,0.0,0.0,0.0,0.0,0.0,0.0,0.0,0.0,0.0,0.0,0.0,0.0,0.0,0.0,0.0,0.0,0.0,0.0,0.0,0.0,0.0,0.0,0.0,0.0,0.0,0.0,0.0,0.0,0.0,0.0,0.0,0.0,0.0,0.0,0.0,0.0,0.0,0.0,0.0,0.0,0.0,0.0,0.0,0.0,0.0,0.0,0.0,0.0,0.0,0.0,0.0,0.0,0.0,0.0,0.0,0.0,0.0,0.0,0.0,0.0,0.0,0.0,0.0,I
0.258490115404129,0.7806302309036255,1.6111174261368433e-07,0.2560270428657532,0.6987505555152893,-0.0081949699670076,0.2852309942245483,0.639140248298645,-0.0153117747977375,0.3272612392902374,0.6069058179855347,-0.0204596612602472,0.3610498309135437,0.5890871286392212,-0.0258709620684385,0.340404748916626,0.6561330556869507,-0.0308145880699157,0.4100273549556732,0.6338739991188049,-0.044938638806343,0.450473815202713,0.621523380279541,-0.0492932200431823,0.4799755811691284,0.6124932169914246,-0.0506277866661548,0.3560212254524231,0.7013453245162964,-0.0327124632894992,0.4284115731716156,0.6677883863449097,-0.0456839799880981,0.4722264409065246,0.647890031337738,-0.0505761168897151,0.5067638158798218,0.6329113245010376,-0.0529212392866611,0.3640028536319732,0.7455068826675415,-0.0343097485601902,0.4295743107795715,0.7129738926887512,-0.0477956347167491,0.4704360365867615,0.6929072141647339,-0.0562039650976657,0.5012854337692261,0.6757227182388306,-0.0601564981043338,0.3663990199565887,0.7871137857437134,-0.0354152880609035,0.4185584485530853,0.7664433717727661,-0.0484640225768089,0.4502056241035461,0.7507508397102356,-0.0556818433105945,0.4761539697647095,0.734451174736023,-0.0586681626737117,0.0,0.0,0.0,0.0,0.0,0.0,0.0,0.0,0.0,0.0,0.0,0.0,0.0,0.0,0.0,0.0,0.0,0.0,0.0,0.0,0.0,0.0,0.0,0.0,0.0,0.0,0.0,0.0,0.0,0.0,0.0,0.0,0.0,0.0,0.0,0.0,0.0,0.0,0.0,0.0,0.0,0.0,0.0,0.0,0.0,0.0,0.0,0.0,0.0,0.0,0.0,0.0,0.0,0.0,0.0,0.0,0.0,0.0,0.0,0.0,0.0,0.0,0.0,I
0.2523579597473144,0.7995928525924683,1.1103101371645609e-07,0.2485885024070739,0.7137505412101746,-0.0057320091873407,0.2797427773475647,0.6509189605712891,-0.0093965381383895,0.3252797722816467,0.6169370412826538,-0.0111743109300732,0.3588349521160126,0.596120297908783,-0.0123750632628798,0.3330173194408417,0.6635492444038391,-0.0212054215371608,0.3996165096759796,0.6271661520004272,-0.0306369662284851,0.4373064637184143,0.6085613965988159,-0.0328603498637676,0.4650819897651672,0.5954950451850891,-0.0328872352838516,0.3517628312110901,0.7053041458129883,-0.0220740288496017,0.4199867844581604,0.6598502993583679,-0.0306028332561254,0.461135983467102,0.632481038570404,-0.0329147614538669,0.4930304884910583,0.6131948828697205,-0.0335238017141819,0.3628522455692291,0.7451770305633545,-0.0227073021233081,0.4231404960155487,0.7003198266029358,-0.0310051329433918,0.4607429504394531,0.6733269095420837,-0.0360979922115802,0.487772136926651,0.6511517763137817,-0.0380220934748649,0.3681208789348602,0.7832613587379456,-0.0230895336717367,0.4165581464767456,0.753150463104248,-0.0293158404529094,0.4455027282238006,0.7322153449058533,-0.0325198285281658,0.4680664539337158,0.7131755948066711,-0.0331800431013107,0.0,0.0,0.0,0.0,0.0,0.0,0.0,0.0,0.0,0.0,0.0,0.0,0.0,0.0,0.0,0.0,0.0,0.0,0.0,0.0,0.0,0.0,0.0,0.0,0.0,0.0,0.0,0.0,0.0,0.0,0.0,0.0,0.0,0.0,0.0,0.0,0.0,0.0,0.0,0.0,0.0,0.0,0.0,0.0,0.0,0.0,0.0,0.0,0.0,0.0,0.0,0.0,0.0,0.0,0.0,0.0,0.0,0.0,0.0,0.0,0.0,0.0,0.0,I
0.2541185915470123,0.8050464987754822,9.41620754701944e-08,0.2488032877445221,0.719612717628479,-0.0056663383729755,0.2796567678451538,0.6593760251998901,-0.0086200274527072,0.3265792727470398,0.6291994452476501,-0.009314814582467,0.3614762723445892,0.6114647388458252,-0.0091883260756731,0.3350831568241119,0.6724034547805786,-0.0205726642161607,0.4022544920444488,0.6390114426612854,-0.0281370654702186,0.43946373462677,0.6211737990379333,-0.0286175310611724,0.4672146141529083,0.6083816885948181,-0.027742613106966,0.3527974486351013,0.7135280966758728,-0.0208125934004783,0.4208050966262817,0.6704612374305725,-0.0288012903183698,0.4609309136867523,0.645157516002655,-0.0299765989184379,0.4923056066036224,0.6272065043449402,-0.0295594427734613,0.3625963926315307,0.7526705265045166,-0.0206959992647171,0.4232161045074463,0.7107557654380798,-0.0283414125442504,0.4605554044246673,0.6861883401870728,-0.0321605876088142,0.4879634380340576,0.6656984686851501,-0.0330144353210926,0.3667067587375641,0.7906455993652344,-0.0203542932868003,0.4152778387069702,0.761986255645752,-0.0257136356085538,0.4437764286994934,0.7413089871406555,-0.0281084273010492,0.4654971957206726,0.7226027250289917,-0.0281445290893316,0.0,0.0,0.0,0.0,0.0,0.0,0.0,0.0,0.0,0.0,0.0,0.0,0.0,0.0,0.0,0.0,0.0,0.0,0.0,0.0,0.0,0.0,0.0,0.0,0.0,0.0,0.0,0.0,0.0,0.0,0.0,0.0,0.0,0.0,0.0,0.0,0.0,0.0,0.0,0.0,0.0,0.0,0.0,0.0,0.0,0.0,0.0,0.0,0.0,0.0,0.0,0.0,0.0,0.0,0.0,0.0,0.0,0.0,0.0,0.0,0.0,0.0,0.0,I
0.2602967321872711,0.7853578329086304,1.0113576109915813e-07,0.2562350928783417,0.6990222930908203,-0.0040425984188914,0.2879872620105743,0.6398627758026123,-0.0061658732593059,0.3353069126605987,0.6117287874221802,-0.0064036450348794,0.3707373738288879,0.5953000783920288,-0.0059615508653223,0.3448494374752044,0.6533181071281433,-0.017578687518835,0.4122587740421295,0.6219812631607056,-0.0248103439807891,0.4499231278896332,0.6051374077796936,-0.0251330640166997,0.4776021242141723,0.5934391021728516,-0.0239405035972595,0.3617636561393738,0.6960410475730896,-0.0183682236820459,0.4307079017162323,0.6547149419784546,-0.026884663850069,0.4711475670337677,0.6300961375236511,-0.0281382910907268,0.502367377281189,0.6128139495849609,-0.0272302497178316,0.3705319762229919,0.7367929816246033,-0.0187637191265821,0.4315946102142334,0.6968024373054504,-0.0266801733523607,0.469120442867279,0.6731539368629456,-0.0300410948693752,0.4969189763069153,0.6536190509796143,-0.0300618074834346,0.373095154762268,0.7758108973503113,-0.0187466274946928,0.4228835701942444,0.7467063665390015,-0.0233073346316814,0.452422559261322,0.7273858785629272,-0.0246259085834026,0.4755538702011108,0.7106350064277649,-0.0236786864697933,0.0,0.0,0.0,0.0,0.0,0.0,0.0,0.0,0.0,0.0,0.0,0.0,0.0,0.0,0.0,0.0,0.0,0.0,0.0,0.0,0.0,0.0,0.0,0.0,0.0,0.0,0.0,0.0,0.0,0.0,0.0,0.0,0.0,0.0,0.0,0.0,0.0,0.0,0.0,0.0,0.0,0.0,0.0,0.0,0.0,0.0,0.0,0.0,0.0,0.0,0.0,0.0,0.0,0.0,0.0,0.0,0.0,0.0,0.0,0.0,0.0,0.0,0.0,I
0.2691386342048645,0.8104969263076782,1.67859965927164e-07,0.2595565021038055,0.7241683602333069,-0.0059791570529341,0.2899456620216369,0.6653198599815369,-0.0085988361388444,0.3347281515598297,0.6340782046318054,-0.0090375123545527,0.3684022128582001,0.6094245910644531,-0.0091403974220156,0.3465380072593689,0.6787812113761902,-0.0184723585844039,0.4128420352935791,0.6473477482795715,-0.0256227832287549,0.4497651755809784,0.6278597712516785,-0.0266465432941913,0.4776489436626434,0.613630473613739,-0.026235356926918,0.3645877242088318,0.7221024632453918,-0.0189753007143735,0.4307210445404053,0.6791569590568542,-0.0264987722039222,0.4709566831588745,0.6521987318992615,-0.0289932508021593,0.5032891035079956,0.6330600380897522,-0.0297764427959918,0.3734928667545318,0.7625080347061157,-0.0192581340670585,0.4335335195064544,0.7228111028671265,-0.0276867672801017,0.4716247320175171,0.6974970102310181,-0.0335247218608856,0.5011934041976929,0.6775689125061035,-0.0360106527805328,0.3772803843021393,0.8010197281837463,-0.01911455206573,0.4253698885440826,0.7745338678359985,-0.0264047943055629,0.4548402726650238,0.7535567879676819,-0.0304337386041879,0.479202926158905,0.7345126271247864,-0.0317496620118618,0.0,0.0,0.0,0.0,0.0,0.0,0.0,0.0,0.0,0.0,0.0,0.0,0.0,0.0,0.0,0.0,0.0,0.0,0.0,0.0,0.0,0.0,0.0,0.0,0.0,0.0,0.0,0.0,0.0,0.0,0.0,0.0,0.0,0.0,0.0,0.0,0.0,0.0,0.0,0.0,0.0,0.0,0.0,0.0,0.0,0.0,0.0,0.0,0.0,0.0,0.0,0.0,0.0,0.0,0.0,0.0,0.0,0.0,0.0,0.0,0.0,0.0,0.0,I
0.2566477656364441,0.8094441294670105,1.75623100062694e-07,0.2514193058013916,0.7243266701698303,-0.008138446137309,0.2834377586841583,0.6668306589126587,-0.0134380226954817,0.3283398151397705,0.6379777193069458,-0.0161108653992414,0.36292564868927,0.6152870059013367,-0.0188574641942977,0.3381895720958709,0.6841884255409241,-0.0292875245213508,0.4079248011112213,0.6564438939094543,-0.0403258427977561,0.4475419521331787,0.6406294107437134,-0.0425688475370407,0.4766359329223633,0.6296968460083008,-0.0424199104309082,0.3528751730918884,0.7293158173561096,-0.0297998208552598,0.4242083430290222,0.6903395056724548,-0.0412648804485797,0.4675315618515014,0.6667386889457703,-0.0445987284183502,0.5019872784614563,0.6505961418151855,-0.0454915948212146,0.3602542579174042,0.7710001468658447,-0.0297662075608968,0.4247328042984009,0.7358313798904419,-0.0416230633854866,0.465747982263565,0.7139580249786377,-0.0485553592443466,0.4977346062660217,0.696212112903595,-0.0511203855276107,0.3623986542224884,0.8086987733840942,-0.0292113795876503,0.4141659140586853,0.7855857610702515,-0.0396115183830261,0.4462060332298279,0.7678037285804749,-0.045010894536972,0.4725616872310638,0.7506750226020813,-0.0467219054698944,0.0,0.0,0.0,0.0,0.0,0.0,0.0,0.0,0.0,0.0,0.0,0.0,0.0,0.0,0.0,0.0,0.0,0.0,0.0,0.0,0.0,0.0,0.0,0.0,0.0,0.0,0.0,0.0,0.0,0.0,0.0,0.0,0.0,0.0,0.0,0.0,0.0,0.0,0.0,0.0,0.0,0.0,0.0,0.0,0.0,0.0,0.0,0.0,0.0,0.0,0.0,0.0,0.0,0.0,0.0,0.0,0.0,0.0,0.0,0.0,0.0,0.0,0.0,I
0.2730142474174499,0.8436875939369202,7.476454300103796e-08,0.2735213041305542,0.7518798112869263,-0.0038675847463309,0.3078002333641052,0.6919633150100708,-0.0054791402071714,0.3583193719387054,0.6633312702178955,-0.0040765288285911,0.3940372169017792,0.6394738554954529,-0.0017652594251558,0.3681580722332001,0.7130243182182312,-0.0208190232515335,0.4390289783477783,0.6801948547363281,-0.0248919371515512,0.4766035377979278,0.6624919772148132,-0.0224034506827592,0.5048777461051941,0.6504338383674622,-0.0194287337362766,0.3845783174037933,0.7575323581695557,-0.0187898986041545,0.4580123424530029,0.7163015604019165,-0.0264047179371118,0.4999224245548248,0.6916235685348511,-0.0256955455988645,0.531328022480011,0.6754828095436096,-0.0236047599464654,0.3926668167114258,0.7980697154998779,-0.0156563855707645,0.4585729539394378,0.7600332498550415,-0.0222439635545015,0.4979055523872375,0.7366337776184082,-0.0249362867325544,0.5257608890533447,0.7182541489601135,-0.0247062053531408,0.3950030207633972,0.8367891907691956,-0.0116771254688501,0.448957622051239,0.8101431727409363,-0.0141314165666699,0.4806929230690002,0.7915003299713135,-0.0151044474914669,0.5053409337997437,0.7760187983512878,-0.0144085464999079,0.0,0.0,0.0,0.0,0.0,0.0,0.0,0.0,0.0,0.0,0.0,0.0,0.0,0.0,0.0,0.0,0.0,0.0,0.0,0.0,0.0,0.0,0.0,0.0,0.0,0.0,0.0,0.0,0.0,0.0,0.0,0.0,0.0,0.0,0.0,0.0,0.0,0.0,0.0,0.0,0.0,0.0,0.0,0.0,0.0,0.0,0.0,0.0,0.0,0.0,0.0,0.0,0.0,0.0,0.0,0.0,0.0,0.0,0.0,0.0,0.0,0.0,0.0,I
0.2713941633701324,0.8341233730316162,1.523668231584452e-07,0.2649067640304565,0.7440698742866516,-0.0088404519483447,0.2942187786102295,0.6784325242042542,-0.0145672056823968,0.3429830074310303,0.6407911777496338,-0.0173394121229648,0.3797147572040558,0.6149779558181763,-0.0189023464918136,0.3561976253986358,0.6919331550598145,-0.0250688400119543,0.4265555441379547,0.6533613204956055,-0.0338495224714279,0.464230328798294,0.633384108543396,-0.0348889902234077,0.4918201267719269,0.6203609704971313,-0.0339493714272975,0.3751700818538666,0.7337642908096313,-0.0238399151712656,0.4469551146030426,0.6865323185920715,-0.0328797250986099,0.4872617721557617,0.6598162651062012,-0.0336506217718124,0.516879141330719,0.6418404579162598,-0.0326569080352783,0.385160893201828,0.7742092609405518,-0.0224668364971876,0.450407326221466,0.7314236164093018,-0.0308039635419845,0.4865218102931976,0.7065596580505371,-0.0340987406671047,0.5111938714981079,0.6859768629074097,-0.0343841984868049,0.3890951871871948,0.8140323758125305,-0.0210330877453088,0.4412167370319366,0.7845014333724976,-0.026595776900649,0.4697194695472717,0.7620770335197449,-0.0285958796739578,0.4903421700000763,0.741460919380188,-0.0281613878905773,0.0,0.0,0.0,0.0,0.0,0.0,0.0,0.0,0.0,0.0,0.0,0.0,0.0,0.0,0.0,0.0,0.0,0.0,0.0,0.0,0.0,0.0,0.0,0.0,0.0,0.0,0.0,0.0,0.0,0.0,0.0,0.0,0.0,0.0,0.0,0.0,0.0,0.0,0.0,0.0,0.0,0.0,0.0,0.0,0.0,0.0,0.0,0.0,0.0,0.0,0.0,0.0,0.0,0.0,0.0,0.0,0.0,0.0,0.0,0.0,0.0,0.0,0.0,I
0.271911084651947,0.8686218857765198,1.44606943308645e-07,0.2607851326465606,0.777306318283081,-0.0134128611534833,0.288808137178421,0.7124777436256409,-0.0203426219522953,0.3354348540306091,0.6759406328201294,-0.0234190095216035,0.3689972758293152,0.6472673416137695,-0.0254994146525859,0.3512897789478302,0.7265937924385071,-0.0285411681979894,0.4197659492492676,0.6865896582603455,-0.0388726554811,0.4580539464950561,0.6655002236366272,-0.0415338277816772,0.4864570498466491,0.6527688503265381,-0.0414601974189281,0.3718837797641754,0.7682851552963257,-0.0247605927288532,0.442098468542099,0.7203700542449951,-0.0348023027181625,0.4825212657451629,0.6904186606407166,-0.0365366488695144,0.5131255984306335,0.6712323427200317,-0.0360587872564792,0.3835426568984985,0.8060398101806641,-0.0211230590939521,0.4475018680095672,0.7637421488761902,-0.02962501719594,0.4838742315769195,0.7380920052528381,-0.032762948423624,0.5096561908721924,0.7189252376556396,-0.0326958000659942,0.3881288468837738,0.8400536775588989,-0.0178841650485992,0.4384973347187042,0.807408332824707,-0.0219006780534982,0.4668434262275696,0.7865074872970581,-0.0226797387003898,0.4876834750175476,0.7692149877548218,-0.021517502143979,0.0,0.0,0.0,0.0,0.0,0.0,0.0,0.0,0.0,0.0,0.0,0.0,0.0,0.0,0.0,0.0,0.0,0.0,0.0,0.0,0.0,0.0,0.0,0.0,0.0,0.0,0.0,0.0,0.0,0.0,0.0,0.0,0.0,0.0,0.0,0.0,0.0,0.0,0.0,0.0,0.0,0.0,0.0,0.0,0.0,0.0,0.0,0.0,0.0,0.0,0.0,0.0,0.0,0.0,0.0,0.0,0.0,0.0,0.0,0.0,0.0,0.0,0.0,I
0.2661617994308471,0.8342439532279968,1.8325718542655522e-07,0.2608778774738312,0.7420518398284912,-0.0085870362818241,0.2924656271934509,0.6813993453979492,-0.0133186783641576,0.341575026512146,0.6506854295730591,-0.0152988377958536,0.3784163296222687,0.6264211535453796,-0.0163497943431139,0.3528278768062591,0.6981939077377319,-0.0212112702429294,0.4215996563434601,0.6653506755828857,-0.0290367882698774,0.45924112200737,0.6467757821083069,-0.0306344553828239,0.4877272546291351,0.6343683004379272,-0.0304150097072124,0.3703750371932983,0.7421567440032959,-0.0200975257903337,0.4399991035461426,0.6995067596435547,-0.0281327217817306,0.4818621575832367,0.6740104556083679,-0.0304175466299057,0.5138727426528931,0.6571410894393921,-0.031038885936141,0.37926185131073,0.7839772701263428,-0.0189581345766782,0.4423246383666992,0.7438225746154785,-0.0264467578381299,0.4807143211364746,0.7199884057044983,-0.031311348080635,0.5086351633071899,0.7019320130348206,-0.0333200506865978,0.3834047317504883,0.8243914842605591,-0.0178106427192688,0.4313579201698303,0.7963308095932007,-0.0228935349732637,0.4603820443153381,0.7751083970069885,-0.0258232820779085,0.4833106398582458,0.7571830153465271,-0.0265387091785669,0.0,0.0,0.0,0.0,0.0,0.0,0.0,0.0,0.0,0.0,0.0,0.0,0.0,0.0,0.0,0.0,0.0,0.0,0.0,0.0,0.0,0.0,0.0,0.0,0.0,0.0,0.0,0.0,0.0,0.0,0.0,0.0,0.0,0.0,0.0,0.0,0.0,0.0,0.0,0.0,0.0,0.0,0.0,0.0,0.0,0.0,0.0,0.0,0.0,0.0,0.0,0.0,0.0,0.0,0.0,0.0,0.0,0.0,0.0,0.0,0.0,0.0,0.0,I
0.2599921226501465,0.8404110074043274,9.522509714088301e-08,0.2588127255439758,0.7505548596382141,-0.0078609315678477,0.2914299666881561,0.6906202435493469,-0.0128741143271327,0.3405793905258178,0.6605966687202454,-0.015244772657752,0.3763077557086944,0.6377319097518921,-0.0167505703866481,0.3507546782493591,0.7125925421714783,-0.0245376676321029,0.4216878116130829,0.6777326464653015,-0.0330165475606918,0.4591985940933227,0.6588785648345947,-0.0341244935989379,0.4867891371250152,0.6460366249084473,-0.0333923622965812,0.3661641776561737,0.7552562355995178,-0.0234832018613815,0.4393110871315002,0.7124075889587402,-0.0315954834222793,0.4808298349380493,0.687641441822052,-0.0326860360801219,0.5112471580505371,0.671505868434906,-0.0326381102204322,0.3738409876823425,0.7956019043922424,-0.022191209718585,0.4393031895160675,0.7573279738426208,-0.0300185531377792,0.4764668345451355,0.735166609287262,-0.034012172371149,0.5014693737030029,0.7173141241073608,-0.0353347808122634,0.3768355846405029,0.8346641659736633,-0.0207944903522729,0.4280757308006286,0.8099076747894287,-0.0267635602504014,0.4577253460884094,0.790605902671814,-0.0299518853425979,0.4802997708320617,0.773253858089447,-0.0307658314704895,0.0,0.0,0.0,0.0,0.0,0.0,0.0,0.0,0.0,0.0,0.0,0.0,0.0,0.0,0.0,0.0,0.0,0.0,0.0,0.0,0.0,0.0,0.0,0.0,0.0,0.0,0.0,0.0,0.0,0.0,0.0,0.0,0.0,0.0,0.0,0.0,0.0,0.0,0.0,0.0,0.0,0.0,0.0,0.0,0.0,0.0,0.0,0.0,0.0,0.0,0.0,0.0,0.0,0.0,0.0,0.0,0.0,0.0,0.0,0.0,0.0,0.0,0.0,I
0.2549155354499817,0.8036922812461853,1.1020048873433554e-07,0.2564970850944519,0.711082935333252,-0.0041941553354263,0.2932996749877929,0.6531178951263428,-0.0048635178245604,0.3413988351821899,0.6270760893821716,-0.0039599342271685,0.3758973479270935,0.60612553358078,-0.0024988874793052,0.3549015820026397,0.6740522980690002,-0.0104534653946757,0.420861542224884,0.6473519802093506,-0.016247559338808,0.4580225050449371,0.631225049495697,-0.0183427426964044,0.4864719808101654,0.6192197203636169,-0.0191867053508758,0.3695584237575531,0.718654453754425,-0.0114493053406476,0.4365015923976898,0.6826531887054443,-0.018410075455904,0.4782953858375549,0.6601500511169434,-0.021669303998351,0.5118030905723572,0.6436558961868286,-0.0230769552290439,0.374618798494339,0.7608544826507568,-0.0127477822825312,0.4369952082633972,0.728376030921936,-0.020986083894968,0.4759663045406341,0.7067312598228455,-0.0272555872797966,0.5053822994232178,0.6889376640319824,-0.0299350228160619,0.3748402297496795,0.8034411668777466,-0.0137251587584614,0.425064742565155,0.7831113934516907,-0.0203889533877372,0.4564921259880066,0.7652707099914551,-0.0245790723711252,0.4824513494968414,0.7494827508926392,-0.0261417273432016,0.0,0.0,0.0,0.0,0.0,0.0,0.0,0.0,0.0,0.0,0.0,0.0,0.0,0.0,0.0,0.0,0.0,0.0,0.0,0.0,0.0,0.0,0.0,0.0,0.0,0.0,0.0,0.0,0.0,0.0,0.0,0.0,0.0,0.0,0.0,0.0,0.0,0.0,0.0,0.0,0.0,0.0,0.0,0.0,0.0,0.0,0.0,0.0,0.0,0.0,0.0,0.0,0.0,0.0,0.0,0.0,0.0,0.0,0.0,0.0,0.0,0.0,0.0,I
0.2635309100151062,0.816293478012085,1.6938547275913154e-07,0.2582651972770691,0.7266628742218018,-0.0097545003518462,0.2916092276573181,0.6649284958839417,-0.0147966034710407,0.3399172723293304,0.6370754837989807,-0.01712491735816,0.376491516828537,0.6180988550186157,-0.0190750639885664,0.3500686585903168,0.6882631182670593,-0.0247524324804544,0.4192875027656555,0.654460608959198,-0.0356816314160823,0.4578581154346466,0.635223388671875,-0.0395909659564495,0.4870925843715668,0.6217105388641357,-0.0411314889788627,0.3667424321174621,0.733261227607727,-0.0247340947389602,0.4364224970340729,0.6898372769355774,-0.0353761836886405,0.478573739528656,0.6639420390129089,-0.040149450302124,0.512423038482666,0.6462358236312866,-0.0425208546221256,0.374471366405487,0.7759801149368286,-0.0248176865279674,0.437339037656784,0.7376012802124023,-0.0360259786248207,0.4762338101863861,0.7132866978645325,-0.0433775261044502,0.5059133768081665,0.6945995688438416,-0.0468164272606372,0.3772784769535064,0.8178296089172363,-0.0248253569006919,0.4269418120384216,0.7939031720161438,-0.0349938347935676,0.4571124017238617,0.7748890519142151,-0.0404710061848163,0.4820008277893066,0.7577168941497803,-0.0426158756017684,0.0,0.0,0.0,0.0,0.0,0.0,0.0,0.0,0.0,0.0,0.0,0.0,0.0,0.0,0.0,0.0,0.0,0.0,0.0,0.0,0.0,0.0,0.0,0.0,0.0,0.0,0.0,0.0,0.0,0.0,0.0,0.0,0.0,0.0,0.0,0.0,0.0,0.0,0.0,0.0,0.0,0.0,0.0,0.0,0.0,0.0,0.0,0.0,0.0,0.0,0.0,0.0,0.0,0.0,0.0,0.0,0.0,0.0,0.0,0.0,0.0,0.0,0.0,I
0.2697855830192566,0.8293126225471497,1.009098440363232e-07,0.2721053659915924,0.7376466989517212,-0.0034452558029443,0.3095390498638153,0.6797826886177063,-0.0057156616821885,0.359862357378006,0.6532756686210632,-0.0059702307917177,0.3940174281597137,0.6287069916725159,-0.0059689902700483,0.3672352731227875,0.7032897472381592,-0.0198299586772918,0.4380878806114197,0.6738585233688354,-0.0271963346749544,0.4766252636909485,0.657852292060852,-0.0283350739628076,0.5051209330558777,0.6466202139854431,-0.0279528256505727,0.3817038834095001,0.748199999332428,-0.0208926144987344,0.4555113315582275,0.7096706628799438,-0.029137784615159,0.4983161091804504,0.6871551871299744,-0.0309365279972553,0.5305995941162109,0.6716369986534119,-0.0310699325054883,0.3878699243068695,0.7899490594863892,-0.0213665384799242,0.4551306366920471,0.7552436590194702,-0.029681472107768,0.4950280785560608,0.734171986579895,-0.0347861386835575,0.5232904553413391,0.7162562608718872,-0.0367368347942829,0.3886989057064056,0.8300342559814453,-0.0211687553673982,0.4412389397621155,0.8084644079208374,-0.0273442603647708,0.4730837345123291,0.790650486946106,-0.0308370422571897,0.4984955787658691,0.7740277647972107,-0.0319390594959259,0.0,0.0,0.0,0.0,0.0,0.0,0.0,0.0,0.0,0.0,0.0,0.0,0.0,0.0,0.0,0.0,0.0,0.0,0.0,0.0,0.0,0.0,0.0,0.0,0.0,0.0,0.0,0.0,0.0,0.0,0.0,0.0,0.0,0.0,0.0,0.0,0.0,0.0,0.0,0.0,0.0,0.0,0.0,0.0,0.0,0.0,0.0,0.0,0.0,0.0,0.0,0.0,0.0,0.0,0.0,0.0,0.0,0.0,0.0,0.0,0.0,0.0,0.0,I
0.2668808698654175,0.8265684843063354,1.743534596698737e-07,0.2617585062980652,0.7370440363883972,-0.0068845031782984,0.2958741784095764,0.6775858998298645,-0.0111082820221781,0.3426465392112732,0.649025022983551,-0.0127642313018441,0.3771093189716339,0.623206377029419,-0.0144046861678361,0.3519633114337921,0.6977680921554565,-0.0259176194667816,0.4218135774135589,0.6662650108337402,-0.0360255166888237,0.4608506262302398,0.647923469543457,-0.0383667536079883,0.4899583756923675,0.6345047354698181,-0.038698349148035,0.3685949444770813,0.743872344493866,-0.0267070308327674,0.4402806162834167,0.7007901668548584,-0.0383985750377178,0.482630044221878,0.6756097078323364,-0.0423459075391292,0.5162433981895447,0.6573005318641663,-0.0436573848128318,0.3765871524810791,0.7874682545661926,-0.0269092656672,0.4421872496604919,0.7473272085189819,-0.038588210940361,0.4819136559963226,0.7225677371025085,-0.0447641499340534,0.5120987892150879,0.7030048370361328,-0.0469638258218765,0.3797213733196258,0.829512357711792,-0.0265629589557647,0.4319117069244385,0.8023402690887451,-0.0361187197268009,0.462871253490448,0.7811412215232849,-0.0404676124453544,0.4881820380687713,0.7615147233009338,-0.041699331253767,0.0,0.0,0.0,0.0,0.0,0.0,0.0,0.0,0.0,0.0,0.0,0.0,0.0,0.0,0.0,0.0,0.0,0.0,0.0,0.0,0.0,0.0,0.0,0.0,0.0,0.0,0.0,0.0,0.0,0.0,0.0,0.0,0.0,0.0,0.0,0.0,0.0,0.0,0.0,0.0,0.0,0.0,0.0,0.0,0.0,0.0,0.0,0.0,0.0,0.0,0.0,0.0,0.0,0.0,0.0,0.0,0.0,0.0,0.0,0.0,0.0,0.0,0.0,I
0.2660149037837982,0.8496915698051453,1.7181709210944973e-07,0.2630026340484619,0.7610407471656799,-0.0101676331833004,0.2988148927688598,0.7024286985397339,-0.0155472187325358,0.3460762500762939,0.6716227531433105,-0.0180792491883039,0.3782170712947845,0.6432785391807556,-0.0207828022539615,0.3565282225608825,0.723961353302002,-0.0273008681833744,0.4247247874736786,0.6949719190597534,-0.038143515586853,0.4636821150779724,0.6791846752166748,-0.0419691540300846,0.4933977127075195,0.6673668026924133,-0.043506734073162,0.3730568885803222,0.7714385986328125,-0.026639312505722,0.4440356492996216,0.7321997880935669,-0.0372738726437091,0.4867934584617615,0.7089484930038452,-0.0416924282908439,0.5207687616348267,0.6927018165588379,-0.0438765846192836,0.379228413105011,0.8164049386978149,-0.0258270036429166,0.4439588189125061,0.782730221748352,-0.0375556871294975,0.483233779668808,0.7607337832450867,-0.0447332262992858,0.5128313302993774,0.743682324886322,-0.0477352067828178,0.3801642060279846,0.858863115310669,-0.0247512850910425,0.4343484342098236,0.8408945798873901,-0.0349179990589618,0.4664875864982605,0.8254436254501343,-0.0401538871228694,0.4931481480598449,0.8109436631202698,-0.0421094447374343,0.0,0.0,0.0,0.0,0.0,0.0,0.0,0.0,0.0,0.0,0.0,0.0,0.0,0.0,0.0,0.0,0.0,0.0,0.0,0.0,0.0,0.0,0.0,0.0,0.0,0.0,0.0,0.0,0.0,0.0,0.0,0.0,0.0,0.0,0.0,0.0,0.0,0.0,0.0,0.0,0.0,0.0,0.0,0.0,0.0,0.0,0.0,0.0,0.0,0.0,0.0,0.0,0.0,0.0,0.0,0.0,0.0,0.0,0.0,0.0,0.0,0.0,0.0,I
0.2815671563148498,0.8878766894340515,4.7830646110469395e-08,0.2680974006652832,0.801296055316925,-0.0079879602417349,0.2914992272853851,0.7345123291015625,-0.0121315363794565,0.3337013721466064,0.6905962228775024,-0.0139113878831267,0.3604185283184051,0.6552072763442993,-0.0155328856781125,0.3515531718730926,0.7392829656600952,-0.0214423686265945,0.4110839068889618,0.6819630861282349,-0.0298692286014556,0.4435008764266968,0.6503375768661499,-0.0327487662434577,0.4681505858898163,0.6279941201210022,-0.0336695499718189,0.3741728067398071,0.7762112617492676,-0.0207026209682226,0.4342465996742248,0.7134428024291992,-0.0286828726530075,0.4686804711818695,0.6759325861930847,-0.0323492884635925,0.4954184889793396,0.6500154137611389,-0.0344752259552478,0.388135552406311,0.8142304420471191,-0.0198324862867593,0.4447636008262634,0.7588518261909485,-0.0279683414846658,0.476740300655365,0.7238917946815491,-0.034929446876049,0.4994236826896667,0.6972209215164185,-0.0385795906186103,0.396741509437561,0.8526455760002136,-0.018764242529869,0.4447843432426452,0.8156459331512451,-0.024988330900669,0.4720259308815002,0.7909131646156311,-0.0293897036463022,0.4930422902107239,0.7704738974571228,-0.0313424617052078,0.0,0.0,0.0,0.0,0.0,0.0,0.0,0.0,0.0,0.0,0.0,0.0,0.0,0.0,0.0,0.0,0.0,0.0,0.0,0.0,0.0,0.0,0.0,0.0,0.0,0.0,0.0,0.0,0.0,0.0,0.0,0.0,0.0,0.0,0.0,0.0,0.0,0.0,0.0,0.0,0.0,0.0,0.0,0.0,0.0,0.0,0.0,0.0,0.0,0.0,0.0,0.0,0.0,0.0,0.0,0.0,0.0,0.0,0.0,0.0,0.0,0.0,0.0,I
0.2796257138252258,0.8640040755271912,5.1993705341146785e-08,0.2691358625888824,0.7784268260002136,-0.0059663606807589,0.2947804033756256,0.7116965651512146,-0.0094282580539584,0.3372458815574646,0.6701144576072693,-0.0110172443091869,0.3656207919120788,0.6390138864517212,-0.0124973682686686,0.3517844974994659,0.7162673473358154,-0.0205388031899929,0.4119318127632141,0.6639024019241333,-0.029500039294362,0.4464358985424042,0.6343382596969604,-0.0323724932968616,0.4721429646015167,0.6130926609039307,-0.0334500484168529,0.3739302456378937,0.7540081143379211,-0.0214887484908103,0.4340774714946747,0.6927776336669922,-0.0301785487681627,0.4705867767333984,0.6566117405891418,-0.0335543937981128,0.4990346133708954,0.6313859820365906,-0.0353533625602722,0.3878749907016754,0.7934103608131409,-0.0222317650914192,0.4455336928367615,0.7373454570770264,-0.0314497649669647,0.4789188206195831,0.7039908170700073,-0.0374542623758316,0.5026323795318604,0.6779003739356995,-0.040072713047266,0.3962384164333343,0.834424614906311,-0.0226564966142177,0.4438879191875458,0.7985487580299377,-0.0302178375422954,0.471898466348648,0.7743516564369202,-0.0344258919358253,0.4943807721138,0.7536867260932922,-0.0358168259263038,0.0,0.0,0.0,0.0,0.0,0.0,0.0,0.0,0.0,0.0,0.0,0.0,0.0,0.0,0.0,0.0,0.0,0.0,0.0,0.0,0.0,0.0,0.0,0.0,0.0,0.0,0.0,0.0,0.0,0.0,0.0,0.0,0.0,0.0,0.0,0.0,0.0,0.0,0.0,0.0,0.0,0.0,0.0,0.0,0.0,0.0,0.0,0.0,0.0,0.0,0.0,0.0,0.0,0.0,0.0,0.0,0.0,0.0,0.0,0.0,0.0,0.0,0.0,I
0.2760307192802429,0.8920797109603882,-8.527446482275992e-08,0.2623159885406494,0.8056759238243103,-0.0061304722912609,0.2843957543373108,0.7344150543212891,-0.0092322621494531,0.3247710168361664,0.6845442056655884,-0.0104633085429668,0.352727860212326,0.6476889252662659,-0.0113547565415501,0.3438019156455993,0.7287410497665405,-0.0199808496981859,0.3978367149829864,0.6591364741325378,-0.0273376647382974,0.4275839030742645,0.6230655908584595,-0.0280405804514884,0.4497258365154266,0.597216010093689,-0.0277383867651224,0.3703688085079193,0.7623605132102966,-0.0201909244060516,0.4243474006652832,0.685344398021698,-0.0282201301306486,0.454406589269638,0.6430457830429077,-0.0302290730178356,0.4760357439517975,0.6142005324363708,-0.0312943682074546,0.3880890011787414,0.7987432479858398,-0.0202907565981149,0.4398668706417084,0.7263991832733154,-0.0286134593188762,0.469518631696701,0.6843008399009705,-0.0346757173538208,0.4890933632850647,0.6535313129425049,-0.037846527993679,0.3996247351169586,0.83729088306427,-0.0201597735285758,0.4433676600456238,0.7892833948135376,-0.0258789248764514,0.4685724377632141,0.7581667304039001,-0.0301932636648416,0.487207293510437,0.7323547005653381,-0.0324552878737449,0.0,0.0,0.0,0.0,0.0,0.0,0.0,0.0,0.0,0.0,0.0,0.0,0.0,0.0,0.0,0.0,0.0,0.0,0.0,0.0,0.0,0.0,0.0,0.0,0.0,0.0,0.0,0.0,0.0,0.0,0.0,0.0,0.0,0.0,0.0,0.0,0.0,0.0,0.0,0.0,0.0,0.0,0.0,0.0,0.0,0.0,0.0,0.0,0.0,0.0,0.0,0.0,0.0,0.0,0.0,0.0,0.0,0.0,0.0,0.0,0.0,0.0,0.0,I
0.2705011367797851,0.882876992225647,-9.206293505314989e-09,0.2549496591091156,0.7966513633728027,-0.0062696733511984,0.2750914990901947,0.723068118095398,-0.0092290434986352,0.3145653307437897,0.6724591851234436,-0.0105326920747756,0.3435278832912445,0.6368284225463867,-0.0113722942769527,0.3330071270465851,0.713313639163971,-0.0170810539275407,0.3874291181564331,0.6462005972862244,-0.0243899431079626,0.4173332750797272,0.6104013323783875,-0.0259503982961177,0.4397260546684265,0.5849828720092773,-0.0262669865041971,0.3602224886417389,0.7472183704376221,-0.0178391896188259,0.4141870737075805,0.6717739701271057,-0.0240234807133674,0.4446151256561279,0.629385769367218,-0.0267007891088724,0.4665140211582184,0.6004995107650757,-0.0288075786083936,0.378700703382492,0.7836999893188477,-0.0188794191926717,0.4304603934288025,0.7124839425086975,-0.0268074981868267,0.4598436057567596,0.6694396734237671,-0.0345281288027763,0.4783997535705566,0.6369478106498718,-0.0392131432890892,0.392250120639801,0.8220295310020447,-0.0196861140429973,0.4374241530895233,0.7778608798980713,-0.0267732683569192,0.4630260467529297,0.7483794689178467,-0.0328072980046272,0.4819788336753845,0.7224254012107849,-0.0363659560680389,0.0,0.0,0.0,0.0,0.0,0.0,0.0,0.0,0.0,0.0,0.0,0.0,0.0,0.0,0.0,0.0,0.0,0.0,0.0,0.0,0.0,0.0,0.0,0.0,0.0,0.0,0.0,0.0,0.0,0.0,0.0,0.0,0.0,0.0,0.0,0.0,0.0,0.0,0.0,0.0,0.0,0.0,0.0,0.0,0.0,0.0,0.0,0.0,0.0,0.0,0.0,0.0,0.0,0.0,0.0,0.0,0.0,0.0,0.0,0.0,0.0,0.0,0.0,I
0.2508838772773742,0.7819299101829529,3.1839584835324786e-07,0.2570637464523315,0.6936264038085938,-0.0110581144690513,0.2992744445800781,0.6430504322052002,-0.0186047703027725,0.3476169407367706,0.6228130459785461,-0.0230768844485282,0.3831473290920257,0.601993203163147,-0.0280453693121671,0.3520234227180481,0.6754555702209473,-0.031371247023344,0.4240759611129761,0.6779837608337402,-0.0434236750006675,0.4651839435100555,0.6813149452209473,-0.0477419719099998,0.4957642555236816,0.6840068101882935,-0.0492385812103748,0.3604965507984161,0.7266823053359985,-0.0314921364188194,0.4360832870006561,0.7216813564300537,-0.041614145040512,0.4816858172416687,0.7201551198959351,-0.0464079156517982,0.5169381499290466,0.7197442650794983,-0.0490932129323482,0.3603572249412536,0.7729706764221191,-0.0313000567257404,0.4301225543022156,0.7663124799728394,-0.0415414236485958,0.4730387032032013,0.7632363438606262,-0.0493658334016799,0.5061729550361633,0.7604426145553589,-0.053664319217205,0.3552256226539612,0.8147552013397217,-0.0308461058884859,0.4103769063949585,0.8113688826560974,-0.0400731116533279,0.444020539522171,0.8078080415725708,-0.045036070048809,0.4721588492393493,0.8036293387413025,-0.0470706522464752,0.0,0.0,0.0,0.0,0.0,0.0,0.0,0.0,0.0,0.0,0.0,0.0,0.0,0.0,0.0,0.0,0.0,0.0,0.0,0.0,0.0,0.0,0.0,0.0,0.0,0.0,0.0,0.0,0.0,0.0,0.0,0.0,0.0,0.0,0.0,0.0,0.0,0.0,0.0,0.0,0.0,0.0,0.0,0.0,0.0,0.0,0.0,0.0,0.0,0.0,0.0,0.0,0.0,0.0,0.0,0.0,0.0,0.0,0.0,0.0,0.0,0.0,0.0,I
0.283466100692749,0.8614996671676636,2.254987947480913e-07,0.27757528424263,0.7740197777748108,-0.0151738189160823,0.3108403086662292,0.716857373714447,-0.0238623321056365,0.3549120426177978,0.682452917098999,-0.0293524805456399,0.3859225213527679,0.6523414850234985,-0.0350689552724361,0.3683061301708221,0.7362714409828186,-0.0312602780759334,0.4363241791725158,0.7081523537635803,-0.0442827492952346,0.4754744470119476,0.6939701437950134,-0.0498122498393058,0.5047718286514282,0.6841892004013062,-0.0522700101137161,0.3840180039405823,0.7841393947601318,-0.0291112847626209,0.4516269564628601,0.7463641166687012,-0.039655864238739,0.4930889904499054,0.7250083088874817,-0.0450344458222389,0.5254233479499817,0.7106249928474426,-0.0482921041548252,0.3912467956542969,0.8293933272361755,-0.027336549013853,0.455229640007019,0.7962504029273987,-0.0384790115058422,0.4943307936191559,0.7749183773994446,-0.0462922938168048,0.5240157842636108,0.7589209079742432,-0.0503235608339309,0.3940460979938507,0.870815098285675,-0.025849163532257,0.4447126090526581,0.852191686630249,-0.035544529557228,0.4760356247425079,0.837787926197052,-0.0410797446966171,0.5022701621055603,0.8251728415489197,-0.0435043089091777,0.0,0.0,0.0,0.0,0.0,0.0,0.0,0.0,0.0,0.0,0.0,0.0,0.0,0.0,0.0,0.0,0.0,0.0,0.0,0.0,0.0,0.0,0.0,0.0,0.0,0.0,0.0,0.0,0.0,0.0,0.0,0.0,0.0,0.0,0.0,0.0,0.0,0.0,0.0,0.0,0.0,0.0,0.0,0.0,0.0,0.0,0.0,0.0,0.0,0.0,0.0,0.0,0.0,0.0,0.0,0.0,0.0,0.0,0.0,0.0,0.0,0.0,0.0,I
0.2680763304233551,0.819516658782959,8.304193954700169e-08,0.2645096480846405,0.7323492169380188,-0.0041416059248149,0.295461356639862,0.6684624552726746,-0.0065716230310499,0.3395337164402008,0.6312472820281982,-0.0073223789222538,0.368409126996994,0.602457582950592,-0.0078815063461661,0.353716492652893,0.6813762784004211,-0.0190438255667686,0.419882208108902,0.6402904391288757,-0.027008656412363,0.456589788198471,0.6201061010360718,-0.0291249398142099,0.4839152991771698,0.6071449518203735,-0.0293585434556007,0.3722931444644928,0.7226168513298035,-0.0196883864700794,0.4410178065299988,0.6747546195983887,-0.0265631079673767,0.4806565046310425,0.6480026245117188,-0.028570394963026,0.5104182958602905,0.6309559941291809,-0.0293672755360603,0.3823263943195343,0.764643669128418,-0.0199447516351938,0.445856511592865,0.7208069562911987,-0.027204168960452,0.4822315275669098,0.6939094662666321,-0.0327864177525043,0.5068662166595459,0.6729971170425415,-0.0353514030575752,0.3866353332996368,0.8069992661476135,-0.0197339002043008,0.4377286732196808,0.7809817790985107,-0.0255460683256387,0.4668787717819214,0.7598861455917358,-0.0293220523744821,0.4887575209140777,0.7400639653205872,-0.0306311417371034,0.0,0.0,0.0,0.0,0.0,0.0,0.0,0.0,0.0,0.0,0.0,0.0,0.0,0.0,0.0,0.0,0.0,0.0,0.0,0.0,0.0,0.0,0.0,0.0,0.0,0.0,0.0,0.0,0.0,0.0,0.0,0.0,0.0,0.0,0.0,0.0,0.0,0.0,0.0,0.0,0.0,0.0,0.0,0.0,0.0,0.0,0.0,0.0,0.0,0.0,0.0,0.0,0.0,0.0,0.0,0.0,0.0,0.0,0.0,0.0,0.0,0.0,0.0,I
0.2641167342662811,0.7731590270996094,9.396210032264209e-08,0.2561163902282715,0.6909909844398499,-0.0023536996450275,0.2830201387405395,0.6295629143714905,-0.0054008183069527,0.323319524526596,0.5935437679290771,-0.0072281868197023,0.3499054610729217,0.5641169548034668,-0.0097550516948103,0.338254451751709,0.6318991780281067,-0.0234589856117963,0.4038414061069488,0.5919730067253113,-0.0339316576719284,0.4422160387039184,0.5715075135231018,-0.0359480045735836,0.4702742099761963,0.5582472085952759,-0.0358412899076938,0.3576292097568512,0.6729012131690979,-0.026430333033204,0.4248649179935455,0.6228224039077759,-0.0375565662980079,0.4642469882965088,0.5943466424942017,-0.0403342917561531,0.4955118298530578,0.575011670589447,-0.0407039187848567,0.368931770324707,0.7149138450622559,-0.0285894237458705,0.4309439063072204,0.6690453886985779,-0.0399023406207561,0.4679783880710602,0.640463650226593,-0.045724831521511,0.4960184395313263,0.6174085736274719,-0.047485813498497,0.3735715746879577,0.7570184469223022,-0.0298508796840906,0.4249748289585113,0.7246479392051697,-0.0392779447138309,0.4543047249317169,0.7024354338645935,-0.0436019301414489,0.4779582619667053,0.6814855933189392,-0.0445882976055145,0.0,0.0,0.0,0.0,0.0,0.0,0.0,0.0,0.0,0.0,0.0,0.0,0.0,0.0,0.0,0.0,0.0,0.0,0.0,0.0,0.0,0.0,0.0,0.0,0.0,0.0,0.0,0.0,0.0,0.0,0.0,0.0,0.0,0.0,0.0,0.0,0.0,0.0,0.0,0.0,0.0,0.0,0.0,0.0,0.0,0.0,0.0,0.0,0.0,0.0,0.0,0.0,0.0,0.0,0.0,0.0,0.0,0.0,0.0,0.0,0.0,0.0,0.0,I
0.2669190764427185,0.8079889416694641,1.195250263208436e-07,0.2606671452522278,0.7209033966064453,-0.0026866996195167,0.2892329096794128,0.6571010947227478,-0.0055689075961709,0.333625853061676,0.6179867386817932,-0.0066590472124516,0.3643955886363983,0.5872155427932739,-0.0074247885495424,0.344266265630722,0.6664301156997681,-0.0203060563653707,0.4100524187088012,0.6262680888175964,-0.0276182312518358,0.4463257491588592,0.6040630340576172,-0.0278398934751749,0.4729902744293213,0.5887883305549622,-0.0265625696629285,0.3651357889175415,0.7083115577697754,-0.0217973347753286,0.4338799118995666,0.6579196453094482,-0.0305289532989263,0.4736566543579101,0.6287189722061157,-0.031540498137474,0.5036529302597046,0.6082954406738281,-0.0306117832660675,0.3770990669727325,0.7499679923057556,-0.0224453676491975,0.4389563798904419,0.7039070725440979,-0.0307970773428678,0.4762327373027801,0.6758012771606445,-0.0350098125636577,0.5023574233055115,0.6521747708320618,-0.0358565710484981,0.3823571801185608,0.7909023761749268,-0.0222644414752721,0.4332243204116821,0.7596362233161926,-0.0274221822619438,0.4621297717094421,0.7370606064796448,-0.0293517354875803,0.4836894869804382,0.7155801653862,-0.0290246754884719,0.0,0.0,0.0,0.0,0.0,0.0,0.0,0.0,0.0,0.0,0.0,0.0,0.0,0.0,0.0,0.0,0.0,0.0,0.0,0.0,0.0,0.0,0.0,0.0,0.0,0.0,0.0,0.0,0.0,0.0,0.0,0.0,0.0,0.0,0.0,0.0,0.0,0.0,0.0,0.0,0.0,0.0,0.0,0.0,0.0,0.0,0.0,0.0,0.0,0.0,0.0,0.0,0.0,0.0,0.0,0.0,0.0,0.0,0.0,0.0,0.0,0.0,0.0,I
0.2594388127326965,0.8518931865692139,8.923309735564544e-08,0.2498452812433242,0.7656217813491821,-0.0034059307072311,0.2792374193668365,0.6988323926925659,-0.0045017399825155,0.3235257565975189,0.6576608419418335,-0.0031304706353694,0.3516164124011993,0.6238269805908203,-0.0014488268643617,0.3339128494262695,0.7032300233840942,-0.0188255701214075,0.3988607823848724,0.6542609930038452,-0.0236228238791227,0.4338131546974182,0.6278992891311646,-0.0232694055885076,0.4604620337486267,0.609466552734375,-0.0221332814544439,0.3551928699016571,0.7418925762176514,-0.0183479115366935,0.4202125370502472,0.6839847564697266,-0.0229488648474216,0.4585541486740112,0.6504889130592346,-0.0236751344054937,0.4887204170227051,0.6275988817214966,-0.0239138919860124,0.3682805895805359,0.7810970544815063,-0.0170657206326723,0.4279259741306305,0.7274543642997742,-0.0215648990124464,0.4631843268871307,0.6958714723587036,-0.026507144793868,0.4879314303398132,0.6706504821777344,-0.0291373692452907,0.376498818397522,0.8206540942192078,-0.0151393944397568,0.4261185526847839,0.7850986123085022,-0.0185450110584497,0.4538727402687073,0.7599009275436401,-0.0215987917035818,0.4745311737060547,0.7369863390922546,-0.0228365175426006,0.0,0.0,0.0,0.0,0.0,0.0,0.0,0.0,0.0,0.0,0.0,0.0,0.0,0.0,0.0,0.0,0.0,0.0,0.0,0.0,0.0,0.0,0.0,0.0,0.0,0.0,0.0,0.0,0.0,0.0,0.0,0.0,0.0,0.0,0.0,0.0,0.0,0.0,0.0,0.0,0.0,0.0,0.0,0.0,0.0,0.0,0.0,0.0,0.0,0.0,0.0,0.0,0.0,0.0,0.0,0.0,0.0,0.0,0.0,0.0,0.0,0.0,0.0,I
0.2184596955776214,0.8367041945457458,7.919429378944187e-08,0.211540549993515,0.7537438869476318,-0.0070347343571484,0.2407641410827636,0.6877375841140747,-0.012208997271955,0.2841217517852783,0.6478492617607117,-0.0157756675034761,0.3174224197864532,0.6201170086860657,-0.0188381150364875,0.2932380735874176,0.6932873129844666,-0.0224704146385192,0.3591667413711548,0.6479992866516113,-0.0335047282278537,0.3954381942749023,0.6235275268554688,-0.0370736382901668,0.4222940802574157,0.6057249307632446,-0.0380498729646205,0.3131729364395141,0.7332674860954285,-0.0238105356693267,0.3790677189826965,0.6807279586791992,-0.0329184904694557,0.418265163898468,0.6477077007293701,-0.0365187786519527,0.4485006630420685,0.6234568357467651,-0.0384426601231098,0.3262157440185547,0.7730143070220947,-0.0250980574637651,0.3867404162883758,0.7235170602798462,-0.0334208980202674,0.4230985641479492,0.6934075951576233,-0.0387302935123443,0.4488565623760223,0.6691849827766418,-0.0412396192550659,0.3346956670284271,0.8118927478790283,-0.0263879522681236,0.3832393884658813,0.7793225049972534,-0.0330164730548858,0.4123399555683136,0.7560442686080933,-0.0365613065659999,0.4350709915161133,0.7347569465637207,-0.0376125201582908,0.0,0.0,0.0,0.0,0.0,0.0,0.0,0.0,0.0,0.0,0.0,0.0,0.0,0.0,0.0,0.0,0.0,0.0,0.0,0.0,0.0,0.0,0.0,0.0,0.0,0.0,0.0,0.0,0.0,0.0,0.0,0.0,0.0,0.0,0.0,0.0,0.0,0.0,0.0,0.0,0.0,0.0,0.0,0.0,0.0,0.0,0.0,0.0,0.0,0.0,0.0,0.0,0.0,0.0,0.0,0.0,0.0,0.0,0.0,0.0,0.0,0.0,0.0,I
0.1761385053396225,0.8192452788352966,1.0890645540939661e-07,0.1777198314666748,0.7398467063903809,-0.0050799692980945,0.2092115730047226,0.6757103800773621,-0.010328727774322,0.2502636909484863,0.6336076259613037,-0.0150332059711217,0.2848444879055023,0.6062957644462585,-0.0191906560212373,0.2562643885612488,0.6754145622253418,-0.0205225404351949,0.3231825232505798,0.6297749876976013,-0.0328913293778896,0.3605481386184692,0.6059393286705017,-0.0367911607027053,0.387734591960907,0.5882960557937622,-0.0378771759569644,0.2752232551574707,0.7143011689186096,-0.0241681858897209,0.3426534533500671,0.6592350006103516,-0.0352078005671501,0.382686048746109,0.6275823712348938,-0.0394748002290725,0.4124920666217804,0.6036009192466736,-0.0416574515402317,0.2879286110401153,0.7559927105903625,-0.0279121026396751,0.3502575159072876,0.7011865377426147,-0.0383007265627384,0.3857591152191162,0.6708683371543884,-0.0438829138875007,0.4097341299057007,0.6465160250663757,-0.0462963618338108,0.2960855960845947,0.7979912757873535,-0.0315393768250942,0.3455875813961029,0.7637878656387329,-0.0402046106755733,0.3751215636730194,0.7412239909172058,-0.0445163957774639,0.39761483669281,0.7216476202011108,-0.0458623729646205,0.0,0.0,0.0,0.0,0.0,0.0,0.0,0.0,0.0,0.0,0.0,0.0,0.0,0.0,0.0,0.0,0.0,0.0,0.0,0.0,0.0,0.0,0.0,0.0,0.0,0.0,0.0,0.0,0.0,0.0,0.0,0.0,0.0,0.0,0.0,0.0,0.0,0.0,0.0,0.0,0.0,0.0,0.0,0.0,0.0,0.0,0.0,0.0,0.0,0.0,0.0,0.0,0.0,0.0,0.0,0.0,0.0,0.0,0.0,0.0,0.0,0.0,0.0,I
0.2975022494792938,0.8270696401596069,8.228455694592184e-10,0.287678599357605,0.7437527775764465,-0.0023241194430738,0.3146708607673645,0.6792408227920532,-0.0035013838205486,0.3565051555633545,0.6363354921340942,-0.00304925465025,0.3817314207553863,0.6027371287345886,-0.0022499177139252,0.3687781393527984,0.6778143644332886,-0.0173499286174774,0.4282597601413727,0.6213379502296448,-0.0239916257560253,0.4603930413722992,0.5916585922241211,-0.024145059287548,0.4840610921382904,0.5712544918060303,-0.0233317725360393,0.3909429609775543,0.7146294713020325,-0.0185167659074068,0.4502702355384826,0.6480205655097961,-0.0264180339872837,0.4834277927875519,0.6116528511047363,-0.0283203609287738,0.508852481842041,0.5864638686180115,-0.0288549978286027,0.4052095115184784,0.7544109225273132,-0.0190688930451869,0.4620961844921112,0.6934093832969666,-0.0281354151666164,0.4930306077003479,0.6566274166107178,-0.0339416451752185,0.5138365030288696,0.6278907656669617,-0.0360862500965595,0.4142466485500335,0.796423077583313,-0.0187933072447776,0.4626923501491546,0.7593171000480652,-0.0264210645109415,0.4903449416160583,0.7319889068603516,-0.0313857160508632,0.5107458233833313,0.7074235081672668,-0.0332248471677303,0.0,0.0,0.0,0.0,0.0,0.0,0.0,0.0,0.0,0.0,0.0,0.0,0.0,0.0,0.0,0.0,0.0,0.0,0.0,0.0,0.0,0.0,0.0,0.0,0.0,0.0,0.0,0.0,0.0,0.0,0.0,0.0,0.0,0.0,0.0,0.0,0.0,0.0,0.0,0.0,0.0,0.0,0.0,0.0,0.0,0.0,0.0,0.0,0.0,0.0,0.0,0.0,0.0,0.0,0.0,0.0,0.0,0.0,0.0,0.0,0.0,0.0,0.0,I
0.3715500831604004,0.8218214511871338,-6.368196636685752e-08,0.3624003529548645,0.7378379702568054,-0.0018706331029534,0.3901246786117553,0.6742923259735107,-0.0012476306874305,0.4314939379692077,0.6335603594779968,0.0009136088774539,0.4595092535018921,0.6079651117324829,0.003622658085078,0.4437187314033508,0.6753526926040649,-0.0105613758787512,0.4986018538475036,0.6281121373176575,-0.0146735403686761,0.5296566486358643,0.6027921438217163,-0.0140975695103406,0.5517025589942932,0.5857291221618652,-0.0128885935992002,0.4667045474052429,0.7133314609527588,-0.0106153935194015,0.5221807360649109,0.656279981136322,-0.0147473607212305,0.5542889833450317,0.6256272196769714,-0.0153360022231936,0.5775973200798035,0.6056686639785767,-0.0151685513556003,0.4822163581848144,0.7529882192611694,-0.0103938141837716,0.5334022045135498,0.6980475783348083,-0.0150640374049544,0.563721239566803,0.6662321090698242,-0.0192357841879129,0.5844061374664307,0.6426326632499695,-0.0207629632204771,0.4911944270133972,0.7946915030479431,-0.0096436971798539,0.5344169735908508,0.7583228349685669,-0.0109818996861577,0.5591769814491272,0.7364449501037598,-0.0123559515923261,0.5775285959243774,0.719066858291626,-0.0123809091746807,0.0,0.0,0.0,0.0,0.0,0.0,0.0,0.0,0.0,0.0,0.0,0.0,0.0,0.0,0.0,0.0,0.0,0.0,0.0,0.0,0.0,0.0,0.0,0.0,0.0,0.0,0.0,0.0,0.0,0.0,0.0,0.0,0.0,0.0,0.0,0.0,0.0,0.0,0.0,0.0,0.0,0.0,0.0,0.0,0.0,0.0,0.0,0.0,0.0,0.0,0.0,0.0,0.0,0.0,0.0,0.0,0.0,0.0,0.0,0.0,0.0,0.0,0.0,I
0.3237345814704895,0.8623496294021606,7.385239797486065e-08,0.3187519311904907,0.7800735831260681,-0.004867410287261,0.3497719764709472,0.7200672030448914,-0.0077695208601653,0.3941306471824646,0.684072732925415,-0.0084491707384586,0.4251332879066467,0.6565138697624207,-0.0086842775344848,0.4024038910865783,0.7308757901191711,-0.0217290949076414,0.4673969447612762,0.6935232877731323,-0.0280888900160789,0.5034804940223694,0.6715547442436218,-0.0271678399294614,0.5294834971427917,0.6557363271713257,-0.0255402047187089,0.4205130636692047,0.7725752592086792,-0.0217820741236209,0.4857620000839233,0.724130392074585,-0.0293732061982154,0.5225839018821716,0.6956377029418945,-0.0299153737723827,0.5514039397239685,0.6759936809539795,-0.0293240919709205,0.4307556450366974,0.813091516494751,-0.0211257562041282,0.4927555322647095,0.7682915329933167,-0.0290428344160318,0.5276281833648682,0.7417472004890442,-0.0322020687162876,0.5530383586883545,0.7197333574295044,-0.0326411761343479,0.4348991513252258,0.8525752425193787,-0.019869364798069,0.4839310050010681,0.825920820236206,-0.0249145179986953,0.5120739340782166,0.807515025138855,-0.0267717838287353,0.5340051054954529,0.7903607487678528,-0.0266291014850139,0.0,0.0,0.0,0.0,0.0,0.0,0.0,0.0,0.0,0.0,0.0,0.0,0.0,0.0,0.0,0.0,0.0,0.0,0.0,0.0,0.0,0.0,0.0,0.0,0.0,0.0,0.0,0.0,0.0,0.0,0.0,0.0,0.0,0.0,0.0,0.0,0.0,0.0,0.0,0.0,0.0,0.0,0.0,0.0,0.0,0.0,0.0,0.0,0.0,0.0,0.0,0.0,0.0,0.0,0.0,0.0,0.0,0.0,0.0,0.0,0.0,0.0,0.0,I
0.2593410611152649,0.8098855018615723,-3.0190189903578364e-08,0.2516224384307861,0.7254071831703186,-0.0015966446371749,0.2808538377285003,0.660239577293396,-0.0013207951560616,0.323970228433609,0.6212878823280334,5.134841921972111e-05,0.355224609375,0.5959857106208801,0.0018753834301605,0.3337037563323974,0.6634669899940491,-0.0114757670089602,0.3922072947025299,0.6139602661132812,-0.0160064548254013,0.4239532947540283,0.5865826606750488,-0.0157158691436052,0.4469209909439087,0.5679806470870972,-0.0148854218423366,0.3557632267475128,0.6994758248329163,-0.0127952601760625,0.4150101244449615,0.6410420536994934,-0.0174245033413171,0.4481071829795837,0.6082543730735779,-0.0185402687638998,0.4720353782176971,0.5864944458007812,-0.0190844871103763,0.369338184595108,0.7362060546875,-0.0138692138716578,0.4253664016723633,0.6838139891624451,-0.0194736383855342,0.4572126865386963,0.6525278091430664,-0.0251110903918743,0.478673368692398,0.6277450919151306,-0.0281727481633424,0.3765489757061004,0.7736831307411194,-0.0143364099785685,0.4207012355327606,0.7396870851516724,-0.018270218744874,0.4461146891117096,0.715747594833374,-0.0219320282340049,0.4647393226623535,0.6940068602561951,-0.0237418916076421,0.0,0.0,0.0,0.0,0.0,0.0,0.0,0.0,0.0,0.0,0.0,0.0,0.0,0.0,0.0,0.0,0.0,0.0,0.0,0.0,0.0,0.0,0.0,0.0,0.0,0.0,0.0,0.0,0.0,0.0,0.0,0.0,0.0,0.0,0.0,0.0,0.0,0.0,0.0,0.0,0.0,0.0,0.0,0.0,0.0,0.0,0.0,0.0,0.0,0.0,0.0,0.0,0.0,0.0,0.0,0.0,0.0,0.0,0.0,0.0,0.0,0.0,0.0,I
0.3453259766101837,0.797440767288208,-3.5447648372155534e-08,0.3378359973430633,0.716402530670166,-0.0050297901034355,0.3627524375915527,0.653295636177063,-0.0079850619658827,0.4030317068099975,0.6132185459136963,-0.0096057429909706,0.4322760999202728,0.5864943265914917,-0.0109448423609137,0.4155821800231933,0.6575413346290588,-0.0177890956401824,0.4739580154418945,0.6086702942848206,-0.0259245783090591,0.5060596466064453,0.5821629762649536,-0.0278518069535493,0.5294039845466614,0.5637655258178711,-0.0281944032758474,0.4375301599502563,0.6931777000427246,-0.0184229891747236,0.4954960346221924,0.6357027888298035,-0.0256496220827102,0.5280437469482422,0.6047685742378235,-0.0278746020048856,0.5513548254966736,0.5840286612510681,-0.0290758907794952,0.4524452090263366,0.7306857705116272,-0.0190050024539232,0.5067685842514038,0.6767020225524902,-0.0261112693697214,0.5377647280693054,0.6457989811897278,-0.0311790369451046,0.5593246817588806,0.622236430644989,-0.0336881056427955,0.4624137878417969,0.769196629524231,-0.0194066260010004,0.5071460008621216,0.7335004210472107,-0.0243213959038257,0.5326860547065735,0.7112417221069336,-0.0276409145444631,0.5524982213973999,0.6931334733963013,-0.0290014203637838,0.0,0.0,0.0,0.0,0.0,0.0,0.0,0.0,0.0,0.0,0.0,0.0,0.0,0.0,0.0,0.0,0.0,0.0,0.0,0.0,0.0,0.0,0.0,0.0,0.0,0.0,0.0,0.0,0.0,0.0,0.0,0.0,0.0,0.0,0.0,0.0,0.0,0.0,0.0,0.0,0.0,0.0,0.0,0.0,0.0,0.0,0.0,0.0,0.0,0.0,0.0,0.0,0.0,0.0,0.0,0.0,0.0,0.0,0.0,0.0,0.0,0.0,0.0,I
0.3544459342956543,0.8551211953163147,1.867508103714499e-08,0.3516794145107269,0.7733644247055054,-0.0089863324537873,0.381401777267456,0.7142465114593506,-0.0146122155711054,0.4240469336509704,0.6815636157989502,-0.018158109858632,0.454444944858551,0.6587747931480408,-0.0215934235602617,0.4318301379680633,0.7278943061828613,-0.0248423740267753,0.4949034452438354,0.6893042922019958,-0.0352976135909557,0.5296986103057861,0.6685092449188232,-0.0386533364653587,0.5551810264587402,0.6538666486740112,-0.0399365276098251,0.4502514898777008,0.769978940486908,-0.024751529097557,0.5132749676704407,0.7221714854240417,-0.0338086038827896,0.5498168468475342,0.6937130093574524,-0.0379086844623088,0.5775002837181091,0.6737762093544006,-0.0404179282486438,0.4611672759056091,0.8113462924957275,-0.0245422460138797,0.520089864730835,0.7672131657600403,-0.0334262959659099,0.5537717342376709,0.7397057414054871,-0.0393719896674156,0.5780991315841675,0.7176843285560608,-0.042403507977724,0.4666298031806946,0.8518232703208923,-0.0243169851601123,0.5124675035476685,0.8252890706062317,-0.0312914550304412,0.5396780371665955,0.8063872456550598,-0.0351393707096576,0.56123948097229,0.7892055511474609,-0.0365904159843921,0.0,0.0,0.0,0.0,0.0,0.0,0.0,0.0,0.0,0.0,0.0,0.0,0.0,0.0,0.0,0.0,0.0,0.0,0.0,0.0,0.0,0.0,0.0,0.0,0.0,0.0,0.0,0.0,0.0,0.0,0.0,0.0,0.0,0.0,0.0,0.0,0.0,0.0,0.0,0.0,0.0,0.0,0.0,0.0,0.0,0.0,0.0,0.0,0.0,0.0,0.0,0.0,0.0,0.0,0.0,0.0,0.0,0.0,0.0,0.0,0.0,0.0,0.0,I
0.3260282278060913,0.9277106523513794,5.535755676078225e-08,0.3314580023288727,0.8433899879455566,-0.0064743026159703,0.3670275509357452,0.7853276133537292,-0.0112889511510729,0.4130284190177917,0.7499524354934692,-0.0140363816171884,0.4452283084392547,0.7216735482215881,-0.0161178186535835,0.4249035716056824,0.803064227104187,-0.0214439332485198,0.4909132719039917,0.768769383430481,-0.0307376366108655,0.5280689001083374,0.7507511973381042,-0.033094584941864,0.554436981678009,0.7378766536712646,-0.0332034155726432,0.4415988326072693,0.8465890288352966,-0.0214705504477024,0.5112364292144775,0.8059385418891907,-0.0299625918269157,0.549260675907135,0.7812519073486328,-0.0311220772564411,0.5769418478012085,0.7630162239074707,-0.0306852292269468,0.44903165102005,0.8876104950904846,-0.0212724469602108,0.5139551162719727,0.8495274782180786,-0.0296677164733409,0.5489319562911987,0.8256564140319824,-0.0326515510678291,0.5719448328018188,0.8051844835281372,-0.0328911133110523,0.4494994878768921,0.9251852631568908,-0.0208551064133644,0.5007529258728027,0.9029910564422609,-0.0260819774121046,0.530411422252655,0.8873350024223328,-0.0275913178920745,0.5526636242866516,0.873261034488678,-0.0270165260881185,0.0,0.0,0.0,0.0,0.0,0.0,0.0,0.0,0.0,0.0,0.0,0.0,0.0,0.0,0.0,0.0,0.0,0.0,0.0,0.0,0.0,0.0,0.0,0.0,0.0,0.0,0.0,0.0,0.0,0.0,0.0,0.0,0.0,0.0,0.0,0.0,0.0,0.0,0.0,0.0,0.0,0.0,0.0,0.0,0.0,0.0,0.0,0.0,0.0,0.0,0.0,0.0,0.0,0.0,0.0,0.0,0.0,0.0,0.0,0.0,0.0,0.0,0.0,I
0.2994834184646606,0.8959173560142517,9.79988783456065e-08,0.3005327880382538,0.8097421526908875,-0.0059531810693442,0.3354293704032898,0.7514302134513855,-0.0097391651943326,0.3822792470455169,0.7193931937217712,-0.0115118669345974,0.4152864813804626,0.6948065757751465,-0.0128780025988817,0.390826940536499,0.7703191637992859,-0.0198020357638597,0.4572096467018127,0.7391477227210999,-0.0289802011102437,0.4944080710411072,0.7210060954093933,-0.0318369641900062,0.5217030644416809,0.7077487707138062,-0.0325170308351516,0.4063478708267212,0.8131757974624634,-0.0206750612705945,0.474556028842926,0.774695634841919,-0.0290306638926267,0.5145950317382812,0.7499217987060547,-0.0319448560476303,0.5443962812423706,0.7316461801528931,-0.0330843590199947,0.413004994392395,0.8538914322853088,-0.0213610287755727,0.4767285883426666,0.8191046714782715,-0.0296283178031444,0.5136681199073792,0.7976977229118347,-0.0344968028366565,0.5397056341171265,0.7792044878005981,-0.036424059420824,0.41415935754776,0.892448365688324,-0.0217721797525882,0.4645390808582306,0.8729196786880493,-0.0279021393507719,0.4948233664035797,0.8567914962768555,-0.0308311283588409,0.518254280090332,0.8418934345245361,-0.0314615629613399,0.0,0.0,0.0,0.0,0.0,0.0,0.0,0.0,0.0,0.0,0.0,0.0,0.0,0.0,0.0,0.0,0.0,0.0,0.0,0.0,0.0,0.0,0.0,0.0,0.0,0.0,0.0,0.0,0.0,0.0,0.0,0.0,0.0,0.0,0.0,0.0,0.0,0.0,0.0,0.0,0.0,0.0,0.0,0.0,0.0,0.0,0.0,0.0,0.0,0.0,0.0,0.0,0.0,0.0,0.0,0.0,0.0,0.0,0.0,0.0,0.0,0.0,0.0,I
0.2673675417900085,0.8493910431861877,1.2711309693713704e-07,0.2640863060951233,0.7630569338798523,-0.0053204675205051,0.2949057817459106,0.7027764916419983,-0.0092137223109602,0.3386573195457458,0.6688486933708191,-0.0108310291543602,0.3683880865573883,0.6407912969589233,-0.0123889222741127,0.3505892753601074,0.717797040939331,-0.0238571371883153,0.4172098636627197,0.6799052357673645,-0.0323979556560516,0.4535182118415832,0.6598966717720032,-0.034380167722702,0.4802748262882232,0.6461806297302246,-0.0344633944332599,0.367036372423172,0.7606896162033081,-0.0242185983806848,0.4343875646591186,0.7128010988235474,-0.0323137305676937,0.4732537269592285,0.6855502724647522,-0.0345733724534511,0.5032551288604736,0.6670130491256714,-0.0354753471910953,0.3757264912128448,0.8013270497322083,-0.0239136032760143,0.4380928575992584,0.7562265992164612,-0.0320522300899028,0.474457323551178,0.7296180725097656,-0.0372748300433158,0.5002570748329163,0.7089889049530029,-0.0397179722785949,0.379708468914032,0.8398865461349487,-0.0230700131505727,0.4283561706542969,0.8113387227058411,-0.0295646879822015,0.4579023420810699,0.7905713319778442,-0.0333681181073188,0.4819366633892059,0.7723714709281921,-0.0348405018448829,0.0,0.0,0.0,0.0,0.0,0.0,0.0,0.0,0.0,0.0,0.0,0.0,0.0,0.0,0.0,0.0,0.0,0.0,0.0,0.0,0.0,0.0,0.0,0.0,0.0,0.0,0.0,0.0,0.0,0.0,0.0,0.0,0.0,0.0,0.0,0.0,0.0,0.0,0.0,0.0,0.0,0.0,0.0,0.0,0.0,0.0,0.0,0.0,0.0,0.0,0.0,0.0,0.0,0.0,0.0,0.0,0.0,0.0,0.0,0.0,0.0,0.0,0.0,I
0.2303967326879501,0.8089247941970825,-1.7481688985299115e-08,0.2278234958648681,0.721235990524292,-0.0046911430545151,0.2589080929756164,0.655697762966156,-0.0071214507333934,0.3060030937194824,0.6183456182479858,-0.0086412727832794,0.3401449620723724,0.5937018394470215,-0.009171487763524,0.3164395689964294,0.6639075875282288,-0.0124329151585698,0.3788039088249206,0.6243480443954468,-0.0195328369736671,0.4136096239089966,0.6021561622619629,-0.0215963069349527,0.4391497671604156,0.586199939250946,-0.0222632568329572,0.3364621996879577,0.702512800693512,-0.0137438401579856,0.400658369064331,0.6553143858909607,-0.0207402482628822,0.438484251499176,0.6268803477287292,-0.022916616871953,0.4659196734428406,0.6070671081542969,-0.0240684207528829,0.3480314314365387,0.7412124276161194,-0.0153319844976067,0.4074448645114898,0.6977289319038391,-0.0221942700445652,0.4419610202312469,0.6705496311187744,-0.0264150351285934,0.465186059474945,0.6482039093971252,-0.0283335968852043,0.3538546860218048,0.7801521420478821,-0.0170011296868324,0.4008554220199585,0.7499272227287292,-0.02124366723001,0.4275801181793213,0.7273398637771606,-0.0235032271593809,0.4467320442199707,0.7076931595802307,-0.0240839589387178,0.0,0.0,0.0,0.0,0.0,0.0,0.0,0.0,0.0,0.0,0.0,0.0,0.0,0.0,0.0,0.0,0.0,0.0,0.0,0.0,0.0,0.0,0.0,0.0,0.0,0.0,0.0,0.0,0.0,0.0,0.0,0.0,0.0,0.0,0.0,0.0,0.0,0.0,0.0,0.0,0.0,0.0,0.0,0.0,0.0,0.0,0.0,0.0,0.0,0.0,0.0,0.0,0.0,0.0,0.0,0.0,0.0,0.0,0.0,0.0,0.0,0.0,0.0,I
0.2519380450248718,0.8629917502403259,1.3257205466743474e-07,0.2479464709758758,0.7765125036239624,-0.007806992623955,0.2775000929832458,0.7139636278152466,-0.0125900153070688,0.3229244947433471,0.6779447197914124,-0.0146771352738142,0.3568747937679291,0.6525239944458008,-0.0160983819514513,0.3335238695144653,0.7252826690673828,-0.0243361741304397,0.3994035720825195,0.6886101961135864,-0.0337965935468673,0.4359740018844604,0.6680915355682373,-0.0361347682774066,0.4636646509170532,0.6538982391357422,-0.0364665202796459,0.3511143624782562,0.7665696740150452,-0.0236834473907947,0.4183163046836853,0.7206318378448486,-0.0334741882979869,0.4590589106082916,0.6939250826835632,-0.0364038050174713,0.4915830492973327,0.6755006313323975,-0.0373185314238071,0.3603560924530029,0.8072256445884705,-0.0226784143596887,0.4205594360828399,0.765755832195282,-0.03211485221982,0.4576618075370788,0.7409646511077881,-0.0376013666391372,0.4849740862846374,0.720757246017456,-0.0395942069590091,0.3642570674419403,0.8474322557449341,-0.0213813688606023,0.4119309484958648,0.82011479139328,-0.0282334238290786,0.4409126043319702,0.7995860576629639,-0.0318409167230129,0.4638870060443878,0.7818563580513,-0.0328105501830577,0.0,0.0,0.0,0.0,0.0,0.0,0.0,0.0,0.0,0.0,0.0,0.0,0.0,0.0,0.0,0.0,0.0,0.0,0.0,0.0,0.0,0.0,0.0,0.0,0.0,0.0,0.0,0.0,0.0,0.0,0.0,0.0,0.0,0.0,0.0,0.0,0.0,0.0,0.0,0.0,0.0,0.0,0.0,0.0,0.0,0.0,0.0,0.0,0.0,0.0,0.0,0.0,0.0,0.0,0.0,0.0,0.0,0.0,0.0,0.0,0.0,0.0,0.0,I
0.2454761564731598,0.9001103043556213,1.9849645127578697e-07,0.2405346930027008,0.8165338635444641,-0.0119170909747481,0.2707214653491974,0.7547328472137451,-0.0179474502801895,0.3148325383663177,0.7168903350830078,-0.0211760140955448,0.3500900268554687,0.68939608335495,-0.0236379466950893,0.3291279673576355,0.7682410478591919,-0.0224914327263832,0.3943327069282532,0.7288743853569031,-0.032961368560791,0.4308249056339264,0.7064931392669678,-0.0373793542385101,0.4588209986686706,0.6900730133056641,-0.0391562618315219,0.3461368680000305,0.8096978068351746,-0.0211523622274398,0.4109112620353699,0.7628442049026489,-0.0305833425372838,0.4509525597095489,0.7344634532928467,-0.035738356411457,0.4823026657104492,0.7132239937782288,-0.0385872162878513,0.3545700907707214,0.8495514988899231,-0.0203502960503101,0.4137837290763855,0.8081088662147522,-0.0302497670054435,0.4504886865615845,0.7827697396278381,-0.0378152020275592,0.4775030314922333,0.7620100378990173,-0.0415590703487396,0.359027087688446,0.8874574899673462,-0.0197829268872737,0.4065247774124145,0.8639979362487793,-0.0277927722781896,0.4352766275405884,0.8457401394844055,-0.0327498912811279,0.4577227830886841,0.8292865753173828,-0.0348043367266655,0.0,0.0,0.0,0.0,0.0,0.0,0.0,0.0,0.0,0.0,0.0,0.0,0.0,0.0,0.0,0.0,0.0,0.0,0.0,0.0,0.0,0.0,0.0,0.0,0.0,0.0,0.0,0.0,0.0,0.0,0.0,0.0,0.0,0.0,0.0,0.0,0.0,0.0,0.0,0.0,0.0,0.0,0.0,0.0,0.0,0.0,0.0,0.0,0.0,0.0,0.0,0.0,0.0,0.0,0.0,0.0,0.0,0.0,0.0,0.0,0.0,0.0,0.0,I
0.2689771950244903,0.96505868434906,2.620473935621704e-07,0.2664746046066284,0.8812498450279236,-0.0179114565253257,0.3027253150939941,0.8210477232933044,-0.0283353812992572,0.3510299623012543,0.7917097210884094,-0.0341557264328002,0.3862088322639465,0.7771459817886353,-0.0394562408328056,0.3533233106136322,0.847450315952301,-0.0394371189177036,0.4244228899478912,0.8242497444152832,-0.054028607904911,0.4668145179748535,0.8105580806732178,-0.0589962117373943,0.4970720112323761,0.801206648349762,-0.0606177598237991,0.3678239583969116,0.8967114686965942,-0.0358882918953895,0.4403428137302398,0.863660991191864,-0.0479194894433021,0.4842759966850281,0.8442813158035278,-0.0514499135315418,0.5175727605819702,0.8318285346031189,-0.052744586020708,0.3747055828571319,0.9406411051750184,-0.0324513241648674,0.440282940864563,0.9078937768936156,-0.0437299348413944,0.4803909659385681,0.888272762298584,-0.0488983243703842,0.510473370552063,0.8739935755729675,-0.0506865866482257,0.3766475319862366,0.9797826409339904,-0.029542364180088,0.4273591041564941,0.9587366580963136,-0.0393510237336158,0.45799320936203,0.9427127242088318,-0.043153490871191,0.4822587966918945,0.9285609126091005,-0.0437639281153678,0.0,0.0,0.0,0.0,0.0,0.0,0.0,0.0,0.0,0.0,0.0,0.0,0.0,0.0,0.0,0.0,0.0,0.0,0.0,0.0,0.0,0.0,0.0,0.0,0.0,0.0,0.0,0.0,0.0,0.0,0.0,0.0,0.0,0.0,0.0,0.0,0.0,0.0,0.0,0.0,0.0,0.0,0.0,0.0,0.0,0.0,0.0,0.0,0.0,0.0,0.0,0.0,0.0,0.0,0.0,0.0,0.0,0.0,0.0,0.0,0.0,0.0,0.0,I
0.2566495537757873,0.8748681545257568,8.170425047637765e-08,0.255088210105896,0.7868383526802063,-0.0068130851723253,0.2893314957618713,0.7260080575942993,-0.0093467375263571,0.3365264534950256,0.6898460984230042,-0.0098251774907112,0.3692393004894256,0.6601837873458862,-0.0097031537443399,0.3495533466339111,0.7401067018508911,-0.0152547126635909,0.4161916971206665,0.6970292329788208,-0.0216150656342506,0.4519113004207611,0.6748427152633667,-0.0235169399529695,0.4790445566177368,0.6599636077880859,-0.023978741839528,0.3658399283885956,0.7812745571136475,-0.0141144143417477,0.4322285056114197,0.7312728762626648,-0.0193571355193853,0.4707973599433899,0.7032663822174072,-0.0218625329434871,0.5004851818084717,0.6845917105674744,-0.0234627369791269,0.3731537461280823,0.8220473527908325,-0.0131705710664391,0.4348396062850952,0.7773289084434509,-0.0197000540792942,0.4702769219875335,0.7505227327346802,-0.0256178695708513,0.4952504336833954,0.7294573783874512,-0.0288267415016889,0.3760539889335632,0.8626333475112915,-0.0120762214064598,0.4252668619155884,0.8370628952980042,-0.0178601760417222,0.4548007249832153,0.8172785639762878,-0.0224200431257486,0.4784568250179291,0.8002932667732239,-0.0246511157602071,0.0,0.0,0.0,0.0,0.0,0.0,0.0,0.0,0.0,0.0,0.0,0.0,0.0,0.0,0.0,0.0,0.0,0.0,0.0,0.0,0.0,0.0,0.0,0.0,0.0,0.0,0.0,0.0,0.0,0.0,0.0,0.0,0.0,0.0,0.0,0.0,0.0,0.0,0.0,0.0,0.0,0.0,0.0,0.0,0.0,0.0,0.0,0.0,0.0,0.0,0.0,0.0,0.0,0.0,0.0,0.0,0.0,0.0,0.0,0.0,0.0,0.0,0.0,I
0.2576448321342468,0.8071792125701904,5.1566317438300764e-08,0.2541782855987549,0.7195894718170166,-0.0034817741252481,0.2851696014404297,0.6558027863502502,-0.0053696734830737,0.3300477862358093,0.6204866766929626,-0.0058665736578404,0.3605616688728332,0.5944012403488159,-0.0061128633096814,0.3409635126590729,0.6669855713844299,-0.0168192461133003,0.405939370393753,0.6247563362121582,-0.0249017179012298,0.4415069818496704,0.6026257276535034,-0.0273950546979904,0.4682973325252533,0.5870704650878906,-0.0280183721333742,0.3591967225074768,0.7069770693778992,-0.0183089151978492,0.4242841303348541,0.6580408811569214,-0.0252051353454589,0.4634272158145904,0.6291743516921997,-0.027975870296359,0.4939325451850891,0.6097020506858826,-0.0294645838439464,0.3696006834506988,0.747672438621521,-0.0195470210164785,0.4291731417179107,0.701099693775177,-0.0267663765698671,0.4651462435722351,0.6733501553535461,-0.0325669795274734,0.4904740750789642,0.6518388986587524,-0.0355146750807762,0.3748882412910461,0.7888400554656982,-0.0203908197581768,0.4232940375804901,0.7577924728393555,-0.0266436096280813,0.4523000717163086,0.7368901371955872,-0.0306592881679534,0.4753983616828918,0.7190974950790405,-0.032190840691328,0.0,0.0,0.0,0.0,0.0,0.0,0.0,0.0,0.0,0.0,0.0,0.0,0.0,0.0,0.0,0.0,0.0,0.0,0.0,0.0,0.0,0.0,0.0,0.0,0.0,0.0,0.0,0.0,0.0,0.0,0.0,0.0,0.0,0.0,0.0,0.0,0.0,0.0,0.0,0.0,0.0,0.0,0.0,0.0,0.0,0.0,0.0,0.0,0.0,0.0,0.0,0.0,0.0,0.0,0.0,0.0,0.0,0.0,0.0,0.0,0.0,0.0,0.0,I
0.2560399770736694,0.8455175161361694,1.600969596893265e-07,0.2507328391075134,0.7603505849838257,-0.0089510073885321,0.2811146974563598,0.6990552544593811,-0.014982127584517,0.3251502811908722,0.6659213304519653,-0.0181195773184299,0.3572736084461212,0.6401422023773193,-0.0213123634457588,0.3336580991744995,0.7139831781387329,-0.0310794208198785,0.3998230993747711,0.6733807921409607,-0.042642418295145,0.4375432133674621,0.6496458053588867,-0.0461532324552536,0.4663606286048889,0.6318966150283813,-0.0472800619900226,0.3517560958862304,0.7571884393692017,-0.0309624448418617,0.4187022745609283,0.7085105180740356,-0.0435045436024665,0.4607072174549103,0.676837682723999,-0.048834778368473,0.4945775866508484,0.6528423428535461,-0.0515880547463893,0.3619756698608398,0.7987167835235596,-0.0300114601850509,0.4224084317684173,0.7544535994529724,-0.0419819429516792,0.4603381156921386,0.7255213260650635,-0.0494758039712905,0.4886709749698639,0.7016122937202454,-0.0527658723294734,0.3669536113739013,0.8378769755363464,-0.0285994671285152,0.4158188700675964,0.8076114654541016,-0.0380914583802223,0.4456322193145752,0.7853754758834839,-0.0432423837482929,0.4695127606391907,0.7654142379760742,-0.0451730415225029,0.0,0.0,0.0,0.0,0.0,0.0,0.0,0.0,0.0,0.0,0.0,0.0,0.0,0.0,0.0,0.0,0.0,0.0,0.0,0.0,0.0,0.0,0.0,0.0,0.0,0.0,0.0,0.0,0.0,0.0,0.0,0.0,0.0,0.0,0.0,0.0,0.0,0.0,0.0,0.0,0.0,0.0,0.0,0.0,0.0,0.0,0.0,0.0,0.0,0.0,0.0,0.0,0.0,0.0,0.0,0.0,0.0,0.0,0.0,0.0,0.0,0.0,0.0,I
0.2885028719902038,0.8060348033905029,5.2554927520986894e-08,0.2801185250282287,0.7230437994003296,0.0011025113053619,0.3088909983634949,0.662535548210144,0.0011543956352397,0.351633608341217,0.6253796219825745,0.0020837236661463,0.3789554834365845,0.5935978293418884,0.0031438623555004,0.3654399216175079,0.6668744087219238,-0.0140558900311589,0.4286612570285797,0.6234255433082581,-0.0206728745251894,0.4634828567504883,0.6004142165184021,-0.020958375185728,0.4883881509304046,0.5841273069381714,-0.019993083551526,0.3854126036167145,0.7069231867790222,-0.0174284018576145,0.4499128460884094,0.6525477170944214,-0.0253524649888277,0.4867779612541199,0.6223072409629822,-0.0266206339001655,0.5145415663719177,0.6004509925842285,-0.0260741710662841,0.3974983394145965,0.7479063868522644,-0.0200070943683385,0.4572010934352875,0.6951310038566589,-0.0282455720007419,0.4927257001399994,0.6634050011634827,-0.0322164259850978,0.5178602337837219,0.6385261416435242,-0.0331454798579216,0.404032289981842,0.7893603444099426,-0.0216302685439586,0.4506635069847107,0.7554551959037781,-0.0275103338062763,0.4787666797637939,0.7305300235748291,-0.0301135946065187,0.5006694197654724,0.7086372375488281,-0.0304227136075496,0.0,0.0,0.0,0.0,0.0,0.0,0.0,0.0,0.0,0.0,0.0,0.0,0.0,0.0,0.0,0.0,0.0,0.0,0.0,0.0,0.0,0.0,0.0,0.0,0.0,0.0,0.0,0.0,0.0,0.0,0.0,0.0,0.0,0.0,0.0,0.0,0.0,0.0,0.0,0.0,0.0,0.0,0.0,0.0,0.0,0.0,0.0,0.0,0.0,0.0,0.0,0.0,0.0,0.0,0.0,0.0,0.0,0.0,0.0,0.0,0.0,0.0,0.0,I
0.2138856947422027,0.824321448802948,5.761201293807972e-08,0.2106705754995346,0.7353047132492065,-0.0027618275489658,0.2443031370639801,0.6694971919059753,-0.0040332525968551,0.2915374636650085,0.6319832801818848,-0.0042340639047324,0.3259051442146301,0.6037188768386841,-0.0034541699569672,0.3016101419925689,0.6792685985565186,-0.0128035712987184,0.3678023517131805,0.6364132165908813,-0.0192523673176765,0.4037427306175232,0.6130362153053284,-0.0204340871423482,0.4303314089775085,0.5967800617218018,-0.0201985109597444,0.3216359615325928,0.7191672325134277,-0.0145866312086582,0.3898577690124511,0.6681853532791138,-0.0200880542397499,0.4292894303798675,0.6389434933662415,-0.021456928923726,0.4579439759254455,0.6190248727798462,-0.022040132433176,0.3329145610332489,0.7581558227539062,-0.0163617208600044,0.3944128155708313,0.7128244638442993,-0.0218722950667142,0.4298635423183441,0.6858820915222168,-0.0265516843646764,0.4530307650566101,0.6630795001983643,-0.0290248282253742,0.3381533622741699,0.7961846590042114,-0.0179254058748483,0.3861058950424194,0.7676221132278442,-0.0215121638029813,0.4129607677459717,0.7447221875190735,-0.0242603793740272,0.4321566820144653,0.7229780554771423,-0.0253430865705013,0.0,0.0,0.0,0.0,0.0,0.0,0.0,0.0,0.0,0.0,0.0,0.0,0.0,0.0,0.0,0.0,0.0,0.0,0.0,0.0,0.0,0.0,0.0,0.0,0.0,0.0,0.0,0.0,0.0,0.0,0.0,0.0,0.0,0.0,0.0,0.0,0.0,0.0,0.0,0.0,0.0,0.0,0.0,0.0,0.0,0.0,0.0,0.0,0.0,0.0,0.0,0.0,0.0,0.0,0.0,0.0,0.0,0.0,0.0,0.0,0.0,0.0,0.0,I
0.2442134767770767,0.8649939298629761,1.1863263438272045e-07,0.238583356142044,0.77783203125,-0.008618920110166,0.2672763168811798,0.7148995399475098,-0.0140918185934424,0.3130703866481781,0.6784337759017944,-0.0174246281385421,0.3475691974163055,0.6494448781013489,-0.0204465724527835,0.3264750838279724,0.7244371175765991,-0.023482721298933,0.3906228840351105,0.6794383525848389,-0.034233458340168,0.4264392256736755,0.6541883945465088,-0.0386292524635791,0.4538979530334472,0.6358581185340881,-0.0406811870634555,0.345942348241806,0.7647517323493958,-0.0241377241909503,0.4105295240879059,0.7120422720909119,-0.0330239087343215,0.4492910206317901,0.680621325969696,-0.0373914688825607,0.4796406328678131,0.6582784652709961,-0.0404885709285736,0.356487512588501,0.8058187365531921,-0.0249380674213171,0.4171636998653412,0.7582262754440308,-0.0347845591604709,0.4529954791069031,0.7287452816963196,-0.0421237610280513,0.4778951406478882,0.7054422497749329,-0.0464327335357666,0.3623477518558502,0.8461191654205322,-0.0256932284682989,0.4109484255313873,0.8183483481407166,-0.0349221043288707,0.4398407936096191,0.7970618605613708,-0.0409079305827617,0.462394118309021,0.7780947685241699,-0.0440231412649154,0.0,0.0,0.0,0.0,0.0,0.0,0.0,0.0,0.0,0.0,0.0,0.0,0.0,0.0,0.0,0.0,0.0,0.0,0.0,0.0,0.0,0.0,0.0,0.0,0.0,0.0,0.0,0.0,0.0,0.0,0.0,0.0,0.0,0.0,0.0,0.0,0.0,0.0,0.0,0.0,0.0,0.0,0.0,0.0,0.0,0.0,0.0,0.0,0.0,0.0,0.0,0.0,0.0,0.0,0.0,0.0,0.0,0.0,0.0,0.0,0.0,0.0,0.0,I
0.2289003133773803,0.8366327285766602,3.6020622928845114e-08,0.2224809825420379,0.7489919662475586,-0.0024294899776577,0.2516849935054779,0.6837670207023621,-0.0028139685746282,0.2970401644706726,0.6447277665138245,-0.0022743474692106,0.330057144165039,0.6149857640266418,-0.000969088927377,0.31191486120224,0.6872785091400146,-0.0090521452948451,0.3739226460456848,0.6410126686096191,-0.0144149586558341,0.4078940749168396,0.616032600402832,-0.0160037968307733,0.4333864450454712,0.5988589525222778,-0.0163252092897892,0.3332681059837341,0.7250421643257141,-0.0102658113464713,0.3957826495170593,0.6712260246276855,-0.0143799744546413,0.4314690232276916,0.6404005885124207,-0.0163119919598102,0.4580228626728058,0.6199588775634766,-0.0177204571664333,0.3452035784721374,0.7637690901756287,-0.011616576462984,0.4036555886268616,0.7146425843238831,-0.016708705574274,0.4363271296024322,0.6848928332328796,-0.0220304504036903,0.4580975770950317,0.6615909337997437,-0.0251901280134916,0.351650059223175,0.8026708364486694,-0.0126945804804563,0.3991215527057647,0.772738516330719,-0.0166533272713422,0.4255436658859253,0.7506511211395264,-0.0201684180647134,0.4454789757728576,0.7312604784965515,-0.0218996349722147,0.0,0.0,0.0,0.0,0.0,0.0,0.0,0.0,0.0,0.0,0.0,0.0,0.0,0.0,0.0,0.0,0.0,0.0,0.0,0.0,0.0,0.0,0.0,0.0,0.0,0.0,0.0,0.0,0.0,0.0,0.0,0.0,0.0,0.0,0.0,0.0,0.0,0.0,0.0,0.0,0.0,0.0,0.0,0.0,0.0,0.0,0.0,0.0,0.0,0.0,0.0,0.0,0.0,0.0,0.0,0.0,0.0,0.0,0.0,0.0,0.0,0.0,0.0,I
0.2412261366844177,0.8800007700920105,1.1794826804134573e-07,0.2395352721214294,0.7912353277206421,-0.0066303419880568,0.2727930247783661,0.7299350500106812,-0.0097916843369603,0.3191319406032562,0.6948499083518982,-0.0107128666713833,0.3501738309860229,0.6633511185646057,-0.0114006465300917,0.3291542530059814,0.7433769106864929,-0.0205687638372182,0.395043671131134,0.7004159688949585,-0.0283696670085191,0.4315183162689209,0.6769140362739563,-0.030865553766489,0.4595445394515991,0.6597345471382141,-0.0317493341863155,0.34673872590065,0.7847727537155151,-0.0204269494861364,0.4131860435009002,0.7354162931442261,-0.0273189358413219,0.4524232149124145,0.7055901885032654,-0.0304527431726455,0.4824454486370086,0.684377133846283,-0.0326328203082084,0.3553373217582702,0.8256902098655701,-0.0200878549367189,0.4172080755233764,0.781737208366394,-0.0280871018767356,0.4538114070892334,0.7528194189071655,-0.0349968783557415,0.47888845205307,0.7296088337898254,-0.0389586836099624,0.3596930205821991,0.8652665019035339,-0.0194215234369039,0.4103462994098663,0.8431191444396973,-0.0264001004397869,0.4413698315620422,0.824155867099762,-0.0317586064338684,0.4657511413097381,0.8071827292442322,-0.0346925109624862,0.0,0.0,0.0,0.0,0.0,0.0,0.0,0.0,0.0,0.0,0.0,0.0,0.0,0.0,0.0,0.0,0.0,0.0,0.0,0.0,0.0,0.0,0.0,0.0,0.0,0.0,0.0,0.0,0.0,0.0,0.0,0.0,0.0,0.0,0.0,0.0,0.0,0.0,0.0,0.0,0.0,0.0,0.0,0.0,0.0,0.0,0.0,0.0,0.0,0.0,0.0,0.0,0.0,0.0,0.0,0.0,0.0,0.0,0.0,0.0,0.0,0.0,0.0,I
0.2394294738769531,0.8627148270606995,9.211513685158935e-08,0.2356569468975067,0.7743580341339111,-0.0080012641847133,0.2663842439651489,0.7099852561950684,-0.0134405344724655,0.3128427267074585,0.6724193096160889,-0.0169350001960992,0.3464971780776977,0.6423364281654358,-0.0199968125671148,0.3239417672157287,0.721023678779602,-0.0234791319817304,0.3898192048072815,0.676613450050354,-0.0347759574651718,0.4266543090343475,0.6528288125991821,-0.0388987809419631,0.4542460143566131,0.6362119317054749,-0.0403753817081451,0.3436547219753265,0.7610043287277222,-0.0243500731885433,0.4116382598876953,0.7099534273147583,-0.0345533266663551,0.4526025354862213,0.6799085140228271,-0.0383947193622589,0.4836019277572632,0.6592816710472107,-0.0403074622154235,0.3547596037387848,0.8011793494224548,-0.0252933669835329,0.4173249900341034,0.7552685737609863,-0.034913532435894,0.4542153775691986,0.728145956993103,-0.0406791307032108,0.4795788824558258,0.7067366242408752,-0.0433635078370571,0.3599258363246918,0.8413203954696655,-0.0262602306902408,0.4095178842544555,0.8108332753181458,-0.0337698049843311,0.4383024573326111,0.7887635827064514,-0.0376871488988399,0.4604339897632599,0.7695709466934204,-0.0390465445816516,0.0,0.0,0.0,0.0,0.0,0.0,0.0,0.0,0.0,0.0,0.0,0.0,0.0,0.0,0.0,0.0,0.0,0.0,0.0,0.0,0.0,0.0,0.0,0.0,0.0,0.0,0.0,0.0,0.0,0.0,0.0,0.0,0.0,0.0,0.0,0.0,0.0,0.0,0.0,0.0,0.0,0.0,0.0,0.0,0.0,0.0,0.0,0.0,0.0,0.0,0.0,0.0,0.0,0.0,0.0,0.0,0.0,0.0,0.0,0.0,0.0,0.0,0.0,I
0.2389925718307495,0.8781761527061462,1.6718777828828024e-07,0.2377974689006805,0.7869030833244324,-0.0084603438153862,0.270133763551712,0.7234131693840027,-0.013158407062292,0.3182944655418396,0.6873781681060791,-0.0157134905457496,0.3549546003341675,0.6595230102539062,-0.017616219818592,0.3317026197910309,0.7381899356842041,-0.0182855296880006,0.3992433845996856,0.702285885810852,-0.0269020479172468,0.4364967942237854,0.6819212436676025,-0.0303547792136669,0.465192437171936,0.6675515174865723,-0.0317290723323822,0.3487375974655151,0.7814607620239258,-0.0183787681162357,0.4175218343734741,0.7368801236152649,-0.0258493721485137,0.4591404795646667,0.7098714113235474,-0.0299769453704357,0.4914999604225158,0.6906124353408813,-0.0325549468398094,0.3563879430294037,0.8238993287086487,-0.018904248252511,0.4208439290523529,0.7841167449951172,-0.0275066886097192,0.4596571028232574,0.7592124938964844,-0.0349635705351829,0.4874759316444397,0.7389106750488281,-0.0390390194952487,0.3598430156707763,0.865199089050293,-0.0193703081458807,0.4123285412788391,0.8441525101661682,-0.0267575439065694,0.4439895153045654,0.8276445865631104,-0.0319677554070949,0.469105988740921,0.8130555152893066,-0.0344835817813873,0.0,0.0,0.0,0.0,0.0,0.0,0.0,0.0,0.0,0.0,0.0,0.0,0.0,0.0,0.0,0.0,0.0,0.0,0.0,0.0,0.0,0.0,0.0,0.0,0.0,0.0,0.0,0.0,0.0,0.0,0.0,0.0,0.0,0.0,0.0,0.0,0.0,0.0,0.0,0.0,0.0,0.0,0.0,0.0,0.0,0.0,0.0,0.0,0.0,0.0,0.0,0.0,0.0,0.0,0.0,0.0,0.0,0.0,0.0,0.0,0.0,0.0,0.0,I
0.2468366920948028,0.8563774824142456,9.267991885053561e-08,0.2443919330835342,0.7658142447471619,-0.006709333974868,0.2751179933547973,0.7023693323135376,-0.0110836317762732,0.3222708404064178,0.6639754772186279,-0.0135373901575803,0.3570968508720398,0.6343159675598145,-0.0150501886382699,0.3379048109054565,0.7140682339668274,-0.018231201916933,0.4062370657920837,0.6731526255607605,-0.02631183154881,0.4425622820854187,0.6505747437477112,-0.0284185893833637,0.4692918360233307,0.6348044872283936,-0.0285997670143842,0.3569678664207458,0.7556197047233582,-0.0183562356978654,0.4261790812015533,0.7051894068717957,-0.0253017377108335,0.4655933380126953,0.6764954328536987,-0.0274410955607891,0.4947267770767212,0.6570669412612915,-0.0284469537436962,0.3668822646141052,0.796836793422699,-0.0186128877103328,0.4307110905647278,0.7512185573577881,-0.0259087830781936,0.4661452770233154,0.7244997024536133,-0.0307183060795068,0.4899781942367553,0.7032518982887268,-0.0329262837767601,0.3714390695095062,0.8373576998710632,-0.0188184697180986,0.4213940799236297,0.8077667355537415,-0.0247418656945228,0.4499038159847259,0.7850189805030823,-0.0283579770475626,0.471617728471756,0.7650741338729858,-0.0295763034373521,0.0,0.0,0.0,0.0,0.0,0.0,0.0,0.0,0.0,0.0,0.0,0.0,0.0,0.0,0.0,0.0,0.0,0.0,0.0,0.0,0.0,0.0,0.0,0.0,0.0,0.0,0.0,0.0,0.0,0.0,0.0,0.0,0.0,0.0,0.0,0.0,0.0,0.0,0.0,0.0,0.0,0.0,0.0,0.0,0.0,0.0,0.0,0.0,0.0,0.0,0.0,0.0,0.0,0.0,0.0,0.0,0.0,0.0,0.0,0.0,0.0,0.0,0.0,I
0.2648917734622955,0.8734312653541565,1.960768400977031e-07,0.257943719625473,0.785001814365387,-0.0109467385336756,0.2911984324455261,0.7253469824790955,-0.0166583210229873,0.336023211479187,0.6922014355659485,-0.0196069870144128,0.3670370876789093,0.6620004773139954,-0.0225399434566497,0.3476328253746032,0.7466320395469666,-0.0250363517552614,0.4141607880592346,0.7129538059234619,-0.0351560302078723,0.4523206651210785,0.6934071183204651,-0.0388290472328662,0.4809868335723877,0.6782997846603394,-0.0403122678399086,0.3643953800201416,0.7918722629547119,-0.0242658667266368,0.4320612847805023,0.7479597330093384,-0.0351203270256519,0.473613440990448,0.7215665578842163,-0.0404894389212131,0.50714111328125,0.7022997140884399,-0.0431861281394958,0.3720717430114746,0.8344665169715881,-0.0234800484031438,0.4344394207000732,0.796814501285553,-0.0352988839149475,0.4735203385353088,0.7722097039222717,-0.0429404936730861,0.5034960508346558,0.7530158162117004,-0.046189147979021,0.3753077685832977,0.8753571510314941,-0.0225035138428211,0.4269756078720093,0.854029655456543,-0.0318753831088542,0.4582307636737823,0.836686372756958,-0.036411877721548,0.4840693175792694,0.8211367130279541,-0.037937369197607,0.0,0.0,0.0,0.0,0.0,0.0,0.0,0.0,0.0,0.0,0.0,0.0,0.0,0.0,0.0,0.0,0.0,0.0,0.0,0.0,0.0,0.0,0.0,0.0,0.0,0.0,0.0,0.0,0.0,0.0,0.0,0.0,0.0,0.0,0.0,0.0,0.0,0.0,0.0,0.0,0.0,0.0,0.0,0.0,0.0,0.0,0.0,0.0,0.0,0.0,0.0,0.0,0.0,0.0,0.0,0.0,0.0,0.0,0.0,0.0,0.0,0.0,0.0,I
0.2655746042728424,0.8588852882385254,1.3216106253821638e-07,0.2624447345733642,0.7708191871643066,-0.009094932116568,0.2959977984428406,0.7114969491958618,-0.0142468074336647,0.3418560922145843,0.6795040369033813,-0.0167458988726139,0.3738070428371429,0.6494538187980652,-0.0193497743457555,0.3541005551815033,0.7289942502975464,-0.0270814877003431,0.4217529594898224,0.6919518113136292,-0.0376936197280883,0.4598845541477203,0.6722297072410583,-0.0414774119853973,0.4889549016952514,0.6581422090530396,-0.0431200042366981,0.370480477809906,0.7744555473327637,-0.0270629655569791,0.43898406624794,0.7280752062797546,-0.0372351519763469,0.4797110259532928,0.7001557946205139,-0.0416556820273399,0.5120238661766052,0.680465817451477,-0.0443740673363208,0.377789556980133,0.8182258605957031,-0.0268475320190191,0.4428942799568176,0.7778423428535461,-0.0383278802037239,0.4817458987236023,0.750696063041687,-0.0459363758563995,0.5100588798522949,0.728831946849823,-0.0497649274766445,0.3802528083324432,0.8596637845039368,-0.0263202153146266,0.4323450326919555,0.8396718502044678,-0.0366157405078411,0.4643166363239288,0.822259783744812,-0.0426775589585304,0.4901109337806701,0.8055738806724548,-0.0456052646040916,0.0,0.0,0.0,0.0,0.0,0.0,0.0,0.0,0.0,0.0,0.0,0.0,0.0,0.0,0.0,0.0,0.0,0.0,0.0,0.0,0.0,0.0,0.0,0.0,0.0,0.0,0.0,0.0,0.0,0.0,0.0,0.0,0.0,0.0,0.0,0.0,0.0,0.0,0.0,0.0,0.0,0.0,0.0,0.0,0.0,0.0,0.0,0.0,0.0,0.0,0.0,0.0,0.0,0.0,0.0,0.0,0.0,0.0,0.0,0.0,0.0,0.0,0.0,I
0.2604570388793945,0.852349579334259,7.045128569416192e-08,0.2595372796058655,0.7633315324783325,-0.0041613769717514,0.293975293636322,0.7011268138885498,-0.0065413070842623,0.3420961797237396,0.6685786247253418,-0.0065900152549147,0.3745938241481781,0.6408244371414185,-0.006499420851469,0.3534791469573974,0.7186561822891235,-0.0234620552510023,0.4243633449077606,0.6802945733070374,-0.0310641024261713,0.4623241722583771,0.6607052087783813,-0.0318734608590602,0.4908137619495392,0.6473526954650879,-0.0312766470015049,0.3700041472911834,0.7637894749641418,-0.0236594341695308,0.4429817199707031,0.7178165912628174,-0.0312409810721874,0.4843842983245849,0.6914671063423157,-0.0328626669943332,0.5156712532043457,0.673746645450592,-0.0334384255111217,0.3779670894145965,0.8071637153625488,-0.0230210814625024,0.4461173415184021,0.7653155326843262,-0.0315088927745819,0.4849016368389129,0.7390852570533752,-0.0370668061077594,0.5114186406135559,0.7179309129714966,-0.039535604417324,0.3807428181171417,0.8485715389251709,-0.0215991288423538,0.4347827434539795,0.824546217918396,-0.0289295110851526,0.4676458239555359,0.8054822087287903,-0.0336518846452236,0.49355149269104,0.78806072473526,-0.0356567092239856,0.0,0.0,0.0,0.0,0.0,0.0,0.0,0.0,0.0,0.0,0.0,0.0,0.0,0.0,0.0,0.0,0.0,0.0,0.0,0.0,0.0,0.0,0.0,0.0,0.0,0.0,0.0,0.0,0.0,0.0,0.0,0.0,0.0,0.0,0.0,0.0,0.0,0.0,0.0,0.0,0.0,0.0,0.0,0.0,0.0,0.0,0.0,0.0,0.0,0.0,0.0,0.0,0.0,0.0,0.0,0.0,0.0,0.0,0.0,0.0,0.0,0.0,0.0,I
0.2579815983772278,0.8598577380180359,9.629972197444658e-08,0.2561523616313934,0.7678408622741699,-0.0072404700331389,0.291357547044754,0.7083083987236023,-0.0106870681047439,0.3405270278453827,0.6806559562683105,-0.0114007452502846,0.3739809393882751,0.6553792357444763,-0.0117985866963863,0.3492331504821777,0.7300241589546204,-0.0237241815775632,0.4179506599903106,0.6937016844749451,-0.031757216900587,0.4553667306900024,0.6739134788513184,-0.033305250108242,0.4838966131210327,0.6598659753799438,-0.0333381481468677,0.3655307590961456,0.7740797400474548,-0.0227738749235868,0.4366403520107269,0.7298727631568909,-0.0320893004536628,0.4776961505413055,0.7030507326126099,-0.0344308167695999,0.5096508860588074,0.6846760511398315,-0.0350022912025451,0.3730119168758392,0.8150090575218201,-0.0213691424578428,0.4385935664176941,0.7750803232192993,-0.0307499691843986,0.4778049886226654,0.7504475712776184,-0.0359384566545486,0.5059624910354614,0.7310025095939636,-0.0377420149743557,0.3749633133411407,0.8545845746994019,-0.0195756703615188,0.4276959300041199,0.8298517465591431,-0.026213327422738,0.4594486355781555,0.8109034299850464,-0.0296202097088098,0.4849429130554199,0.7942819595336914,-0.0305946134030818,0.0,0.0,0.0,0.0,0.0,0.0,0.0,0.0,0.0,0.0,0.0,0.0,0.0,0.0,0.0,0.0,0.0,0.0,0.0,0.0,0.0,0.0,0.0,0.0,0.0,0.0,0.0,0.0,0.0,0.0,0.0,0.0,0.0,0.0,0.0,0.0,0.0,0.0,0.0,0.0,0.0,0.0,0.0,0.0,0.0,0.0,0.0,0.0,0.0,0.0,0.0,0.0,0.0,0.0,0.0,0.0,0.0,0.0,0.0,0.0,0.0,0.0,0.0,I
0.2625070810317993,0.8682917356491089,1.0567880792677897e-07,0.2573858797550201,0.7808860540390015,-0.0126816676929593,0.2888230681419372,0.7181695103645325,-0.0197538956999778,0.3352693915367126,0.6853067874908447,-0.0237382650375366,0.367903470993042,0.6573300361633301,-0.0277980621904134,0.348442018032074,0.7368848323822021,-0.0309445448219776,0.4150505661964416,0.6969379782676697,-0.0429683998227119,0.4533287584781647,0.6752320528030396,-0.0476211942732334,0.4825226366519928,0.6591359376907349,-0.0498842634260654,0.3659094572067261,0.7812182307243347,-0.0298410095274448,0.4333381652832031,0.7329635620117188,-0.0410998947918415,0.4735842943191528,0.7023558020591736,-0.0462221056222915,0.5051165819168091,0.6806653141975403,-0.0493838042020797,0.3742528557777405,0.8240904211997986,-0.0287887454032897,0.4376388788223266,0.7817097902297974,-0.0410363748669624,0.47750124335289,0.7526528835296631,-0.0492604561150074,0.5069292783737183,0.7296071648597717,-0.0534855611622333,0.3776252865791321,0.8659646511077881,-0.0277605783194303,0.4300446510314941,0.8445569276809692,-0.0385963506996631,0.4623241424560547,0.826831042766571,-0.0449853390455246,0.488134890794754,0.8099539279937744,-0.0480013564229011,0.0,0.0,0.0,0.0,0.0,0.0,0.0,0.0,0.0,0.0,0.0,0.0,0.0,0.0,0.0,0.0,0.0,0.0,0.0,0.0,0.0,0.0,0.0,0.0,0.0,0.0,0.0,0.0,0.0,0.0,0.0,0.0,0.0,0.0,0.0,0.0,0.0,0.0,0.0,0.0,0.0,0.0,0.0,0.0,0.0,0.0,0.0,0.0,0.0,0.0,0.0,0.0,0.0,0.0,0.0,0.0,0.0,0.0,0.0,0.0,0.0,0.0,0.0,I
0.4810422658920288,0.8619301915168762,1.2768130375206965e-07,0.4788913130760193,0.7709082961082458,3.833705704892054e-05,0.4456490278244018,0.702167809009552,-0.0011356030590832,0.4010100066661834,0.6634841561317444,-0.0017000305233523,0.3664153814315796,0.6517840027809143,-0.0045056492090225,0.3946534991264343,0.7242076396942139,-0.0116063198074698,0.329056829214096,0.6907711029052734,-0.0193176362663507,0.2913418412208557,0.6711806654930115,-0.0262847784906625,0.2603194415569305,0.6575281620025635,-0.0315187498927116,0.3750542998313904,0.7707454562187195,-0.0167296584695577,0.3058258593082428,0.7333107590675354,-0.023016944527626,0.2659148871898651,0.7102678418159485,-0.0318249762058258,0.2368620932102203,0.6944852471351624,-0.0395667180418968,0.3639353811740875,0.814418613910675,-0.0204839892685413,0.3000084459781647,0.783565878868103,-0.0258372407406568,0.2618334889411926,0.7589132189750671,-0.0335476249456405,0.2340064942836761,0.7399473786354065,-0.0398870296776294,0.3618651926517486,0.8550631999969482,-0.0233623702079057,0.3085525035858154,0.8317724466323853,-0.0285988897085189,0.2778190672397613,0.8185606002807617,-0.0306468214839696,0.2544149756431579,0.8036837577819824,-0.0318238250911235,0.0,0.0,0.0,0.0,0.0,0.0,0.0,0.0,0.0,0.0,0.0,0.0,0.0,0.0,0.0,0.0,0.0,0.0,0.0,0.0,0.0,0.0,0.0,0.0,0.0,0.0,0.0,0.0,0.0,0.0,0.0,0.0,0.0,0.0,0.0,0.0,0.0,0.0,0.0,0.0,0.0,0.0,0.0,0.0,0.0,0.0,0.0,0.0,0.0,0.0,0.0,0.0,0.0,0.0,0.0,0.0,0.0,0.0,0.0,0.0,0.0,0.0,0.0,I
0.4757084548473358,0.881272554397583,9.165521674958654e-08,0.4765121042728424,0.7918441295623779,-0.0017202048329636,0.4464144706726074,0.7197856307029724,-0.0037152313161641,0.4026616811752319,0.6822060942649841,-0.0049509136006236,0.3697294592857361,0.6667279601097107,-0.008324546739459,0.3905336260795593,0.7354120016098022,-0.0149657344445586,0.32757768034935,0.7005501389503479,-0.024228511378169,0.2908863127231598,0.6814987063407898,-0.032055739313364,0.2605908513069153,0.6679490804672241,-0.0378081873059272,0.3694305419921875,0.780876100063324,-0.0200962573289871,0.3031623363494873,0.7395718693733215,-0.0271762274205684,0.2630979120731354,0.7156212329864502,-0.0351442098617553,0.2338018119335174,0.6983969211578369,-0.0425416193902492,0.3577553331851959,0.8251051902770996,-0.0241518337279558,0.2956465780735016,0.7886439561843872,-0.0305968765169382,0.2591098845005035,0.7648794054985046,-0.0375415869057178,0.2325998544692993,0.7470293641090393,-0.0434915386140346,0.3552301526069641,0.867845892906189,-0.027538863942027,0.3050127029418945,0.8413493633270264,-0.0336876213550567,0.2765415906906128,0.8255294561386108,-0.0358415208756923,0.255282998085022,0.8097370862960815,-0.0372764132916927,0.0,0.0,0.0,0.0,0.0,0.0,0.0,0.0,0.0,0.0,0.0,0.0,0.0,0.0,0.0,0.0,0.0,0.0,0.0,0.0,0.0,0.0,0.0,0.0,0.0,0.0,0.0,0.0,0.0,0.0,0.0,0.0,0.0,0.0,0.0,0.0,0.0,0.0,0.0,0.0,0.0,0.0,0.0,0.0,0.0,0.0,0.0,0.0,0.0,0.0,0.0,0.0,0.0,0.0,0.0,0.0,0.0,0.0,0.0,0.0,0.0,0.0,0.0,I
0.4780758917331695,0.8740253448486328,8.173168453140535e-08,0.4893276691436767,0.7886992692947388,-0.0010148200672119,0.4647227525711059,0.7151187062263489,-0.0006710851448588,0.4199903011322021,0.6679239869117737,0.0009807544993236,0.388490617275238,0.644580066204071,0.0012831592466682,0.4066582918167114,0.7217801213264465,-0.0107390508055686,0.3479487299919128,0.6738322973251343,-0.016011044383049,0.3144879937171936,0.6497893333435059,-0.0202916637063026,0.2879417836666107,0.6334124207496643,-0.0232526212930679,0.3796489238739013,0.7615089416503906,-0.0131179774180054,0.3190073072910309,0.7066746950149536,-0.0156061751767992,0.2840431630611419,0.6753652095794678,-0.0196933280676603,0.2594683468341827,0.652860164642334,-0.0242535583674907,0.3633849620819092,0.7994917631149292,-0.0144771942868828,0.306424617767334,0.7539160847663879,-0.0165523383766412,0.2762053608894348,0.7241052389144897,-0.0213377941399812,0.2547134757041931,0.7020831108093262,-0.0260100290179252,0.3570545613765716,0.8367630243301392,-0.0152049008756876,0.3106203973293304,0.8039057850837708,-0.0171242207288742,0.2876245677471161,0.7854393124580383,-0.0176478549838066,0.2717394232749939,0.7683526277542114,-0.0181158185005188,0.0,0.0,0.0,0.0,0.0,0.0,0.0,0.0,0.0,0.0,0.0,0.0,0.0,0.0,0.0,0.0,0.0,0.0,0.0,0.0,0.0,0.0,0.0,0.0,0.0,0.0,0.0,0.0,0.0,0.0,0.0,0.0,0.0,0.0,0.0,0.0,0.0,0.0,0.0,0.0,0.0,0.0,0.0,0.0,0.0,0.0,0.0,0.0,0.0,0.0,0.0,0.0,0.0,0.0,0.0,0.0,0.0,0.0,0.0,0.0,0.0,0.0,0.0,I
0.4774424433708191,0.8913029432296753,1.0275075368326725e-07,0.4885140061378479,0.804667592048645,-0.0020306352525949,0.4647809863090515,0.7324379086494446,-0.001721549895592,0.4225757420063019,0.6878363490104675,-0.0007022264762781,0.3911815881729126,0.667174220085144,-0.0014212483074516,0.3992261290550232,0.7357639074325562,-0.008577786386013,0.342296689748764,0.6947221755981445,-0.0146362027153372,0.3092551827430725,0.6715784668922424,-0.0203901343047618,0.2822714447975158,0.6528961062431335,-0.0250417757779359,0.3742528557777405,0.7749877572059631,-0.0122314095497131,0.3153598308563232,0.7251002192497253,-0.0163633599877357,0.2813554406166076,0.6949117183685303,-0.0225357785820961,0.2558650374412536,0.6722380518913269,-0.0286351013928651,0.3606912493705749,0.8162186145782471,-0.0152743943035602,0.305829793214798,0.7720717191696167,-0.0201931484043598,0.2739756107330322,0.7442232370376587,-0.0270156189799308,0.2498103678226471,0.7232345342636108,-0.0328084044158458,0.3566066920757293,0.8581769466400146,-0.0178228933364152,0.3129558563232422,0.8289254903793335,-0.0226479955017566,0.2893743515014648,0.810904860496521,-0.0249455347657203,0.271549791097641,0.7944788336753845,-0.0265471190214157,0.0,0.0,0.0,0.0,0.0,0.0,0.0,0.0,0.0,0.0,0.0,0.0,0.0,0.0,0.0,0.0,0.0,0.0,0.0,0.0,0.0,0.0,0.0,0.0,0.0,0.0,0.0,0.0,0.0,0.0,0.0,0.0,0.0,0.0,0.0,0.0,0.0,0.0,0.0,0.0,0.0,0.0,0.0,0.0,0.0,0.0,0.0,0.0,0.0,0.0,0.0,0.0,0.0,0.0,0.0,0.0,0.0,0.0,0.0,0.0,0.0,0.0,0.0,I
0.4584780633449554,0.8926229476928711,5.5843646151743094e-08,0.4609935879707336,0.8061650395393372,0.0031135480385273,0.4357804954051971,0.7363560795783997,0.0056916018947958,0.4058794975280761,0.6872631311416626,0.0070433891378343,0.385831207036972,0.6522281169891357,0.0064047258347272,0.3696848750114441,0.739899218082428,-0.0001391352998325,0.3132911324501037,0.7045391798019409,-0.0049597802571952,0.2810491323471069,0.6878402233123779,-0.0109908953309059,0.2539076805114746,0.6756154298782349,-0.015985045582056,0.3498063087463379,0.7800416350364685,-0.0072421836666762,0.288274347782135,0.7395700216293335,-0.0109121790155768,0.2509167194366455,0.7152875065803528,-0.0187210012227296,0.2217340022325515,0.6965833306312561,-0.0263148508965969,0.3391852378845215,0.8238463401794434,-0.0139222471043467,0.2814744710922241,0.787611186504364,-0.0196310449391603,0.2457781136035919,0.7641927003860474,-0.0284138116985559,0.2176796495914459,0.7465216517448425,-0.035706341266632,0.3370279967784881,0.8685210943222046,-0.0197567883878946,0.289854496717453,0.8453308343887329,-0.0263964924961328,0.263211041688919,0.831028938293457,-0.0303687527775764,0.2420367002487182,0.8172897100448608,-0.0331568010151386,0.0,0.0,0.0,0.0,0.0,0.0,0.0,0.0,0.0,0.0,0.0,0.0,0.0,0.0,0.0,0.0,0.0,0.0,0.0,0.0,0.0,0.0,0.0,0.0,0.0,0.0,0.0,0.0,0.0,0.0,0.0,0.0,0.0,0.0,0.0,0.0,0.0,0.0,0.0,0.0,0.0,0.0,0.0,0.0,0.0,0.0,0.0,0.0,0.0,0.0,0.0,0.0,0.0,0.0,0.0,0.0,0.0,0.0,0.0,0.0,0.0,0.0,0.0,I
0.4735960364341736,0.8864046335220337,1.2112599279134886e-07,0.4880378842353821,0.8001604080200195,-0.0008820646326057,0.4648253619670868,0.7268775105476379,-0.0010900533525273,0.4252485334873199,0.6761627793312073,6.596998719032854e-05,0.4006614983081817,0.6432701349258423,-0.0001211120325024,0.4092125594615936,0.7334266304969788,-0.0135075543075799,0.3532330989837646,0.6784547567367554,-0.0188032947480678,0.3217714726924896,0.6478675603866577,-0.0216382145881652,0.2987171709537506,0.6256322264671326,-0.0233518350869417,0.381971001625061,0.7719640135765076,-0.0156615525484085,0.3237746953964233,0.7097668051719666,-0.0184971839189529,0.2908767163753509,0.6726261973381042,-0.0211327448487281,0.2693747282028198,0.6456993818283081,-0.0242688413709402,0.3650065064430237,0.8093488812446594,-0.0166072715073823,0.3101202547550201,0.7572422027587891,-0.0183759704232215,0.280503511428833,0.7224233746528625,-0.0216358955949544,0.2607676982879638,0.6965020298957825,-0.0250180792063474,0.3577503263950348,0.8457736968994141,-0.0168899148702621,0.3138271570205688,0.8100731372833252,-0.0180401131510734,0.2911508679389953,0.7879886031150818,-0.0177735593169927,0.2761754989624023,0.7683948278427124,-0.0175321400165557,0.0,0.0,0.0,0.0,0.0,0.0,0.0,0.0,0.0,0.0,0.0,0.0,0.0,0.0,0.0,0.0,0.0,0.0,0.0,0.0,0.0,0.0,0.0,0.0,0.0,0.0,0.0,0.0,0.0,0.0,0.0,0.0,0.0,0.0,0.0,0.0,0.0,0.0,0.0,0.0,0.0,0.0,0.0,0.0,0.0,0.0,0.0,0.0,0.0,0.0,0.0,0.0,0.0,0.0,0.0,0.0,0.0,0.0,0.0,0.0,0.0,0.0,0.0,I
0.4602850973606109,0.8910602927207947,3.2094018820316705e-07,0.4770181179046631,0.811844527721405,-0.0168707873672246,0.467485636472702,0.7351014018058777,-0.0224264170974493,0.4522722661495209,0.6773368120193481,-0.0240837074816226,0.4448766708374023,0.6309602856636047,-0.026196589693427,0.3862602114677429,0.7508076429367065,-0.0268482100218534,0.3456969857215881,0.6883701682090759,-0.0332546681165695,0.3221938610076904,0.6513069272041321,-0.03760676831007,0.3044250011444092,0.6238138675689697,-0.0420573614537715,0.3606034219264984,0.7904215455055237,-0.0239546261727809,0.3090273141860962,0.7352915406227112,-0.0309760384261608,0.277165025472641,0.7020140290260315,-0.0399184338748455,0.2530911564826965,0.6780210733413696,-0.0484837554395198,0.3490020930767059,0.8318474292755127,-0.0209117420017719,0.2967402935028076,0.7902538180351257,-0.0309343878179788,0.2635421752929687,0.761461615562439,-0.0432604886591434,0.2387752383947372,0.7394896745681763,-0.0529329366981983,0.350020557641983,0.8703558444976807,-0.0180131122469902,0.3033452928066253,0.8574661016464233,-0.0313634425401687,0.2718963325023651,0.8469921946525574,-0.0407362058758735,0.2465449720621109,0.8349995613098145,-0.0468029826879501,0.0,0.0,0.0,0.0,0.0,0.0,0.0,0.0,0.0,0.0,0.0,0.0,0.0,0.0,0.0,0.0,0.0,0.0,0.0,0.0,0.0,0.0,0.0,0.0,0.0,0.0,0.0,0.0,0.0,0.0,0.0,0.0,0.0,0.0,0.0,0.0,0.0,0.0,0.0,0.0,0.0,0.0,0.0,0.0,0.0,0.0,0.0,0.0,0.0,0.0,0.0,0.0,0.0,0.0,0.0,0.0,0.0,0.0,0.0,0.0,0.0,0.0,0.0,I
0.4624090194702148,0.8884848952293396,1.0828072305457681e-07,0.4754900634288788,0.8038983941078186,-0.0059256278909742,0.4590169489383697,0.7271101474761963,-0.0080411164090037,0.4352365136146545,0.6640909910202026,-0.0091326748952269,0.4157063066959381,0.6212759017944336,-0.0111548276618123,0.3889057636260986,0.7249686121940613,-0.0077856350690126,0.3361741304397583,0.6765807271003723,-0.0133849736303091,0.3043113350868225,0.6525222063064575,-0.0201928690075874,0.2774695754051208,0.6348023414611816,-0.0255526378750801,0.36328986287117,0.7603750228881836,-0.0095729129388928,0.308604896068573,0.705697774887085,-0.0122991809621453,0.2771618962287903,0.6747361421585083,-0.0186565499752759,0.2539054751396179,0.650966227054596,-0.0256832856684923,0.3473815321922302,0.798861026763916,-0.0114975199103355,0.2961760759353637,0.7514334917068481,-0.0145215382799506,0.2690974771976471,0.7206843495368958,-0.0199112053960561,0.2493190914392471,0.6985838413238525,-0.0255310628563165,0.3404544591903686,0.8370092511177063,-0.0137266190722584,0.3000030517578125,0.8033758997917175,-0.0167877897620201,0.2792924344539642,0.7816569805145264,-0.0180672574788332,0.2642916440963745,0.7638022899627686,-0.019464336335659,0.0,0.0,0.0,0.0,0.0,0.0,0.0,0.0,0.0,0.0,0.0,0.0,0.0,0.0,0.0,0.0,0.0,0.0,0.0,0.0,0.0,0.0,0.0,0.0,0.0,0.0,0.0,0.0,0.0,0.0,0.0,0.0,0.0,0.0,0.0,0.0,0.0,0.0,0.0,0.0,0.0,0.0,0.0,0.0,0.0,0.0,0.0,0.0,0.0,0.0,0.0,0.0,0.0,0.0,0.0,0.0,0.0,0.0,0.0,0.0,0.0,0.0,0.0,I
0.5034880638122559,0.8883921504020691,1.6827493709570265e-07,0.5182854533195496,0.8062929511070251,-0.0089692566543817,0.5051310658454895,0.7280526161193848,-0.013167867437005,0.4863140881061554,0.6612347960472107,-0.0157832354307174,0.471699446439743,0.6114867925643921,-0.0194439850747585,0.4322001039981842,0.7207359671592712,-0.011949336156249,0.3802893161773681,0.6671693921089172,-0.0185988470911979,0.3496533036231994,0.639589250087738,-0.0254888758063316,0.324083149433136,0.6193308234214783,-0.0308064352720975,0.4075180292129516,0.7545633912086487,-0.0130835892632603,0.3533728122711181,0.6961168050765991,-0.0161645486950874,0.322366714477539,0.6605319380760193,-0.0229227431118488,0.2990718483924866,0.6336393356323242,-0.0302266031503677,0.3913709223270416,0.7937349081039429,-0.0145776709541678,0.3412814736366272,0.7417076230049133,-0.018772343173623,0.3130637109279632,0.7078089118003845,-0.0262350849807262,0.2912810444831848,0.6813681125640869,-0.0332319550216198,0.3835977911949157,0.8332160115242004,-0.0164147447794675,0.3434476256370544,0.7993216514587402,-0.0219094697386026,0.3204932808876037,0.7770270109176636,-0.0256777349859476,0.3022781908512115,0.757064938545227,-0.0286156721413135,0.0,0.0,0.0,0.0,0.0,0.0,0.0,0.0,0.0,0.0,0.0,0.0,0.0,0.0,0.0,0.0,0.0,0.0,0.0,0.0,0.0,0.0,0.0,0.0,0.0,0.0,0.0,0.0,0.0,0.0,0.0,0.0,0.0,0.0,0.0,0.0,0.0,0.0,0.0,0.0,0.0,0.0,0.0,0.0,0.0,0.0,0.0,0.0,0.0,0.0,0.0,0.0,0.0,0.0,0.0,0.0,0.0,0.0,0.0,0.0,0.0,0.0,0.0,I
0.5001885294914246,0.8301043510437012,1.5961485644311327e-07,0.5064107775688171,0.7491479516029358,-0.012812721543014,0.4781414270401001,0.67233806848526,-0.0175364520400762,0.4463147521018982,0.6178326606750488,-0.0199870485812425,0.4230558574199676,0.5782054662704468,-0.0242308434098958,0.4123285412788391,0.6990107893943787,-0.016554769128561,0.3484431505203247,0.675649106502533,-0.0258060954511165,0.3085011839866638,0.6633340716362,-0.0357238724827766,0.2738406062126159,0.6555544137954712,-0.043647427111864,0.3955168426036834,0.743225634098053,-0.0174080338329076,0.3309428989887237,0.7148047685623169,-0.0240761563181877,0.2858079075813293,0.696847677230835,-0.0361408963799476,0.2499109208583831,0.6870445013046265,-0.0474038496613502,0.387022316455841,0.7848602533340454,-0.0185196660459041,0.330060064792633,0.7601102590560913,-0.0258309803903102,0.2900769114494324,0.7407663464546204,-0.0352922566235065,0.2596368193626404,0.7270070314407349,-0.0432920157909393,0.3857722878456116,0.8242557048797607,-0.0203584432601928,0.339609831571579,0.8050844669342041,-0.0283914022147655,0.3093143701553345,0.7937315106391907,-0.0318377465009689,0.2850420176982879,0.782311737537384,-0.0342868082225322,0.0,0.0,0.0,0.0,0.0,0.0,0.0,0.0,0.0,0.0,0.0,0.0,0.0,0.0,0.0,0.0,0.0,0.0,0.0,0.0,0.0,0.0,0.0,0.0,0.0,0.0,0.0,0.0,0.0,0.0,0.0,0.0,0.0,0.0,0.0,0.0,0.0,0.0,0.0,0.0,0.0,0.0,0.0,0.0,0.0,0.0,0.0,0.0,0.0,0.0,0.0,0.0,0.0,0.0,0.0,0.0,0.0,0.0,0.0,0.0,0.0,0.0,0.0,I
0.4849480390548706,0.9367371797561646,1.2105000735118665e-07,0.4888162910938263,0.8495088815689087,-0.0028445988427847,0.4564466178417206,0.7755022644996643,0.0006453375099226,0.4130552113056183,0.7295945882797241,0.0052051781676709,0.383044421672821,0.6995114088058472,0.008738150820136,0.3829711973667145,0.7811972498893738,0.0002443193807266,0.3254414796829223,0.7461707592010498,-0.000997225055471,0.2921138107776642,0.7287736535072327,-0.0049911658279597,0.2636656165122986,0.7155147194862366,-0.0089351050555706,0.3618395924568176,0.8251009583473206,-0.0014973412035033,0.3014299273490906,0.7833542823791504,-0.0020046858116984,0.2650350928306579,0.7572591304779053,-0.0086126560345292,0.2359870970249176,0.7369312047958374,-0.015346810221672,0.3524806201457977,0.868547797203064,-0.0032026977278292,0.2943384647369385,0.8334475159645081,-0.0060471054166555,0.2601685523986816,0.8087500929832458,-0.0148788103833794,0.2322449535131454,0.7891000509262085,-0.022179041057825,0.3527398407459259,0.9116061925888062,-0.0046080579049885,0.3035007417201996,0.8893523216247559,-0.0085760653018951,0.2764438688755035,0.875046968460083,-0.0125017752870917,0.2553590834140777,0.859513521194458,-0.0153797538951039,0.0,0.0,0.0,0.0,0.0,0.0,0.0,0.0,0.0,0.0,0.0,0.0,0.0,0.0,0.0,0.0,0.0,0.0,0.0,0.0,0.0,0.0,0.0,0.0,0.0,0.0,0.0,0.0,0.0,0.0,0.0,0.0,0.0,0.0,0.0,0.0,0.0,0.0,0.0,0.0,0.0,0.0,0.0,0.0,0.0,0.0,0.0,0.0,0.0,0.0,0.0,0.0,0.0,0.0,0.0,0.0,0.0,0.0,0.0,0.0,0.0,0.0,0.0,I
0.4758238792419433,0.896475076675415,1.4383148538854584e-07,0.4826629757881164,0.8135130405426025,-0.0006871072691865,0.4530582726001739,0.7439283132553101,0.0019831317476928,0.4081686437129974,0.7037845849990845,0.0056244172155857,0.3773228824138641,0.6807557940483093,0.0081033827736973,0.3859609067440033,0.7435014843940735,-0.0040237950161099,0.3273575603961944,0.7043310403823853,-0.0063096922822296,0.2936185002326965,0.6819412708282471,-0.0095477169379591,0.2674213945865631,0.6659821271896362,-0.0124000972136855,0.3609392940998077,0.7855094075202942,-0.0059836814180016,0.3011581897735595,0.7388598322868347,-0.0064624245278537,0.2662398219108581,0.7106146812438965,-0.0105770966038107,0.2414914071559906,0.6908035278320312,-0.0152037972584366,0.3472365140914917,0.8270905017852783,-0.0073066810145974,0.2927128672599792,0.7849965691566467,-0.008730748668313,0.2605047523975372,0.7585259675979614,-0.0147245051339268,0.2366869002580642,0.7399457693099976,-0.0201708264648914,0.3431006371974945,0.8693398237228394,-0.0080479457974433,0.2975093126296997,0.8418835997581482,-0.0103426296263933,0.2735178768634796,0.8244742155075073,-0.0125436577945947,0.2560956478118896,0.8080168962478638,-0.0141434296965599,0.0,0.0,0.0,0.0,0.0,0.0,0.0,0.0,0.0,0.0,0.0,0.0,0.0,0.0,0.0,0.0,0.0,0.0,0.0,0.0,0.0,0.0,0.0,0.0,0.0,0.0,0.0,0.0,0.0,0.0,0.0,0.0,0.0,0.0,0.0,0.0,0.0,0.0,0.0,0.0,0.0,0.0,0.0,0.0,0.0,0.0,0.0,0.0,0.0,0.0,0.0,0.0,0.0,0.0,0.0,0.0,0.0,0.0,0.0,0.0,0.0,0.0,0.0,I
0.4685466587543487,0.8830891251564026,1.631988197914325e-07,0.4762498438358307,0.8010941743850708,-0.0026185144670307,0.451446920633316,0.7304427027702332,-0.0021980265155434,0.4164770841598511,0.6805673837661743,-0.0005602405290119,0.3938464820384979,0.6456774473190308,1.613067252037581e-05,0.3843568861484527,0.733826756477356,-0.0070385742001235,0.3290246129035949,0.6917783617973328,-0.0106473173946142,0.296422392129898,0.669869601726532,-0.0144913457334041,0.2703759372234344,0.6539873480796814,-0.0177630297839641,0.3614316284656524,0.7745170593261719,-0.0092119248583912,0.3032236695289612,0.7243726849555969,-0.0113447280600667,0.2698276340961456,0.6965073347091675,-0.0158135462552309,0.2455928027629852,0.6762093305587769,-0.0205258410423994,0.3485323488712311,0.8159579634666443,-0.0109017975628376,0.2941646575927734,0.7733220458030701,-0.0137802604585886,0.2629272937774658,0.7460818290710449,-0.018807616084814,0.2398147732019424,0.7266172766685486,-0.0233245398849248,0.3455439209938049,0.8571574091911316,-0.0122492061927914,0.3008639812469482,0.8304561972618103,-0.0150752607733011,0.2769715785980224,0.813544511795044,-0.0162320733070373,0.2591128945350647,0.7980540990829468,-0.0169622506946325,0.0,0.0,0.0,0.0,0.0,0.0,0.0,0.0,0.0,0.0,0.0,0.0,0.0,0.0,0.0,0.0,0.0,0.0,0.0,0.0,0.0,0.0,0.0,0.0,0.0,0.0,0.0,0.0,0.0,0.0,0.0,0.0,0.0,0.0,0.0,0.0,0.0,0.0,0.0,0.0,0.0,0.0,0.0,0.0,0.0,0.0,0.0,0.0,0.0,0.0,0.0,0.0,0.0,0.0,0.0,0.0,0.0,0.0,0.0,0.0,0.0,0.0,0.0,I
0.4164526164531708,0.8645219802856445,1.4712308882280922e-07,0.4290204644203186,0.7846928238868713,-0.0024036804679781,0.4026427567005157,0.7184273600578308,-0.0016114803729578,0.3619287610054016,0.6739909052848816,0.0007235542871057,0.3391995429992676,0.6401764154434204,0.0027097584679722,0.3385871052742004,0.7197505831718445,-0.0093112522736191,0.2865504324436188,0.6732410192489624,-0.0130576910451054,0.2564174234867096,0.6518545746803284,-0.0152941225096583,0.2335754781961441,0.639006495475769,-0.0163485147058963,0.3118670284748077,0.7582058906555176,-0.0092493882402777,0.2590777277946472,0.7041904926300049,-0.0107260514050722,0.2301893234252929,0.6756168603897095,-0.0115194851532578,0.2104334533214569,0.6579347252845764,-0.0123922051861882,0.2967967391014099,0.7972820997238159,-0.0084881130605936,0.245972990989685,0.7516556978225708,-0.008595329709351,0.2203271090984344,0.7237421870231628,-0.0094591621309518,0.2026049792766571,0.7050155401229858,-0.0107303094118833,0.2929891645908355,0.8373000025749207,-0.0074597718194127,0.2520410120487213,0.8083803653717041,-0.0072065759450197,0.2317884862422943,0.7892594933509827,-0.0058943126350641,0.2180793583393097,0.7728676199913025,-0.0044681318104267,0.0,0.0,0.0,0.0,0.0,0.0,0.0,0.0,0.0,0.0,0.0,0.0,0.0,0.0,0.0,0.0,0.0,0.0,0.0,0.0,0.0,0.0,0.0,0.0,0.0,0.0,0.0,0.0,0.0,0.0,0.0,0.0,0.0,0.0,0.0,0.0,0.0,0.0,0.0,0.0,0.0,0.0,0.0,0.0,0.0,0.0,0.0,0.0,0.0,0.0,0.0,0.0,0.0,0.0,0.0,0.0,0.0,0.0,0.0,0.0,0.0,0.0,0.0,I
0.4103593826293945,0.8117765188217163,1.396301456679794e-07,0.4278847277164459,0.735942006111145,7.569748413516209e-05,0.404921680688858,0.6668081283569336,0.0029209917411208,0.3645269274711609,0.6194654107093811,0.0065162242390215,0.3412275612354278,0.5881933569908142,0.0097195487469434,0.3397683799266815,0.6546910405158997,-0.0006654175813309,0.2923406660556793,0.6062751412391663,-0.0009270224836654,0.2671410143375397,0.5843613147735596,-0.0009517350117675,0.2509522438049316,0.5737987160682678,-0.0004469014238566,0.3112058639526367,0.6904071569442749,-0.0011346997926011,0.2626164853572845,0.6325485706329346,0.001393822254613,0.2411278784275055,0.6053140163421631,0.0031498412135988,0.2297317385673523,0.5903269648551941,0.0040317205712199,0.2948530912399292,0.7282200455665588,-0.0014229424996301,0.2460152804851532,0.6751319766044617,-0.0001537116477265,0.224487766623497,0.6459366679191589,-0.0007428516400977,0.2122184485197067,0.6286278367042542,-0.001756910351105,0.2888722717761993,0.768938422203064,-0.0012638290645554,0.2488501667976379,0.7345417737960815,-0.000363543163985,0.2311920225620269,0.7117765545845032,0.0005299163749441,0.2210250347852707,0.6927998661994934,0.0015252819284796,0.0,0.0,0.0,0.0,0.0,0.0,0.0,0.0,0.0,0.0,0.0,0.0,0.0,0.0,0.0,0.0,0.0,0.0,0.0,0.0,0.0,0.0,0.0,0.0,0.0,0.0,0.0,0.0,0.0,0.0,0.0,0.0,0.0,0.0,0.0,0.0,0.0,0.0,0.0,0.0,0.0,0.0,0.0,0.0,0.0,0.0,0.0,0.0,0.0,0.0,0.0,0.0,0.0,0.0,0.0,0.0,0.0,0.0,0.0,0.0,0.0,0.0,0.0,I
0.4003798365592956,0.883363664150238,2.073001326152735e-07,0.4093844890594482,0.8037585020065308,-0.0032449353020638,0.3785445094108581,0.7351008653640747,-0.0011470777681097,0.3341829478740692,0.6903629899024963,0.0028639126103371,0.3077903985977173,0.6587391495704651,0.0071101863868534,0.3095848858356476,0.7377772331237793,-0.0032882846426218,0.2560683488845825,0.6966016292572021,-0.0017766829114407,0.2253227233886718,0.6754579544067383,-0.0006176010356284,0.2024753093719482,0.6627731919288635,0.0003032119129784,0.2849073708057403,0.7799511551856995,-0.0013589590089395,0.2306932210922241,0.7303962707519531,0.003389498218894,0.2039052248001098,0.7040439248085022,0.0067812725901603,0.1865462958812713,0.6869929432868958,0.0085695153102278,0.2718583941459656,0.8201662302017212,0.0007880849298089,0.2198869884014129,0.7770333886146545,0.0046619498170912,0.1975746899843216,0.7500855922698975,0.0066720251925289,0.1841709613800048,0.732348620891571,0.0073099709115922,0.2689994871616363,0.8600043058395386,0.0028217986691743,0.2254508882761001,0.8301197290420532,0.0060106725431978,0.2073834538459777,0.8107203245162964,0.0091387648135423,0.1978231817483902,0.7945300340652466,0.0118383215740323,0.0,0.0,0.0,0.0,0.0,0.0,0.0,0.0,0.0,0.0,0.0,0.0,0.0,0.0,0.0,0.0,0.0,0.0,0.0,0.0,0.0,0.0,0.0,0.0,0.0,0.0,0.0,0.0,0.0,0.0,0.0,0.0,0.0,0.0,0.0,0.0,0.0,0.0,0.0,0.0,0.0,0.0,0.0,0.0,0.0,0.0,0.0,0.0,0.0,0.0,0.0,0.0,0.0,0.0,0.0,0.0,0.0,0.0,0.0,0.0,0.0,0.0,0.0,I
0.4891096353530884,0.9165419340133668,1.1274477884626323e-07,0.4900536239147186,0.8296846151351929,-0.0026816464960575,0.4535177946090698,0.7575289607048035,-0.0031002906616777,0.4075227081775665,0.7169780135154724,-0.00244863005355,0.3756316006183624,0.6970570683479309,-0.0042436369694769,0.394586980342865,0.7779729962348938,-0.0122163007035851,0.3277327716350555,0.7472600936889648,-0.0188919175416231,0.2878742218017578,0.7302219271659851,-0.0249536596238613,0.2559115886688232,0.7190468907356262,-0.029680298641324,0.3784992694854736,0.8249649405479431,-0.0159612540155649,0.310016393661499,0.7875506281852722,-0.0209365375339984,0.265225201845169,0.7629238963127136,-0.0296593196690082,0.231742262840271,0.7472333908081055,-0.0377347692847251,0.3723108172416687,0.8680181503295898,-0.0186983849853277,0.3079004287719726,0.8334649205207825,-0.0242126192897558,0.2662717700004577,0.8097454905509949,-0.0333664789795875,0.2349300682544708,0.7917059063911438,-0.0407644174993038,0.3738123476505279,0.9085057377815248,-0.0207838993519544,0.3188450038433075,0.8847870826721191,-0.0280786957591772,0.2857397198677063,0.8703998923301697,-0.0327874422073364,0.2602021694183349,0.8543616533279419,-0.0357416830956935,0.0,0.0,0.0,0.0,0.0,0.0,0.0,0.0,0.0,0.0,0.0,0.0,0.0,0.0,0.0,0.0,0.0,0.0,0.0,0.0,0.0,0.0,0.0,0.0,0.0,0.0,0.0,0.0,0.0,0.0,0.0,0.0,0.0,0.0,0.0,0.0,0.0,0.0,0.0,0.0,0.0,0.0,0.0,0.0,0.0,0.0,0.0,0.0,0.0,0.0,0.0,0.0,0.0,0.0,0.0,0.0,0.0,0.0,0.0,0.0,0.0,0.0,0.0,I
0.5567625761032104,0.8461830019950867,3.0811428075594456e-08,0.5513342618942261,0.760281503200531,0.0021844774018973,0.5193440318107605,0.6940914988517761,0.0040641222149133,0.473390132188797,0.6569140553474426,0.0059061981737613,0.4424313604831695,0.6364048719406128,0.0059948558919131,0.459316074848175,0.7088111042976379,-0.0051393527537584,0.3952245116233825,0.6793094277381897,-0.0110276211053133,0.3582849502563476,0.6662874221801758,-0.0167484320700168,0.3280137777328491,0.6586707234382629,-0.020979581400752,0.4388794898986816,0.7520241141319275,-0.0110222194343805,0.3721140027046203,0.7172038555145264,-0.0155545603483915,0.3333309888839721,0.699172854423523,-0.0211972706019878,0.3043728470802307,0.6861580610275269,-0.0265057608485221,0.4278942048549652,0.7957243323326111,-0.016135161742568,0.3654646873474121,0.7652117609977722,-0.021095372736454,0.3312616348266601,0.7454305291175842,-0.025771452113986,0.3057553172111511,0.7311996221542358,-0.0296452082693576,0.4265116155147552,0.8406789302825928,-0.0204749647527933,0.3737774491310119,0.8166885375976562,-0.0250045154243707,0.3467519581317901,0.8039522171020508,-0.0253078490495681,0.3266132473945617,0.7914271354675293,-0.0250043664127588,0.0,0.0,0.0,0.0,0.0,0.0,0.0,0.0,0.0,0.0,0.0,0.0,0.0,0.0,0.0,0.0,0.0,0.0,0.0,0.0,0.0,0.0,0.0,0.0,0.0,0.0,0.0,0.0,0.0,0.0,0.0,0.0,0.0,0.0,0.0,0.0,0.0,0.0,0.0,0.0,0.0,0.0,0.0,0.0,0.0,0.0,0.0,0.0,0.0,0.0,0.0,0.0,0.0,0.0,0.0,0.0,0.0,0.0,0.0,0.0,0.0,0.0,0.0,I
0.5790376663208008,0.8060665726661682,9.479386164912285e-08,0.5777246356010437,0.7264223098754883,-0.0020833748858422,0.5437998175621033,0.6654651165008545,-0.0028286769520491,0.498856633901596,0.6309927701950073,-0.0033823295962065,0.4710221588611603,0.6038179993629456,-0.0056921830400824,0.4877230525016784,0.671719491481781,-0.0104206344112753,0.4250980019569397,0.6429949402809143,-0.0192471202462911,0.3879942893981933,0.6278600692749023,-0.0264836717396974,0.3580050766468048,0.6169053912162781,-0.0319889411330223,0.4671408534049988,0.7129075527191162,-0.0160950478166341,0.401637852191925,0.6763967275619507,-0.0241068098694086,0.3619838356971741,0.6558400392532349,-0.0320820957422256,0.3321906924247741,0.6408585906028748,-0.038669217377901,0.4567087292671203,0.7564384341239929,-0.0213904771953821,0.3960312306880951,0.7233584523200989,-0.0300653111189603,0.3593397140502929,0.703033447265625,-0.0378992781043052,0.3310050368309021,0.6868059039115906,-0.0435084588825702,0.4563314914703369,0.8015779256820679,-0.026137214154005,0.4063418805599212,0.7807799577713013,-0.0347434431314468,0.3781144022941589,0.7702200412750244,-0.0384949222207069,0.3555863499641418,0.7583436369895935,-0.0403572432696819,0.0,0.0,0.0,0.0,0.0,0.0,0.0,0.0,0.0,0.0,0.0,0.0,0.0,0.0,0.0,0.0,0.0,0.0,0.0,0.0,0.0,0.0,0.0,0.0,0.0,0.0,0.0,0.0,0.0,0.0,0.0,0.0,0.0,0.0,0.0,0.0,0.0,0.0,0.0,0.0,0.0,0.0,0.0,0.0,0.0,0.0,0.0,0.0,0.0,0.0,0.0,0.0,0.0,0.0,0.0,0.0,0.0,0.0,0.0,0.0,0.0,0.0,0.0,I
0.5382779836654663,0.8013396859169006,4.048979818094267e-08,0.5418258905410767,0.7168271541595459,0.0055756447836756,0.5164246559143066,0.6508656144142151,0.0076864273287355,0.4757795333862304,0.6149386167526245,0.0091616893187165,0.448441594839096,0.5981967449188232,0.0087660187855362,0.4602347016334533,0.64778733253479,-0.0045612640678882,0.403258353471756,0.6049425005912781,-0.0104844812303781,0.3708341419696808,0.5838955044746399,-0.0149207413196563,0.3466033935546875,0.5689460635185242,-0.0178354233503341,0.434893250465393,0.6842126846313477,-0.0112956995144486,0.3754854202270508,0.6333183646202087,-0.0146732591092586,0.3439278602600097,0.6071175336837769,-0.0178169421851634,0.3234444856643677,0.5903215408325195,-0.0209720935672521,0.4186282157897949,0.725571870803833,-0.0168982837349176,0.3602304458618164,0.6811420321464539,-0.020784106105566,0.3303221762180328,0.6552296876907349,-0.0238168332725763,0.3109875917434692,0.637403130531311,-0.026660643517971,0.4113935828208923,0.7706396579742432,-0.0213093291968107,0.3650409877300262,0.7380629181861877,-0.0251169055700302,0.3420133888721466,0.7198941707611084,-0.0246376302093267,0.3263450264930725,0.7039793133735657,-0.0238797944039106,0.0,0.0,0.0,0.0,0.0,0.0,0.0,0.0,0.0,0.0,0.0,0.0,0.0,0.0,0.0,0.0,0.0,0.0,0.0,0.0,0.0,0.0,0.0,0.0,0.0,0.0,0.0,0.0,0.0,0.0,0.0,0.0,0.0,0.0,0.0,0.0,0.0,0.0,0.0,0.0,0.0,0.0,0.0,0.0,0.0,0.0,0.0,0.0,0.0,0.0,0.0,0.0,0.0,0.0,0.0,0.0,0.0,0.0,0.0,0.0,0.0,0.0,0.0,I
0.4745313823223114,0.8413867354393005,1.0660619409463835e-07,0.4847988486289978,0.7603694796562195,-0.0011858928482979,0.4591207802295685,0.6952309012413025,-0.0002856769715435,0.4185513854026794,0.6506214737892151,0.0010838808957487,0.3934630155563354,0.6160786747932434,0.0014866553246974,0.3982483446598053,0.6948326230049133,-0.0030112273525446,0.3438588976860046,0.6535869836807251,-0.0071857459843158,0.312401533126831,0.6331512331962585,-0.0113075347617268,0.2876800000667572,0.6187254190444946,-0.0144431879743933,0.3735260963439941,0.7335668206214905,-0.0060248058289289,0.3166168332099914,0.6843820810317993,-0.0086458157747983,0.2839943468570709,0.6559581160545349,-0.0132722314447164,0.260568231344223,0.6352484226226807,-0.017933215945959,0.3599852323532104,0.7742112874984741,-0.0088712973520159,0.3058540225028991,0.7316240072250366,-0.0127055561169981,0.2755068242549896,0.7044770121574402,-0.0180383995175361,0.253163993358612,0.6837679743766785,-0.022518154233694,0.3560087084770202,0.8154584169387817,-0.0112633062526583,0.3121273517608642,0.7892221212387085,-0.0150565430521965,0.288573682308197,0.7722686529159546,-0.0167792420834302,0.2712861597537994,0.7556582093238831,-0.0177744626998901,0.0,0.0,0.0,0.0,0.0,0.0,0.0,0.0,0.0,0.0,0.0,0.0,0.0,0.0,0.0,0.0,0.0,0.0,0.0,0.0,0.0,0.0,0.0,0.0,0.0,0.0,0.0,0.0,0.0,0.0,0.0,0.0,0.0,0.0,0.0,0.0,0.0,0.0,0.0,0.0,0.0,0.0,0.0,0.0,0.0,0.0,0.0,0.0,0.0,0.0,0.0,0.0,0.0,0.0,0.0,0.0,0.0,0.0,0.0,0.0,0.0,0.0,0.0,I
0.4875953793525696,0.906196653842926,1.32252793605403e-07,0.4897118806838989,0.8269950151443481,-0.0053525357507169,0.4557355940341949,0.755961000919342,-0.0058743143454194,0.4113060534000397,0.7106649875640869,-0.00497817248106,0.3785251379013061,0.6791318655014038,-0.0057528489269316,0.394359141588211,0.7615033388137817,-0.0106626916676759,0.3317876756191253,0.7248969674110413,-0.0167685896158218,0.2945951223373413,0.7044875025749207,-0.0226779412478208,0.2636635303497314,0.6900995969772339,-0.0276941880583763,0.3755149245262146,0.8053231239318848,-0.0133533207699656,0.3100192248821258,0.7641572952270508,-0.0180900227278471,0.2695326805114746,0.7384366989135742,-0.0265885461121797,0.2392036318778991,0.7193517684936523,-0.0347340255975723,0.366513580083847,0.848672091960907,-0.0157728735357522,0.3048510551452636,0.8115586042404175,-0.022065931931138,0.2665813565254211,0.7877601981163025,-0.0320282690227031,0.2371682375669479,0.7683945894241333,-0.0401673093438148,0.365665465593338,0.8914502859115601,-0.0178334023803472,0.3126156330108642,0.8693742156028748,-0.0264830514788627,0.2808414101600647,0.8571335077285767,-0.0329022221267223,0.2564163208007812,0.8414464592933655,-0.0372167564928531,0.0,0.0,0.0,0.0,0.0,0.0,0.0,0.0,0.0,0.0,0.0,0.0,0.0,0.0,0.0,0.0,0.0,0.0,0.0,0.0,0.0,0.0,0.0,0.0,0.0,0.0,0.0,0.0,0.0,0.0,0.0,0.0,0.0,0.0,0.0,0.0,0.0,0.0,0.0,0.0,0.0,0.0,0.0,0.0,0.0,0.0,0.0,0.0,0.0,0.0,0.0,0.0,0.0,0.0,0.0,0.0,0.0,0.0,0.0,0.0,0.0,0.0,0.0,I
0.4576815366744995,0.8400037288665771,1.6000963398710158e-07,0.466501772403717,0.7584933042526245,-0.0015768039738759,0.4394469559192657,0.6885916590690613,0.0007489976705983,0.3969563841819763,0.6488425135612488,0.0044330158270895,0.3692628443241119,0.630785346031189,0.0071165808476507,0.37443408370018,0.6984207630157471,-0.006880038883537,0.3211588859558105,0.657328188419342,-0.0091366283595561,0.2897785305976867,0.6346530914306641,-0.0107951248064637,0.2661992907524109,0.6192911267280579,-0.0122788371518254,0.3507130146026611,0.7390272617340088,-0.0087696509435772,0.2946931719779968,0.6889181137084961,-0.0098916944116353,0.2634296715259552,0.6603634357452393,-0.0117830801755189,0.2422119528055191,0.6403731107711792,-0.0139127485454082,0.3380449116230011,0.7790632843971252,-0.0100798876956105,0.2856091558933258,0.73454749584198,-0.0121830375865101,0.2566424906253814,0.7065048217773438,-0.0163101181387901,0.2361086308956146,0.685947597026825,-0.0196915715932846,0.3354746103286743,0.8201755285263062,-0.0109128542244434,0.292525053024292,0.7931229472160339,-0.01343082357198,0.2685096859931946,0.7759462594985962,-0.0146087659522891,0.2507267594337463,0.7605197429656982,-0.0150549570098519,0.0,0.0,0.0,0.0,0.0,0.0,0.0,0.0,0.0,0.0,0.0,0.0,0.0,0.0,0.0,0.0,0.0,0.0,0.0,0.0,0.0,0.0,0.0,0.0,0.0,0.0,0.0,0.0,0.0,0.0,0.0,0.0,0.0,0.0,0.0,0.0,0.0,0.0,0.0,0.0,0.0,0.0,0.0,0.0,0.0,0.0,0.0,0.0,0.0,0.0,0.0,0.0,0.0,0.0,0.0,0.0,0.0,0.0,0.0,0.0,0.0,0.0,0.0,I
0.4153541326522827,0.8432117700576782,1.3700694978524552e-07,0.4246207177639007,0.763672411441803,-0.0008668390801176,0.3970218896865845,0.6988658308982849,0.0013053216971457,0.3527579307556152,0.6595827341079712,0.0046244757249951,0.3254854381084442,0.6342583298683167,0.0078660883009433,0.3321860730648041,0.6947958469390869,-0.0025237924419343,0.279900461435318,0.64798903465271,-0.0036837826482951,0.252086341381073,0.6282496452331543,-0.0045778593048453,0.232643112540245,0.6179792284965515,-0.0043889158405363,0.3054434955120086,0.7345705628395081,-0.0019791538361459,0.2541731595993042,0.6812722682952881,0.0003939436574,0.2282387316226959,0.655195415019989,0.0019767868798226,0.2120203077793121,0.6400715112686157,0.0027746208943426,0.2909494042396545,0.7747944593429565,-0.0011134882224723,0.2417526841163635,0.7277108430862427,0.0016998719656839,0.2196458578109741,0.7020683288574219,0.0030171540565788,0.2065610438585281,0.6865944862365723,0.0032887959387153,0.2873159050941467,0.8157320618629456,-5.576152761932463e-05,0.2461126893758773,0.7856501936912537,0.0028117103502154,0.2269602864980697,0.7657713890075684,0.0057084183208644,0.2154145538806915,0.7489118576049805,0.0083180405199527,0.0,0.0,0.0,0.0,0.0,0.0,0.0,0.0,0.0,0.0,0.0,0.0,0.0,0.0,0.0,0.0,0.0,0.0,0.0,0.0,0.0,0.0,0.0,0.0,0.0,0.0,0.0,0.0,0.0,0.0,0.0,0.0,0.0,0.0,0.0,0.0,0.0,0.0,0.0,0.0,0.0,0.0,0.0,0.0,0.0,0.0,0.0,0.0,0.0,0.0,0.0,0.0,0.0,0.0,0.0,0.0,0.0,0.0,0.0,0.0,0.0,0.0,0.0,I
0.4163777530193329,0.824993908405304,2.741540470196924e-07,0.427036702632904,0.7519646883010864,-0.0131777571514248,0.4095138609409332,0.6821954250335693,-0.016351455822587,0.3841011226177215,0.6260919570922852,-0.0174787454307079,0.3687142431735992,0.5842282176017761,-0.0192032307386398,0.3350148499011993,0.6813433170318604,-0.0124346408993005,0.2921271026134491,0.6313481330871582,-0.0157846715301275,0.2647346556186676,0.6047521829605103,-0.0182646177709102,0.2435163110494613,0.5886303186416626,-0.020916162058711,0.3100298643112182,0.7206548452377319,-0.0119946803897619,0.2586201429367065,0.6696462035179138,-0.0136088468134403,0.2276917845010757,0.6435883641242981,-0.0182053614407777,0.2039360553026199,0.6260031461715698,-0.0228815115988254,0.2994646728038788,0.7649030089378357,-0.012459522113204,0.248522400856018,0.7252194881439209,-0.0194305907934904,0.2171837836503982,0.7002696990966797,-0.0288120303303003,0.1931775510311126,0.6834247708320618,-0.036144383251667,0.3013423979282379,0.81004399061203,-0.0133548825979232,0.2541896402835846,0.8031783103942871,-0.0254008844494819,0.2235238701105117,0.797126829624176,-0.0335042737424373,0.1981195509433746,0.7896210551261902,-0.038258422166109,0.0,0.0,0.0,0.0,0.0,0.0,0.0,0.0,0.0,0.0,0.0,0.0,0.0,0.0,0.0,0.0,0.0,0.0,0.0,0.0,0.0,0.0,0.0,0.0,0.0,0.0,0.0,0.0,0.0,0.0,0.0,0.0,0.0,0.0,0.0,0.0,0.0,0.0,0.0,0.0,0.0,0.0,0.0,0.0,0.0,0.0,0.0,0.0,0.0,0.0,0.0,0.0,0.0,0.0,0.0,0.0,0.0,0.0,0.0,0.0,0.0,0.0,0.0,I
0.4342648983001709,0.8365482091903687,4.206465007428051e-07,0.4467418491840362,0.7600516080856323,-0.0169963669031858,0.4321905374526977,0.6867850422859192,-0.0200712382793426,0.411606878042221,0.6302832365036011,-0.0184053592383861,0.3938597440719604,0.5888580083847046,-0.016506053507328,0.3524225354194641,0.7034643888473511,-0.0204703565686941,0.3147327899932861,0.6459696292877197,-0.0208012424409389,0.2893399596214294,0.6160682439804077,-0.0208235885947942,0.2701883614063263,0.5966406464576721,-0.022581348195672,0.3294498920440674,0.7460407614707947,-0.0156442541629076,0.276409238576889,0.6988412737846375,-0.0188627112656831,0.2449392974376678,0.6686061024665833,-0.0263492465019226,0.2220706939697265,0.6495220065116882,-0.0333976112306118,0.3222686648368835,0.791688084602356,-0.0105777503922581,0.2662062048912048,0.7616758346557617,-0.0189037080854177,0.2305544912815094,0.740801990032196,-0.0317965187132358,0.20354525744915,0.7266696095466614,-0.0415103361010551,0.3290256857872009,0.8327772617340088,-0.0054814368486404,0.2863928377628326,0.8338587284088135,-0.0168655533343553,0.2577007412910461,0.8313732743263245,-0.0265154857188463,0.2333439737558365,0.8260735273361206,-0.0328743979334831,0.0,0.0,0.0,0.0,0.0,0.0,0.0,0.0,0.0,0.0,0.0,0.0,0.0,0.0,0.0,0.0,0.0,0.0,0.0,0.0,0.0,0.0,0.0,0.0,0.0,0.0,0.0,0.0,0.0,0.0,0.0,0.0,0.0,0.0,0.0,0.0,0.0,0.0,0.0,0.0,0.0,0.0,0.0,0.0,0.0,0.0,0.0,0.0,0.0,0.0,0.0,0.0,0.0,0.0,0.0,0.0,0.0,0.0,0.0,0.0,0.0,0.0,0.0,I
0.5024789571762085,0.8725075721740723,3.42791082630356e-07,0.5104158520698547,0.7898251414299011,-0.0150556862354278,0.496684581041336,0.7125034332275391,-0.0214626621454954,0.4805058538913727,0.6528597474098206,-0.0246171467006206,0.4670609831809997,0.6091735363006592,-0.0286954659968614,0.4218706488609314,0.733070969581604,-0.0258557237684726,0.374078631401062,0.6771860122680664,-0.0338111072778701,0.3465126454830169,0.6433142423629761,-0.0404900796711444,0.3256206512451172,0.6159284710884094,-0.0471305251121521,0.400089293718338,0.7751416563987732,-0.0258657056838274,0.3404793441295624,0.7304946184158325,-0.0360408686101436,0.3052714467048645,0.7017307281494141,-0.0492414571344852,0.2789902687072754,0.68047034740448,-0.0607172213494777,0.3913935124874115,0.8212952017784119,-0.0250571388751268,0.3334392309188843,0.7891471982002258,-0.0379143916070461,0.2968490123748779,0.7654389142990112,-0.0522260479629039,0.2691365778446197,0.7476513385772705,-0.0632400959730148,0.3952857255935669,0.8638931512832642,-0.0241356436163187,0.3513907194137573,0.8639769554138184,-0.0392303727567195,0.3212815821170807,0.8607538938522339,-0.048520591109991,0.2955401539802551,0.8552423715591431,-0.0544031038880348,0.0,0.0,0.0,0.0,0.0,0.0,0.0,0.0,0.0,0.0,0.0,0.0,0.0,0.0,0.0,0.0,0.0,0.0,0.0,0.0,0.0,0.0,0.0,0.0,0.0,0.0,0.0,0.0,0.0,0.0,0.0,0.0,0.0,0.0,0.0,0.0,0.0,0.0,0.0,0.0,0.0,0.0,0.0,0.0,0.0,0.0,0.0,0.0,0.0,0.0,0.0,0.0,0.0,0.0,0.0,0.0,0.0,0.0,0.0,0.0,0.0,0.0,0.0,I
0.5107394456863403,0.8257005214691162,2.232617646313884e-07,0.5215670466423035,0.7462703585624695,-0.0079872328788042,0.5086673498153687,0.6717091202735901,-0.0100743826478719,0.4946780204772949,0.6123970746994019,-0.0103462133556604,0.4866670370101928,0.571868896484375,-0.0118458652868866,0.4316492676734924,0.6817009449005127,-0.018153203651309,0.3888092041015625,0.6251683235168457,-0.0225043147802352,0.3609522879123688,0.5931339263916016,-0.0254338253289461,0.3394250869750976,0.5710634589195251,-0.0291470363736152,0.4048120081424713,0.7209765315055847,-0.0200280267745256,0.3462503552436828,0.6725300550460815,-0.0262684635818004,0.3128899931907654,0.6465613842010498,-0.0347658172249794,0.2882300317287445,0.6288684606552124,-0.0425821356475353,0.3929048478603363,0.7647533416748047,-0.0209712628275156,0.3341837525367737,0.729955792427063,-0.0313418209552764,0.2998276352882385,0.7061396837234497,-0.0435243025422096,0.2742161750793457,0.6910351514816284,-0.0530670210719108,0.3950413465499878,0.8071804642677307,-0.02124017290771,0.3474771082401275,0.8053842782974243,-0.0350283794105052,0.3156113028526306,0.8020871877670288,-0.0441748797893524,0.2897738814353943,0.7983394861221313,-0.0499263703823089,0.0,0.0,0.0,0.0,0.0,0.0,0.0,0.0,0.0,0.0,0.0,0.0,0.0,0.0,0.0,0.0,0.0,0.0,0.0,0.0,0.0,0.0,0.0,0.0,0.0,0.0,0.0,0.0,0.0,0.0,0.0,0.0,0.0,0.0,0.0,0.0,0.0,0.0,0.0,0.0,0.0,0.0,0.0,0.0,0.0,0.0,0.0,0.0,0.0,0.0,0.0,0.0,0.0,0.0,0.0,0.0,0.0,0.0,0.0,0.0,0.0,0.0,0.0,I
0.5556949973106384,0.8140166401863098,2.461271151332767e-07,0.5611358880996704,0.7379477024078369,-0.0074823955073952,0.5430160760879517,0.6681600213050842,-0.0083522703498601,0.5239931344985962,0.6107271909713745,-0.0076836543157696,0.513988733291626,0.5703319311141968,-0.0081149665638804,0.4653725922107696,0.6777163147926331,-0.0108040804043412,0.4180826842784881,0.6298255920410156,-0.0123835504055023,0.3861685991287231,0.604973554611206,-0.015067228116095,0.3598042130470276,0.587779700756073,-0.0191601011902093,0.4434951543807983,0.7176358699798584,-0.0126743204891681,0.3833729922771454,0.6803699731826782,-0.0154729727655649,0.3479393124580383,0.6627116799354553,-0.023478178307414,0.3214570879936218,0.6516737937927246,-0.0313776992261409,0.4349868297576904,0.7641334533691406,-0.0140146818011999,0.37645423412323,0.7407304644584656,-0.0209855623543262,0.3402072191238403,0.7266635894775391,-0.0319230817258358,0.3129846751689911,0.7197099328041077,-0.041067749261856,0.4396634697914123,0.8110299110412598,-0.0150726987048983,0.3959218263626098,0.8151847720146179,-0.0249126013368368,0.3668334186077118,0.8163781762123108,-0.0320022590458393,0.3429242372512817,0.8162066340446472,-0.0368583686649799,0.0,0.0,0.0,0.0,0.0,0.0,0.0,0.0,0.0,0.0,0.0,0.0,0.0,0.0,0.0,0.0,0.0,0.0,0.0,0.0,0.0,0.0,0.0,0.0,0.0,0.0,0.0,0.0,0.0,0.0,0.0,0.0,0.0,0.0,0.0,0.0,0.0,0.0,0.0,0.0,0.0,0.0,0.0,0.0,0.0,0.0,0.0,0.0,0.0,0.0,0.0,0.0,0.0,0.0,0.0,0.0,0.0,0.0,0.0,0.0,0.0,0.0,0.0,I
0.5341722369194031,0.8740091323852539,3.151108103338629e-07,0.5372176766395569,0.7973154187202454,-0.0182144865393638,0.5199974179267883,0.7218215465545654,-0.026609556749463,0.5096603631973267,0.6605842709541321,-0.0315024480223655,0.5006439089775085,0.6161227226257324,-0.0380325391888618,0.4487839937210083,0.748550534248352,-0.034924179315567,0.4005969762802124,0.7059946656227112,-0.0462191775441169,0.3680916428565979,0.6796485781669617,-0.0548139289021492,0.3420298397541046,0.6594160199165344,-0.0627529621124267,0.4324460327625274,0.7958131432533264,-0.0356149189174175,0.3695743680000305,0.7633827328681946,-0.0489896237850189,0.3285681009292602,0.7443867325782776,-0.0634544044733047,0.2980855107307434,0.7314897775650024,-0.0757217109203338,0.4305561184883117,0.8454251289367676,-0.0354963727295398,0.3733274042606354,0.8269837498664856,-0.0518624112010002,0.3363479673862457,0.8140061497688293,-0.0660024210810661,0.3097224831581116,0.8045257925987244,-0.0760583356022834,0.439430683851242,0.8907030820846558,-0.0354455336928367,0.3976235389709472,0.8942186832427979,-0.0537863448262214,0.3662738502025604,0.8936467170715332,-0.0632796585559845,0.3401185274124145,0.890344500541687,-0.0688451677560806,0.0,0.0,0.0,0.0,0.0,0.0,0.0,0.0,0.0,0.0,0.0,0.0,0.0,0.0,0.0,0.0,0.0,0.0,0.0,0.0,0.0,0.0,0.0,0.0,0.0,0.0,0.0,0.0,0.0,0.0,0.0,0.0,0.0,0.0,0.0,0.0,0.0,0.0,0.0,0.0,0.0,0.0,0.0,0.0,0.0,0.0,0.0,0.0,0.0,0.0,0.0,0.0,0.0,0.0,0.0,0.0,0.0,0.0,0.0,0.0,0.0,0.0,0.0,I
0.4814901649951935,0.9418043494224548,3.8897485410416266e-07,0.486759215593338,0.8622284531593323,-0.0223003607243299,0.4737556278705597,0.7856441736221313,-0.0313380472362041,0.4531555771827698,0.7241699695587158,-0.0355806164443492,0.432981789112091,0.6785479784011841,-0.0398676916956901,0.3888216614723205,0.8101862668991089,-0.029799610376358,0.3402528166770935,0.754496693611145,-0.0363513715565204,0.3083254694938659,0.7234938144683838,-0.0417886488139629,0.281833291053772,0.7011657357215881,-0.0473118424415588,0.3661133050918579,0.8546862006187439,-0.0245830025523901,0.3038768768310547,0.811776876449585,-0.031354546546936,0.2659917771816253,0.7864689230918884,-0.040813747793436,0.2378497570753097,0.7680858373641968,-0.0499413982033729,0.3569336235523224,0.898873507976532,-0.0196726955473423,0.296700656414032,0.8663629293441772,-0.0288920477032661,0.2593075037002563,0.8460408449172974,-0.0405501797795295,0.2314473837614059,0.831704318523407,-0.0499047264456748,0.3595671057701111,0.9382424354553224,-0.0155649129301309,0.3122309148311615,0.9252036809921264,-0.0274076461791992,0.2808047235012054,0.9174167513847352,-0.0359835773706436,0.2557803988456726,0.9082419872283936,-0.0414944775402545,0.0,0.0,0.0,0.0,0.0,0.0,0.0,0.0,0.0,0.0,0.0,0.0,0.0,0.0,0.0,0.0,0.0,0.0,0.0,0.0,0.0,0.0,0.0,0.0,0.0,0.0,0.0,0.0,0.0,0.0,0.0,0.0,0.0,0.0,0.0,0.0,0.0,0.0,0.0,0.0,0.0,0.0,0.0,0.0,0.0,0.0,0.0,0.0,0.0,0.0,0.0,0.0,0.0,0.0,0.0,0.0,0.0,0.0,0.0,0.0,0.0,0.0,0.0,I
0.4640423357486725,0.9019887447357178,3.7163633237469195e-07,0.47177854180336,0.8220033049583435,-0.0177755188196897,0.4595434963703155,0.7480241656303406,-0.0258194413036108,0.44243323802948,0.6841713786125183,-0.0307057052850723,0.4273873269557953,0.6352100372314453,-0.035255204886198,0.3724007606506347,0.7522236108779907,-0.0171778183430433,0.3287643790245056,0.6914964914321899,-0.0212898254394531,0.303935170173645,0.6576169729232788,-0.0248699486255645,0.2855905294418335,0.6342052221298218,-0.0279133804142475,0.3456220030784607,0.7910323143005371,-0.0126070277765393,0.2915283143520355,0.7352778911590576,-0.0140283927321434,0.2616629600524902,0.7025399804115295,-0.0176371708512306,0.2408575415611267,0.6791409850120544,-0.0218811184167861,0.3327947854995727,0.8320598602294922,-0.009121149778366,0.2789256572723388,0.7873552441596985,-0.0113755669444799,0.2500700354576111,0.7558987736701965,-0.0169934015721082,0.2294564247131347,0.733193039894104,-0.0227270536124706,0.3321427702903747,0.8701315522193909,-0.0068947128020226,0.289499819278717,0.8464534282684326,-0.0117714740335941,0.2644529938697815,0.8287537097930908,-0.0158179029822349,0.2453358471393585,0.8128087520599365,-0.0185843650251626,0.0,0.0,0.0,0.0,0.0,0.0,0.0,0.0,0.0,0.0,0.0,0.0,0.0,0.0,0.0,0.0,0.0,0.0,0.0,0.0,0.0,0.0,0.0,0.0,0.0,0.0,0.0,0.0,0.0,0.0,0.0,0.0,0.0,0.0,0.0,0.0,0.0,0.0,0.0,0.0,0.0,0.0,0.0,0.0,0.0,0.0,0.0,0.0,0.0,0.0,0.0,0.0,0.0,0.0,0.0,0.0,0.0,0.0,0.0,0.0,0.0,0.0,0.0,I
0.4288884103298187,0.8966131210327148,3.9993361156120965e-07,0.4421327114105224,0.814663827419281,-0.0127202002331614,0.4302559196949005,0.7400705814361572,-0.0165605098009109,0.4119187593460083,0.6762966513633728,-0.0174070056527853,0.3916287124156952,0.63226318359375,-0.0173340085893869,0.3467536568641662,0.7345550060272217,-0.0114565789699554,0.3157571256160736,0.6632217764854431,-0.0115496581420302,0.2999158501625061,0.6266413331031799,-0.0111251408234238,0.2886625230312347,0.6028229594230652,-0.0106607498601078,0.3180278837680816,0.7691125273704529,-0.006650123745203,0.2769456505775451,0.6959980726242065,-0.0048775631003081,0.2554943561553955,0.655728816986084,-0.0039410251192748,0.2411129921674728,0.6287980675697327,-0.0037337790708988,0.3032822906970978,0.8074740171432495,-0.0024439392145723,0.2565882205963135,0.74550861120224,-0.0024769320152699,0.2346226274967193,0.707383930683136,-0.0051425052806735,0.2198597937822342,0.6816374063491821,-0.0077280295081436,0.3004542589187622,0.8458493947982788,0.0010902367066591,0.2598277628421783,0.8100056648254395,-0.001886075711809,0.2394989877939224,0.78353351354599,-0.0041820504702627,0.2258065640926361,0.7607921957969666,-0.0050171399489045,0.0,0.0,0.0,0.0,0.0,0.0,0.0,0.0,0.0,0.0,0.0,0.0,0.0,0.0,0.0,0.0,0.0,0.0,0.0,0.0,0.0,0.0,0.0,0.0,0.0,0.0,0.0,0.0,0.0,0.0,0.0,0.0,0.0,0.0,0.0,0.0,0.0,0.0,0.0,0.0,0.0,0.0,0.0,0.0,0.0,0.0,0.0,0.0,0.0,0.0,0.0,0.0,0.0,0.0,0.0,0.0,0.0,0.0,0.0,0.0,0.0,0.0,0.0,I
0.4097790718078613,0.8932125568389893,4.825194537261268e-07,0.4291703104972839,0.8149990439414978,-0.0166581906378269,0.4279268980026245,0.7405455112457275,-0.0222609154880046,0.4199695587158203,0.6742078065872192,-0.023937227204442,0.4057406187057495,0.6236337423324585,-0.0246628522872924,0.3421197831630707,0.7243038415908813,-0.0136922392994165,0.3227526247501373,0.6465800404548645,-0.0125588411465287,0.3140501081943512,0.6066715717315674,-0.0114662582054734,0.3085638284683227,0.579914391040802,-0.0107625257223844,0.3109913766384125,0.7553871870040894,-0.006768284831196,0.2786884307861328,0.6777563691139221,-0.0028932427521795,0.264134019613266,0.634484052658081,-0.0016287169419229,0.2554734349250793,0.6056717038154602,-0.0019021382322534,0.2942982912063598,0.7917606830596924,-0.0008025652496144,0.2573089897632599,0.7250145673751831,0.0009277968783862,0.2401022613048553,0.6840544939041138,-0.0021362686529755,0.2284458577632904,0.6557323932647705,-0.0058037913404405,0.2902976870536804,0.8287370204925537,0.0041703847236931,0.2547703981399536,0.7896308302879333,0.0021616236772388,0.2372609376907348,0.7609397768974304,-0.0004919732455164,0.2259587943553924,0.736501157283783,-0.0021302779205143,0.0,0.0,0.0,0.0,0.0,0.0,0.0,0.0,0.0,0.0,0.0,0.0,0.0,0.0,0.0,0.0,0.0,0.0,0.0,0.0,0.0,0.0,0.0,0.0,0.0,0.0,0.0,0.0,0.0,0.0,0.0,0.0,0.0,0.0,0.0,0.0,0.0,0.0,0.0,0.0,0.0,0.0,0.0,0.0,0.0,0.0,0.0,0.0,0.0,0.0,0.0,0.0,0.0,0.0,0.0,0.0,0.0,0.0,0.0,0.0,0.0,0.0,0.0,I
0.3936846256256103,0.8918830752372742,4.49507666644422e-07,0.4108530879020691,0.8130695819854736,-0.0121311536058783,0.4034982323646545,0.7391203045845032,-0.0164068955928087,0.3893642127513885,0.6720033884048462,-0.0171444714069366,0.377732366323471,0.6230800151824951,-0.0166454929858446,0.3221611678600311,0.7301981449127197,-0.012312781997025,0.2977934181690216,0.6533666849136353,-0.0095902839675545,0.284805417060852,0.6136765480041504,-0.0059175807982683,0.2756144106388092,0.5886229872703552,-0.0023190358188003,0.2904919385910034,0.7633055448532104,-0.0054302532225847,0.2550538182258606,0.6843060851097107,0.0018879519775509,0.2372733205556869,0.6443861722946167,0.0086407521739602,0.2249882966279983,0.6188600063323975,0.013425463810563,0.2732079327106476,0.7998231053352356,0.0012609651312232,0.233762115240097,0.7341257333755493,0.0087692299857735,0.2178017497062683,0.6969364881515503,0.0136687764897942,0.207682266831398,0.6747972965240479,0.0161951426416635,0.2676457166671753,0.8371855020523071,0.0069154072552919,0.2308357805013656,0.7973816990852356,0.0126087563112378,0.214834839105606,0.7702146172523499,0.0171337258070707,0.2056844532489776,0.7504125237464905,0.0212492551654577,0.0,0.0,0.0,0.0,0.0,0.0,0.0,0.0,0.0,0.0,0.0,0.0,0.0,0.0,0.0,0.0,0.0,0.0,0.0,0.0,0.0,0.0,0.0,0.0,0.0,0.0,0.0,0.0,0.0,0.0,0.0,0.0,0.0,0.0,0.0,0.0,0.0,0.0,0.0,0.0,0.0,0.0,0.0,0.0,0.0,0.0,0.0,0.0,0.0,0.0,0.0,0.0,0.0,0.0,0.0,0.0,0.0,0.0,0.0,0.0,0.0,0.0,0.0,I
0.4613673686981201,0.8585979342460632,3.349448718381609e-07,0.4800184369087219,0.7826091051101685,-0.0142252352088689,0.4765447974205017,0.7093072533607483,-0.0220391806215047,0.4682114124298095,0.6465169191360474,-0.0272672940045595,0.4627121090888977,0.5985410213470459,-0.0327310003340244,0.4013595283031463,0.7022107839584351,-0.022958280518651,0.3654140830039978,0.6272382140159607,-0.0312821045517921,0.3452561795711517,0.5869019031524658,-0.0369344986975193,0.3297696113586426,0.5595507621765137,-0.0406925827264785,0.3706392347812652,0.7329684495925903,-0.020976036787033,0.3273278474807739,0.6598080396652222,-0.0257245581597089,0.3045515716075897,0.6174519658088684,-0.0304998494684696,0.2882202565670013,0.5891345143318176,-0.0350644141435623,0.3520576059818268,0.769179105758667,-0.0193676929920911,0.307132750749588,0.7056015729904175,-0.0229857396334409,0.2842562198638916,0.666038990020752,-0.028533961623907,0.2678520083427429,0.6371709108352661,-0.0341510698199272,0.3450011610984802,0.8058938384056091,-0.018561964854598,0.3070992827415466,0.7702536582946777,-0.0240616481751203,0.285621166229248,0.7446192502975464,-0.0276102740317583,0.2697852849960327,0.7223327159881592,-0.0300399828702211,0.0,0.0,0.0,0.0,0.0,0.0,0.0,0.0,0.0,0.0,0.0,0.0,0.0,0.0,0.0,0.0,0.0,0.0,0.0,0.0,0.0,0.0,0.0,0.0,0.0,0.0,0.0,0.0,0.0,0.0,0.0,0.0,0.0,0.0,0.0,0.0,0.0,0.0,0.0,0.0,0.0,0.0,0.0,0.0,0.0,0.0,0.0,0.0,0.0,0.0,0.0,0.0,0.0,0.0,0.0,0.0,0.0,0.0,0.0,0.0,0.0,0.0,0.0,I
0.4770840406417846,0.8708246946334839,2.5498874833829177e-07,0.4935711920261383,0.7932139039039612,-0.0144653562456369,0.4824440479278564,0.7147359848022461,-0.020278126001358,0.4654080271720886,0.6493926644325256,-0.0231578256934881,0.4494958519935608,0.6014270782470703,-0.0270007271319627,0.4052497744560241,0.7222957015037537,-0.0202418658882379,0.3563912510871887,0.6688185930252075,-0.0256296955049037,0.3260255753993988,0.63890141248703,-0.0302099157124757,0.3026738464832306,0.6179487705230713,-0.0350315161049366,0.3818244338035583,0.7623676657676697,-0.0199089813977479,0.3215619325637817,0.7144397497177124,-0.0242815744131803,0.2880139350891113,0.6843820214271545,-0.0332730486989021,0.2636937499046325,0.662875771522522,-0.0423804000020027,0.371509313583374,0.806877613067627,-0.019494017586112,0.3128202855587005,0.7693483233451843,-0.0279985461384058,0.2788039445877075,0.742764949798584,-0.0400459803640842,0.2533143162727356,0.722468912601471,-0.0502169877290725,0.3729858696460724,0.8493344187736511,-0.019291928038001,0.3259933590888977,0.8444411754608154,-0.0320184417068958,0.2958635985851288,0.8368715047836304,-0.041092213243246,0.2717894613742828,0.8268746137619019,-0.0473705604672431,0.0,0.0,0.0,0.0,0.0,0.0,0.0,0.0,0.0,0.0,0.0,0.0,0.0,0.0,0.0,0.0,0.0,0.0,0.0,0.0,0.0,0.0,0.0,0.0,0.0,0.0,0.0,0.0,0.0,0.0,0.0,0.0,0.0,0.0,0.0,0.0,0.0,0.0,0.0,0.0,0.0,0.0,0.0,0.0,0.0,0.0,0.0,0.0,0.0,0.0,0.0,0.0,0.0,0.0,0.0,0.0,0.0,0.0,0.0,0.0,0.0,0.0,0.0,I
0.4967612326145172,0.5810052156448364,-3.697521435697127e-07,0.4451402723789215,0.5985535383224487,-0.0482634007930755,0.4101249277591705,0.6215326189994812,-0.084437072277069,0.4284505248069763,0.6760503053665161,-0.1144813001155853,0.4682660698890686,0.713401198387146,-0.1436493694782257,0.411905288696289,0.4920681715011596,-0.0888517200946807,0.4043055772781372,0.5042756199836731,-0.1283609718084335,0.3982375860214233,0.5204150676727295,-0.1514843255281448,0.3978468775749206,0.5354065895080566,-0.164967730641365,0.4760499894618988,0.4643884003162384,-0.083776369690895,0.4851330816745758,0.6268020868301392,-0.1230892688035965,0.4646695852279663,0.6761484146118164,-0.131986603140831,0.4503836333751678,0.684512734413147,-0.1352913230657577,0.5377312898635864,0.4830828607082367,-0.081187829375267,0.5319893956184387,0.6501739025115967,-0.1105569154024124,0.5018777847290039,0.6856635808944702,-0.0981272086501121,0.4811655282974243,0.6884205341339111,-0.0858620926737785,0.5799981951713562,0.5182888507843018,-0.0845705643296241,0.5725760459899902,0.6433660984039307,-0.1139465942978859,0.5482065081596375,0.673035204410553,-0.1090869829058647,0.5289555788040161,0.6740045547485352,-0.0981233566999435,0.0,0.0,0.0,0.0,0.0,0.0,0.0,0.0,0.0,0.0,0.0,0.0,0.0,0.0,0.0,0.0,0.0,0.0,0.0,0.0,0.0,0.0,0.0,0.0,0.0,0.0,0.0,0.0,0.0,0.0,0.0,0.0,0.0,0.0,0.0,0.0,0.0,0.0,0.0,0.0,0.0,0.0,0.0,0.0,0.0,0.0,0.0,0.0,0.0,0.0,0.0,0.0,0.0,0.0,0.0,0.0,0.0,0.0,0.0,0.0,0.0,0.0,0.0,YOU
0.536083459854126,0.6157630681991577,-4.989183821635379e-07,0.4887706339359283,0.6294333934783936,-0.0395675115287303,0.4441176652908325,0.6434611082077026,-0.0705475807189941,0.455436497926712,0.6954602599143982,-0.0969228222966194,0.4957160055637359,0.7365319728851318,-0.1198453530669212,0.45802903175354,0.4932522475719452,-0.0756968632340431,0.454976886510849,0.5128961205482483,-0.1178938597440719,0.4596262574195862,0.5390132069587708,-0.1409234553575515,0.4681693911552429,0.5619586110115051,-0.1525202542543411,0.5229800939559937,0.4694648087024688,-0.0744414925575256,0.5295850038528442,0.6458927392959595,-0.1146128699183464,0.5039188265800476,0.6955132484436035,-0.1198342517018318,0.4879161715507507,0.6981620788574219,-0.1182455569505691,0.5835378170013428,0.4919178187847137,-0.0765120312571525,0.5778708457946777,0.6709040999412537,-0.1065008267760276,0.5435235500335693,0.6940804719924927,-0.0899830386042594,0.5236268043518066,0.6826927065849304,-0.0729721412062645,0.6245492100715637,0.5293307900428772,-0.0843344181776046,0.6168606877326965,0.6576706767082214,-0.115546315908432,0.589840829372406,0.672382116317749,-0.1104248464107513,0.5725708603858948,0.6518390774726868,-0.0968273356556892,0.0,0.0,0.0,0.0,0.0,0.0,0.0,0.0,0.0,0.0,0.0,0.0,0.0,0.0,0.0,0.0,0.0,0.0,0.0,0.0,0.0,0.0,0.0,0.0,0.0,0.0,0.0,0.0,0.0,0.0,0.0,0.0,0.0,0.0,0.0,0.0,0.0,0.0,0.0,0.0,0.0,0.0,0.0,0.0,0.0,0.0,0.0,0.0,0.0,0.0,0.0,0.0,0.0,0.0,0.0,0.0,0.0,0.0,0.0,0.0,0.0,0.0,0.0,YOU
0.5270698070526123,0.609687089920044,-3.316615106996324e-07,0.4826670289039612,0.6198602914810181,-0.0393427014350891,0.4434301853179931,0.6243113875389099,-0.0693753436207771,0.4572274088859558,0.6660918593406677,-0.0959730967879295,0.4894372522830963,0.6924291849136353,-0.1200557872653007,0.4503045082092285,0.48922860622406,-0.0758460238575935,0.4513654708862304,0.4712497293949127,-0.1278757601976394,0.4595092236995697,0.4781388640403747,-0.1582028269767761,0.4687139689922333,0.4899988174438476,-0.1742620915174484,0.5118896961212158,0.4580769836902618,-0.0761923417448997,0.5142953395843506,0.6144266128540039,-0.1268711686134338,0.4926152229309082,0.6764825582504272,-0.1329271048307418,0.4768913388252258,0.6768466234207153,-0.1291002780199051,0.5710105299949646,0.4771154522895813,-0.0811339914798736,0.5654011964797974,0.6319353580474854,-0.118740901350975,0.5323017835617065,0.6696271896362305,-0.0984948724508285,0.5104345679283142,0.6612766981124878,-0.0779324620962143,0.6129021048545837,0.5123889446258545,-0.0920767486095428,0.6051546931266785,0.634878396987915,-0.1307036131620407,0.577750027179718,0.6677680611610413,-0.1256402134895324,0.5611642599105835,0.6582928895950317,-0.1106781736016273,0.0,0.0,0.0,0.0,0.0,0.0,0.0,0.0,0.0,0.0,0.0,0.0,0.0,0.0,0.0,0.0,0.0,0.0,0.0,0.0,0.0,0.0,0.0,0.0,0.0,0.0,0.0,0.0,0.0,0.0,0.0,0.0,0.0,0.0,0.0,0.0,0.0,0.0,0.0,0.0,0.0,0.0,0.0,0.0,0.0,0.0,0.0,0.0,0.0,0.0,0.0,0.0,0.0,0.0,0.0,0.0,0.0,0.0,0.0,0.0,0.0,0.0,0.0,YOU
0.4474389851093292,0.4626666605472564,-5.866027663614659e-07,0.3841690421104431,0.5257762670516968,-0.0498960427939891,0.3582675158977508,0.6035987734794617,-0.1010917276144027,0.3749208450317383,0.6818445920944214,-0.1456021964550018,0.4187450706958771,0.731742262840271,-0.192263513803482,0.4214041829109192,0.4895607233047485,-0.1287873685359954,0.4080366790294647,0.5970276594161987,-0.1805879175662994,0.4098553359508514,0.6745361685752869,-0.2128174006938934,0.4207951426506042,0.7228752374649048,-0.2313029021024704,0.4910216331481933,0.4774971902370453,-0.12923264503479,0.4841354191303253,0.6631298065185547,-0.1622112840414047,0.4759937524795532,0.6800172924995422,-0.1659299582242965,0.4693192839622497,0.6624813675880432,-0.1748413294553756,0.54525226354599,0.4903179407119751,-0.1297271698713302,0.5332674384117126,0.6823204159736633,-0.1509698033332824,0.5206054449081421,0.6794401407241821,-0.1325890123844146,0.510890543460846,0.6512084007263184,-0.1248334497213363,0.5830403566360474,0.5142974257469177,-0.1366510242223739,0.5768018960952759,0.6735972762107849,-0.1537137627601623,0.5631807446479797,0.6933959126472473,-0.1364143192768097,0.5536796450614929,0.6874984502792358,-0.1249918639659881,0.0,0.0,0.0,0.0,0.0,0.0,0.0,0.0,0.0,0.0,0.0,0.0,0.0,0.0,0.0,0.0,0.0,0.0,0.0,0.0,0.0,0.0,0.0,0.0,0.0,0.0,0.0,0.0,0.0,0.0,0.0,0.0,0.0,0.0,0.0,0.0,0.0,0.0,0.0,0.0,0.0,0.0,0.0,0.0,0.0,0.0,0.0,0.0,0.0,0.0,0.0,0.0,0.0,0.0,0.0,0.0,0.0,0.0,0.0,0.0,0.0,0.0,0.0,YOU
0.4621319472789764,0.5456231832504272,-6.390683893187088e-08,0.4045400023460388,0.589480459690094,-0.0420761257410049,0.4007225632667541,0.6692842841148376,-0.0889361798763275,0.4407482743263244,0.7626515626907349,-0.129970520734787,0.4936981201171875,0.8302561044692993,-0.1772990673780441,0.4665938913822174,0.5322167277336121,-0.1204409897327423,0.4555766582489013,0.5896035432815552,-0.1691355109214782,0.4234872460365295,0.626287579536438,-0.2081194221973419,0.39303058385849,0.6520236730575562,-0.2378368377685547,0.5231320261955261,0.5368989706039429,-0.1257289201021194,0.5182853937149048,0.7123321294784546,-0.1671529412269592,0.5176902413368225,0.7299338579177856,-0.1781030893325805,0.5118604898452759,0.698785662651062,-0.1921286433935165,0.5680592060089111,0.5633281469345093,-0.1300017535686493,0.5682656764984131,0.7276813387870789,-0.1683132648468017,0.5582371950149536,0.7255371809005737,-0.160305306315422,0.5479992032051086,0.6829132437705994,-0.155988797545433,0.6013984680175781,0.5930142402648926,-0.1379521489143371,0.6082484126091003,0.7171655893325806,-0.1709637939929962,0.6007645130157471,0.7242568135261536,-0.1636008769273758,0.5970383286476135,0.6960195899009705,-0.1592903137207031,0.0,0.0,0.0,0.0,0.0,0.0,0.0,0.0,0.0,0.0,0.0,0.0,0.0,0.0,0.0,0.0,0.0,0.0,0.0,0.0,0.0,0.0,0.0,0.0,0.0,0.0,0.0,0.0,0.0,0.0,0.0,0.0,0.0,0.0,0.0,0.0,0.0,0.0,0.0,0.0,0.0,0.0,0.0,0.0,0.0,0.0,0.0,0.0,0.0,0.0,0.0,0.0,0.0,0.0,0.0,0.0,0.0,0.0,0.0,0.0,0.0,0.0,0.0,YOU
0.5095034837722778,0.5325235724449158,-3.260871608290472e-07,0.4669642448425293,0.5666505098342896,-0.0596491806209087,0.4423393607139587,0.6103391647338867,-0.1030705422163009,0.4683914184570312,0.6732826828956604,-0.13755963742733,0.5124542713165283,0.7110381722450256,-0.1707885116338729,0.465247094631195,0.5087533593177795,-0.1022553294897079,0.4728977382183075,0.6177334785461426,-0.146407812833786,0.495029091835022,0.6905130743980408,-0.1721370220184326,0.5175138711929321,0.7248547077178955,-0.1858978867530822,0.5278445482254028,0.508390486240387,-0.0947759747505188,0.5410778522491455,0.6433829665184021,-0.1327201724052429,0.5254359245300293,0.6836212873458862,-0.1455229222774505,0.5057094693183899,0.6801477670669556,-0.1553515344858169,0.5775347948074341,0.5310022830963135,-0.0898386016488075,0.5733445286750793,0.6712145805358887,-0.1190114766359329,0.551788330078125,0.7142136693000793,-0.1114182546734809,0.5304452180862427,0.712428092956543,-0.1056628972291946,0.6064541935920715,0.5657699108123779,-0.0909742712974548,0.5981549620628357,0.6816661953926086,-0.113397479057312,0.5782049894332886,0.7210515737533569,-0.1036380529403686,0.5616816282272339,0.7284084558486938,-0.0939656943082809,0.0,0.0,0.0,0.0,0.0,0.0,0.0,0.0,0.0,0.0,0.0,0.0,0.0,0.0,0.0,0.0,0.0,0.0,0.0,0.0,0.0,0.0,0.0,0.0,0.0,0.0,0.0,0.0,0.0,0.0,0.0,0.0,0.0,0.0,0.0,0.0,0.0,0.0,0.0,0.0,0.0,0.0,0.0,0.0,0.0,0.0,0.0,0.0,0.0,0.0,0.0,0.0,0.0,0.0,0.0,0.0,0.0,0.0,0.0,0.0,0.0,0.0,0.0,YOU
0.5603349804878235,0.5695094466209412,-2.605818281153916e-07,0.5084560513496399,0.561104953289032,-0.0349376462399959,0.4698374569416046,0.5502667427062988,-0.0624274984002113,0.4556279182434082,0.5592688918113708,-0.0872829407453537,0.447781890630722,0.5849661827087402,-0.116129532456398,0.4826335310935974,0.4928610026836395,-0.0673843026161193,0.4626966416835785,0.5387786030769348,-0.1071537584066391,0.4497241377830505,0.543791651725769,-0.1391272991895675,0.4419916868209839,0.5388559699058533,-0.1611663103103637,0.5251733660697937,0.5010145306587219,-0.0710602924227714,0.5070577263832092,0.6290302276611328,-0.1117438003420829,0.5039294958114624,0.6799927949905396,-0.1280297487974167,0.5051048994064331,0.7002550959587097,-0.1366944462060928,0.5696731209754944,0.532935619354248,-0.0768513306975364,0.5506933927536011,0.6501472592353821,-0.1131038218736648,0.5518003106117249,0.6724215745925903,-0.1123906672000885,0.5541375279426575,0.6706308126449585,-0.1078592985868454,0.6092420220375061,0.5682229995727539,-0.0858658328652381,0.5939350128173828,0.6618137955665588,-0.1165792569518089,0.5928053855895996,0.6821043491363525,-0.1140985563397407,0.5942614674568176,0.6730601191520691,-0.1076364144682884,0.0,0.0,0.0,0.0,0.0,0.0,0.0,0.0,0.0,0.0,0.0,0.0,0.0,0.0,0.0,0.0,0.0,0.0,0.0,0.0,0.0,0.0,0.0,0.0,0.0,0.0,0.0,0.0,0.0,0.0,0.0,0.0,0.0,0.0,0.0,0.0,0.0,0.0,0.0,0.0,0.0,0.0,0.0,0.0,0.0,0.0,0.0,0.0,0.0,0.0,0.0,0.0,0.0,0.0,0.0,0.0,0.0,0.0,0.0,0.0,0.0,0.0,0.0,YOU
0.567205548286438,0.5704188942909241,-1.3540385168653304e-07,0.51246178150177,0.5635838508605957,-0.0319812335073947,0.4640958905220032,0.53436279296875,-0.0543483197689056,0.4358847737312317,0.5028431415557861,-0.0725639164447784,0.4156519770622253,0.4730871319770813,-0.0914069190621376,0.4876711964607239,0.4834950566291809,-0.0687389448285102,0.4716370105743408,0.5099579095840454,-0.1065589562058448,0.4555559158325195,0.5078050494194031,-0.1328008323907852,0.4396748542785644,0.4994728863239288,-0.1508602648973465,0.5309543609619141,0.486208975315094,-0.0716314166784286,0.5228399634361267,0.5662931203842163,-0.1074721068143844,0.5177055597305298,0.5780775547027588,-0.1164517626166343,0.5123113989830017,0.5693554878234863,-0.1218638494610786,0.5740390419960022,0.5100715160369873,-0.0767521187663078,0.5585931539535522,0.5922132134437561,-0.1070147156715393,0.5534096956253052,0.5919756293296814,-0.0986440628767013,0.5502080917358398,0.5805836915969849,-0.0914157480001449,0.6101325154304504,0.5414988398551941,-0.0853919610381126,0.595894455909729,0.6069140434265137,-0.1132928431034088,0.5880062580108643,0.6122766733169556,-0.1104348227381706,0.5833488702774048,0.6018287539482117,-0.1049333810806274,0.0,0.0,0.0,0.0,0.0,0.0,0.0,0.0,0.0,0.0,0.0,0.0,0.0,0.0,0.0,0.0,0.0,0.0,0.0,0.0,0.0,0.0,0.0,0.0,0.0,0.0,0.0,0.0,0.0,0.0,0.0,0.0,0.0,0.0,0.0,0.0,0.0,0.0,0.0,0.0,0.0,0.0,0.0,0.0,0.0,0.0,0.0,0.0,0.0,0.0,0.0,0.0,0.0,0.0,0.0,0.0,0.0,0.0,0.0,0.0,0.0,0.0,0.0,YOU
0.5066623687744141,0.6157189607620239,-9.826539582036277e-08,0.4199246168136596,0.6421108841896057,-0.0317691043019294,0.363534539937973,0.7026714086532593,-0.0683565661311149,0.3608587980270386,0.7947834134101868,-0.1021452024579048,0.3963798284530639,0.8642665147781372,-0.140562042593956,0.4109670221805572,0.5863208174705505,-0.0857273563742637,0.3702661991119385,0.6417010426521301,-0.1204488575458526,0.3297798931598663,0.6563296318054199,-0.1466173976659774,0.2936449348926544,0.660305380821228,-0.1675681471824646,0.4689948558807373,0.5917163491249084,-0.0927514135837555,0.432996928691864,0.7664496302604675,-0.120843231678009,0.4365373253822326,0.7707657814025879,-0.1271658241748809,0.4394893646240234,0.7337778806686401,-0.1376872807741165,0.5216221213340759,0.6229788661003113,-0.0995397046208381,0.4926805794239044,0.801547110080719,-0.1229083985090255,0.4867821335792541,0.7859910726547241,-0.1158323734998703,0.4823431968688965,0.7391583323478699,-0.1139871031045913,0.5625119805335999,0.663740873336792,-0.1098785027861595,0.5397220849990845,0.7974100112915039,-0.1309032291173935,0.527195930480957,0.7892479300498962,-0.1245593652129173,0.5207882523536682,0.7518050670623779,-0.1210057511925697,0.0,0.0,0.0,0.0,0.0,0.0,0.0,0.0,0.0,0.0,0.0,0.0,0.0,0.0,0.0,0.0,0.0,0.0,0.0,0.0,0.0,0.0,0.0,0.0,0.0,0.0,0.0,0.0,0.0,0.0,0.0,0.0,0.0,0.0,0.0,0.0,0.0,0.0,0.0,0.0,0.0,0.0,0.0,0.0,0.0,0.0,0.0,0.0,0.0,0.0,0.0,0.0,0.0,0.0,0.0,0.0,0.0,0.0,0.0,0.0,0.0,0.0,0.0,YOU
0.4542489945888519,0.4988862574100494,-7.654412002011668e-07,0.3940739631652832,0.5546284317970276,-0.0450271368026733,0.3762964606285095,0.6285945773124695,-0.0930001512169838,0.3934997320175171,0.7010149955749512,-0.1366885751485824,0.4294579029083252,0.7570762038230896,-0.1827221661806106,0.4269939661026001,0.5274827480316162,-0.1117682680487632,0.4244405627250671,0.6326662302017212,-0.157681331038475,0.43733811378479,0.7185057401657104,-0.1875319927930832,0.4552490413188934,0.7718843817710876,-0.2050958424806594,0.4975120723247528,0.5166619420051575,-0.1158196777105331,0.5004339218139648,0.6883201599121094,-0.1466808021068573,0.5013071894645691,0.7184622883796692,-0.1543574035167694,0.5008917450904846,0.7121068239212036,-0.1662957519292831,0.5553238391876221,0.5244393944740295,-0.1196942999958992,0.5535604953765869,0.7003614902496338,-0.1432662904262542,0.5506017208099365,0.7148001194000244,-0.1306512504816055,0.5452018976211548,0.7000732421875,-0.1266877651214599,0.5965744256973267,0.5434004068374634,-0.1290180534124374,0.6014941930770874,0.6994450688362122,-0.145338624715805,0.59788578748703,0.7216998934745789,-0.1281640082597732,0.5934879183769226,0.7158517837524414,-0.1178525239229202,0.0,0.0,0.0,0.0,0.0,0.0,0.0,0.0,0.0,0.0,0.0,0.0,0.0,0.0,0.0,0.0,0.0,0.0,0.0,0.0,0.0,0.0,0.0,0.0,0.0,0.0,0.0,0.0,0.0,0.0,0.0,0.0,0.0,0.0,0.0,0.0,0.0,0.0,0.0,0.0,0.0,0.0,0.0,0.0,0.0,0.0,0.0,0.0,0.0,0.0,0.0,0.0,0.0,0.0,0.0,0.0,0.0,0.0,0.0,0.0,0.0,0.0,0.0,YOU
0.6045676469802856,0.5902760624885559,-5.211388156567409e-07,0.5617152452468872,0.580921471118927,-0.0362362079322338,0.5320433378219604,0.5662677884101868,-0.0652323812246322,0.5226850509643555,0.5590046048164368,-0.091268204152584,0.5101001262664795,0.562311053276062,-0.1156051307916641,0.542797863483429,0.4770738482475281,-0.0683561041951179,0.5395618081092834,0.49117511510849,-0.1084978729486465,0.5342961549758911,0.5195492506027222,-0.133158728480339,0.5297103524208069,0.5475198030471802,-0.1481251567602157,0.5952320694923401,0.4726845026016235,-0.0722505152225494,0.5895964503288269,0.6030806303024292,-0.1138301566243171,0.5714631080627441,0.6670737862586975,-0.1281932890415191,0.5571280121803284,0.6916095614433289,-0.1361050009727478,0.6438735127449036,0.5016515254974365,-0.0784046724438667,0.631930410861969,0.6362237930297852,-0.1168942973017692,0.6151750683784485,0.6977187395095825,-0.111120581626892,0.6005227565765381,0.7267672419548035,-0.103003904223442,0.6817631721496582,0.5433343648910522,-0.0883540734648704,0.6716737151145935,0.6392390727996826,-0.1209346428513526,0.658321738243103,0.6869434118270874,-0.115641675889492,0.6465101838111877,0.707379162311554,-0.1058572307229042,0.0,0.0,0.0,0.0,0.0,0.0,0.0,0.0,0.0,0.0,0.0,0.0,0.0,0.0,0.0,0.0,0.0,0.0,0.0,0.0,0.0,0.0,0.0,0.0,0.0,0.0,0.0,0.0,0.0,0.0,0.0,0.0,0.0,0.0,0.0,0.0,0.0,0.0,0.0,0.0,0.0,0.0,0.0,0.0,0.0,0.0,0.0,0.0,0.0,0.0,0.0,0.0,0.0,0.0,0.0,0.0,0.0,0.0,0.0,0.0,0.0,0.0,0.0,YOU
0.5676866769790649,0.5639599561691284,-3.090616473855335e-07,0.5153162479400635,0.5641141533851624,-0.0410977825522422,0.4764644205570221,0.5643120408058167,-0.0753917247056961,0.4584998488426208,0.5843358039855957,-0.1073397621512413,0.4463169872760772,0.6115765571594238,-0.1412243694067001,0.4905023574829101,0.4801949858665466,-0.0683259740471839,0.4769552946090698,0.5148776173591614,-0.1113705262541771,0.4693834781646728,0.5393328666687012,-0.1456150859594345,0.4682488739490509,0.5564103126525879,-0.1678682267665863,0.5469396710395813,0.4801284968852997,-0.0724606066942215,0.5421904921531677,0.6149919033050537,-0.1154896393418312,0.5299067497253418,0.6714192628860474,-0.1389603465795517,0.5202755331993103,0.6933541893959045,-0.1540781557559967,0.5995649695396423,0.5097169876098633,-0.0791133940219879,0.5841057300567627,0.645684003829956,-0.1178919970989227,0.5690010786056519,0.698775589466095,-0.1192190274596214,0.5525569319725037,0.7242387533187866,-0.1162490546703338,0.6386641263961792,0.5498966574668884,-0.0897646769881248,0.6234921216964722,0.6447306871414185,-0.1198727861046791,0.6088449954986572,0.6880239248275757,-0.1144740581512451,0.5935211181640625,0.7092366814613342,-0.1058938205242157,0.0,0.0,0.0,0.0,0.0,0.0,0.0,0.0,0.0,0.0,0.0,0.0,0.0,0.0,0.0,0.0,0.0,0.0,0.0,0.0,0.0,0.0,0.0,0.0,0.0,0.0,0.0,0.0,0.0,0.0,0.0,0.0,0.0,0.0,0.0,0.0,0.0,0.0,0.0,0.0,0.0,0.0,0.0,0.0,0.0,0.0,0.0,0.0,0.0,0.0,0.0,0.0,0.0,0.0,0.0,0.0,0.0,0.0,0.0,0.0,0.0,0.0,0.0,YOU
0.5775139927864075,0.6082271337509155,-9.258329924932697e-08,0.5274701714515686,0.6180880665779114,-0.0413367487490177,0.4879336953163147,0.6323270201683044,-0.0743963792920112,0.4893457889556885,0.6890246868133545,-0.1047651916742324,0.5136386156082153,0.7332800626754761,-0.1355926841497421,0.496371865272522,0.4986847639083862,-0.066517636179924,0.4924202263355255,0.4912170171737671,-0.1014065742492675,0.4881584644317627,0.4946547746658325,-0.1285164207220077,0.4849077761173248,0.4970007836818695,-0.1470464468002319,0.5538570284843445,0.4766401350498199,-0.0674548149108886,0.5507655143737793,0.631095290184021,-0.1011542826890945,0.5354994535446167,0.6645070910453796,-0.1172513887286186,0.5263247489929199,0.6575550436973572,-0.1270720064640045,0.6124477982521057,0.5037755370140076,-0.0709851831197738,0.5956310033798218,0.6654186844825745,-0.0948816463351249,0.5720004439353943,0.6894116401672363,-0.0886520817875862,0.5558331608772278,0.6816022396087646,-0.0822033435106277,0.6563014388084412,0.5484428405761719,-0.0802114605903625,0.6401258707046509,0.66102534532547,-0.1042427197098732,0.6189925074577332,0.684949517250061,-0.0987448021769523,0.604762852191925,0.6827804446220398,-0.0885716080665588,0.0,0.0,0.0,0.0,0.0,0.0,0.0,0.0,0.0,0.0,0.0,0.0,0.0,0.0,0.0,0.0,0.0,0.0,0.0,0.0,0.0,0.0,0.0,0.0,0.0,0.0,0.0,0.0,0.0,0.0,0.0,0.0,0.0,0.0,0.0,0.0,0.0,0.0,0.0,0.0,0.0,0.0,0.0,0.0,0.0,0.0,0.0,0.0,0.0,0.0,0.0,0.0,0.0,0.0,0.0,0.0,0.0,0.0,0.0,0.0,0.0,0.0,0.0,YOU
0.4952000975608825,0.5547572374343872,-3.275221729381883e-07,0.4276787936687469,0.5974482893943787,-0.0510057546198368,0.3896929323673248,0.6505432724952698,-0.1028118804097175,0.379790335893631,0.6992660760879517,-0.1490989923477172,0.3965248167514801,0.7041097283363342,-0.1984167546033859,0.4560134410858154,0.505306601524353,-0.1145335212349891,0.4376733601093292,0.5535414218902588,-0.1676230579614639,0.4095403552055359,0.5981358289718628,-0.2072117328643798,0.3884342312812805,0.6344990134239197,-0.234129250049591,0.5161677002906799,0.5152237415313721,-0.1170494183897972,0.4744465947151184,0.6745779514312744,-0.1580362766981125,0.4642485976219177,0.6835635304450989,-0.1699708551168441,0.4578441381454468,0.6547411680221558,-0.1845428794622421,0.5636649131774902,0.5449499487876892,-0.1211140677332878,0.5202677845954895,0.7079991102218628,-0.156604528427124,0.5150548219680786,0.6987918019294739,-0.1442711353302002,0.5155296921730042,0.6586825251579285,-0.1381549090147018,0.5969674587249756,0.5828337073326111,-0.1305007040500641,0.5649820566177368,0.7134248614311218,-0.1608094871044159,0.5592688918113708,0.71104496717453,-0.1504871398210525,0.560071587562561,0.6757916212081909,-0.143059566617012,0.0,0.0,0.0,0.0,0.0,0.0,0.0,0.0,0.0,0.0,0.0,0.0,0.0,0.0,0.0,0.0,0.0,0.0,0.0,0.0,0.0,0.0,0.0,0.0,0.0,0.0,0.0,0.0,0.0,0.0,0.0,0.0,0.0,0.0,0.0,0.0,0.0,0.0,0.0,0.0,0.0,0.0,0.0,0.0,0.0,0.0,0.0,0.0,0.0,0.0,0.0,0.0,0.0,0.0,0.0,0.0,0.0,0.0,0.0,0.0,0.0,0.0,0.0,YOU
0.5284284949302673,0.6029021739959717,-2.5230605160686537e-07,0.4784273207187652,0.6209418177604675,-0.0479158721864223,0.4368647038936615,0.6406408548355103,-0.0861171409487724,0.4462085366249084,0.68785560131073,-0.1188651323318481,0.4795408844947815,0.7175904512405396,-0.1509293466806411,0.4454432427883148,0.5062786936759949,-0.0880503430962562,0.426766037940979,0.5096230506896973,-0.1271990835666656,0.4157483279705047,0.5232363939285278,-0.152100384235382,0.4114343225955963,0.535554051399231,-0.1678840667009353,0.505921483039856,0.4854757487773895,-0.0854674130678176,0.4942013621330261,0.6501964926719666,-0.1227496489882469,0.4839408695697784,0.6907628774642944,-0.1323364824056625,0.4856634736061096,0.6904231905937195,-0.1368059962987899,0.5640444159507751,0.5128611922264099,-0.0850734412670135,0.5395573377609253,0.6869317889213562,-0.1103654578328132,0.5206139087677002,0.7163004875183105,-0.094627670943737,0.5136964321136475,0.7122776508331299,-0.0811212211847305,0.6058862209320068,0.5571519136428833,-0.0910784602165222,0.5793207883834839,0.6840085387229919,-0.1168375760316848,0.5607750415802002,0.7043726444244385,-0.1076868399977684,0.5519068837165833,0.6945728063583374,-0.0939688086509704,0.0,0.0,0.0,0.0,0.0,0.0,0.0,0.0,0.0,0.0,0.0,0.0,0.0,0.0,0.0,0.0,0.0,0.0,0.0,0.0,0.0,0.0,0.0,0.0,0.0,0.0,0.0,0.0,0.0,0.0,0.0,0.0,0.0,0.0,0.0,0.0,0.0,0.0,0.0,0.0,0.0,0.0,0.0,0.0,0.0,0.0,0.0,0.0,0.0,0.0,0.0,0.0,0.0,0.0,0.0,0.0,0.0,0.0,0.0,0.0,0.0,0.0,0.0,YOU
0.5450229048728943,0.6117007732391357,-4.575638854475983e-07,0.4955905377864837,0.6072961091995239,-0.0505657084286212,0.4530731439590454,0.5858844518661499,-0.0823367163538932,0.45755735039711,0.5805501937866211,-0.1084523350000381,0.5044727921485901,0.5736606121063232,-0.1289025396108627,0.4839479327201843,0.4702148735523224,-0.070700503885746,0.476466953754425,0.4890215694904327,-0.1214777678251266,0.4717151522636413,0.5147256255149841,-0.148975983262062,0.4724295437335968,0.5266273021697998,-0.1621039509773254,0.545098066329956,0.4612218737602234,-0.0652670636773109,0.5404316186904907,0.622590959072113,-0.1135578453540802,0.5193444490432739,0.6554182767868042,-0.1206419989466667,0.5064696669578552,0.6315642595291138,-0.1172324866056442,0.6004539132118225,0.4925937950611114,-0.0659401342272758,0.5807297229766846,0.6532567739486694,-0.1049786135554313,0.5548616647720337,0.668266773223877,-0.0855868086218833,0.541523277759552,0.6469482183456421,-0.0629786550998687,0.6393945217132568,0.5371010303497314,-0.0735121816396713,0.6179762482643127,0.6524485349655151,-0.1089109852910041,0.592738687992096,0.6599127054214478,-0.1024770513176918,0.5802305340766907,0.6365033984184265,-0.0858786404132843,0.0,0.0,0.0,0.0,0.0,0.0,0.0,0.0,0.0,0.0,0.0,0.0,0.0,0.0,0.0,0.0,0.0,0.0,0.0,0.0,0.0,0.0,0.0,0.0,0.0,0.0,0.0,0.0,0.0,0.0,0.0,0.0,0.0,0.0,0.0,0.0,0.0,0.0,0.0,0.0,0.0,0.0,0.0,0.0,0.0,0.0,0.0,0.0,0.0,0.0,0.0,0.0,0.0,0.0,0.0,0.0,0.0,0.0,0.0,0.0,0.0,0.0,0.0,YOU
0.5319094657897949,0.6043791770935059,-5.27578549736063e-07,0.4771575927734375,0.6033620834350586,-0.0489247739315032,0.4245936572551727,0.5932794213294983,-0.0827747657895088,0.4192069768905639,0.603638768196106,-0.11004488915205,0.4542779326438904,0.6066324710845947,-0.1334818750619888,0.4623963832855224,0.4779208302497864,-0.0788146257400512,0.442037284374237,0.5092604756355286,-0.1250422000885009,0.4156831800937652,0.5250225067138672,-0.1564826667308807,0.3968738913536072,0.5365532636642456,-0.1754036098718643,0.5255194902420044,0.4674097895622253,-0.0747030079364776,0.5098167061805725,0.6389144659042358,-0.1145843118429184,0.4901144206523895,0.6555162668228149,-0.123987928032875,0.4833677113056183,0.6349914073944092,-0.1269816160202026,0.583782970905304,0.5009944438934326,-0.0748785436153411,0.5545058846473694,0.6732801795005798,-0.10862647742033,0.5348580479621887,0.6771950125694275,-0.091442160308361,0.5290136337280273,0.6559955477714539,-0.0733922496438026,0.6268314719200134,0.5478087067604065,-0.0818162187933921,0.5974767208099365,0.6703916788101196,-0.1160118356347084,0.5782910585403442,0.6693312525749207,-0.1096239760518074,0.5711488723754883,0.6398310661315918,-0.0954244434833526,0.0,0.0,0.0,0.0,0.0,0.0,0.0,0.0,0.0,0.0,0.0,0.0,0.0,0.0,0.0,0.0,0.0,0.0,0.0,0.0,0.0,0.0,0.0,0.0,0.0,0.0,0.0,0.0,0.0,0.0,0.0,0.0,0.0,0.0,0.0,0.0,0.0,0.0,0.0,0.0,0.0,0.0,0.0,0.0,0.0,0.0,0.0,0.0,0.0,0.0,0.0,0.0,0.0,0.0,0.0,0.0,0.0,0.0,0.0,0.0,0.0,0.0,0.0,YOU
0.4969443678855896,0.5777969360351562,-1.2566196971874888e-07,0.4432655274868011,0.590406060218811,-0.0374946966767311,0.3884889483451843,0.6127344369888306,-0.0716270133852958,0.376935064792633,0.6459556221961975,-0.1008063107728958,0.3992891907691955,0.6667906045913696,-0.1287571191787719,0.3777197599411011,0.5234724879264832,-0.0756381675601005,0.3532133102416992,0.6069145798683167,-0.1190889254212379,0.3785234987735748,0.6293365955352783,-0.1469355076551437,0.395328164100647,0.6166775822639465,-0.1646594405174255,0.4314670860767364,0.5045763254165649,-0.0784557536244392,0.4166097939014435,0.6117467880249023,-0.11343914270401,0.4320959448814392,0.6207033395767212,-0.121393583714962,0.4371359944343567,0.5977938771247864,-0.1266236752271652,0.4892427027225494,0.5119948983192444,-0.0839267447590828,0.4790278077125549,0.629814088344574,-0.1089212074875831,0.4860357344150543,0.6349685192108154,-0.0947026535868644,0.4848321378231048,0.6118623614311218,-0.0849509313702583,0.5398526787757874,0.5323463678359985,-0.0935790985822677,0.5332416296005249,0.6320025324821472,-0.1112570539116859,0.5315079689025879,0.6355989575386047,-0.0995767787098884,0.5251244902610779,0.6133092641830444,-0.0892402306199073,0.0,0.0,0.0,0.0,0.0,0.0,0.0,0.0,0.0,0.0,0.0,0.0,0.0,0.0,0.0,0.0,0.0,0.0,0.0,0.0,0.0,0.0,0.0,0.0,0.0,0.0,0.0,0.0,0.0,0.0,0.0,0.0,0.0,0.0,0.0,0.0,0.0,0.0,0.0,0.0,0.0,0.0,0.0,0.0,0.0,0.0,0.0,0.0,0.0,0.0,0.0,0.0,0.0,0.0,0.0,0.0,0.0,0.0,0.0,0.0,0.0,0.0,0.0,YOU
0.5783818364143372,0.5689903497695923,-1.6751518217006378e-07,0.5384519696235657,0.5790646076202393,-0.0557614751160144,0.5129268765449524,0.5736280083656311,-0.0947305783629417,0.5487164855003357,0.5839547514915466,-0.1250878572463989,0.5998324751853943,0.5822691917419434,-0.1517650634050369,0.5276816487312317,0.4261511862277984,-0.0794360861182212,0.5303913354873657,0.4666384756565094,-0.1290114372968673,0.5237587094306946,0.4968796670436859,-0.1637494564056396,0.5169184803962708,0.5024221539497375,-0.1863066554069519,0.5841162800788879,0.4113511145114898,-0.0735099613666534,0.6017446517944336,0.50948566198349,-0.1171677112579345,0.5860174298286438,0.5434528589248657,-0.1342221647500991,0.5706983208656311,0.5282704830169678,-0.1438679993152618,0.6358179450035095,0.4328328371047973,-0.0723682269454002,0.6399425268173218,0.5562558174133301,-0.1096375733613967,0.6159911751747131,0.6080908179283142,-0.1028071865439415,0.5996918678283691,0.6108410358428955,-0.0939924269914627,0.6768074631690979,0.4699722826480865,-0.0776095017790794,0.677359938621521,0.565664529800415,-0.1094883009791374,0.6576849818229675,0.6081781387329102,-0.1056277304887771,0.6479847431182861,0.615178108215332,-0.0965841487050056,0.0,0.0,0.0,0.0,0.0,0.0,0.0,0.0,0.0,0.0,0.0,0.0,0.0,0.0,0.0,0.0,0.0,0.0,0.0,0.0,0.0,0.0,0.0,0.0,0.0,0.0,0.0,0.0,0.0,0.0,0.0,0.0,0.0,0.0,0.0,0.0,0.0,0.0,0.0,0.0,0.0,0.0,0.0,0.0,0.0,0.0,0.0,0.0,0.0,0.0,0.0,0.0,0.0,0.0,0.0,0.0,0.0,0.0,0.0,0.0,0.0,0.0,0.0,YOU
0.4963720440864563,0.6392178535461426,-4.7608469344595516e-07,0.4314011633396148,0.6425221562385559,-0.0586170144379138,0.3737101852893829,0.6297363638877869,-0.0963813289999961,0.3819991648197174,0.636946439743042,-0.1269384324550628,0.4387844204902649,0.6350612044334412,-0.1536600291728973,0.4146224856376648,0.4992371201515198,-0.0888823792338371,0.4030217230319977,0.506553590297699,-0.13816799223423,0.3824299573898315,0.527374267578125,-0.16729037463665,0.3712808489799499,0.5513083934783936,-0.1838721334934234,0.4815818965435028,0.4735950827598572,-0.0830730572342872,0.4894804060459137,0.6378883123397827,-0.1290072947740554,0.4639474153518677,0.6724695563316345,-0.1339024156332016,0.4516599178314209,0.6700913310050964,-0.1314969956874847,0.5465275645256042,0.5013408660888672,-0.0831300914287567,0.5385580062866211,0.6716700196266174,-0.1199072822928428,0.5102663040161133,0.6851310729980469,-0.0978323891758918,0.4976333975791931,0.6711795330047607,-0.0755349770188331,0.5930243730545044,0.5472009778022766,-0.0914436057209968,0.5824015140533447,0.6794745922088623,-0.129097506403923,0.5564820766448975,0.6824936866760254,-0.1229850351810455,0.5414224863052368,0.655692458152771,-0.1079714223742485,0.0,0.0,0.0,0.0,0.0,0.0,0.0,0.0,0.0,0.0,0.0,0.0,0.0,0.0,0.0,0.0,0.0,0.0,0.0,0.0,0.0,0.0,0.0,0.0,0.0,0.0,0.0,0.0,0.0,0.0,0.0,0.0,0.0,0.0,0.0,0.0,0.0,0.0,0.0,0.0,0.0,0.0,0.0,0.0,0.0,0.0,0.0,0.0,0.0,0.0,0.0,0.0,0.0,0.0,0.0,0.0,0.0,0.0,0.0,0.0,0.0,0.0,0.0,YOU
0.5185680985450745,0.540294885635376,-5.342301960808982e-07,0.4535881280899048,0.585864782333374,-0.0476992987096309,0.4128164052963257,0.6502422094345093,-0.0907707288861274,0.3997271060943603,0.7066999673843384,-0.1280944794416427,0.4141096174716949,0.7411962747573853,-0.1658594459295272,0.4656741321086883,0.5447533130645752,-0.1018642336130142,0.4556794762611389,0.6545220613479614,-0.1444974541664123,0.4361224472522735,0.7008460760116577,-0.1703531891107559,0.4246457517147064,0.723372757434845,-0.1855271905660629,0.5286485552787781,0.5384864211082458,-0.1020284667611122,0.5289974212646484,0.7257946729660034,-0.1340872645378112,0.5155998468399048,0.7397254705429077,-0.1371653974056244,0.5048597455024719,0.716755211353302,-0.1419449150562286,0.5825459957122803,0.5514807105064392,-0.1035712882876396,0.5767289400100708,0.7356035113334656,-0.1307641118764877,0.5655437707901001,0.7285825610160828,-0.1125307604670524,0.5592390894889832,0.6983665823936462,-0.0996396169066429,0.6229515075683594,0.5758395195007324,-0.1111660599708557,0.6198673844337463,0.71407151222229,-0.1332120150327682,0.6086986660957336,0.717377781867981,-0.1189997345209121,0.5995631814002991,0.6954370737075806,-0.1061736121773719,0.0,0.0,0.0,0.0,0.0,0.0,0.0,0.0,0.0,0.0,0.0,0.0,0.0,0.0,0.0,0.0,0.0,0.0,0.0,0.0,0.0,0.0,0.0,0.0,0.0,0.0,0.0,0.0,0.0,0.0,0.0,0.0,0.0,0.0,0.0,0.0,0.0,0.0,0.0,0.0,0.0,0.0,0.0,0.0,0.0,0.0,0.0,0.0,0.0,0.0,0.0,0.0,0.0,0.0,0.0,0.0,0.0,0.0,0.0,0.0,0.0,0.0,0.0,YOU
0.5438923239707947,0.6198238134384155,-6.754173114131845e-07,0.4941354393959045,0.6183944344520569,-0.0467258282005786,0.4449484944343567,0.6132973432540894,-0.0851336419582367,0.446507453918457,0.6216977834701538,-0.1185391098260879,0.4817487001419067,0.6135649681091309,-0.1501082479953766,0.4686610400676727,0.4725535213947296,-0.0864539071917533,0.4516656100749969,0.4675423204898834,-0.1363540440797805,0.4289151132106781,0.4826624989509582,-0.1712085902690887,0.4082571566104889,0.4996957182884216,-0.1938464939594268,0.5338895320892334,0.4539375305175781,-0.0875884890556335,0.5285590887069702,0.6161850690841675,-0.1376754492521286,0.5084556341171265,0.6899224519729614,-0.1530821919441223,0.4974046051502228,0.7104445099830627,-0.1607596576213836,0.5958501696586609,0.4863424301147461,-0.0919561609625816,0.582615077495575,0.6509954929351807,-0.1333201229572296,0.5565887093544006,0.7030236721038818,-0.1219360306859016,0.5403618812561035,0.7092030048370361,-0.1099027767777443,0.6434245109558105,0.5349465608596802,-0.1017735451459884,0.6290623545646667,0.6516432762145996,-0.13538458943367,0.6059573292732239,0.6931558847427368,-0.1264272481203079,0.5916661024093628,0.6955246925354004,-0.1132581010460853,0.0,0.0,0.0,0.0,0.0,0.0,0.0,0.0,0.0,0.0,0.0,0.0,0.0,0.0,0.0,0.0,0.0,0.0,0.0,0.0,0.0,0.0,0.0,0.0,0.0,0.0,0.0,0.0,0.0,0.0,0.0,0.0,0.0,0.0,0.0,0.0,0.0,0.0,0.0,0.0,0.0,0.0,0.0,0.0,0.0,0.0,0.0,0.0,0.0,0.0,0.0,0.0,0.0,0.0,0.0,0.0,0.0,0.0,0.0,0.0,0.0,0.0,0.0,YOU
0.5291098356246948,0.5596623420715332,-2.674978532013484e-07,0.4809211790561676,0.5625978112220764,-0.0185272023081779,0.4439382553100586,0.5652986168861389,-0.0358356051146984,0.4275317788124084,0.5835829973220825,-0.0529263913631439,0.4184232056140899,0.6070042848587036,-0.0717629492282867,0.458974152803421,0.5137510895729065,-0.037039116024971,0.4413045942783355,0.5510281920433044,-0.0603933930397033,0.4365967512130737,0.5666085481643677,-0.0785911455750465,0.440428763628006,0.57347571849823,-0.0904501900076866,0.5015872120857239,0.5144097208976746,-0.0430273227393627,0.4837488830089569,0.632114052772522,-0.0634987279772758,0.4814407229423523,0.6531086564064026,-0.0739320218563079,0.4853616058826446,0.6490193009376526,-0.0818164274096489,0.5422534942626953,0.5325952172279358,-0.0499714016914367,0.5182499289512634,0.6487853527069092,-0.0671923160552978,0.5157639384269714,0.6506171822547913,-0.0645209550857544,0.5154070854187012,0.6341768503189087,-0.0622957348823547,0.5751649141311646,0.5575610399246216,-0.0591326691210269,0.5564873218536377,0.6514149308204651,-0.0749819129705429,0.5490401983261108,0.6571228504180908,-0.0703846886754036,0.5445834398269653,0.6414017677307129,-0.0646598413586616,0.0,0.0,0.0,0.0,0.0,0.0,0.0,0.0,0.0,0.0,0.0,0.0,0.0,0.0,0.0,0.0,0.0,0.0,0.0,0.0,0.0,0.0,0.0,0.0,0.0,0.0,0.0,0.0,0.0,0.0,0.0,0.0,0.0,0.0,0.0,0.0,0.0,0.0,0.0,0.0,0.0,0.0,0.0,0.0,0.0,0.0,0.0,0.0,0.0,0.0,0.0,0.0,0.0,0.0,0.0,0.0,0.0,0.0,0.0,0.0,0.0,0.0,0.0,YOU
0.6346907019615173,0.6371974945068359,-2.6006395614786015e-07,0.599942147731781,0.6391460299491882,-0.0296886544674634,0.5763622522354126,0.6214507222175598,-0.0474607422947883,0.5837292075157166,0.6175927519798279,-0.0616114474833011,0.6039973497390747,0.6214028000831604,-0.0729310140013694,0.5990574359893799,0.5156117081642151,-0.033035259693861,0.6039658784866333,0.5758644938468933,-0.0541184693574905,0.6078848838806152,0.6075799465179443,-0.0659688562154769,0.611291229724884,0.6022815704345703,-0.0745724439620971,0.6317680478096008,0.509066641330719,-0.0311155021190643,0.6352867484092712,0.5777068138122559,-0.0517364181578159,0.6370165348052979,0.6091453433036804,-0.0579701364040374,0.6376045346260071,0.6015088558197021,-0.060875479131937,0.6614412665367126,0.5211337208747864,-0.0321123860776424,0.6622171401977539,0.5859102010726929,-0.0514968298375606,0.6630905866622925,0.6139847636222839,-0.0486241057515144,0.6612184643745422,0.6088805794715881,-0.0444273799657821,0.6851294040679932,0.5438064336776733,-0.0364708304405212,0.6873348951339722,0.5937796831130981,-0.0500475130975246,0.6879212856292725,0.6146636605262756,-0.0476531013846397,0.6887725591659546,0.6120707988739014,-0.042863193899393,0.0,0.0,0.0,0.0,0.0,0.0,0.0,0.0,0.0,0.0,0.0,0.0,0.0,0.0,0.0,0.0,0.0,0.0,0.0,0.0,0.0,0.0,0.0,0.0,0.0,0.0,0.0,0.0,0.0,0.0,0.0,0.0,0.0,0.0,0.0,0.0,0.0,0.0,0.0,0.0,0.0,0.0,0.0,0.0,0.0,0.0,0.0,0.0,0.0,0.0,0.0,0.0,0.0,0.0,0.0,0.0,0.0,0.0,0.0,0.0,0.0,0.0,0.0,YOU
0.5396155714988708,0.5909976959228516,-2.913784555858001e-07,0.5004909634590149,0.6055999994277954,-0.026263864710927,0.4745700359344482,0.6312276124954224,-0.0539657175540924,0.4809123575687408,0.6723560690879822,-0.0795264020562172,0.4962780177593231,0.7060200572013855,-0.1070697754621505,0.4539829790592193,0.5536769032478333,-0.0669513344764709,0.4488045573234558,0.6303998827934265,-0.0982216894626617,0.4639395177364349,0.6904308795928955,-0.1171625927090644,0.4828049540519714,0.727706789970398,-0.1281483322381973,0.4942105412483215,0.5362469553947449,-0.0724078193306922,0.4786286652088165,0.599330484867096,-0.0965772569179534,0.4841843843460083,0.6402075290679932,-0.1057982370257377,0.4951916038990021,0.6614511609077454,-0.1128778010606765,0.5383135676383972,0.5375558137893677,-0.0779355019330978,0.5370154976844788,0.6132358312606812,-0.0994284301996231,0.5441726446151733,0.6521440744400024,-0.0983059480786323,0.5479089617729187,0.6638936400413513,-0.0973863676190376,0.5797654986381531,0.5508782863616943,-0.0853992477059364,0.5817527174949646,0.6162452101707458,-0.1014400795102119,0.5814518332481384,0.6428191065788269,-0.0954865962266922,0.5782548189163208,0.6470518112182617,-0.0902753695845604,0.0,0.0,0.0,0.0,0.0,0.0,0.0,0.0,0.0,0.0,0.0,0.0,0.0,0.0,0.0,0.0,0.0,0.0,0.0,0.0,0.0,0.0,0.0,0.0,0.0,0.0,0.0,0.0,0.0,0.0,0.0,0.0,0.0,0.0,0.0,0.0,0.0,0.0,0.0,0.0,0.0,0.0,0.0,0.0,0.0,0.0,0.0,0.0,0.0,0.0,0.0,0.0,0.0,0.0,0.0,0.0,0.0,0.0,0.0,0.0,0.0,0.0,0.0,YOU
0.5937661528587341,0.6383087038993835,-4.472342425287934e-07,0.5513358116149902,0.647700846195221,-0.0490546412765979,0.5122604966163635,0.6533920168876648,-0.082499474287033,0.5185350179672241,0.6874225735664368,-0.1078702360391616,0.5583918690681458,0.708063542842865,-0.1283742934465408,0.5416759252548218,0.5247935056686401,-0.0827616155147552,0.5310606956481934,0.6001961827278137,-0.1179590001702308,0.5450459718704224,0.6648237109184265,-0.1346267014741897,0.5604197382926941,0.6820129752159119,-0.1445954293012619,0.5972372889518738,0.5324075222015381,-0.0772564560174942,0.5898040533065796,0.6569726467132568,-0.1110510826110839,0.5710974335670471,0.6950691938400269,-0.1174307167530059,0.5584927797317505,0.6847949028015137,-0.1208360195159912,0.6425626277923584,0.5654403567314148,-0.0744377076625824,0.6247431635856628,0.6874434947967529,-0.1014502048492431,0.5985806584358215,0.7197660207748413,-0.0898226797580719,0.5844070315361023,0.7147254943847656,-0.0794461593031883,0.6731125712394714,0.6072779893875122,-0.0770724564790725,0.6542929410934448,0.6913681626319885,-0.1017813012003898,0.630805253982544,0.7178373336791992,-0.0957873091101646,0.6184549331665039,0.7183388471603394,-0.0862670913338661,0.0,0.0,0.0,0.0,0.0,0.0,0.0,0.0,0.0,0.0,0.0,0.0,0.0,0.0,0.0,0.0,0.0,0.0,0.0,0.0,0.0,0.0,0.0,0.0,0.0,0.0,0.0,0.0,0.0,0.0,0.0,0.0,0.0,0.0,0.0,0.0,0.0,0.0,0.0,0.0,0.0,0.0,0.0,0.0,0.0,0.0,0.0,0.0,0.0,0.0,0.0,0.0,0.0,0.0,0.0,0.0,0.0,0.0,0.0,0.0,0.0,0.0,0.0,YOU
0.5626299381256104,0.5921015739440918,-3.248529196753225e-07,0.5183093547821045,0.5859954357147217,-0.0381109528243541,0.4818989932537079,0.567673921585083,-0.0650540515780448,0.5007442235946655,0.5882693529129028,-0.0869609415531158,0.541464626789093,0.6090380549430847,-0.104369543492794,0.5183088779449463,0.4267575144767761,-0.0600666366517543,0.5222502946853638,0.4310845732688904,-0.1008640304207801,0.5321903824806213,0.4492696225643158,-0.1253966838121414,0.543199360370636,0.4617243409156799,-0.1394889056682586,0.5766190886497498,0.4169589877128601,-0.0583621151745319,0.5730974674224854,0.5447849631309509,-0.0980085730552673,0.5443646311759949,0.5867117047309875,-0.1061450988054275,0.5307420492172241,0.572079062461853,-0.1075481846928596,0.6252081990242004,0.4463557302951813,-0.061239618808031,0.6115015149116516,0.5808866024017334,-0.0900008827447891,0.5724607706069946,0.6080762147903442,-0.0783146098256111,0.5532342195510864,0.5905234217643738,-0.0673942640423774,0.6629477143287659,0.4867450892925262,-0.069904550909996,0.6494125127792358,0.5887324213981628,-0.0970412790775299,0.6201110482215881,0.6139563918113708,-0.0944171175360679,0.6077772378921509,0.6012973189353943,-0.0860525295138359,0.0,0.0,0.0,0.0,0.0,0.0,0.0,0.0,0.0,0.0,0.0,0.0,0.0,0.0,0.0,0.0,0.0,0.0,0.0,0.0,0.0,0.0,0.0,0.0,0.0,0.0,0.0,0.0,0.0,0.0,0.0,0.0,0.0,0.0,0.0,0.0,0.0,0.0,0.0,0.0,0.0,0.0,0.0,0.0,0.0,0.0,0.0,0.0,0.0,0.0,0.0,0.0,0.0,0.0,0.0,0.0,0.0,0.0,0.0,0.0,0.0,0.0,0.0,YOU
0.5911845564842224,0.6036611795425415,-5.074032287666341e-07,0.5444532632827759,0.6111432909965515,-0.0398178547620773,0.509479284286499,0.6134723424911499,-0.0651039108633995,0.5317135453224182,0.650030255317688,-0.0842672735452652,0.5775814652442932,0.664118766784668,-0.0986178442835807,0.5388254523277283,0.4588587284088135,-0.0654751509428024,0.5481456518173218,0.4946627020835876,-0.1029807105660438,0.5613626837730408,0.5182409882545471,-0.1229237541556358,0.573367178440094,0.5201639533042908,-0.1334397047758102,0.6003915667533875,0.447339117527008,-0.0614453479647636,0.6015629172325134,0.6048665642738342,-0.0983630195260047,0.5692212581634521,0.65250563621521,-0.1016923710703849,0.5500718951225281,0.6464396119117737,-0.0988501608371734,0.6515241265296936,0.4755703210830688,-0.0613994412124156,0.6419746279716492,0.6264389157295227,-0.0879142805933952,0.6081153154373169,0.6436868906021118,-0.0723802968859672,0.5904020667076111,0.6231784224510193,-0.0565746203064918,0.684327244758606,0.5166770815849304,-0.0671895071864128,0.6725837588310242,0.6243651509284973,-0.0967486426234245,0.6441704034805298,0.6353130340576172,-0.0938245058059692,0.6270958781242371,0.6132773160934448,-0.0823484882712364,0.0,0.0,0.0,0.0,0.0,0.0,0.0,0.0,0.0,0.0,0.0,0.0,0.0,0.0,0.0,0.0,0.0,0.0,0.0,0.0,0.0,0.0,0.0,0.0,0.0,0.0,0.0,0.0,0.0,0.0,0.0,0.0,0.0,0.0,0.0,0.0,0.0,0.0,0.0,0.0,0.0,0.0,0.0,0.0,0.0,0.0,0.0,0.0,0.0,0.0,0.0,0.0,0.0,0.0,0.0,0.0,0.0,0.0,0.0,0.0,0.0,0.0,0.0,YOU
0.5843698382377625,0.584412693977356,-6.448237854783656e-07,0.5422700047492981,0.5997412800788879,-0.0383979082107543,0.5021605491638184,0.6218215227127075,-0.0661080777645111,0.515807032585144,0.6661512851715088,-0.0869242548942565,0.565852165222168,0.6868106126785278,-0.1007454246282577,0.5143999457359314,0.4856596291065216,-0.0719164833426475,0.5031622648239136,0.5842925906181335,-0.1097463071346283,0.5269882082939148,0.6575284600257874,-0.125707522034645,0.5521765947341919,0.6939374208450317,-0.1316032856702804,0.57163006067276,0.4834638833999634,-0.0693365857005119,0.5736294388771057,0.6330200433731079,-0.1018914580345153,0.5571873188018799,0.6595500707626343,-0.1035982966423034,0.5436779856681824,0.6426575183868408,-0.1020146831870079,0.6226462125778198,0.5091262459754944,-0.0697511509060859,0.616318941116333,0.6497480869293213,-0.0937970131635665,0.5905755758285522,0.6566439867019653,-0.0781251043081283,0.5740793943405151,0.6304736137390137,-0.0635556951165199,0.6589711904525757,0.5450500249862671,-0.0752422958612442,0.6476467251777649,0.6462482213973999,-0.0991230830550193,0.6236578226089478,0.6492698192596436,-0.0932313799858093,0.608025312423706,0.6234518885612488,-0.0817698165774345,0.0,0.0,0.0,0.0,0.0,0.0,0.0,0.0,0.0,0.0,0.0,0.0,0.0,0.0,0.0,0.0,0.0,0.0,0.0,0.0,0.0,0.0,0.0,0.0,0.0,0.0,0.0,0.0,0.0,0.0,0.0,0.0,0.0,0.0,0.0,0.0,0.0,0.0,0.0,0.0,0.0,0.0,0.0,0.0,0.0,0.0,0.0,0.0,0.0,0.0,0.0,0.0,0.0,0.0,0.0,0.0,0.0,0.0,0.0,0.0,0.0,0.0,0.0,YOU
0.582266628742218,0.6009681224822998,-5.38820472684165e-07,0.5375230312347412,0.6130387783050537,-0.0436470434069633,0.501042366027832,0.6186145544052124,-0.0733618885278701,0.5221390724182129,0.6567330956459045,-0.0956854671239852,0.5718152523040771,0.6743162870407104,-0.1119021773338317,0.532573938369751,0.4825884401798248,-0.0798330008983612,0.5307725071907043,0.5306463837623596,-0.1207723766565322,0.5436893701553345,0.5745601654052734,-0.1397629082202911,0.5579321384429932,0.5878241062164307,-0.1493079364299774,0.590237557888031,0.4809899032115936,-0.0746250450611114,0.5815437436103821,0.6263259053230286,-0.1135668754577636,0.557361900806427,0.6591115593910217,-0.1160410493612289,0.5439201593399048,0.6401150226593018,-0.1135364696383476,0.6377160549163818,0.5099260210990906,-0.0728391930460929,0.6254871487617493,0.650219738483429,-0.1013623848557472,0.5977229475975037,0.6595160365104675,-0.082947239279747,0.5840140581130981,0.6313390135765076,-0.0658304765820503,0.6688583493232727,0.5483121871948242,-0.0768980234861373,0.6556825637817383,0.6507725119590759,-0.1076089218258857,0.6325088143348694,0.6560907959938049,-0.1035608053207397,0.6206260323524475,0.6283596754074097,-0.0919867679476738,0.0,0.0,0.0,0.0,0.0,0.0,0.0,0.0,0.0,0.0,0.0,0.0,0.0,0.0,0.0,0.0,0.0,0.0,0.0,0.0,0.0,0.0,0.0,0.0,0.0,0.0,0.0,0.0,0.0,0.0,0.0,0.0,0.0,0.0,0.0,0.0,0.0,0.0,0.0,0.0,0.0,0.0,0.0,0.0,0.0,0.0,0.0,0.0,0.0,0.0,0.0,0.0,0.0,0.0,0.0,0.0,0.0,0.0,0.0,0.0,0.0,0.0,0.0,YOU
0.5504013895988464,0.6004188656806946,-5.325351821738877e-07,0.5059028267860413,0.6043901443481445,-0.0381063558161258,0.4632234573364258,0.6081333756446838,-0.0669751167297363,0.477236807346344,0.6519601345062256,-0.0913424342870712,0.5251716375350952,0.6802352070808411,-0.1112801879644393,0.4912946224212646,0.4765152931213379,-0.0679014101624488,0.4826286733150482,0.488429844379425,-0.1108520552515983,0.4769685864448547,0.5131272673606873,-0.1351592242717743,0.4760192930698395,0.5307949185371399,-0.1478033363819122,0.5486626029014587,0.4615157544612884,-0.0660957098007202,0.5359944701194763,0.6158739328384399,-0.1060000658035278,0.5133368968963623,0.6592246294021606,-0.1095000430941581,0.5052058100700378,0.6511048078536987,-0.1064414456486702,0.5987675786018372,0.4881584048271179,-0.0687464922666549,0.5803029537200928,0.6420619487762451,-0.098398208618164,0.5478522181510925,0.6610248684883118,-0.0816774517297744,0.5321781635284424,0.6455942392349243,-0.0644293799996376,0.6351365447044373,0.5269643068313599,-0.0772233828902244,0.6160959005355835,0.6387476921081543,-0.1074037328362464,0.587274968624115,0.6513667106628418,-0.1038980558514595,0.5721789002418518,0.632127046585083,-0.0920591577887535,0.0,0.0,0.0,0.0,0.0,0.0,0.0,0.0,0.0,0.0,0.0,0.0,0.0,0.0,0.0,0.0,0.0,0.0,0.0,0.0,0.0,0.0,0.0,0.0,0.0,0.0,0.0,0.0,0.0,0.0,0.0,0.0,0.0,0.0,0.0,0.0,0.0,0.0,0.0,0.0,0.0,0.0,0.0,0.0,0.0,0.0,0.0,0.0,0.0,0.0,0.0,0.0,0.0,0.0,0.0,0.0,0.0,0.0,0.0,0.0,0.0,0.0,0.0,YOU
0.602327823638916,0.5861619710922241,-4.816209866476129e-07,0.5652256608009338,0.5956705212593079,-0.047360498458147,0.5359508991241455,0.5988161563873291,-0.0809705257415771,0.5583004951477051,0.6187402009963989,-0.1071720421314239,0.6071739196777344,0.6226922869682312,-0.1278564929962158,0.5587282776832581,0.4751246571540832,-0.077077992260456,0.5650123953819275,0.5355503559112549,-0.1169823855161666,0.5774432420730591,0.5906755924224854,-0.1361781060695648,0.5868377089500427,0.6148035526275635,-0.145971417427063,0.6102772951126099,0.4742277860641479,-0.0719609856605529,0.6145429611206055,0.5962966084480286,-0.1113677993416786,0.5939458012580872,0.6412078142166138,-0.1194123700261116,0.5740786194801331,0.639855146408081,-0.1219242215156555,0.6534498929977417,0.4985389411449432,-0.0702709704637527,0.6480314135551453,0.6208803653717041,-0.1035536229610443,0.6258417367935181,0.6640194654464722,-0.094233326613903,0.6084021329879761,0.6663257479667664,-0.0831850245594978,0.6837676763534546,0.5335023403167725,-0.0735254660248756,0.6768867373466492,0.6209505796432495,-0.1013330072164535,0.656449019908905,0.6571750044822693,-0.0958757102489471,0.6418858766555786,0.6632120609283447,-0.0854851678013801,0.0,0.0,0.0,0.0,0.0,0.0,0.0,0.0,0.0,0.0,0.0,0.0,0.0,0.0,0.0,0.0,0.0,0.0,0.0,0.0,0.0,0.0,0.0,0.0,0.0,0.0,0.0,0.0,0.0,0.0,0.0,0.0,0.0,0.0,0.0,0.0,0.0,0.0,0.0,0.0,0.0,0.0,0.0,0.0,0.0,0.0,0.0,0.0,0.0,0.0,0.0,0.0,0.0,0.0,0.0,0.0,0.0,0.0,0.0,0.0,0.0,0.0,0.0,YOU
0.5327386856079102,0.582128643989563,-5.64780464173964e-07,0.487344741821289,0.5915731191635132,-0.0393011644482612,0.4471471309661865,0.5980644226074219,-0.0689069554209709,0.4623430073261261,0.6454285979270935,-0.0934711843729019,0.5070894956588745,0.6775909662246704,-0.1142624914646148,0.4753802120685577,0.4721502959728241,-0.0759909749031066,0.4669209718704223,0.4792166948318481,-0.1180216446518898,0.4603205919265747,0.5043581128120422,-0.1412963569164276,0.4590095579624176,0.5256171226501465,-0.1535364687442779,0.5319654941558838,0.4568644165992737,-0.0734266862273216,0.5210849642753601,0.6095153093338013,-0.1137053072452545,0.5006065964698792,0.6512159109115601,-0.1172710359096527,0.4919612109661102,0.6484527587890625,-0.1144575402140617,0.5812289118766785,0.4827126860618591,-0.0742696598172187,0.5632070899009705,0.6374711990356445,-0.1030653268098831,0.5356598496437073,0.6577244997024536,-0.0843688026070594,0.5218907594680786,0.6451708674430847,-0.0662416890263557,0.6154083013534546,0.519973635673523,-0.0810568258166313,0.5949850678443909,0.6360464692115784,-0.1111307367682457,0.5692663192749023,0.6521714329719543,-0.1061054989695549,0.5556479692459106,0.6350006461143494,-0.093240700662136,0.0,0.0,0.0,0.0,0.0,0.0,0.0,0.0,0.0,0.0,0.0,0.0,0.0,0.0,0.0,0.0,0.0,0.0,0.0,0.0,0.0,0.0,0.0,0.0,0.0,0.0,0.0,0.0,0.0,0.0,0.0,0.0,0.0,0.0,0.0,0.0,0.0,0.0,0.0,0.0,0.0,0.0,0.0,0.0,0.0,0.0,0.0,0.0,0.0,0.0,0.0,0.0,0.0,0.0,0.0,0.0,0.0,0.0,0.0,0.0,0.0,0.0,0.0,YOU
0.5411120653152466,0.5999017357826233,-5.384094379223825e-07,0.4928943514823913,0.5981491804122925,-0.0462489277124404,0.4543061256408691,0.5802243947982788,-0.0789021402597427,0.4794350862503052,0.6149861812591553,-0.1047811582684516,0.5340832471847534,0.6464149355888367,-0.1253446340560913,0.4977093338966369,0.4443195760250091,-0.0740399435162544,0.4905246496200561,0.4589026868343353,-0.116609938442707,0.4859840273857116,0.4784640073776245,-0.1392675936222076,0.4868767261505127,0.4865423738956451,-0.1530211716890335,0.5568077564239502,0.4292340278625488,-0.0690243542194366,0.5428616404533386,0.5656505823135376,-0.1125281453132629,0.5194417834281921,0.6219347715377808,-0.1164291724562645,0.514744758605957,0.6215435862541199,-0.1142719611525535,0.6031889915466309,0.453749418258667,-0.0691848993301391,0.582048773765564,0.6097131371498108,-0.1049345508217811,0.5473882555961609,0.6398618817329407,-0.092906504869461,0.533174991607666,0.6206455230712891,-0.0799814164638519,0.6394997835159302,0.4905281960964203,-0.0753159299492836,0.6174253821372986,0.6091811656951904,-0.1070758402347564,0.5885705947875977,0.635258674621582,-0.1063738539814949,0.5752888917922974,0.6170087456703186,-0.0990462303161621,0.0,0.0,0.0,0.0,0.0,0.0,0.0,0.0,0.0,0.0,0.0,0.0,0.0,0.0,0.0,0.0,0.0,0.0,0.0,0.0,0.0,0.0,0.0,0.0,0.0,0.0,0.0,0.0,0.0,0.0,0.0,0.0,0.0,0.0,0.0,0.0,0.0,0.0,0.0,0.0,0.0,0.0,0.0,0.0,0.0,0.0,0.0,0.0,0.0,0.0,0.0,0.0,0.0,0.0,0.0,0.0,0.0,0.0,0.0,0.0,0.0,0.0,0.0,YOU
0.5386335253715515,0.5989055633544922,-5.43816611298098e-07,0.4931732416152954,0.601372241973877,-0.0418878234922885,0.4529671669006347,0.5933277010917664,-0.0705761387944221,0.4722000956535339,0.6358962059020996,-0.0935832634568214,0.5248000621795654,0.661186695098877,-0.1114971488714218,0.488370269536972,0.4621517360210418,-0.0709347352385521,0.483119934797287,0.4645628333091736,-0.1164189949631691,0.4787334501743316,0.4966113269329071,-0.1405764371156692,0.4801210463047027,0.5236806869506836,-0.1523985564708709,0.5472690463066101,0.4456040263175964,-0.0665486454963684,0.537152111530304,0.5902509093284607,-0.109810471534729,0.5157468318939209,0.6382530927658081,-0.1127848029136657,0.5090336799621582,0.6330736875534058,-0.1079350262880325,0.5954651236534119,0.4707868695259094,-0.0674541071057319,0.5744768381118774,0.6287572383880615,-0.100401371717453,0.5419692397117615,0.6508517265319824,-0.0842183157801628,0.5266076922416687,0.6304914951324463,-0.066607728600502,0.63018399477005,0.5069549083709717,-0.0743215009570121,0.6063862442970276,0.6251034736633301,-0.1070694401860237,0.5796042084693909,0.6420844197273254,-0.1051336377859115,0.5668260455131531,0.6190196871757507,-0.0940663069486618,0.0,0.0,0.0,0.0,0.0,0.0,0.0,0.0,0.0,0.0,0.0,0.0,0.0,0.0,0.0,0.0,0.0,0.0,0.0,0.0,0.0,0.0,0.0,0.0,0.0,0.0,0.0,0.0,0.0,0.0,0.0,0.0,0.0,0.0,0.0,0.0,0.0,0.0,0.0,0.0,0.0,0.0,0.0,0.0,0.0,0.0,0.0,0.0,0.0,0.0,0.0,0.0,0.0,0.0,0.0,0.0,0.0,0.0,0.0,0.0,0.0,0.0,0.0,YOU
0.5466629266738892,0.5875845551490784,-5.08485072714393e-07,0.4996888935565948,0.5976394414901733,-0.0405403710901737,0.456456184387207,0.6009137034416199,-0.0688237026333808,0.4737874567508697,0.6445014476776123,-0.0914578586816787,0.5243142247200012,0.673263430595398,-0.1096793264150619,0.4883742034435272,0.4705868363380432,-0.0716982260346412,0.4857838749885559,0.4736900627613067,-0.1111269518733024,0.4833494126796722,0.4921006262302398,-0.1327414363622665,0.485262006521225,0.502962589263916,-0.1450973451137542,0.5480132699012756,0.4544256329536438,-0.0675546377897262,0.533352255821228,0.6004035472869873,-0.1056992709636688,0.5115920305252075,0.6437015533447266,-0.1087141558527946,0.5040949583053589,0.6364386677742004,-0.106627307832241,0.5979683995246887,0.4789538383483886,-0.067444123327732,0.5770568251609802,0.6377930641174316,-0.0946303233504295,0.5440289974212646,0.6603418588638306,-0.0793953165411949,0.5284243226051331,0.6441643238067627,-0.0649723634123802,0.6345016956329346,0.5153213143348694,-0.0734123587608337,0.6128820776939392,0.6331648826599121,-0.1020766347646713,0.5842100977897644,0.6504920721054077,-0.1001798212528228,0.5696836113929749,0.6320024728775024,-0.0910370051860809,0.0,0.0,0.0,0.0,0.0,0.0,0.0,0.0,0.0,0.0,0.0,0.0,0.0,0.0,0.0,0.0,0.0,0.0,0.0,0.0,0.0,0.0,0.0,0.0,0.0,0.0,0.0,0.0,0.0,0.0,0.0,0.0,0.0,0.0,0.0,0.0,0.0,0.0,0.0,0.0,0.0,0.0,0.0,0.0,0.0,0.0,0.0,0.0,0.0,0.0,0.0,0.0,0.0,0.0,0.0,0.0,0.0,0.0,0.0,0.0,0.0,0.0,0.0,YOU
0.5469835996627808,0.5920577049255371,-4.155997146426671e-07,0.5034856796264648,0.6056567430496216,-0.0443182811141014,0.4634913802146911,0.6333926320075989,-0.0786864459514617,0.4721284806728363,0.6894372701644897,-0.1056001931428909,0.5145125985145569,0.7273840308189392,-0.1278090626001358,0.4757042825222015,0.5033169984817505,-0.0842691510915756,0.4720643162727356,0.5933963060379028,-0.1232187151908874,0.4945432245731354,0.645867645740509,-0.1420262306928634,0.5168130397796631,0.6644842028617859,-0.1508256793022155,0.5360147953033447,0.5027211308479309,-0.0799904689192771,0.5296357274055481,0.6620256304740906,-0.1155326142907142,0.5155833959579468,0.6893886923789978,-0.1199423670768737,0.5050577521324158,0.6740830540657043,-0.1204703748226165,0.5875860452651978,0.5300381779670715,-0.0780193954706192,0.5694361925125122,0.6794460415840149,-0.1016329750418663,0.5469290018081665,0.6896464228630066,-0.0859037488698959,0.5326037406921387,0.669130802154541,-0.0718641653656959,0.6228673458099365,0.5665014982223511,-0.0817259028553962,0.6033321619033813,0.6766086220741272,-0.1032137125730514,0.5810372829437256,0.6835683584213257,-0.0946657061576843,0.5658351182937622,0.6646143198013306,-0.0819441750645637,0.0,0.0,0.0,0.0,0.0,0.0,0.0,0.0,0.0,0.0,0.0,0.0,0.0,0.0,0.0,0.0,0.0,0.0,0.0,0.0,0.0,0.0,0.0,0.0,0.0,0.0,0.0,0.0,0.0,0.0,0.0,0.0,0.0,0.0,0.0,0.0,0.0,0.0,0.0,0.0,0.0,0.0,0.0,0.0,0.0,0.0,0.0,0.0,0.0,0.0,0.0,0.0,0.0,0.0,0.0,0.0,0.0,0.0,0.0,0.0,0.0,0.0,0.0,YOU
0.5679515600204468,0.592808723449707,-6.148669626782066e-07,0.5235852599143982,0.6071853041648865,-0.0401553474366664,0.4821831583976745,0.6261197328567505,-0.0690478980541229,0.4955074489116668,0.6746768951416016,-0.0913081392645835,0.5434226989746094,0.7001222968101501,-0.1062216609716415,0.4918336272239685,0.4930795133113861,-0.0752110034227371,0.4825657606124878,0.5669417977333069,-0.118593044579029,0.5074974298477173,0.6326265335083008,-0.1354790031909942,0.5338984727859497,0.672150731086731,-0.1391472369432449,0.5531372427940369,0.4842607676982879,-0.071686141192913,0.5486356019973755,0.6531411409378052,-0.1125267893075943,0.5343553423881531,0.6844081878662109,-0.1121894940733909,0.5237195491790771,0.6730769872665405,-0.104255199432373,0.6066895723342896,0.5088493824005127,-0.0717746838927269,0.5903379321098328,0.6673988699913025,-0.1000193208456039,0.5686722993850708,0.6685320138931274,-0.0778502821922302,0.5560944676399231,0.6380454301834106,-0.0545049794018268,0.6435733437538147,0.5436205863952637,-0.0774151682853698,0.6238437294960022,0.6584144234657288,-0.1024296656250953,0.6037684679031372,0.6555041074752808,-0.0917657315731048,0.5924093723297119,0.6211740970611572,-0.0732810646295547,0.0,0.0,0.0,0.0,0.0,0.0,0.0,0.0,0.0,0.0,0.0,0.0,0.0,0.0,0.0,0.0,0.0,0.0,0.0,0.0,0.0,0.0,0.0,0.0,0.0,0.0,0.0,0.0,0.0,0.0,0.0,0.0,0.0,0.0,0.0,0.0,0.0,0.0,0.0,0.0,0.0,0.0,0.0,0.0,0.0,0.0,0.0,0.0,0.0,0.0,0.0,0.0,0.0,0.0,0.0,0.0,0.0,0.0,0.0,0.0,0.0,0.0,0.0,YOU
0.5143249034881592,0.5484224557876587,-3.5321073710292694e-07,0.4752971231937408,0.5939133763313293,-0.035477589815855,0.4660703837871551,0.6555980443954468,-0.0737633556127548,0.4992388188838959,0.7250538468360901,-0.1069549471139907,0.5409798622131348,0.7632788419723511,-0.1410972028970718,0.4896882772445678,0.5703045725822449,-0.0996856763958931,0.4838230311870575,0.6866119503974915,-0.1343492567539215,0.5014531016349792,0.7521054148674011,-0.1514598578214645,0.5242041945457458,0.780805766582489,-0.1594437956809997,0.5424184799194336,0.5631857514381409,-0.0988373458385467,0.5555257201194763,0.710968554019928,-0.1204523667693138,0.552638828754425,0.7209687829017639,-0.1196866482496261,0.5497092604637146,0.7005637884140015,-0.1225561872124672,0.5867660641670227,0.5730727314949036,-0.0970445498824119,0.5939072370529175,0.7184233069419861,-0.1091945469379425,0.585991621017456,0.7212755680084229,-0.0912029519677162,0.5763805508613586,0.699985682964325,-0.0810332968831062,0.6179537773132324,0.5936939120292664,-0.0994972139596939,0.6188116073608398,0.7055989503860474,-0.1105595529079437,0.6054635047912598,0.7211903929710388,-0.0950341820716857,0.5936251282691956,0.7149362564086914,-0.0822639688849449,0.0,0.0,0.0,0.0,0.0,0.0,0.0,0.0,0.0,0.0,0.0,0.0,0.0,0.0,0.0,0.0,0.0,0.0,0.0,0.0,0.0,0.0,0.0,0.0,0.0,0.0,0.0,0.0,0.0,0.0,0.0,0.0,0.0,0.0,0.0,0.0,0.0,0.0,0.0,0.0,0.0,0.0,0.0,0.0,0.0,0.0,0.0,0.0,0.0,0.0,0.0,0.0,0.0,0.0,0.0,0.0,0.0,0.0,0.0,0.0,0.0,0.0,0.0,YOU
0.5597954988479614,0.5624346733093262,-5.351912477635778e-07,0.5127776861190796,0.5850082635879517,-0.0432327948510646,0.47104212641716,0.624408483505249,-0.0776088312268257,0.4763152301311493,0.6821181774139404,-0.1046312376856803,0.5198036432266235,0.7107089161872864,-0.1255142539739608,0.4831854999065399,0.5089480876922607,-0.085197664797306,0.4673316776752472,0.6217696666717529,-0.1288206875324249,0.4876888394355774,0.6931869983673096,-0.1489436775445938,0.5110563039779663,0.7324440479278564,-0.1558494418859481,0.5437718629837036,0.5068944692611694,-0.0807792395353317,0.5346129536628723,0.6707512140274048,-0.11359803378582,0.5243229269981384,0.6803944706916809,-0.1130047738552093,0.5177322030067444,0.6585484743118286,-0.109610728919506,0.596923291683197,0.5298624038696289,-0.0793342515826225,0.5765775442123413,0.6829992532730103,-0.1012929230928421,0.557479202747345,0.6743710041046143,-0.0788462981581687,0.5474995374679565,0.6416229009628296,-0.059008490294218,0.6342139840126038,0.5625091791152954,-0.0838531404733657,0.6105172038078308,0.6796764135360718,-0.1048132702708244,0.5911299586296082,0.6690204739570618,-0.0932384058833122,0.5804979205131531,0.633610725402832,-0.0770762637257576,0.0,0.0,0.0,0.0,0.0,0.0,0.0,0.0,0.0,0.0,0.0,0.0,0.0,0.0,0.0,0.0,0.0,0.0,0.0,0.0,0.0,0.0,0.0,0.0,0.0,0.0,0.0,0.0,0.0,0.0,0.0,0.0,0.0,0.0,0.0,0.0,0.0,0.0,0.0,0.0,0.0,0.0,0.0,0.0,0.0,0.0,0.0,0.0,0.0,0.0,0.0,0.0,0.0,0.0,0.0,0.0,0.0,0.0,0.0,0.0,0.0,0.0,0.0,YOU
0.5174116492271423,0.5753527879714966,-2.7317500439494324e-07,0.4685612916946411,0.5774105787277222,-0.0254132691770792,0.4270893633365631,0.5884464383125305,-0.0489679239690303,0.4143605232238769,0.626688539981842,-0.0730304419994354,0.4103332757949829,0.664919376373291,-0.10024294257164,0.4281452596187591,0.5202571153640747,-0.0431144163012504,0.4037232100963592,0.5382134318351746,-0.0733102187514305,0.3851386308670044,0.5565004348754883,-0.097227893769741,0.3798092603683471,0.5718194246292114,-0.1136902198195457,0.4709401130676269,0.5124623775482178,-0.0498107112944126,0.4569603204727173,0.6356605291366577,-0.0832409411668777,0.4655167758464813,0.6863445043563843,-0.0971274450421333,0.4803063869476318,0.7011043429374695,-0.1041207835078239,0.5182371735572815,0.5319227576255798,-0.0590217374265193,0.504730224609375,0.6519150137901306,-0.0868655815720558,0.5072897672653198,0.677040696144104,-0.0859062373638153,0.5082381963729858,0.671949565410614,-0.0825279876589775,0.5605181455612183,0.5591811537742615,-0.0708832889795303,0.5479637384414673,0.6545859575271606,-0.0919251441955566,0.5405414700508118,0.6808370351791382,-0.087419256567955,0.5334405899047852,0.6788815855979919,-0.081081748008728,0.0,0.0,0.0,0.0,0.0,0.0,0.0,0.0,0.0,0.0,0.0,0.0,0.0,0.0,0.0,0.0,0.0,0.0,0.0,0.0,0.0,0.0,0.0,0.0,0.0,0.0,0.0,0.0,0.0,0.0,0.0,0.0,0.0,0.0,0.0,0.0,0.0,0.0,0.0,0.0,0.0,0.0,0.0,0.0,0.0,0.0,0.0,0.0,0.0,0.0,0.0,0.0,0.0,0.0,0.0,0.0,0.0,0.0,0.0,0.0,0.0,0.0,0.0,YOU
0.4648791253566742,0.5928298830986023,-4.52133946282629e-07,0.4057537615299225,0.6264464855194092,-0.0311224814504385,0.3742972910404205,0.6747311353683472,-0.0612513422966003,0.3762430846691131,0.7342725992202759,-0.0897636264562606,0.3950419127941131,0.7681781053543091,-0.1212816685438156,0.4041255414485931,0.5772570371627808,-0.0623424760997295,0.3839273154735565,0.6469250917434692,-0.0993227958679199,0.378819465637207,0.7149096727371216,-0.1255600601434707,0.3816300928592682,0.7561384439468384,-0.1428799331188202,0.4590537846088409,0.5720334649085999,-0.0662776976823806,0.4490724503993988,0.7161635756492615,-0.0972725227475166,0.4665903747081756,0.7562068104743958,-0.1065268367528915,0.4705162048339844,0.7463475465774536,-0.1155760958790779,0.5083127021789551,0.5860539078712463,-0.0725072026252746,0.50508713722229,0.726177990436554,-0.0987722650170326,0.506126880645752,0.755871057510376,-0.0939836502075195,0.4950390160083771,0.748081624507904,-0.0918032228946685,0.5485700368881226,0.6065748333930969,-0.0820685848593711,0.5466606020927429,0.715715765953064,-0.1032729521393776,0.5388728380203247,0.7517408132553101,-0.097174659371376,0.5267167687416077,0.7609013319015503,-0.0927137210965156,0.0,0.0,0.0,0.0,0.0,0.0,0.0,0.0,0.0,0.0,0.0,0.0,0.0,0.0,0.0,0.0,0.0,0.0,0.0,0.0,0.0,0.0,0.0,0.0,0.0,0.0,0.0,0.0,0.0,0.0,0.0,0.0,0.0,0.0,0.0,0.0,0.0,0.0,0.0,0.0,0.0,0.0,0.0,0.0,0.0,0.0,0.0,0.0,0.0,0.0,0.0,0.0,0.0,0.0,0.0,0.0,0.0,0.0,0.0,0.0,0.0,0.0,0.0,YOU
0.493061363697052,0.5608757138252258,-2.994026147007389e-07,0.4673640727996826,0.5972760319709778,-0.0338217131793499,0.4698146283626556,0.6483340859413147,-0.0713417753577232,0.5004552006721497,0.6990174055099487,-0.1051432788372039,0.5320520997047424,0.7327203750610352,-0.1415636241436004,0.4725235104560852,0.5921095013618469,-0.0981616899371147,0.4878050684928894,0.6659409403800964,-0.1417126506567001,0.5126507878303528,0.7052366733551025,-0.1683579981327057,0.5288645029067993,0.7240748405456543,-0.1844042390584945,0.5149410367012024,0.589352011680603,-0.1030894592404365,0.5440243482589722,0.6534264087677002,-0.1439283192157745,0.5545527935028076,0.7028374075889587,-0.1589583754539489,0.5500975847244263,0.7311426997184753,-0.1697571277618408,0.553469181060791,0.5949766039848328,-0.106926143169403,0.5812195539474487,0.6610603928565979,-0.1449350118637085,0.5862347483634949,0.706886887550354,-0.1476658284664154,0.576643168926239,0.7328107357025146,-0.147058293223381,0.5832525491714478,0.6075835824012756,-0.1126138716936111,0.6063039898872375,0.6600070595741272,-0.1403282433748245,0.6061366200447083,0.6944776177406311,-0.13760307431221,0.5965757966041565,0.7137473225593567,-0.1339170485734939,0.0,0.0,0.0,0.0,0.0,0.0,0.0,0.0,0.0,0.0,0.0,0.0,0.0,0.0,0.0,0.0,0.0,0.0,0.0,0.0,0.0,0.0,0.0,0.0,0.0,0.0,0.0,0.0,0.0,0.0,0.0,0.0,0.0,0.0,0.0,0.0,0.0,0.0,0.0,0.0,0.0,0.0,0.0,0.0,0.0,0.0,0.0,0.0,0.0,0.0,0.0,0.0,0.0,0.0,0.0,0.0,0.0,0.0,0.0,0.0,0.0,0.0,0.0,YOU
0.6032091379165649,0.5915641188621521,-2.515065773422976e-07,0.5558406114578247,0.5974916219711304,-0.0228176042437553,0.5172626376152039,0.6188706755638123,-0.0450904630124568,0.5118497014045715,0.6686611175537109,-0.0681766793131828,0.5177597999572754,0.710869312286377,-0.0953266769647598,0.5109924674034119,0.5403168797492981,-0.0412601120769977,0.4902804791927337,0.5536584258079529,-0.0662658140063285,0.4746917188167572,0.5581032633781433,-0.0873010233044624,0.4632104635238647,0.5581689476966858,-0.1028622463345527,0.5489320755004883,0.5323066711425781,-0.047404196113348,0.5387847423553467,0.6588692665100098,-0.0793580338358879,0.547340989112854,0.7221292853355408,-0.0952697470784187,0.5573016405105591,0.7480453848838806,-0.1033028215169906,0.5939013957977295,0.5469817519187927,-0.0545903332531452,0.5808638334274292,0.6710072159767151,-0.084227941930294,0.5866745710372925,0.7116223573684692,-0.0881046503782272,0.5886310338973999,0.7172558903694153,-0.0859327912330627,0.6352450251579285,0.5688416957855225,-0.0633713081479072,0.6204679012298584,0.6613238453865051,-0.0843214467167854,0.6162497997283936,0.6975144147872925,-0.0800306126475334,0.6132652759552002,0.7029567956924438,-0.0724659487605094,0.0,0.0,0.0,0.0,0.0,0.0,0.0,0.0,0.0,0.0,0.0,0.0,0.0,0.0,0.0,0.0,0.0,0.0,0.0,0.0,0.0,0.0,0.0,0.0,0.0,0.0,0.0,0.0,0.0,0.0,0.0,0.0,0.0,0.0,0.0,0.0,0.0,0.0,0.0,0.0,0.0,0.0,0.0,0.0,0.0,0.0,0.0,0.0,0.0,0.0,0.0,0.0,0.0,0.0,0.0,0.0,0.0,0.0,0.0,0.0,0.0,0.0,0.0,YOU
0.5861391425132751,0.6435389518737793,-4.544532146155689e-07,0.5407602787017822,0.6682658195495605,-0.0447515547275543,0.4951203465461731,0.6827090382575989,-0.0794645547866821,0.5081459879875183,0.7110413312911987,-0.1094515323638916,0.5551562309265137,0.7153993844985962,-0.1336347758769989,0.5004777908325195,0.5460046529769897,-0.0777797326445579,0.4861857295036316,0.5088226795196533,-0.1316123902797699,0.4944493770599365,0.5287414789199829,-0.1623473465442657,0.50572669506073,0.5548372268676758,-0.1778624951839447,0.5547003149986267,0.5063732266426086,-0.0735914334654808,0.5608184933662415,0.6320794820785522,-0.1180076673626899,0.548091471195221,0.6778208613395691,-0.1184776052832603,0.5352740287780762,0.6696348190307617,-0.1122589185833931,0.6083270311355591,0.5168679356575012,-0.0755682811141014,0.6108734607696533,0.6665300130844116,-0.1066936627030372,0.5867275595664978,0.6871500015258789,-0.0829870998859405,0.5705272555351257,0.6647482514381409,-0.0614777356386184,0.6542717218399048,0.5434829592704773,-0.0847004875540733,0.6508792042732239,0.6656680107116699,-0.1178478002548217,0.6311082243919373,0.679983913898468,-0.1130343005061149,0.6179478168487549,0.6532148122787476,-0.0995201244950294,0.0,0.0,0.0,0.0,0.0,0.0,0.0,0.0,0.0,0.0,0.0,0.0,0.0,0.0,0.0,0.0,0.0,0.0,0.0,0.0,0.0,0.0,0.0,0.0,0.0,0.0,0.0,0.0,0.0,0.0,0.0,0.0,0.0,0.0,0.0,0.0,0.0,0.0,0.0,0.0,0.0,0.0,0.0,0.0,0.0,0.0,0.0,0.0,0.0,0.0,0.0,0.0,0.0,0.0,0.0,0.0,0.0,0.0,0.0,0.0,0.0,0.0,0.0,YOU
0.57787024974823,0.6448168754577637,-5.099286113363632e-07,0.5324081182479858,0.6678494215011597,-0.0380239225924015,0.4912527501583099,0.6876721978187561,-0.0671787559986114,0.5093978047370911,0.7292956113815308,-0.0916343480348587,0.5552804470062256,0.7446345686912537,-0.1124550104141235,0.5003588199615479,0.5498402714729309,-0.0705365166068077,0.4966856837272644,0.5699962377548218,-0.1074524298310279,0.5024116635322571,0.5846066474914551,-0.13029745221138,0.5101906061172485,0.5898140072822571,-0.1437169462442398,0.5579733848571777,0.5250954627990723,-0.0680910870432853,0.5634174942970276,0.6897878646850586,-0.1021338030695915,0.5435980558395386,0.7258461713790894,-0.104948490858078,0.5335720181465149,0.7210570573806763,-0.1026975959539413,0.6121639013290405,0.54048752784729,-0.0686348602175712,0.6093161106109619,0.6982913017272949,-0.0908303558826446,0.5853305459022522,0.7035324573516846,-0.0703973695635795,0.5739161372184753,0.6809828877449036,-0.0521336942911148,0.6515277028083801,0.5705052614212036,-0.0753714367747306,0.6451123952865601,0.6902338266372681,-0.1016558706760406,0.6253894567489624,0.6929386854171753,-0.0941276773810386,0.6136439442634583,0.664340078830719,-0.0794248431921005,0.0,0.0,0.0,0.0,0.0,0.0,0.0,0.0,0.0,0.0,0.0,0.0,0.0,0.0,0.0,0.0,0.0,0.0,0.0,0.0,0.0,0.0,0.0,0.0,0.0,0.0,0.0,0.0,0.0,0.0,0.0,0.0,0.0,0.0,0.0,0.0,0.0,0.0,0.0,0.0,0.0,0.0,0.0,0.0,0.0,0.0,0.0,0.0,0.0,0.0,0.0,0.0,0.0,0.0,0.0,0.0,0.0,0.0,0.0,0.0,0.0,0.0,0.0,YOU
0.5776393413543701,0.5136509537696838,-2.163146035627506e-07,0.5140029788017273,0.529587984085083,-0.0255723986774683,0.4829751849174499,0.5797734260559082,-0.056347731500864,0.4794080555438995,0.6440642476081848,-0.0854294523596763,0.4873001277446747,0.676161527633667,-0.1188843324780464,0.5013318657875061,0.4985096454620361,-0.0718343406915664,0.4852740466594696,0.5720008611679077,-0.1111159101128578,0.473415732383728,0.6177179217338562,-0.1377564966678619,0.4687957763671875,0.6431609392166138,-0.1538729220628738,0.5566478967666626,0.503309965133667,-0.0797017216682434,0.5450143814086914,0.6515805125236511,-0.1114578992128372,0.5460785031318665,0.6965583562850952,-0.1175581365823745,0.5482450127601624,0.6994665861129761,-0.1228700950741767,0.6059733629226685,0.5218467712402344,-0.0885475501418113,0.596802294254303,0.6684953570365906,-0.1163428127765655,0.5911384224891663,0.6789011359214783,-0.1052823364734649,0.5872048139572144,0.6526133418083191,-0.0961160138249397,0.6445291042327881,0.544966995716095,-0.0997899174690246,0.6355266571044922,0.6584292054176331,-0.120998740196228,0.6266583800315857,0.667014479637146,-0.1097782701253891,0.6218929886817932,0.6447974443435669,-0.0997386649250984,0.0,0.0,0.0,0.0,0.0,0.0,0.0,0.0,0.0,0.0,0.0,0.0,0.0,0.0,0.0,0.0,0.0,0.0,0.0,0.0,0.0,0.0,0.0,0.0,0.0,0.0,0.0,0.0,0.0,0.0,0.0,0.0,0.0,0.0,0.0,0.0,0.0,0.0,0.0,0.0,0.0,0.0,0.0,0.0,0.0,0.0,0.0,0.0,0.0,0.0,0.0,0.0,0.0,0.0,0.0,0.0,0.0,0.0,0.0,0.0,0.0,0.0,0.0,YOU
0.5937177538871765,0.6093071103096008,-5.28163354829303e-07,0.5476403832435608,0.6273013949394226,-0.0356411188840866,0.5065879225730896,0.6433638334274292,-0.0606636591255664,0.5223017334938049,0.6838135719299316,-0.079869844019413,0.5698243379592896,0.7058262825012207,-0.0942622870206832,0.5260000228881836,0.5021767616271973,-0.0687496215105056,0.5299329161643982,0.5479031801223755,-0.0995140969753265,0.5391872525215149,0.578170895576477,-0.1129439920186996,0.5491555333137512,0.5805015563964844,-0.1203333735466003,0.5821971297264099,0.4918471276760101,-0.0659955441951751,0.5843409299850464,0.6424844264984131,-0.0941543579101562,0.5642879009246826,0.669825553894043,-0.0942605882883071,0.553049623966217,0.6528751850128174,-0.0923406183719635,0.6324281096458435,0.5139816403388977,-0.0655425488948822,0.6257532835006714,0.6625795364379883,-0.0850167274475097,0.6013482213020325,0.6674141883850098,-0.0696375668048858,0.5896536111831665,0.640375018119812,-0.056645642966032,0.6675886511802673,0.5474157929420471,-0.0703751593828201,0.6590217351913452,0.656840443611145,-0.0950972512364387,0.63957279920578,0.6569456458091736,-0.0924500972032547,0.6289023160934448,0.6287087798118591,-0.0833297073841095,0.0,0.0,0.0,0.0,0.0,0.0,0.0,0.0,0.0,0.0,0.0,0.0,0.0,0.0,0.0,0.0,0.0,0.0,0.0,0.0,0.0,0.0,0.0,0.0,0.0,0.0,0.0,0.0,0.0,0.0,0.0,0.0,0.0,0.0,0.0,0.0,0.0,0.0,0.0,0.0,0.0,0.0,0.0,0.0,0.0,0.0,0.0,0.0,0.0,0.0,0.0,0.0,0.0,0.0,0.0,0.0,0.0,0.0,0.0,0.0,0.0,0.0,0.0,YOU
0.5709271430969238,0.6080487966537476,-3.185235755154281e-07,0.5256195664405823,0.6192837953567505,-0.0391380526125431,0.4845775067806244,0.63130122423172,-0.0707919523119926,0.4840649366378784,0.6670355796813965,-0.0984335839748382,0.5133985280990601,0.6922675967216492,-0.1242456212639808,0.492959201335907,0.503764808177948,-0.0704916417598724,0.4825458526611328,0.5102665424346924,-0.1102438643574714,0.4776738584041595,0.5208350419998169,-0.136247843503952,0.4755682349205017,0.526038646697998,-0.1524064540863037,0.5452560186386108,0.4820578992366791,-0.0698730647563934,0.5400980710983276,0.6399267911911011,-0.1066347435116767,0.5312831401824951,0.6802356839179993,-0.1140621751546859,0.530022382736206,0.6758866906166077,-0.1162172108888626,0.5978271961212158,0.5063942670822144,-0.0725558102130889,0.5815301537513733,0.6622499227523804,-0.0998556911945343,0.5607557892799377,0.6811907291412354,-0.086402341723442,0.5505043268203735,0.6703115701675415,-0.0737347155809402,0.6378530263900757,0.5462952852249146,-0.0807058364152908,0.6207590699195862,0.6554491519927979,-0.1086330339312553,0.6019294857978821,0.6673017740249634,-0.1039892137050628,0.5904203057289124,0.651576042175293,-0.0932038426399231,0.0,0.0,0.0,0.0,0.0,0.0,0.0,0.0,0.0,0.0,0.0,0.0,0.0,0.0,0.0,0.0,0.0,0.0,0.0,0.0,0.0,0.0,0.0,0.0,0.0,0.0,0.0,0.0,0.0,0.0,0.0,0.0,0.0,0.0,0.0,0.0,0.0,0.0,0.0,0.0,0.0,0.0,0.0,0.0,0.0,0.0,0.0,0.0,0.0,0.0,0.0,0.0,0.0,0.0,0.0,0.0,0.0,0.0,0.0,0.0,0.0,0.0,0.0,YOU
0.5407910346984863,0.6244305968284607,-5.737412607231818e-07,0.484064906835556,0.630637526512146,-0.0367913134396076,0.444711685180664,0.651436984539032,-0.0693675503134727,0.444733202457428,0.6989033222198486,-0.0982299521565437,0.4729636013507843,0.7340747714042664,-0.126114472746849,0.4526935219764709,0.5281177759170532,-0.0708377808332443,0.4402606785297394,0.6158351898193359,-0.1078168898820877,0.4494496583938598,0.7011590600013733,-0.1322225332260131,0.460651695728302,0.7559233903884888,-0.1466827094554901,0.5145204067230225,0.5163124799728394,-0.0726287886500358,0.5142543315887451,0.6366982460021973,-0.0999782532453537,0.5127663016319275,0.6869326829910278,-0.1110216006636619,0.5102086663246155,0.6959573030471802,-0.1208595931529998,0.573119044303894,0.5334212779998779,-0.0761421099305152,0.5704643130302429,0.6583179831504822,-0.0963421612977981,0.5582685470581055,0.7031306028366089,-0.0903158411383628,0.5461483001708984,0.7127987146377563,-0.0873285979032516,0.6174652576446533,0.5650486946105957,-0.0839830264449119,0.6130316257476807,0.6637570261955261,-0.0975261107087135,0.5992844104766846,0.6977290511131287,-0.0874470546841621,0.5856209993362427,0.704845130443573,-0.0790475234389305,0.0,0.0,0.0,0.0,0.0,0.0,0.0,0.0,0.0,0.0,0.0,0.0,0.0,0.0,0.0,0.0,0.0,0.0,0.0,0.0,0.0,0.0,0.0,0.0,0.0,0.0,0.0,0.0,0.0,0.0,0.0,0.0,0.0,0.0,0.0,0.0,0.0,0.0,0.0,0.0,0.0,0.0,0.0,0.0,0.0,0.0,0.0,0.0,0.0,0.0,0.0,0.0,0.0,0.0,0.0,0.0,0.0,0.0,0.0,0.0,0.0,0.0,0.0,YOU
0.2409277260303497,0.5884649753570557,-3.221254729623979e-08,0.2958575487136841,0.6051425337791443,-0.0728862881660461,0.3064191937446594,0.6110146045684814,-0.1188770979642868,0.2358860075473785,0.667897641658783,-0.1513861715793609,0.169272243976593,0.7114420533180237,-0.1780896186828613,0.2435576319694519,0.4613586962223053,-0.1232820823788642,0.2012000083923339,0.5229623317718506,-0.1764029711484909,0.1857273280620575,0.5316413640975952,-0.2022030502557754,0.1720923781394958,0.5091860294342041,-0.2184789776802063,0.1742336004972458,0.4460892677307129,-0.108048990368843,0.1575693041086197,0.6168068647384644,-0.151486799120903,0.2012041509151458,0.6356307864189148,-0.1571327596902847,0.2249552011489868,0.5995524525642395,-0.1613863557577133,0.1240991130471229,0.4686599373817444,-0.0972442030906677,0.1179814040660858,0.6401355862617493,-0.1318285465240478,0.1639948785305023,0.6451009511947632,-0.1198227480053901,0.1848052889108657,0.6032087206840515,-0.1117344126105308,0.086603432893753,0.5088796615600586,-0.0943875610828399,0.0904789641499519,0.6323081851005554,-0.1229166239500045,0.1283021569252014,0.6445801854133606,-0.1202291548252105,0.1463834941387176,0.6183865666389465,-0.1142659857869148,0.0,0.0,0.0,0.0,0.0,0.0,0.0,0.0,0.0,0.0,0.0,0.0,0.0,0.0,0.0,0.0,0.0,0.0,0.0,0.0,0.0,0.0,0.0,0.0,0.0,0.0,0.0,0.0,0.0,0.0,0.0,0.0,0.0,0.0,0.0,0.0,0.0,0.0,0.0,0.0,0.0,0.0,0.0,0.0,0.0,0.0,0.0,0.0,0.0,0.0,0.0,0.0,0.0,0.0,0.0,0.0,0.0,0.0,0.0,0.0,0.0,0.0,0.0,YOU
0.3309198021888733,0.495742529630661,-6.3113753867583e-07,0.3571268916130066,0.548896074295044,-0.0970615223050117,0.3327037096023559,0.599653959274292,-0.1439091265201568,0.2780249118804931,0.648491621017456,-0.1676027327775955,0.2187080532312393,0.6743477582931519,-0.17953422665596,0.2272878736257553,0.4774783551692962,-0.1396277099847793,0.2181481271982193,0.6303037405014038,-0.181590661406517,0.2665022909641266,0.6366621255874634,-0.190340518951416,0.2827118039131164,0.6010941863059998,-0.1943084597587585,0.1794146001338958,0.4778440296649933,-0.1024308428168296,0.1951522678136825,0.6510785222053528,-0.147719457745552,0.2477084398269653,0.6494899988174438,-0.1455583721399307,0.2593525648117065,0.59868985414505,-0.1416947990655899,0.1542532742023468,0.5007071495056152,-0.0700481459498405,0.1731323301792144,0.649827241897583,-0.1095826625823974,0.2191151529550552,0.6494210958480835,-0.0972932502627372,0.2290059626102447,0.6021627187728882,-0.0866234973073005,0.1436070948839187,0.5287744402885437,-0.0454759001731872,0.1607649028301239,0.6348152756690979,-0.0833474397659301,0.196684181690216,0.6390380859375,-0.0888373479247093,0.2106587588787078,0.6031076312065125,-0.0867363139986991,0.0,0.0,0.0,0.0,0.0,0.0,0.0,0.0,0.0,0.0,0.0,0.0,0.0,0.0,0.0,0.0,0.0,0.0,0.0,0.0,0.0,0.0,0.0,0.0,0.0,0.0,0.0,0.0,0.0,0.0,0.0,0.0,0.0,0.0,0.0,0.0,0.0,0.0,0.0,0.0,0.0,0.0,0.0,0.0,0.0,0.0,0.0,0.0,0.0,0.0,0.0,0.0,0.0,0.0,0.0,0.0,0.0,0.0,0.0,0.0,0.0,0.0,0.0,YOU
0.2595861852169037,0.507720947265625,1.4790533953146226e-07,0.3417441546916961,0.5387600660324097,-0.0580417774617672,0.3826303780078888,0.5566982626914978,-0.1022029742598533,0.3346753120422363,0.596165120601654,-0.1379118263721466,0.2699614763259887,0.6338359713554382,-0.1703942567110061,0.3102317750453949,0.4436445236206054,-0.123383454978466,0.3018081486225128,0.5014352798461914,-0.173645794391632,0.3055082261562347,0.5364763140678406,-0.2019787281751632,0.2910133004188537,0.5419085025787354,-0.2191833257675171,0.2407661825418472,0.441258043050766,-0.1155635565519332,0.2390302121639251,0.6152058839797974,-0.1625998169183731,0.2704336941242218,0.6526889204978943,-0.1706987768411636,0.2806513607501983,0.637665867805481,-0.1765394955873489,0.1924355775117874,0.465373158454895,-0.1090327426791191,0.2000666707754135,0.6305444240570068,-0.1399821639060974,0.2359316498041153,0.6474213600158691,-0.1240927577018737,0.2537274360656738,0.6185864210128784,-0.1130581721663475,0.1625526547431945,0.4979211390018463,-0.1101127117872238,0.1806938201189041,0.6298929452896118,-0.1312924772500991,0.208558052778244,0.6425249576568604,-0.1212342455983161,0.2213931232690811,0.6191129088401794,-0.1120295971632003,0.0,0.0,0.0,0.0,0.0,0.0,0.0,0.0,0.0,0.0,0.0,0.0,0.0,0.0,0.0,0.0,0.0,0.0,0.0,0.0,0.0,0.0,0.0,0.0,0.0,0.0,0.0,0.0,0.0,0.0,0.0,0.0,0.0,0.0,0.0,0.0,0.0,0.0,0.0,0.0,0.0,0.0,0.0,0.0,0.0,0.0,0.0,0.0,0.0,0.0,0.0,0.0,0.0,0.0,0.0,0.0,0.0,0.0,0.0,0.0,0.0,0.0,0.0,YOU
0.2740404903888702,0.4739120602607727,2.90124575030859e-07,0.3304823338985443,0.533887505531311,-0.0572338141500949,0.3356324136257171,0.6035418510437012,-0.1056903898715972,0.2810633182525635,0.6551946401596069,-0.1450075656175613,0.2183343470096588,0.6888161897659302,-0.1825848519802093,0.2849297523498535,0.5007039904594421,-0.1369492411613464,0.2439336478710174,0.581204891204834,-0.186262845993042,0.2287155091762542,0.6275014877319336,-0.2138271480798721,0.2132252752780914,0.6331127882003784,-0.2306012362241745,0.2141000479459762,0.4934172630310058,-0.1308726221323013,0.1787330657243728,0.6398668885231018,-0.1723221391439438,0.1991471201181411,0.686715841293335,-0.1779629588127136,0.2180212885141372,0.6854177713394165,-0.1851052343845367,0.1664105057716369,0.5071554780006409,-0.1246144548058509,0.1449603885412216,0.6571112275123596,-0.1546154767274856,0.1796924471855163,0.6855294108390808,-0.1409454345703125,0.2056567668914795,0.6734123826026917,-0.1327999681234359,0.1394349485635757,0.5280713438987732,-0.1249905675649643,0.1345270872116089,0.6501175165176392,-0.1432557851076126,0.1609093248844146,0.6804274320602417,-0.1303113102912902,0.1825882196426391,0.6780052185058594,-0.1215425804257392,0.0,0.0,0.0,0.0,0.0,0.0,0.0,0.0,0.0,0.0,0.0,0.0,0.0,0.0,0.0,0.0,0.0,0.0,0.0,0.0,0.0,0.0,0.0,0.0,0.0,0.0,0.0,0.0,0.0,0.0,0.0,0.0,0.0,0.0,0.0,0.0,0.0,0.0,0.0,0.0,0.0,0.0,0.0,0.0,0.0,0.0,0.0,0.0,0.0,0.0,0.0,0.0,0.0,0.0,0.0,0.0,0.0,0.0,0.0,0.0,0.0,0.0,0.0,YOU
0.2096279859542846,0.5574063658714294,3.187967081430543e-07,0.2904690206050873,0.568899929523468,-0.067960150539875,0.3192017674446106,0.5653942227363586,-0.1201836392283439,0.282902330160141,0.5931664705276489,-0.162767007946968,0.2403664886951446,0.6184422969818115,-0.2012178301811218,0.3016541004180908,0.4303203225135803,-0.125654935836792,0.2920972108840942,0.4385086297988891,-0.1834225505590438,0.264663428068161,0.4259193837642669,-0.2140363901853561,0.2270681262016296,0.4021058678627014,-0.2303970605134964,0.2309829592704773,0.4128327369689941,-0.1121614649891853,0.2131071090698242,0.5601341724395752,-0.1614052355289459,0.2219624519348144,0.6020603179931641,-0.1624907702207565,0.2266658544540405,0.5950639247894287,-0.1598079055547714,0.1736766993999481,0.4364531338214874,-0.1028910875320434,0.1697220504283905,0.578411340713501,-0.1405080556869506,0.1998892724514007,0.6036786437034607,-0.1163826584815979,0.21746726334095,0.5909201502799988,-0.0944576263427734,0.1302377432584762,0.4679860174655914,-0.1017201244831085,0.1404188126325607,0.5706357955932617,-0.1320683807134628,0.1685397773981094,0.593888521194458,-0.1196392923593521,0.1893304139375686,0.586063802242279,-0.1032098606228828,0.0,0.0,0.0,0.0,0.0,0.0,0.0,0.0,0.0,0.0,0.0,0.0,0.0,0.0,0.0,0.0,0.0,0.0,0.0,0.0,0.0,0.0,0.0,0.0,0.0,0.0,0.0,0.0,0.0,0.0,0.0,0.0,0.0,0.0,0.0,0.0,0.0,0.0,0.0,0.0,0.0,0.0,0.0,0.0,0.0,0.0,0.0,0.0,0.0,0.0,0.0,0.0,0.0,0.0,0.0,0.0,0.0,0.0,0.0,0.0,0.0,0.0,0.0,YOU
0.1985424011945724,0.5109580755233765,5.750129048465169e-07,0.2795433104038238,0.5286458730697632,-0.0509769693017005,0.3214644491672516,0.5502763986587524,-0.0974700078368187,0.3132460117340088,0.6132020950317383,-0.1396515965461731,0.2730281352996826,0.6611582636833191,-0.1810155361890792,0.2758077383041382,0.4356060624122619,-0.1027230098843574,0.2769207060337066,0.446388840675354,-0.1487257331609726,0.2912855744361877,0.4482909739017486,-0.1831468939781189,0.3003794252872467,0.4416150450706482,-0.2068128734827041,0.2065117359161377,0.4261427521705627,-0.1009544059634208,0.2284200638532638,0.5821064114570618,-0.140612706542015,0.2489076256752014,0.6032785773277283,-0.1508846133947372,0.2509195208549499,0.5917295813560486,-0.1582531332969665,0.155036062002182,0.4630227386951446,-0.1009027510881424,0.1910092681646347,0.6172323226928711,-0.1284125745296478,0.2223072052001953,0.6200064420700073,-0.1135674193501472,0.221081793308258,0.5906012058258057,-0.1011029034852981,0.1210584491491317,0.5072054862976074,-0.1080460250377655,0.163506343960762,0.6247212290763855,-0.1284510195255279,0.1887707412242889,0.6275891065597534,-0.116076648235321,0.1876457631587982,0.5998837351799011,-0.1033278107643127,0.0,0.0,0.0,0.0,0.0,0.0,0.0,0.0,0.0,0.0,0.0,0.0,0.0,0.0,0.0,0.0,0.0,0.0,0.0,0.0,0.0,0.0,0.0,0.0,0.0,0.0,0.0,0.0,0.0,0.0,0.0,0.0,0.0,0.0,0.0,0.0,0.0,0.0,0.0,0.0,0.0,0.0,0.0,0.0,0.0,0.0,0.0,0.0,0.0,0.0,0.0,0.0,0.0,0.0,0.0,0.0,0.0,0.0,0.0,0.0,0.0,0.0,0.0,YOU
0.211083635687828,0.5649463534355164,9.257183108957181e-08,0.2910400032997131,0.5781830549240112,-0.0624536834657192,0.3418116271495819,0.556961715221405,-0.1023981869220733,0.3454209268093109,0.5546384453773499,-0.1343749314546585,0.3338020443916321,0.5583109259605408,-0.1620544046163559,0.2829488217830658,0.4358793199062347,-0.1072160005569458,0.2713807821273803,0.4356042444705963,-0.1581939607858657,0.2753344178199768,0.4608788788318634,-0.1839377135038375,0.2763212621212005,0.4753878116607666,-0.1976583302021026,0.2173379957675933,0.4276315867900848,-0.0972311571240425,0.2013164013624191,0.5448391437530518,-0.1459047496318817,0.2215404510498047,0.5867522358894348,-0.1516643017530441,0.2349201142787933,0.5862911939620972,-0.1517762541770935,0.1662960648536682,0.4529217183589935,-0.0917317345738411,0.1605349034070968,0.5897799730300903,-0.1337807327508926,0.1896391808986663,0.6161367297172546,-0.1220349743962287,0.2100793719291687,0.6023006439208984,-0.107841357588768,0.1287695169448852,0.4854258596897125,-0.0933037772774696,0.1328176259994506,0.5948390960693359,-0.1246481835842132,0.155350387096405,0.6156287789344788,-0.1203838661313057,0.1726036071777343,0.6010056734085083,-0.1109784021973609,0.0,0.0,0.0,0.0,0.0,0.0,0.0,0.0,0.0,0.0,0.0,0.0,0.0,0.0,0.0,0.0,0.0,0.0,0.0,0.0,0.0,0.0,0.0,0.0,0.0,0.0,0.0,0.0,0.0,0.0,0.0,0.0,0.0,0.0,0.0,0.0,0.0,0.0,0.0,0.0,0.0,0.0,0.0,0.0,0.0,0.0,0.0,0.0,0.0,0.0,0.0,0.0,0.0,0.0,0.0,0.0,0.0,0.0,0.0,0.0,0.0,0.0,0.0,YOU
0.1927093267440796,0.5711925029754639,-6.790830120451119e-09,0.2613224983215332,0.5891591310501099,-0.0677112638950347,0.306428998708725,0.5678811073303223,-0.1125779673457145,0.2873613536357879,0.5519507527351379,-0.1483942568302154,0.2445289194583892,0.5244218707084656,-0.1782968193292617,0.253667801618576,0.4395167529582977,-0.1141932234168052,0.2515625953674316,0.4589037001132965,-0.1713473200798034,0.266596645116806,0.4814876317977905,-0.2006094455718994,0.2618598043918609,0.4937527775764465,-0.215595006942749,0.1868676543235778,0.4201065301895141,-0.1015956029295921,0.175555408000946,0.5555935502052307,-0.1515027582645416,0.2034053206443786,0.589667022228241,-0.1568011492490768,0.2150207757949829,0.5745876431465149,-0.1581342369318008,0.1371724009513855,0.4357812404632568,-0.0941121280193328,0.1328572332859039,0.5800414681434631,-0.1296735405921936,0.1630388796329498,0.597580075263977,-0.1125754043459892,0.1800280213356018,0.5688018798828125,-0.0991301164031028,0.0983166098594665,0.461618423461914,-0.0952338129281997,0.1049500703811645,0.5807355046272278,-0.1216322779655456,0.1297976970672607,0.5943111181259155,-0.1163583472371101,0.1454704105854034,0.569492757320404,-0.1087445169687271,0.0,0.0,0.0,0.0,0.0,0.0,0.0,0.0,0.0,0.0,0.0,0.0,0.0,0.0,0.0,0.0,0.0,0.0,0.0,0.0,0.0,0.0,0.0,0.0,0.0,0.0,0.0,0.0,0.0,0.0,0.0,0.0,0.0,0.0,0.0,0.0,0.0,0.0,0.0,0.0,0.0,0.0,0.0,0.0,0.0,0.0,0.0,0.0,0.0,0.0,0.0,0.0,0.0,0.0,0.0,0.0,0.0,0.0,0.0,0.0,0.0,0.0,0.0,YOU
0.2693540155887604,0.4346991777420044,2.1573769970473225e-07,0.324487566947937,0.5054616332054138,-0.0612271092832088,0.3243988454341888,0.5638070702552795,-0.1115761026740074,0.255994588136673,0.6025204658508301,-0.1510631591081619,0.1878059208393097,0.6246775388717651,-0.1912417858839035,0.2805983424186706,0.4678594768047333,-0.1478498727083206,0.2514713406562805,0.5496243834495544,-0.2030608803033828,0.2519197463989258,0.5782294869422913,-0.2362774759531021,0.2465865910053253,0.5751948356628418,-0.2576175332069397,0.2182233929634094,0.4480019509792328,-0.1405992060899734,0.1776165962219238,0.5841875076293945,-0.1882907152175903,0.1891689002513885,0.6168062686920166,-0.1949912756681442,0.1960761845111847,0.6071889400482178,-0.2016806453466415,0.1696763187646865,0.449515700340271,-0.1333024948835373,0.1418944150209427,0.5854364633560181,-0.1672921925783157,0.168786883354187,0.6057676672935486,-0.1504656374454498,0.1922762095928192,0.5860468149185181,-0.1394681632518768,0.1373460590839386,0.4623159170150757,-0.1326278746128082,0.1251446604728698,0.5667760372161865,-0.1531183123588562,0.1473575234413147,0.5898646116256714,-0.1379317641258239,0.167599618434906,0.5817629098892212,-0.1269277185201645,0.0,0.0,0.0,0.0,0.0,0.0,0.0,0.0,0.0,0.0,0.0,0.0,0.0,0.0,0.0,0.0,0.0,0.0,0.0,0.0,0.0,0.0,0.0,0.0,0.0,0.0,0.0,0.0,0.0,0.0,0.0,0.0,0.0,0.0,0.0,0.0,0.0,0.0,0.0,0.0,0.0,0.0,0.0,0.0,0.0,0.0,0.0,0.0,0.0,0.0,0.0,0.0,0.0,0.0,0.0,0.0,0.0,0.0,0.0,0.0,0.0,0.0,0.0,YOU
0.2982991635799408,0.4953051209449768,2.577696136540908e-07,0.3372644484043121,0.5676247477531433,-0.0488387644290924,0.3245694935321808,0.6471105217933655,-0.1050554066896438,0.2813032269477844,0.7229344844818115,-0.1546635627746582,0.2278043180704116,0.7678918838500977,-0.2060318440198898,0.273827850818634,0.5113341808319092,-0.1495439410209655,0.2567014694213867,0.6062859296798706,-0.2035441845655441,0.2621097862720489,0.6531330943107605,-0.2373327165842056,0.2604226469993591,0.6581082344055176,-0.2605526149272918,0.2206194996833801,0.5028762221336365,-0.1531991362571716,0.200479194521904,0.6421559453010559,-0.1976134479045868,0.2123601138591766,0.6850599646568298,-0.2039862424135208,0.2215219140052795,0.6833574771881104,-0.2160905748605728,0.1810712069272995,0.5162863731384277,-0.1548615545034408,0.1734032779932022,0.6562773585319519,-0.1885325461626052,0.1882151514291763,0.6852672696113586,-0.1748511344194412,0.1971975713968277,0.6710542440414429,-0.1703211367130279,0.1556876301765442,0.5426194667816162,-0.1619628816843032,0.1475013494491577,0.6595878601074219,-0.1864252239465713,0.158376932144165,0.6851150989532471,-0.1764166951179504,0.1673837751150131,0.6735026240348816,-0.1731076389551162,0.0,0.0,0.0,0.0,0.0,0.0,0.0,0.0,0.0,0.0,0.0,0.0,0.0,0.0,0.0,0.0,0.0,0.0,0.0,0.0,0.0,0.0,0.0,0.0,0.0,0.0,0.0,0.0,0.0,0.0,0.0,0.0,0.0,0.0,0.0,0.0,0.0,0.0,0.0,0.0,0.0,0.0,0.0,0.0,0.0,0.0,0.0,0.0,0.0,0.0,0.0,0.0,0.0,0.0,0.0,0.0,0.0,0.0,0.0,0.0,0.0,0.0,0.0,YOU
0.2163549214601516,0.5837440490722656,1.200851471594433e-07,0.2905389070510864,0.6066384315490723,-0.0769158527255058,0.3369969129562378,0.6003290414810181,-0.1247828900814056,0.3049240112304687,0.6166273951530457,-0.1620422452688217,0.2599264681339264,0.6227030754089355,-0.193983718752861,0.2822560966014862,0.4796924591064453,-0.1327133476734161,0.2704138457775116,0.4820364117622375,-0.1986199617385864,0.2690373361110687,0.5007557272911072,-0.2309593111276626,0.2578760385513305,0.5104243755340576,-0.2462725341320037,0.2140573561191558,0.456136405467987,-0.1167960688471794,0.1874275654554367,0.6040593981742859,-0.1757046729326248,0.2166600227355957,0.6480684280395508,-0.1802377104759216,0.2325756549835205,0.6400209665298462,-0.1777747273445129,0.1600909531116485,0.4729470610618591,-0.1068154945969581,0.1422485262155532,0.6225641965866089,-0.1542650014162063,0.1788688749074936,0.648121178150177,-0.133101150393486,0.2040466666221618,0.6281217932701111,-0.1115010380744934,0.120539903640747,0.5002447366714478,-0.1058154627680778,0.1178293228149414,0.6120514869689941,-0.1419700682163238,0.1469918340444564,0.6343593597412109,-0.1330699920654297,0.16915924847126,0.6198403835296631,-0.1182910278439521,0.0,0.0,0.0,0.0,0.0,0.0,0.0,0.0,0.0,0.0,0.0,0.0,0.0,0.0,0.0,0.0,0.0,0.0,0.0,0.0,0.0,0.0,0.0,0.0,0.0,0.0,0.0,0.0,0.0,0.0,0.0,0.0,0.0,0.0,0.0,0.0,0.0,0.0,0.0,0.0,0.0,0.0,0.0,0.0,0.0,0.0,0.0,0.0,0.0,0.0,0.0,0.0,0.0,0.0,0.0,0.0,0.0,0.0,0.0,0.0,0.0,0.0,0.0,YOU
0.2626936435699463,0.4740874469280243,3.266393662215705e-07,0.3420644998550415,0.4778332710266113,-0.044659074395895,0.3965457677841186,0.5046039819717407,-0.0883121713995933,0.3991240859031677,0.57669997215271,-0.1264774203300476,0.3519701659679413,0.6401633024215698,-0.1636962741613388,0.3007241785526275,0.4502152800559997,-0.1070041581988334,0.3382892608642578,0.5599154233932495,-0.1604649275541305,0.3443203270435333,0.6175782680511475,-0.2007840722799301,0.326480358839035,0.6500497460365295,-0.2234428972005844,0.237952172756195,0.4827848374843597,-0.1068392992019653,0.2959697246551513,0.6336227655410767,-0.1401517540216446,0.3270999789237976,0.6450350284576416,-0.1440120190382003,0.3302527666091919,0.6349011659622192,-0.1507379710674286,0.200114220380783,0.5268911719322205,-0.1081954315304756,0.2715022563934326,0.6681634187698364,-0.1274075359106063,0.3016761243343353,0.6654364466667175,-0.1033399850130081,0.3005044162273407,0.6439478397369385,-0.0879853516817092,0.1839488446712494,0.5710737109184265,-0.1167519316077232,0.2385966777801513,0.6776810884475708,-0.1252607107162475,0.2645550668239593,0.6758962869644165,-0.1031147763133049,0.267169713973999,0.6553061604499817,-0.087242491543293,0.0,0.0,0.0,0.0,0.0,0.0,0.0,0.0,0.0,0.0,0.0,0.0,0.0,0.0,0.0,0.0,0.0,0.0,0.0,0.0,0.0,0.0,0.0,0.0,0.0,0.0,0.0,0.0,0.0,0.0,0.0,0.0,0.0,0.0,0.0,0.0,0.0,0.0,0.0,0.0,0.0,0.0,0.0,0.0,0.0,0.0,0.0,0.0,0.0,0.0,0.0,0.0,0.0,0.0,0.0,0.0,0.0,0.0,0.0,0.0,0.0,0.0,0.0,YOU
0.3257833123207092,0.5428589582443237,6.429868903978786e-08,0.3467070162296295,0.4986575841903686,-0.1015632227063179,0.3381755352020263,0.4769288301467895,-0.1640669703483581,0.2928750813007355,0.4742076098918915,-0.2057003676891327,0.2335845082998275,0.4849415421485901,-0.2401316314935684,0.2666506469249725,0.5803147554397583,-0.1829551756381988,0.2458846718072891,0.6113024353981018,-0.2425256222486496,0.2349496781826019,0.5495234131813049,-0.262872964143753,0.2273194789886474,0.5033228397369385,-0.2739509046077728,0.2062410414218902,0.596125602722168,-0.1527191996574401,0.1878729462623596,0.6070860624313354,-0.2128281146287918,0.1968946456909179,0.5304703116416931,-0.2200274914503097,0.2097454518079757,0.4890582263469696,-0.2238068282604217,0.1633794456720352,0.592544674873352,-0.1262446939945221,0.1457985937595367,0.5954980850219727,-0.1807197779417038,0.1606878489255905,0.5352080464363098,-0.1805590242147445,0.1788379251956939,0.5047908425331116,-0.1773222535848617,0.1336471289396286,0.5824825763702393,-0.1070716008543968,0.1193065270781517,0.5819739103317261,-0.151605948805809,0.1377460956573486,0.5480111241340637,-0.161943569779396,0.1573216617107391,0.5315616130828857,-0.1659207344055175,0.0,0.0,0.0,0.0,0.0,0.0,0.0,0.0,0.0,0.0,0.0,0.0,0.0,0.0,0.0,0.0,0.0,0.0,0.0,0.0,0.0,0.0,0.0,0.0,0.0,0.0,0.0,0.0,0.0,0.0,0.0,0.0,0.0,0.0,0.0,0.0,0.0,0.0,0.0,0.0,0.0,0.0,0.0,0.0,0.0,0.0,0.0,0.0,0.0,0.0,0.0,0.0,0.0,0.0,0.0,0.0,0.0,0.0,0.0,0.0,0.0,0.0,0.0,YOU
0.2788439393043518,0.5568062663078308,-4.5374525825536693e-07,0.301734447479248,0.5143724679946899,-0.0710466802120208,0.2907700836658478,0.4788375794887543,-0.1067379191517829,0.2420003414154052,0.4792783558368683,-0.1274549216032028,0.1917576044797897,0.5072818994522095,-0.1379957199096679,0.1927821636199951,0.4504967331886291,-0.0980019941926002,0.2009674608707428,0.560844361782074,-0.1465850323438644,0.2323185205459594,0.5860610008239746,-0.16387639939785,0.2346697002649307,0.5626170635223389,-0.1717883497476577,0.146365225315094,0.4657126069068908,-0.0804484561085701,0.1728944927453994,0.6084648966789246,-0.1277438402175903,0.2178707718849182,0.617905855178833,-0.132496491074562,0.2236836552619934,0.5816929340362549,-0.1311686187982559,0.117287203669548,0.4910569787025451,-0.0688809230923652,0.1450584977865219,0.626652181148529,-0.1127742379903793,0.19050894677639,0.6207771301269531,-0.1047618687152862,0.1973776519298553,0.5819288492202759,-0.0945573151111602,0.1022966429591178,0.5238901376724243,-0.0640181899070739,0.11673204600811,0.6253606081008911,-0.0979108437895774,0.1538680791854858,0.6225677728652954,-0.0982342287898063,0.1653179675340652,0.5919686555862427,-0.0920679867267608,0.0,0.0,0.0,0.0,0.0,0.0,0.0,0.0,0.0,0.0,0.0,0.0,0.0,0.0,0.0,0.0,0.0,0.0,0.0,0.0,0.0,0.0,0.0,0.0,0.0,0.0,0.0,0.0,0.0,0.0,0.0,0.0,0.0,0.0,0.0,0.0,0.0,0.0,0.0,0.0,0.0,0.0,0.0,0.0,0.0,0.0,0.0,0.0,0.0,0.0,0.0,0.0,0.0,0.0,0.0,0.0,0.0,0.0,0.0,0.0,0.0,0.0,0.0,YOU
0.2853297591209411,0.6412785649299622,2.746086522620317e-07,0.3527310788631439,0.6729660630226135,-0.060937400907278,0.391804039478302,0.6928485631942749,-0.1072030216455459,0.3468976616859436,0.7388519644737244,-0.1462253481149673,0.2898321151733398,0.7745239734649658,-0.1812408417463302,0.358391672372818,0.5281112194061279,-0.1132735088467598,0.3509331047534942,0.5610605478286743,-0.173768863081932,0.3596619069576263,0.5792876482009888,-0.2110545635223388,0.3583302497863769,0.5766151547431946,-0.2337424904108047,0.2900561988353729,0.5057218074798584,-0.1071583107113838,0.2829415798187256,0.6859289407730103,-0.1623913794755935,0.3126737475395202,0.7131310105323792,-0.1736101657152176,0.3300704658031463,0.6820241212844849,-0.1789695620536804,0.2348535507917404,0.5283199548721313,-0.1055202633142471,0.2397240698337555,0.7115674614906311,-0.1441456973552703,0.2728172540664673,0.720501720905304,-0.1287213116884231,0.2949201464653015,0.6761507391929626,-0.1148816719651222,0.1947347074747085,0.5658711194992065,-0.1122940778732299,0.2077618241310119,0.704817533493042,-0.1432324349880218,0.2349441349506378,0.7125988006591797,-0.1378140747547149,0.2535963356494903,0.6790772080421448,-0.1278823167085647,0.0,0.0,0.0,0.0,0.0,0.0,0.0,0.0,0.0,0.0,0.0,0.0,0.0,0.0,0.0,0.0,0.0,0.0,0.0,0.0,0.0,0.0,0.0,0.0,0.0,0.0,0.0,0.0,0.0,0.0,0.0,0.0,0.0,0.0,0.0,0.0,0.0,0.0,0.0,0.0,0.0,0.0,0.0,0.0,0.0,0.0,0.0,0.0,0.0,0.0,0.0,0.0,0.0,0.0,0.0,0.0,0.0,0.0,0.0,0.0,0.0,0.0,0.0,YOU
0.3430411219596863,0.5511438846588135,4.140335363445047e-07,0.4168030619621277,0.6117955446243286,-0.0557137317955493,0.4468733370304107,0.6721992492675781,-0.1132105216383934,0.4056902229785919,0.7516988515853882,-0.1665033251047134,0.3366852402687073,0.7959651947021484,-0.21980582177639,0.4386774003505707,0.5394778847694397,-0.1334611624479293,0.4511986076831817,0.5689526200294495,-0.196861058473587,0.4511686265468597,0.5887088775634766,-0.2439856529235839,0.4379012286663055,0.5866976380348206,-0.2740999460220337,0.3672018647193908,0.5060505867004395,-0.1355974674224853,0.3481429815292358,0.6770111322402954,-0.1903335303068161,0.3620050847530365,0.7094103097915649,-0.2081680297851562,0.3652072250843048,0.6943708062171936,-0.2222190499305725,0.3036479353904724,0.5217403769493103,-0.138859823346138,0.3054690957069397,0.7058486938476562,-0.1715442240238189,0.3297985196113586,0.7208613157272339,-0.155470386147499,0.3336708545684814,0.6859821081161499,-0.1448130905628204,0.2571817934513092,0.5526905655860901,-0.1505792438983917,0.2741904258728027,0.709079921245575,-0.1729546040296554,0.2926843166351318,0.7239603996276855,-0.1572205573320388,0.2937177419662475,0.6943982243537903,-0.1438516080379486,0.0,0.0,0.0,0.0,0.0,0.0,0.0,0.0,0.0,0.0,0.0,0.0,0.0,0.0,0.0,0.0,0.0,0.0,0.0,0.0,0.0,0.0,0.0,0.0,0.0,0.0,0.0,0.0,0.0,0.0,0.0,0.0,0.0,0.0,0.0,0.0,0.0,0.0,0.0,0.0,0.0,0.0,0.0,0.0,0.0,0.0,0.0,0.0,0.0,0.0,0.0,0.0,0.0,0.0,0.0,0.0,0.0,0.0,0.0,0.0,0.0,0.0,0.0,YOU
0.2469019889831543,0.5812939405441284,2.761254904726229e-07,0.3318798243999481,0.6165961027145386,-0.0535120368003845,0.3725613951683044,0.6434698104858398,-0.0993599444627761,0.3293060064315796,0.7021946907043457,-0.1368806511163711,0.26007741689682,0.7466396689414978,-0.1714771091938018,0.3191011846065521,0.4823428988456726,-0.1319267451763153,0.3065220713615417,0.5429185032844543,-0.1841187626123428,0.3119208812713623,0.5732046365737915,-0.2109864354133606,0.3030350804328918,0.5714259147644043,-0.2260264009237289,0.2489767372608184,0.4730620086193084,-0.1267616003751754,0.2431073486804962,0.6589566469192505,-0.168501928448677,0.2672565579414367,0.6818431615829468,-0.1678377091884613,0.2785918414592743,0.6515381336212158,-0.1687958240509033,0.1944074481725692,0.5003547072410583,-0.1223398521542549,0.2033508569002151,0.6780351400375366,-0.149243026971817,0.2293251752853393,0.6831649541854858,-0.1256672292947769,0.2408120185136795,0.6456645727157593,-0.1093611791729927,0.1568847149610519,0.5409531593322754,-0.1257699728012085,0.1716934144496917,0.6798157095909119,-0.1528430730104446,0.1951104253530502,0.684357762336731,-0.1433172672986984,0.2052405327558517,0.6531407833099365,-0.1320622712373733,0.0,0.0,0.0,0.0,0.0,0.0,0.0,0.0,0.0,0.0,0.0,0.0,0.0,0.0,0.0,0.0,0.0,0.0,0.0,0.0,0.0,0.0,0.0,0.0,0.0,0.0,0.0,0.0,0.0,0.0,0.0,0.0,0.0,0.0,0.0,0.0,0.0,0.0,0.0,0.0,0.0,0.0,0.0,0.0,0.0,0.0,0.0,0.0,0.0,0.0,0.0,0.0,0.0,0.0,0.0,0.0,0.0,0.0,0.0,0.0,0.0,0.0,0.0,YOU
0.2684915065765381,0.5703477263450623,3.788116202940728e-07,0.3423290550708771,0.6084287762641907,-0.0705055594444274,0.3664165437221527,0.6534661650657654,-0.1216263696551323,0.3245280683040619,0.7288589477539062,-0.1624965369701385,0.2644104361534118,0.7917284965515137,-0.2021559178829193,0.3001685738563537,0.5247908234596252,-0.1388920545578003,0.2855132520198822,0.6125901937484741,-0.1962532699108123,0.3077035248279571,0.6213129162788391,-0.2321928739547729,0.3163017630577087,0.6034092307090759,-0.2552507221698761,0.231290578842163,0.5293266773223877,-0.1271376758813858,0.230718582868576,0.7030603885650635,-0.17472505569458,0.2621950209140777,0.7076079249382019,-0.1840184926986694,0.2748284041881561,0.6707199811935425,-0.1934782713651657,0.1807152926921844,0.5562013387680054,-0.1180169656872749,0.189815878868103,0.7239248156547546,-0.1518113017082214,0.2209911197423935,0.7189518213272095,-0.1404582858085632,0.2370279729366302,0.6721559166908264,-0.1332977265119552,0.1478141844272613,0.5895985960960388,-0.1175697147846221,0.161718264222145,0.7181236147880554,-0.1409566551446914,0.1888191998004913,0.716578483581543,-0.1351082772016525,0.2060502469539642,0.6818870902061462,-0.1303126662969589,0.0,0.0,0.0,0.0,0.0,0.0,0.0,0.0,0.0,0.0,0.0,0.0,0.0,0.0,0.0,0.0,0.0,0.0,0.0,0.0,0.0,0.0,0.0,0.0,0.0,0.0,0.0,0.0,0.0,0.0,0.0,0.0,0.0,0.0,0.0,0.0,0.0,0.0,0.0,0.0,0.0,0.0,0.0,0.0,0.0,0.0,0.0,0.0,0.0,0.0,0.0,0.0,0.0,0.0,0.0,0.0,0.0,0.0,0.0,0.0,0.0,0.0,0.0,YOU
0.2334973216056823,0.5880805253982544,5.169462156118243e-07,0.3220999538898468,0.6137306690216064,-0.0708460807800293,0.3564203381538391,0.6433104276657104,-0.1265553832054138,0.3032191395759582,0.7118749618530273,-0.1712802350521087,0.2377369403839111,0.7643447518348694,-0.2112694084644317,0.3251430690288543,0.5009485483169556,-0.1554008424282074,0.3093471527099609,0.5605904459953308,-0.2323784381151199,0.2899348437786102,0.5676148533821106,-0.2794212996959686,0.2559859752655029,0.5495597720146179,-0.3050205409526825,0.2418970763683319,0.4793529808521271,-0.1451782137155532,0.2216141819953918,0.6553003787994385,-0.2111705392599105,0.2545574605464935,0.6771303415298462,-0.2198929041624069,0.2651108503341675,0.6598631143569946,-0.2224639058113098,0.1758123487234115,0.5069965720176697,-0.1384310722351074,0.1776463687419891,0.6923171281814575,-0.1799202114343643,0.2195746898651123,0.6978920102119446,-0.1520081758499145,0.2419262379407882,0.6657711267471313,-0.1277892738580703,0.1292784363031387,0.5497894287109375,-0.1417699605226516,0.1448542326688766,0.6971324682235718,-0.1741206645965576,0.1785292625427246,0.7001004219055176,-0.1600118279457092,0.1961267441511154,0.6712708473205566,-0.1423484683036804,0.0,0.0,0.0,0.0,0.0,0.0,0.0,0.0,0.0,0.0,0.0,0.0,0.0,0.0,0.0,0.0,0.0,0.0,0.0,0.0,0.0,0.0,0.0,0.0,0.0,0.0,0.0,0.0,0.0,0.0,0.0,0.0,0.0,0.0,0.0,0.0,0.0,0.0,0.0,0.0,0.0,0.0,0.0,0.0,0.0,0.0,0.0,0.0,0.0,0.0,0.0,0.0,0.0,0.0,0.0,0.0,0.0,0.0,0.0,0.0,0.0,0.0,0.0,YOU
0.3023714423179626,0.5949188470840454,1.6918704659474318e-07,0.3779098093509674,0.6300829648971558,-0.0725677832961082,0.4141743779182434,0.6699000597000122,-0.1322504878044128,0.3776178061962127,0.7364673614501953,-0.1829655170440673,0.3183093667030334,0.7879736423492432,-0.2299396395683288,0.3603968918323517,0.5197963714599609,-0.1482135355472564,0.3667404651641845,0.5811975598335266,-0.2108935415744781,0.3811052739620209,0.6231630444526672,-0.2448844313621521,0.3714260756969452,0.6446725726127625,-0.2646109461784363,0.2804092168807983,0.5170897245407104,-0.1400772482156753,0.2983195185661316,0.7194315195083618,-0.1970803141593933,0.3265551626682281,0.7641351222991943,-0.2045854181051254,0.3340519070625305,0.7446619272232056,-0.2098810672760009,0.2208882570266723,0.5496159195899963,-0.1348779648542404,0.2462734133005142,0.7425931692123413,-0.1743795722723007,0.2789400517940521,0.7617522478103638,-0.1562479883432388,0.2923456132411957,0.722981333732605,-0.143993079662323,0.1810804009437561,0.5907469987869263,-0.1386304497718811,0.2090504020452499,0.7416942715644836,-0.1664456576108932,0.2343532145023346,0.7584137916564941,-0.1554903090000152,0.2444618344306945,0.7301416397094727,-0.1449374109506607,0.0,0.0,0.0,0.0,0.0,0.0,0.0,0.0,0.0,0.0,0.0,0.0,0.0,0.0,0.0,0.0,0.0,0.0,0.0,0.0,0.0,0.0,0.0,0.0,0.0,0.0,0.0,0.0,0.0,0.0,0.0,0.0,0.0,0.0,0.0,0.0,0.0,0.0,0.0,0.0,0.0,0.0,0.0,0.0,0.0,0.0,0.0,0.0,0.0,0.0,0.0,0.0,0.0,0.0,0.0,0.0,0.0,0.0,0.0,0.0,0.0,0.0,0.0,YOU
0.2946638464927673,0.5569210648536682,-2.445170252940443e-07,0.3330795466899872,0.5692877769470215,-0.0446903072297573,0.3452526032924652,0.5803945660591125,-0.0830627605319023,0.2991258502006531,0.6340328454971313,-0.1163364797830581,0.2411346286535263,0.666445255279541,-0.1474094241857528,0.2982626259326935,0.4386977553367615,-0.0853325650095939,0.3109899163246155,0.4918806850910187,-0.1296244114637375,0.3189263939857483,0.4997715950012207,-0.1586534082889557,0.3186942636966705,0.4865124225616455,-0.1782885640859604,0.2382179498672485,0.427726536989212,-0.0827433913946151,0.2581172287464142,0.5707640647888184,-0.1133755818009376,0.2810183465480804,0.5849359631538391,-0.120972603559494,0.2900488674640655,0.557772696018219,-0.1294675320386886,0.197404071688652,0.4520610570907593,-0.0827013850212097,0.2130968868732452,0.5928850769996643,-0.1030386090278625,0.2376246750354766,0.6017165184020996,-0.0892383903264999,0.2448893785476684,0.5686762928962708,-0.083023764193058,0.166643887758255,0.4880340099334717,-0.0889113545417785,0.1818253695964813,0.5934700965881348,-0.1047535836696624,0.2048429250717163,0.6013104915618896,-0.0973215848207473,0.2130877375602722,0.5731083154678345,-0.0910509899258613,0.0,0.0,0.0,0.0,0.0,0.0,0.0,0.0,0.0,0.0,0.0,0.0,0.0,0.0,0.0,0.0,0.0,0.0,0.0,0.0,0.0,0.0,0.0,0.0,0.0,0.0,0.0,0.0,0.0,0.0,0.0,0.0,0.0,0.0,0.0,0.0,0.0,0.0,0.0,0.0,0.0,0.0,0.0,0.0,0.0,0.0,0.0,0.0,0.0,0.0,0.0,0.0,0.0,0.0,0.0,0.0,0.0,0.0,0.0,0.0,0.0,0.0,0.0,YOU
0.3113145232200622,0.5428912043571472,1.731657874870507e-07,0.3682557046413421,0.5595353841781616,-0.041106704622507,0.4048323631286621,0.572182297706604,-0.0738724395632743,0.3792620599269867,0.6166715025901794,-0.100866712629795,0.3388026058673858,0.6503748893737793,-0.123919777572155,0.377426266670227,0.4586500227451324,-0.088635042309761,0.3783842027187347,0.4968334436416626,-0.1332773268222808,0.364378422498703,0.5000855922698975,-0.1591936200857162,0.3426381945610046,0.4886080920696258,-0.1745847761631012,0.3207874298095703,0.4422824084758758,-0.0851598978042602,0.3270935416221618,0.5891542434692383,-0.1243301257491111,0.345942348241806,0.6010439991950989,-0.1261728703975677,0.353097915649414,0.5764979124069214,-0.1254195719957351,0.2766863405704498,0.4634925425052643,-0.0843229070305824,0.296553760766983,0.6096469163894653,-0.1081873923540115,0.3219401240348816,0.6109216213226318,-0.0858345329761505,0.3341096043586731,0.5785539150238037,-0.0681928694248199,0.244909405708313,0.496566504240036,-0.090233489871025,0.2658095359802246,0.6057038903236389,-0.1130413711071014,0.2863230109214782,0.6021876335144043,-0.1046542003750801,0.2960150241851806,0.5709288120269775,-0.0928801521658897,0.0,0.0,0.0,0.0,0.0,0.0,0.0,0.0,0.0,0.0,0.0,0.0,0.0,0.0,0.0,0.0,0.0,0.0,0.0,0.0,0.0,0.0,0.0,0.0,0.0,0.0,0.0,0.0,0.0,0.0,0.0,0.0,0.0,0.0,0.0,0.0,0.0,0.0,0.0,0.0,0.0,0.0,0.0,0.0,0.0,0.0,0.0,0.0,0.0,0.0,0.0,0.0,0.0,0.0,0.0,0.0,0.0,0.0,0.0,0.0,0.0,0.0,0.0,YOU
0.2895002961158752,0.5156677961349487,2.294128051971711e-07,0.344321072101593,0.5282005667686462,-0.0447898618876934,0.3789566457271576,0.5362431406974792,-0.0813460648059845,0.3509680032730102,0.5810121893882751,-0.1127920299768447,0.3059581220149994,0.6182664632797241,-0.140582725405693,0.3467324376106262,0.4120380580425262,-0.0881498754024505,0.3439801633358001,0.4308978617191314,-0.1344840377569198,0.3430160284042358,0.4384955167770386,-0.1567570269107818,0.3347889482975006,0.4354223012924194,-0.1690134555101394,0.29262575507164,0.3942345976829529,-0.0846830606460571,0.2929482460021972,0.5191876292228699,-0.1277203857898712,0.3156980872154236,0.5509930849075317,-0.1272830814123153,0.3296840488910675,0.5316256880760193,-0.1226448118686676,0.2506309151649475,0.4085182249546051,-0.0851191282272338,0.2607063353061676,0.5465644001960754,-0.115404188632965,0.2859930098056793,0.5554990768432617,-0.0942972525954246,0.3003868460655212,0.516850471496582,-0.0758024901151657,0.2207317650318145,0.4344700872898102,-0.0923577174544334,0.2333428859710693,0.5433447957038879,-0.118262343108654,0.2524280548095703,0.5530199408531189,-0.1119554713368415,0.2635711133480072,0.523986279964447,-0.1014018803834915,0.0,0.0,0.0,0.0,0.0,0.0,0.0,0.0,0.0,0.0,0.0,0.0,0.0,0.0,0.0,0.0,0.0,0.0,0.0,0.0,0.0,0.0,0.0,0.0,0.0,0.0,0.0,0.0,0.0,0.0,0.0,0.0,0.0,0.0,0.0,0.0,0.0,0.0,0.0,0.0,0.0,0.0,0.0,0.0,0.0,0.0,0.0,0.0,0.0,0.0,0.0,0.0,0.0,0.0,0.0,0.0,0.0,0.0,0.0,0.0,0.0,0.0,0.0,YOU
0.2853797674179077,0.5300011038780212,1.5838035949400364e-07,0.3396114408969879,0.5467178821563721,-0.0436823740601539,0.3754999041557312,0.5533619523048401,-0.0775524377822876,0.3496448099613189,0.5944682359695435,-0.1071783155202865,0.3026284277439117,0.6232955455780029,-0.1335314810276031,0.3415629863739013,0.424217015504837,-0.0790298581123352,0.3390731513500213,0.4447959661483764,-0.125733733177185,0.3417140245437622,0.4723199605941772,-0.1477365046739578,0.337678849697113,0.4748002588748932,-0.1592156738042831,0.288985401391983,0.4108838140964508,-0.0765041708946228,0.2852816581726074,0.5064497590065002,-0.1182779446244239,0.30789715051651,0.5562228560447693,-0.1190686076879501,0.3236393630504608,0.5463206768035889,-0.115886814892292,0.2481836676597595,0.4255518913269043,-0.0785190090537071,0.2535371780395508,0.5362861752510071,-0.1098293289542198,0.2767679095268249,0.5652682781219482,-0.0929707586765289,0.2920048832893371,0.5369808077812195,-0.0778741538524627,0.2167750149965286,0.4499596059322357,-0.086556576192379,0.2264726758003235,0.5428744554519653,-0.1078820303082466,0.2440153062343597,0.5643720626831055,-0.1008139252662658,0.255928099155426,0.5459374189376831,-0.0920528471469879,0.0,0.0,0.0,0.0,0.0,0.0,0.0,0.0,0.0,0.0,0.0,0.0,0.0,0.0,0.0,0.0,0.0,0.0,0.0,0.0,0.0,0.0,0.0,0.0,0.0,0.0,0.0,0.0,0.0,0.0,0.0,0.0,0.0,0.0,0.0,0.0,0.0,0.0,0.0,0.0,0.0,0.0,0.0,0.0,0.0,0.0,0.0,0.0,0.0,0.0,0.0,0.0,0.0,0.0,0.0,0.0,0.0,0.0,0.0,0.0,0.0,0.0,0.0,YOU
0.281336635351181,0.518513023853302,2.293109560014273e-07,0.3414772450923919,0.5357497930526733,-0.0428299792110919,0.3761696815490722,0.5439321994781494,-0.0760130211710929,0.3490044176578522,0.5881296396255493,-0.1043707951903343,0.3022977411746979,0.6213945150375366,-0.1287350207567215,0.3347341120243072,0.4217121601104736,-0.0855622664093971,0.3381055295467376,0.4497137367725372,-0.1299792677164077,0.3415864408016205,0.4502682089805603,-0.1527042239904403,0.3355966210365295,0.4424156844615936,-0.1654784232378006,0.2822157144546509,0.4046319723129272,-0.0815025195479393,0.293472558259964,0.5545571446418762,-0.1208127215504646,0.3174477815628052,0.5633132457733154,-0.119218036532402,0.3277412950992584,0.5306442975997925,-0.1151976883411407,0.2414401173591613,0.4237879812717438,-0.0811263993382453,0.2607453465461731,0.5723015666007996,-0.1071613132953643,0.2854489386081695,0.5638433694839478,-0.0841143950819969,0.2970624566078186,0.5211451053619385,-0.0649408549070358,0.2131987810134887,0.4558565318584442,-0.0879740938544273,0.2353820204734802,0.5718469619750977,-0.1151587888598442,0.2548236846923828,0.5631819367408752,-0.1107103005051612,0.262606680393219,0.5255811810493469,-0.1007012575864791,0.0,0.0,0.0,0.0,0.0,0.0,0.0,0.0,0.0,0.0,0.0,0.0,0.0,0.0,0.0,0.0,0.0,0.0,0.0,0.0,0.0,0.0,0.0,0.0,0.0,0.0,0.0,0.0,0.0,0.0,0.0,0.0,0.0,0.0,0.0,0.0,0.0,0.0,0.0,0.0,0.0,0.0,0.0,0.0,0.0,0.0,0.0,0.0,0.0,0.0,0.0,0.0,0.0,0.0,0.0,0.0,0.0,0.0,0.0,0.0,0.0,0.0,0.0,YOU
0.2911849319934845,0.515728771686554,2.914975425483135e-07,0.3612628579139709,0.5472597479820251,-0.0388327613472938,0.4000373780727386,0.5764481425285339,-0.071987397968769,0.3644056618213653,0.6332204341888428,-0.0996295884251594,0.3023819923400879,0.6786479353904724,-0.1263978034257888,0.3341482579708099,0.4756157994270324,-0.0921290516853332,0.3305127322673797,0.5128204822540283,-0.1311570852994918,0.3463411629199981,0.5279169082641602,-0.1588147133588791,0.347701758146286,0.5303742289543152,-0.1765003055334091,0.2798815965652466,0.4702010452747345,-0.0887976586818695,0.2895281314849853,0.6093932390213013,-0.1176340132951736,0.3148370683193207,0.6134241223335266,-0.1223861798644065,0.3224633336067199,0.5857431888580322,-0.1288038343191146,0.2402298003435135,0.4928471446037292,-0.085819199681282,0.2595711052417755,0.6264958381652832,-0.1037601009011268,0.2836604416370392,0.6180410981178284,-0.0887282341718673,0.2901292443275451,0.5847063064575195,-0.0790963992476463,0.2145686745643615,0.5237231850624084,-0.0889723747968673,0.233239084482193,0.6296156644821167,-0.1078091561794281,0.2544182240962982,0.6215000748634338,-0.1011267155408859,0.2608592212200165,0.5900341272354126,-0.0942666158080101,0.0,0.0,0.0,0.0,0.0,0.0,0.0,0.0,0.0,0.0,0.0,0.0,0.0,0.0,0.0,0.0,0.0,0.0,0.0,0.0,0.0,0.0,0.0,0.0,0.0,0.0,0.0,0.0,0.0,0.0,0.0,0.0,0.0,0.0,0.0,0.0,0.0,0.0,0.0,0.0,0.0,0.0,0.0,0.0,0.0,0.0,0.0,0.0,0.0,0.0,0.0,0.0,0.0,0.0,0.0,0.0,0.0,0.0,0.0,0.0,0.0,0.0,0.0,YOU
0.2848665714263916,0.5075771808624268,3.3143490441034373e-07,0.3507026731967926,0.5294020771980286,-0.0325645580887794,0.38147833943367,0.5584519505500793,-0.0664418637752533,0.3494389653205871,0.6247491836547852,-0.0968941673636436,0.2939392030239105,0.6743689775466919,-0.1275682896375656,0.3291334509849548,0.4621653854846954,-0.0841907635331153,0.336321473121643,0.5088422298431396,-0.1203555017709732,0.3465780615806579,0.535353422164917,-0.1471845656633377,0.3385375440120697,0.5385789275169373,-0.164845123887062,0.2764714956283569,0.4632519483566284,-0.0849177986383438,0.2882181107997894,0.5945767760276794,-0.1108172610402107,0.3105253577232361,0.6099317073822021,-0.116609551012516,0.3154488801956177,0.5878602862358093,-0.1250336468219757,0.2353538870811462,0.4894762337207794,-0.0855929479002952,0.2557872831821441,0.6145409345626831,-0.1000773832201957,0.2800856232643127,0.615804135799408,-0.0866228193044662,0.2850521802902221,0.5854476690292358,-0.0797379687428474,0.2084711790084839,0.5218965411186218,-0.0915190726518631,0.2293799519538879,0.6191008687019348,-0.1037342473864555,0.2505380809307098,0.619642436504364,-0.093085803091526,0.2554024159908294,0.5943354368209839,-0.0854519456624984,0.0,0.0,0.0,0.0,0.0,0.0,0.0,0.0,0.0,0.0,0.0,0.0,0.0,0.0,0.0,0.0,0.0,0.0,0.0,0.0,0.0,0.0,0.0,0.0,0.0,0.0,0.0,0.0,0.0,0.0,0.0,0.0,0.0,0.0,0.0,0.0,0.0,0.0,0.0,0.0,0.0,0.0,0.0,0.0,0.0,0.0,0.0,0.0,0.0,0.0,0.0,0.0,0.0,0.0,0.0,0.0,0.0,0.0,0.0,0.0,0.0,0.0,0.0,YOU
0.3316109776496887,0.5105977058410645,3.8578221506213605e-07,0.3874062001705169,0.5494547486305237,-0.0291943158954381,0.4192891716957092,0.5995538830757141,-0.0600147433578968,0.3953135907649994,0.6647974252700806,-0.0883486941456794,0.3478820919990539,0.7094894051551819,-0.1166022717952728,0.3734654784202575,0.5048701763153076,-0.0745718479156494,0.3875758945941925,0.5627228021621704,-0.1067512705922126,0.3934411406517029,0.5929837226867676,-0.1297731846570968,0.3859425485134125,0.5955736637115479,-0.1442282050848007,0.3260692954063415,0.5062064528465271,-0.0775193199515342,0.3310199081897735,0.6220479607582092,-0.1004107668995857,0.3476500213146209,0.6397398114204407,-0.1017133817076683,0.3538326621055603,0.6239173412322998,-0.1058129593729972,0.2852206528186798,0.527837336063385,-0.0810819566249847,0.2979690432548523,0.649753212928772,-0.0943317115306854,0.319412887096405,0.657607913017273,-0.07722207903862,0.3234285116195678,0.6343093514442444,-0.0666826292872428,0.2553119659423828,0.5557172298431396,-0.089692011475563,0.2700821161270141,0.6557332277297974,-0.0974591001868248,0.2889841794967651,0.6603579521179199,-0.0827593430876731,0.293377548456192,0.6367058157920837,-0.0724705010652542,0.0,0.0,0.0,0.0,0.0,0.0,0.0,0.0,0.0,0.0,0.0,0.0,0.0,0.0,0.0,0.0,0.0,0.0,0.0,0.0,0.0,0.0,0.0,0.0,0.0,0.0,0.0,0.0,0.0,0.0,0.0,0.0,0.0,0.0,0.0,0.0,0.0,0.0,0.0,0.0,0.0,0.0,0.0,0.0,0.0,0.0,0.0,0.0,0.0,0.0,0.0,0.0,0.0,0.0,0.0,0.0,0.0,0.0,0.0,0.0,0.0,0.0,0.0,YOU
0.3391097784042358,0.5279732942581177,4.574734759899002e-07,0.3906159996986389,0.5685129165649414,-0.0321272015571594,0.4118342399597168,0.6249037981033325,-0.0684632733464241,0.3806723058223724,0.6926157474517822,-0.1014453098177909,0.3286953568458557,0.7346776723861694,-0.1344463974237442,0.3666752576828003,0.5216803550720215,-0.0896262750029563,0.3763858079910278,0.572259783744812,-0.1254802495241165,0.3806601464748382,0.5989745259284973,-0.1472066789865493,0.3748541474342346,0.6046359539031982,-0.1598631292581558,0.3168374300003052,0.5219131112098694,-0.0915331915020942,0.3266692757606506,0.6352722644805908,-0.1177622526884079,0.3394948244094848,0.6457064151763916,-0.1152275279164314,0.3454990088939667,0.6260093450546265,-0.1160373240709304,0.2780967950820923,0.5425097346305847,-0.0936282649636268,0.2919164597988128,0.6650243401527405,-0.1089636608958244,0.3111634850502014,0.6669762134552002,-0.0877401679754257,0.3145040869712829,0.6392949819564819,-0.0741769969463348,0.2503119707107544,0.5666958093643188,-0.1009234338998794,0.2645303606986999,0.666422426700592,-0.1097758635878562,0.2847462892532348,0.6694902777671814,-0.0939298719167709,0.2917993068695068,0.6433170437812805,-0.0830123126506805,0.0,0.0,0.0,0.0,0.0,0.0,0.0,0.0,0.0,0.0,0.0,0.0,0.0,0.0,0.0,0.0,0.0,0.0,0.0,0.0,0.0,0.0,0.0,0.0,0.0,0.0,0.0,0.0,0.0,0.0,0.0,0.0,0.0,0.0,0.0,0.0,0.0,0.0,0.0,0.0,0.0,0.0,0.0,0.0,0.0,0.0,0.0,0.0,0.0,0.0,0.0,0.0,0.0,0.0,0.0,0.0,0.0,0.0,0.0,0.0,0.0,0.0,0.0,YOU
0.3198529183864593,0.529636025428772,3.03808803892025e-07,0.3460927903652191,0.5721220970153809,-0.0326436460018157,0.3439124822616577,0.6149231791496277,-0.0774947479367256,0.3166900873184204,0.6679356098175049,-0.1185828447341919,0.2806616723537445,0.7032429575920105,-0.1606542766094207,0.3121118545532226,0.5180043578147888,-0.120175652205944,0.3019092977046966,0.5801132917404175,-0.1702683418989181,0.2945950031280517,0.606189489364624,-0.2017993628978729,0.2895034551620483,0.606555163860321,-0.2230082899332046,0.2706636190414428,0.5095636248588562,-0.1293961107730865,0.274600625038147,0.6235069632530212,-0.1774053126573562,0.2686185240745544,0.6501771211624146,-0.1878835558891296,0.2642111778259277,0.6451001167297363,-0.1985328048467636,0.2401475310325622,0.5222991108894348,-0.1363017410039901,0.2431520670652389,0.642942488193512,-0.1710910201072693,0.2368511259555816,0.6527411937713623,-0.1587611585855484,0.2317175716161728,0.6280884742736816,-0.1521416157484054,0.2179763913154602,0.5418609976768494,-0.1465769708156585,0.2112139612436294,0.6426845788955688,-0.1653235852718353,0.2102459073066711,0.6551805138587952,-0.152299016714096,0.2125464677810669,0.6358808875083923,-0.1462582647800445,0.0,0.0,0.0,0.0,0.0,0.0,0.0,0.0,0.0,0.0,0.0,0.0,0.0,0.0,0.0,0.0,0.0,0.0,0.0,0.0,0.0,0.0,0.0,0.0,0.0,0.0,0.0,0.0,0.0,0.0,0.0,0.0,0.0,0.0,0.0,0.0,0.0,0.0,0.0,0.0,0.0,0.0,0.0,0.0,0.0,0.0,0.0,0.0,0.0,0.0,0.0,0.0,0.0,0.0,0.0,0.0,0.0,0.0,0.0,0.0,0.0,0.0,0.0,YOU
0.3373152017593384,0.4940605461597442,2.7697245741364895e-07,0.3841959834098816,0.5260387659072876,-0.0333990268409252,0.3940436244010925,0.5708550214767456,-0.0717767998576164,0.3582929670810699,0.639008104801178,-0.1062455400824546,0.3048864603042602,0.6898696422576904,-0.1416581273078918,0.3280612528324127,0.482822060585022,-0.0971462056040763,0.3265413343906402,0.5701934099197388,-0.1354416757822036,0.3307024240493774,0.6058970093727112,-0.163328543305397,0.3251380920410156,0.6107409000396729,-0.1816424280405044,0.2782913148403168,0.4883923828601837,-0.0999902263283729,0.2751033902168274,0.603809118270874,-0.1245295032858848,0.2847883105278015,0.61576247215271,-0.127340018749237,0.2887785136699676,0.5964995622634888,-0.1369363069534301,0.2443708777427673,0.507708728313446,-0.1022647023200988,0.2501222193241119,0.6207621097564697,-0.1172977313399314,0.2611907124519348,0.6205278038978577,-0.1030259877443313,0.2656012177467346,0.5934929251670837,-0.0980560779571533,0.221864566206932,0.5313745141029358,-0.1094509735703468,0.2248214781284332,0.6212271451950073,-0.1158225983381271,0.2329613119363784,0.6194742918014526,-0.1011150702834129,0.2356128096580505,0.5940343141555786,-0.0949153825640678,0.0,0.0,0.0,0.0,0.0,0.0,0.0,0.0,0.0,0.0,0.0,0.0,0.0,0.0,0.0,0.0,0.0,0.0,0.0,0.0,0.0,0.0,0.0,0.0,0.0,0.0,0.0,0.0,0.0,0.0,0.0,0.0,0.0,0.0,0.0,0.0,0.0,0.0,0.0,0.0,0.0,0.0,0.0,0.0,0.0,0.0,0.0,0.0,0.0,0.0,0.0,0.0,0.0,0.0,0.0,0.0,0.0,0.0,0.0,0.0,0.0,0.0,0.0,YOU
0.3131831586360931,0.4990713596343994,2.0040265269472002e-07,0.376253217458725,0.5355831384658813,-0.0449647344648838,0.4018307626247406,0.5735589861869812,-0.0865561664104461,0.3591014146804809,0.6351138949394226,-0.1198708489537239,0.2966465353965759,0.6957582235336304,-0.1519796848297119,0.3282701075077057,0.4866552948951721,-0.1242507919669151,0.3093308210372925,0.5592831969261169,-0.1709372699260711,0.3009973168373108,0.6039573550224304,-0.1986262798309326,0.2824481129646301,0.6110498905181885,-0.2149917036294937,0.2694193720817566,0.479341059923172,-0.1195981279015541,0.2554200291633606,0.5863687992095947,-0.1516975164413452,0.2830310761928558,0.611361563205719,-0.1535556316375732,0.2967893481254577,0.5983380675315857,-0.1604506820440292,0.2299230098724365,0.4936809539794922,-0.1140922829508781,0.2309325784444809,0.6006947755813599,-0.1349877119064331,0.2572692036628723,0.6169468760490417,-0.1181847676634788,0.2702382802963257,0.6002196669578552,-0.1091800108551979,0.2070935070514679,0.5181655883789062,-0.1144545450806617,0.208291620016098,0.6105430722236633,-0.1316920816898346,0.2323626428842544,0.6256693601608276,-0.1224012002348899,0.2454776018857956,0.6117126941680908,-0.116788275539875,0.0,0.0,0.0,0.0,0.0,0.0,0.0,0.0,0.0,0.0,0.0,0.0,0.0,0.0,0.0,0.0,0.0,0.0,0.0,0.0,0.0,0.0,0.0,0.0,0.0,0.0,0.0,0.0,0.0,0.0,0.0,0.0,0.0,0.0,0.0,0.0,0.0,0.0,0.0,0.0,0.0,0.0,0.0,0.0,0.0,0.0,0.0,0.0,0.0,0.0,0.0,0.0,0.0,0.0,0.0,0.0,0.0,0.0,0.0,0.0,0.0,0.0,0.0,YOU
0.2919805943965912,0.5075871348381042,2.179288429715598e-07,0.3384889364242553,0.4862321317195892,-0.0387714803218841,0.3758052587509155,0.5053306221961975,-0.0814965143799781,0.3880179226398468,0.5873051881790161,-0.1181892082095146,0.3771720230579376,0.6731514930725098,-0.155567392706871,0.2860889136791229,0.5021248459815979,-0.1144722700119018,0.3441337049007416,0.5965203642845154,-0.1603339165449142,0.3410166501998901,0.6110666990280151,-0.1892116218805313,0.3217560350894928,0.601076066493988,-0.207750454545021,0.2457348406314849,0.5469465851783752,-0.1147785410284996,0.3206978142261505,0.6241841316223145,-0.1484463512897491,0.3210263550281524,0.6235603094100952,-0.1507498174905777,0.308212012052536,0.6019183993339539,-0.1582773029804229,0.2275853455066681,0.5862100124359131,-0.1143770515918731,0.3056042492389679,0.6504608392715454,-0.1346755176782608,0.3034045100212097,0.641801118850708,-0.1152030676603317,0.2863886952400207,0.6165688037872314,-0.1053353175520896,0.2196562886238098,0.6185489892959595,-0.1189550161361694,0.2804166078567505,0.6660510301589966,-0.1271643191576004,0.2850944399833679,0.6564524173736572,-0.1113208085298538,0.2707629203796386,0.6321893930435181,-0.1044400334358215,0.0,0.0,0.0,0.0,0.0,0.0,0.0,0.0,0.0,0.0,0.0,0.0,0.0,0.0,0.0,0.0,0.0,0.0,0.0,0.0,0.0,0.0,0.0,0.0,0.0,0.0,0.0,0.0,0.0,0.0,0.0,0.0,0.0,0.0,0.0,0.0,0.0,0.0,0.0,0.0,0.0,0.0,0.0,0.0,0.0,0.0,0.0,0.0,0.0,0.0,0.0,0.0,0.0,0.0,0.0,0.0,0.0,0.0,0.0,0.0,0.0,0.0,0.0,YOU
0.2798569500446319,0.5935446619987488,2.970450339034869e-07,0.3061660230159759,0.6842039823532104,-0.0457934811711311,0.298591136932373,0.7636305093765259,-0.0949690416455268,0.2612054944038391,0.821815013885498,-0.1351069211959839,0.2104521989822387,0.8402837514877319,-0.1734516471624374,0.2567453980445862,0.635150134563446,-0.1409008949995041,0.2461794316768646,0.7460992336273193,-0.1834986358880996,0.2562853395938873,0.7720869779586792,-0.2039188295602798,0.2524977326393127,0.7555338144302368,-0.2174982875585556,0.2125204205513,0.6099478006362915,-0.1393496543169021,0.1942915618419647,0.7582331299781799,-0.17084801197052,0.21023491024971,0.7702233791351318,-0.1659401953220367,0.2188178598880767,0.7432928085327148,-0.1712830662727356,0.1812938451766967,0.6118397116661072,-0.1358715742826461,0.1685057878494262,0.7683398127555847,-0.1531413346529007,0.1863723248243332,0.7713202238082886,-0.1317125409841537,0.1956979632377624,0.7370822429656982,-0.1253067255020141,0.1560306698083877,0.6281365752220154,-0.1385462284088134,0.1463785767555236,0.761870801448822,-0.1536720097064972,0.1536536663770675,0.7682784199714661,-0.1425093412399292,0.1569109559059143,0.7387309074401855,-0.1399912238121032,0.0,0.0,0.0,0.0,0.0,0.0,0.0,0.0,0.0,0.0,0.0,0.0,0.0,0.0,0.0,0.0,0.0,0.0,0.0,0.0,0.0,0.0,0.0,0.0,0.0,0.0,0.0,0.0,0.0,0.0,0.0,0.0,0.0,0.0,0.0,0.0,0.0,0.0,0.0,0.0,0.0,0.0,0.0,0.0,0.0,0.0,0.0,0.0,0.0,0.0,0.0,0.0,0.0,0.0,0.0,0.0,0.0,0.0,0.0,0.0,0.0,0.0,0.0,YOU
0.2574005722999573,0.5818758606910706,2.408496015959827e-07,0.31842041015625,0.6051902174949646,-0.0555162169039249,0.348506212234497,0.6089029908180237,-0.0980908572673797,0.3056983649730682,0.6249227523803711,-0.1333371549844741,0.2529365420341491,0.6366209387779236,-0.1652332842350006,0.3160256445407867,0.4661360681056976,-0.1043036878108978,0.3160131573677063,0.4742628335952759,-0.1536927074193954,0.3173010647296905,0.481732964515686,-0.1804653406143188,0.3059910237789154,0.4779205620288849,-0.1960354745388031,0.2620907723903656,0.4398638010025024,-0.095798835158348,0.2508045434951782,0.5706608295440674,-0.1391291618347168,0.2718122601509094,0.6130305528640747,-0.144184872508049,0.2847289443016052,0.6020007729530334,-0.1452589035034179,0.2180495113134384,0.452982634305954,-0.0907742977142334,0.2128665745258331,0.5934446454048157,-0.1234540268778801,0.2420480549335479,0.616810142993927,-0.108742356300354,0.2619239091873169,0.5914535522460938,-0.0956135988235473,0.1843721270561218,0.4794991910457611,-0.092530071735382,0.1867517679929733,0.5842357277870178,-0.1188466548919677,0.2084845602512359,0.603212833404541,-0.1134361997246742,0.2234059870243072,0.5838420391082764,-0.1044363975524902,0.0,0.0,0.0,0.0,0.0,0.0,0.0,0.0,0.0,0.0,0.0,0.0,0.0,0.0,0.0,0.0,0.0,0.0,0.0,0.0,0.0,0.0,0.0,0.0,0.0,0.0,0.0,0.0,0.0,0.0,0.0,0.0,0.0,0.0,0.0,0.0,0.0,0.0,0.0,0.0,0.0,0.0,0.0,0.0,0.0,0.0,0.0,0.0,0.0,0.0,0.0,0.0,0.0,0.0,0.0,0.0,0.0,0.0,0.0,0.0,0.0,0.0,0.0,YOU
0.2877147495746612,0.4756876230239868,2.8586129019458895e-07,0.3301973044872284,0.5272817611694336,-0.0487860143184661,0.3346869349479675,0.5626406669616699,-0.0949933007359504,0.2944289743900299,0.6065414547920227,-0.1363436728715896,0.2367157340049743,0.635045051574707,-0.1774852722883224,0.3093963265419006,0.4518941342830658,-0.1051186993718147,0.2993768751621246,0.4947191774845123,-0.1457361578941345,0.3079979419708252,0.4970669746398926,-0.1740035712718963,0.311711698770523,0.4733835160732269,-0.1948273330926895,0.2569126486778259,0.4374424815177917,-0.1043671742081642,0.2402696311473846,0.5553846955299377,-0.1392037123441696,0.2472566366195678,0.5567774772644043,-0.1472413390874862,0.2522202432155609,0.5213320255279541,-0.1582985073328018,0.2141781896352768,0.4493846893310547,-0.1046331152319908,0.2052416354417801,0.5720846056938171,-0.1336890608072281,0.2179938405752182,0.5696391463279724,-0.12861929833889,0.2241567969322204,0.5300629734992981,-0.1271667778491974,0.1825239360332489,0.4698647260665893,-0.1103964447975158,0.179729163646698,0.5740370154380798,-0.1308733820915222,0.1875822395086288,0.5733932256698608,-0.1264229267835617,0.1912557184696197,0.539232611656189,-0.1256294399499893,0.0,0.0,0.0,0.0,0.0,0.0,0.0,0.0,0.0,0.0,0.0,0.0,0.0,0.0,0.0,0.0,0.0,0.0,0.0,0.0,0.0,0.0,0.0,0.0,0.0,0.0,0.0,0.0,0.0,0.0,0.0,0.0,0.0,0.0,0.0,0.0,0.0,0.0,0.0,0.0,0.0,0.0,0.0,0.0,0.0,0.0,0.0,0.0,0.0,0.0,0.0,0.0,0.0,0.0,0.0,0.0,0.0,0.0,0.0,0.0,0.0,0.0,0.0,YOU
0.2869934737682342,0.5027222037315369,3.592783457406768e-07,0.3512278795242309,0.5381209850311279,-0.0415644347667694,0.3682902157306671,0.5668768882751465,-0.0792068317532539,0.3187253773212433,0.6136423349380493,-0.1113193854689598,0.2506071329116821,0.650600790977478,-0.1436942517757415,0.3170825242996216,0.4516849517822265,-0.1002520769834518,0.2990684509277344,0.4726690649986267,-0.1367015987634658,0.3097484111785888,0.4821914732456207,-0.1604024767875671,0.3102799654006958,0.4814803898334503,-0.176166757941246,0.2595487236976623,0.4424726963043213,-0.0964674651622772,0.2381787449121475,0.5418277978897095,-0.1243259981274604,0.2673177719116211,0.5550753474235535,-0.1281762421131134,0.2849317193031311,0.5429076552391052,-0.1347627788782119,0.2157614678144455,0.4562817811965942,-0.0925508514046669,0.2050167769193649,0.5567346811294556,-0.1132757142186164,0.2370170056819915,0.5655479431152344,-0.1031952798366546,0.2564867436885834,0.5549084544181824,-0.096731849014759,0.1862871199846267,0.4784221947193146,-0.0940151736140251,0.1783166676759719,0.5554059743881226,-0.112930916249752,0.2064349502325058,0.56547611951828,-0.1086042150855064,0.227025032043457,0.5599808692932129,-0.1046857610344886,0.0,0.0,0.0,0.0,0.0,0.0,0.0,0.0,0.0,0.0,0.0,0.0,0.0,0.0,0.0,0.0,0.0,0.0,0.0,0.0,0.0,0.0,0.0,0.0,0.0,0.0,0.0,0.0,0.0,0.0,0.0,0.0,0.0,0.0,0.0,0.0,0.0,0.0,0.0,0.0,0.0,0.0,0.0,0.0,0.0,0.0,0.0,0.0,0.0,0.0,0.0,0.0,0.0,0.0,0.0,0.0,0.0,0.0,0.0,0.0,0.0,0.0,0.0,YOU
0.3262577950954437,0.5004329681396484,3.0554269869753625e-07,0.3733533024787903,0.5639148354530334,-0.0606557130813598,0.3696247935295105,0.6062150001525879,-0.1096718683838844,0.3031594157218933,0.6486923694610596,-0.1471313685178756,0.2252094894647598,0.6764535307884216,-0.1847786456346511,0.3275332748889923,0.4939004480838775,-0.1422001719474792,0.2841465175151825,0.5776818990707397,-0.1896008998155594,0.2877733111381531,0.5902386903762817,-0.2195679694414138,0.2853699922561645,0.5698864459991455,-0.2391561269760131,0.2762597799301147,0.4732487499713897,-0.1293109953403473,0.2376533895730972,0.5998885631561279,-0.1630815416574478,0.2628786265850067,0.6168171763420105,-0.1674365252256393,0.2789669036865234,0.5998756289482117,-0.1771272420883178,0.2397229671478271,0.473995178937912,-0.1159415617585182,0.2124381363391876,0.6003091335296631,-0.140529453754425,0.2382719963788986,0.6109772324562073,-0.1309884339570999,0.2572938799858093,0.5912378430366516,-0.1273322105407714,0.2160346359014511,0.4891427755355835,-0.1093434691429138,0.2024445831775665,0.5947716236114502,-0.1302495598793029,0.2241753786802292,0.6106719374656677,-0.127134770154953,0.241100400686264,0.5980513095855713,-0.1263970881700515,0.0,0.0,0.0,0.0,0.0,0.0,0.0,0.0,0.0,0.0,0.0,0.0,0.0,0.0,0.0,0.0,0.0,0.0,0.0,0.0,0.0,0.0,0.0,0.0,0.0,0.0,0.0,0.0,0.0,0.0,0.0,0.0,0.0,0.0,0.0,0.0,0.0,0.0,0.0,0.0,0.0,0.0,0.0,0.0,0.0,0.0,0.0,0.0,0.0,0.0,0.0,0.0,0.0,0.0,0.0,0.0,0.0,0.0,0.0,0.0,0.0,0.0,0.0,YOU
0.3201375603675842,0.5470625758171082,1.3838787538134056e-07,0.3558906316757202,0.5794094800949097,-0.0392447672784328,0.3510289490222931,0.6340934038162231,-0.0865246355533599,0.320741057395935,0.7039467096328735,-0.1263548582792282,0.2789613604545593,0.7629212141036987,-0.1669133305549621,0.2576441168785095,0.5494625568389893,-0.137173518538475,0.2570949792861938,0.6496043801307678,-0.1829507946968078,0.2653979957103729,0.6507593989372253,-0.2082996219396591,0.2632262408733368,0.6306434869766235,-0.2249930649995803,0.214902251958847,0.5553876757621765,-0.1378068923950195,0.2257181257009506,0.6789641976356506,-0.1717614233493805,0.2328990995883941,0.6688877940177917,-0.1672922968864441,0.2268823981285095,0.6391737461090088,-0.1720120012760162,0.1953836232423782,0.5727435350418091,-0.1363445371389389,0.2153277099132537,0.6946408748626709,-0.161691203713417,0.2215052843093872,0.6813285946846008,-0.1445973664522171,0.2155790627002716,0.645962119102478,-0.1376721411943435,0.1899402290582656,0.5970112085342407,-0.139380007982254,0.2041222006082534,0.6885619759559631,-0.1604993045330047,0.2116124629974365,0.682975709438324,-0.1533773839473724,0.2113439440727234,0.656358003616333,-0.1522210538387298,0.0,0.0,0.0,0.0,0.0,0.0,0.0,0.0,0.0,0.0,0.0,0.0,0.0,0.0,0.0,0.0,0.0,0.0,0.0,0.0,0.0,0.0,0.0,0.0,0.0,0.0,0.0,0.0,0.0,0.0,0.0,0.0,0.0,0.0,0.0,0.0,0.0,0.0,0.0,0.0,0.0,0.0,0.0,0.0,0.0,0.0,0.0,0.0,0.0,0.0,0.0,0.0,0.0,0.0,0.0,0.0,0.0,0.0,0.0,0.0,0.0,0.0,0.0,YOU
0.2958040833473205,0.5249664187431335,2.506856731088192e-07,0.3430139422416687,0.5405868291854858,-0.0443988367915153,0.3581396639347076,0.582617998123169,-0.0907113254070282,0.336761862039566,0.6600927710533142,-0.1288319230079651,0.2960789501667022,0.7213269472122192,-0.1664187908172607,0.252989113330841,0.516600489616394,-0.1296108663082122,0.2809318006038666,0.6146464943885803,-0.1691960841417312,0.2874214649200439,0.6237472891807556,-0.1897995471954345,0.2773381471633911,0.605567991733551,-0.2024759948253631,0.2030717432498932,0.5404156446456909,-0.1252660304307937,0.2416304349899292,0.6523862481117249,-0.1527243852615356,0.2471678555011749,0.6436964273452759,-0.1486052721738815,0.238932654261589,0.6093957424163818,-0.1537791788578033,0.1803195774555206,0.5704641342163086,-0.1191798150539398,0.2278169393539428,0.6746237277984619,-0.134497657418251,0.2317963540554046,0.6610234975814819,-0.1150322631001472,0.2207787781953811,0.6199990510940552,-0.1077645793557167,0.173193871974945,0.5972287058830261,-0.1183939203619957,0.2057308107614517,0.6800491809844971,-0.1254630237817764,0.2097060978412628,0.6682866215705872,-0.1114197522401809,0.2016619741916656,0.6322420239448547,-0.1071464270353317,0.0,0.0,0.0,0.0,0.0,0.0,0.0,0.0,0.0,0.0,0.0,0.0,0.0,0.0,0.0,0.0,0.0,0.0,0.0,0.0,0.0,0.0,0.0,0.0,0.0,0.0,0.0,0.0,0.0,0.0,0.0,0.0,0.0,0.0,0.0,0.0,0.0,0.0,0.0,0.0,0.0,0.0,0.0,0.0,0.0,0.0,0.0,0.0,0.0,0.0,0.0,0.0,0.0,0.0,0.0,0.0,0.0,0.0,0.0,0.0,0.0,0.0,0.0,YOU
0.3773377537727356,0.578134298324585,2.8605507296219912e-08,0.3623761236667633,0.583690881729126,-0.0475607253611087,0.3237919807434082,0.6070501208305359,-0.1015496701002121,0.2833146452903747,0.6707410216331482,-0.1493463069200515,0.26332688331604,0.7317529320716858,-0.1988695561885833,0.3046424388885498,0.5298471450805664,-0.1357380151748657,0.2637099027633667,0.6078153252601624,-0.1915389895439148,0.2535020112991333,0.6339005827903748,-0.2256433367729187,0.2575702667236328,0.6337029337882996,-0.2487325370311737,0.2912142872810364,0.5558099746704102,-0.1391695290803909,0.2585273683071136,0.6389485001564026,-0.1889650225639343,0.2435137927532196,0.6489489078521729,-0.1993395388126373,0.2513527870178222,0.6332797408103943,-0.2104926109313964,0.2874945700168609,0.5936353206634521,-0.1417943388223648,0.2608799338340759,0.679149866104126,-0.1855914145708084,0.244382232427597,0.6795235872268677,-0.1760665774345398,0.2469245791435241,0.6544716954231262,-0.1698714196681976,0.289794921875,0.6361692547798157,-0.1483464539051056,0.2645513713359833,0.6991870999336243,-0.1774480789899826,0.2502536475658417,0.6977494955062866,-0.1677105277776718,0.2505913972854614,0.6747276186943054,-0.1622226983308792,0.0,0.0,0.0,0.0,0.0,0.0,0.0,0.0,0.0,0.0,0.0,0.0,0.0,0.0,0.0,0.0,0.0,0.0,0.0,0.0,0.0,0.0,0.0,0.0,0.0,0.0,0.0,0.0,0.0,0.0,0.0,0.0,0.0,0.0,0.0,0.0,0.0,0.0,0.0,0.0,0.0,0.0,0.0,0.0,0.0,0.0,0.0,0.0,0.0,0.0,0.0,0.0,0.0,0.0,0.0,0.0,0.0,0.0,0.0,0.0,0.0,0.0,0.0,YOU
0.3421274423599243,0.5693504810333252,3.799183616592927e-07,0.3552782237529754,0.5978025197982788,-0.0444730557501316,0.3391002416610718,0.6383172273635864,-0.0967820435762405,0.2995244562625885,0.6970279216766357,-0.1443787664175033,0.2616588175296783,0.7406636476516724,-0.1928225755691528,0.3410762548446655,0.540845513343811,-0.1219268813729286,0.3066395819187164,0.5732482671737671,-0.1844909638166427,0.2825625240802765,0.6032326817512512,-0.2281921356916427,0.2688153088092804,0.6129311323165894,-0.2560621798038482,0.2991396486759186,0.5426790118217468,-0.1305071264505386,0.2904219627380371,0.6516876220703125,-0.1908698081970214,0.2684373557567596,0.6937320828437805,-0.2118371129035949,0.2652338743209839,0.7038913369178772,-0.2261828780174255,0.2657743692398071,0.5678198337554932,-0.1385822147130966,0.2444838881492614,0.6907892823219299,-0.1876315027475357,0.2185746431350708,0.6846295595169067,-0.1791397780179977,0.2118604332208633,0.6449878215789795,-0.1706204563379287,0.2390479743480682,0.5952999591827393,-0.1507817953824997,0.2171736657619476,0.6888012886047363,-0.178422600030899,0.2007890045642852,0.6829599142074585,-0.1640999764204025,0.1990960538387298,0.6480809450149536,-0.1541258841753006,0.0,0.0,0.0,0.0,0.0,0.0,0.0,0.0,0.0,0.0,0.0,0.0,0.0,0.0,0.0,0.0,0.0,0.0,0.0,0.0,0.0,0.0,0.0,0.0,0.0,0.0,0.0,0.0,0.0,0.0,0.0,0.0,0.0,0.0,0.0,0.0,0.0,0.0,0.0,0.0,0.0,0.0,0.0,0.0,0.0,0.0,0.0,0.0,0.0,0.0,0.0,0.0,0.0,0.0,0.0,0.0,0.0,0.0,0.0,0.0,0.0,0.0,0.0,YOU
0.3608207106590271,0.5750429630279541,3.2155978146874986e-07,0.3685611486434936,0.5712406635284424,-0.0480617955327034,0.3380703926086426,0.5803670883178711,-0.1025718823075294,0.2940294146537781,0.6178346872329712,-0.151820421218872,0.2595552206039428,0.6552344560623169,-0.2020799815654754,0.3636239469051361,0.5457634925842285,-0.1249457970261573,0.3280067145824432,0.6200142502784729,-0.1838812083005905,0.3035547137260437,0.6744735836982727,-0.2242368161678314,0.2894925773143768,0.704982578754425,-0.2500381767749786,0.3150810003280639,0.5508077144622803,-0.1305305510759353,0.277138352394104,0.6404737234115601,-0.1893155127763748,0.2481983602046966,0.6520547866821289,-0.2093942910432815,0.2442410290241241,0.6402894854545593,-0.2232100814580917,0.2742423117160797,0.5715947151184082,-0.1356965899467468,0.2396300882101059,0.663260817527771,-0.1847908794879913,0.2190416306257248,0.6571510434150696,-0.1792405843734741,0.2213313728570938,0.6256697773933411,-0.1724771112203598,0.2442757189273834,0.5947715044021606,-0.1447431445121765,0.2094678431749344,0.6628498435020447,-0.1750480234622955,0.1956737786531448,0.6564700603485107,-0.1647906452417373,0.2022062987089157,0.6279401183128357,-0.1562550216913223,0.0,0.0,0.0,0.0,0.0,0.0,0.0,0.0,0.0,0.0,0.0,0.0,0.0,0.0,0.0,0.0,0.0,0.0,0.0,0.0,0.0,0.0,0.0,0.0,0.0,0.0,0.0,0.0,0.0,0.0,0.0,0.0,0.0,0.0,0.0,0.0,0.0,0.0,0.0,0.0,0.0,0.0,0.0,0.0,0.0,0.0,0.0,0.0,0.0,0.0,0.0,0.0,0.0,0.0,0.0,0.0,0.0,0.0,0.0,0.0,0.0,0.0,0.0,YOU
0.3513659834861755,0.5739884972572327,5.61913225283206e-07,0.3915055990219116,0.5922389626502991,-0.0388085506856441,0.3860499560832977,0.6422420144081116,-0.0940936952829361,0.3434575200080871,0.7157502174377441,-0.1423984318971634,0.2915032505989074,0.7617220282554626,-0.1917510628700256,0.3200945556163788,0.5243819355964661,-0.1493560671806335,0.3109538853168487,0.5828553438186646,-0.2052399218082428,0.3131866157054901,0.6094042062759399,-0.237790897488594,0.3146600425243377,0.6107003688812256,-0.2556781470775604,0.2635576128959656,0.5286479592323303,-0.1514244973659515,0.2878331542015075,0.6457141041755676,-0.1965982764959335,0.301981121301651,0.6631818413734436,-0.1943331509828567,0.3023938238620758,0.6449112892150879,-0.1945372521877288,0.2325025051832199,0.5582944750785828,-0.1503064483404159,0.2598595321178436,0.6784488558769226,-0.1733417809009552,0.2812731862068176,0.6823982000350952,-0.1411718279123306,0.2845152914524078,0.6468241810798645,-0.1199456602334976,0.2173614650964737,0.5914876461029053,-0.1545863300561905,0.2356952279806137,0.687847375869751,-0.1590329557657241,0.2570506334304809,0.6956833004951477,-0.1323774605989456,0.2676356434822082,0.6699259877204895,-0.1159058287739753,0.0,0.0,0.0,0.0,0.0,0.0,0.0,0.0,0.0,0.0,0.0,0.0,0.0,0.0,0.0,0.0,0.0,0.0,0.0,0.0,0.0,0.0,0.0,0.0,0.0,0.0,0.0,0.0,0.0,0.0,0.0,0.0,0.0,0.0,0.0,0.0,0.0,0.0,0.0,0.0,0.0,0.0,0.0,0.0,0.0,0.0,0.0,0.0,0.0,0.0,0.0,0.0,0.0,0.0,0.0,0.0,0.0,0.0,0.0,0.0,0.0,0.0,0.0,YOU
0.3229194283485412,0.6256814002990723,3.769833654132526e-07,0.3756024241447449,0.6303523182868958,-0.0355287306010723,0.3810459971427917,0.6525916457176208,-0.0858452841639518,0.3425717055797577,0.7117653489112854,-0.1286166757345199,0.2867614924907684,0.759592592716217,-0.1706691831350326,0.3212758302688598,0.5294554233551025,-0.1322929561138153,0.2937889099121094,0.5658103227615356,-0.1962040662765503,0.2875333130359649,0.5802925229072571,-0.2360301613807678,0.2827479541301727,0.5892115235328674,-0.2553003132343292,0.2626987993717193,0.5224173665046692,-0.1349529922008514,0.2763423919677734,0.6662030220031738,-0.1916595846414566,0.302569717168808,0.6878133416175842,-0.1984894573688507,0.3142573833465576,0.677359402179718,-0.1988302767276764,0.2230575084686279,0.5537935495376587,-0.1350261867046356,0.2373997867107391,0.691821813583374,-0.1718358993530273,0.2662928104400635,0.6963823437690735,-0.1500696241855621,0.2836116552352905,0.6664673089981079,-0.1288973689079284,0.2018426358699798,0.5944600105285645,-0.1383511871099472,0.209956094622612,0.6888257265090942,-0.1444481760263443,0.2319756001234054,0.6946668028831482,-0.1178233847022056,0.2480502873659134,0.6718186736106873,-0.0986543372273445,0.0,0.0,0.0,0.0,0.0,0.0,0.0,0.0,0.0,0.0,0.0,0.0,0.0,0.0,0.0,0.0,0.0,0.0,0.0,0.0,0.0,0.0,0.0,0.0,0.0,0.0,0.0,0.0,0.0,0.0,0.0,0.0,0.0,0.0,0.0,0.0,0.0,0.0,0.0,0.0,0.0,0.0,0.0,0.0,0.0,0.0,0.0,0.0,0.0,0.0,0.0,0.0,0.0,0.0,0.0,0.0,0.0,0.0,0.0,0.0,0.0,0.0,0.0,YOU
0.3534735143184662,0.5579546689987183,2.552611988448916e-07,0.3792549967765808,0.6188814043998718,-0.0418563336133956,0.3602906763553619,0.6835246086120605,-0.0935903191566467,0.3126349747180938,0.7411388754844666,-0.1378014385700225,0.267324686050415,0.7662463188171387,-0.1836847215890884,0.3163656592369079,0.5681302547454834,-0.1420631259679794,0.2828248143196106,0.6262115836143494,-0.1957124024629593,0.2791147828102112,0.6389885544776917,-0.2320802807807922,0.2720171511173248,0.6238791942596436,-0.2562858760356903,0.2652380764484405,0.5495414733886719,-0.144230917096138,0.2402875274419784,0.6461098194122314,-0.1850865632295608,0.2451397329568863,0.669017493724823,-0.1934612691402435,0.2493004649877548,0.6591272354125977,-0.2068242579698562,0.2328753769397735,0.5533910989761353,-0.1436676681041717,0.2193025797605514,0.6628779172897339,-0.1700465232133865,0.231790542602539,0.6768202781677246,-0.1563587188720703,0.2390786409378051,0.6566494107246399,-0.1527220755815506,0.209715649485588,0.5657438039779663,-0.1477430313825607,0.1975120902061462,0.6528102159500122,-0.1662664711475372,0.206307053565979,0.6663126349449158,-0.1552129685878753,0.216089054942131,0.6505486369132996,-0.1518208533525467,0.0,0.0,0.0,0.0,0.0,0.0,0.0,0.0,0.0,0.0,0.0,0.0,0.0,0.0,0.0,0.0,0.0,0.0,0.0,0.0,0.0,0.0,0.0,0.0,0.0,0.0,0.0,0.0,0.0,0.0,0.0,0.0,0.0,0.0,0.0,0.0,0.0,0.0,0.0,0.0,0.0,0.0,0.0,0.0,0.0,0.0,0.0,0.0,0.0,0.0,0.0,0.0,0.0,0.0,0.0,0.0,0.0,0.0,0.0,0.0,0.0,0.0,0.0,YOU
0.3612396121025085,0.5674007534980774,1.7709909627683373e-07,0.3862879574298858,0.617915153503418,-0.0413899607956409,0.3654222190380096,0.6758683919906616,-0.0906900018453598,0.3128931522369385,0.7389131188392639,-0.1331202834844589,0.2623114585876465,0.7752046585083008,-0.17645925283432,0.3216302394866943,0.5585721731185913,-0.1323534250259399,0.290040373802185,0.6380414962768555,-0.1834970265626907,0.2864507436752319,0.647926390171051,-0.2166162282228469,0.2844534516334533,0.629982590675354,-0.2386827021837234,0.2728259563446045,0.5511486530303955,-0.1341398954391479,0.251932680606842,0.6606075763702393,-0.1749459207057953,0.2508577406406402,0.6674028038978577,-0.1807336807250976,0.2559244036674499,0.6447928547859192,-0.191252589225769,0.2418059110641479,0.5649794340133667,-0.1339439302682876,0.2328854352235794,0.6843492984771729,-0.1632944047451019,0.2375187575817108,0.6832275390625,-0.1477404534816742,0.242796316742897,0.6483385562896729,-0.1409953385591507,0.2227133363485336,0.5833003520965576,-0.1382870525121688,0.2137364745140075,0.6790343523025513,-0.159836858510971,0.2179448753595352,0.6822529435157776,-0.1489407569169998,0.2253686040639877,0.6556928157806396,-0.1444137394428253,0.0,0.0,0.0,0.0,0.0,0.0,0.0,0.0,0.0,0.0,0.0,0.0,0.0,0.0,0.0,0.0,0.0,0.0,0.0,0.0,0.0,0.0,0.0,0.0,0.0,0.0,0.0,0.0,0.0,0.0,0.0,0.0,0.0,0.0,0.0,0.0,0.0,0.0,0.0,0.0,0.0,0.0,0.0,0.0,0.0,0.0,0.0,0.0,0.0,0.0,0.0,0.0,0.0,0.0,0.0,0.0,0.0,0.0,0.0,0.0,0.0,0.0,0.0,YOU
0.3599867224693298,0.5737751722335815,1.8736631091087477e-07,0.3805435299873352,0.6116986274719238,-0.0441173277795314,0.3570121526718139,0.659401535987854,-0.0937573015689849,0.3093817830085754,0.7162663340568542,-0.1374107599258422,0.2652261257171631,0.7514668703079224,-0.1820941865444183,0.3367590308189392,0.563132643699646,-0.1257753521203994,0.3039448857307434,0.6458346843719482,-0.1807693541049957,0.2894253134727478,0.6701405644416809,-0.2172041237354278,0.2844880223274231,0.6693161725997925,-0.2410705238580703,0.2864485383033752,0.5529155135154724,-0.1281710714101791,0.2610321044921875,0.657249927520752,-0.1766380071640014,0.2442160844802856,0.6606563329696655,-0.1890541911125183,0.246787428855896,0.6393585801124573,-0.2015992254018783,0.2522523403167724,0.5629222989082336,-0.1292933374643325,0.2343339323997497,0.6759301424026489,-0.1682029664516449,0.2258483320474624,0.6674385070800781,-0.1570405066013336,0.2296311557292938,0.6316190958023071,-0.1499906629323959,0.2314585298299789,0.5785174369812012,-0.1344377249479293,0.2129732817411422,0.668407142162323,-0.1592334508895874,0.2058582603931427,0.6667618751525879,-0.1474315226078033,0.2097731530666351,0.6385076642036438,-0.1405096501111984,0.0,0.0,0.0,0.0,0.0,0.0,0.0,0.0,0.0,0.0,0.0,0.0,0.0,0.0,0.0,0.0,0.0,0.0,0.0,0.0,0.0,0.0,0.0,0.0,0.0,0.0,0.0,0.0,0.0,0.0,0.0,0.0,0.0,0.0,0.0,0.0,0.0,0.0,0.0,0.0,0.0,0.0,0.0,0.0,0.0,0.0,0.0,0.0,0.0,0.0,0.0,0.0,0.0,0.0,0.0,0.0,0.0,0.0,0.0,0.0,0.0,0.0,0.0,YOU
0.3369931578636169,0.6056501269340515,9.226091890468525e-08,0.3963243067264557,0.6213446855545044,-0.0307895243167877,0.4239515364170074,0.6835601925849915,-0.0658892840147018,0.3912353515625,0.7435402274131775,-0.0909575074911117,0.3310486674308777,0.7507133483886719,-0.1145763993263244,0.3742239475250244,0.5460349917411804,-0.1161626279354095,0.3774313330650329,0.5987997055053711,-0.1611337959766388,0.3814506232738495,0.6104421019554138,-0.1834851652383804,0.3712017834186554,0.6019890904426575,-0.191882699728012,0.3158933520317077,0.5419147610664368,-0.1160215958952903,0.340589702129364,0.692486047744751,-0.1641181409358978,0.364804595708847,0.6935714483261108,-0.1692549884319305,0.3651313185691833,0.6532395482063293,-0.1645611822605133,0.2747768461704254,0.5718593597412109,-0.1120674088597297,0.3010382950305938,0.7209305763244629,-0.1403399854898452,0.3329587578773498,0.7183485627174377,-0.124458260834217,0.3430862724781036,0.684245228767395,-0.1059374511241912,0.2493476867675781,0.6096339225769043,-0.1101082786917686,0.280264288187027,0.7139237523078918,-0.1103691905736923,0.3106389939785003,0.7146468162536621,-0.0894373059272766,0.3214947879314422,0.690602719783783,-0.0744869634509086,0.0,0.0,0.0,0.0,0.0,0.0,0.0,0.0,0.0,0.0,0.0,0.0,0.0,0.0,0.0,0.0,0.0,0.0,0.0,0.0,0.0,0.0,0.0,0.0,0.0,0.0,0.0,0.0,0.0,0.0,0.0,0.0,0.0,0.0,0.0,0.0,0.0,0.0,0.0,0.0,0.0,0.0,0.0,0.0,0.0,0.0,0.0,0.0,0.0,0.0,0.0,0.0,0.0,0.0,0.0,0.0,0.0,0.0,0.0,0.0,0.0,0.0,0.0,YOU
0.3459340333938598,0.6095619201660156,1.29044650520882e-07,0.4038189947605133,0.6240828037261963,-0.0324689894914627,0.4270854592323303,0.6829168796539307,-0.0706726014614105,0.3931767642498016,0.7475972175598145,-0.098555289208889,0.3365599811077118,0.772350013256073,-0.1247452646493911,0.3812073171138763,0.5545817613601685,-0.1261570900678634,0.390869528055191,0.5963085889816284,-0.1752264201641082,0.3955754339694977,0.607610285282135,-0.199371799826622,0.3868510723114013,0.6011427044868469,-0.2086956351995468,0.3249125182628631,0.552384614944458,-0.1263526529073715,0.35345658659935,0.696735143661499,-0.1770207583904266,0.3704296350479126,0.6986277103424072,-0.1812782883644104,0.3640730082988739,0.6604034900665283,-0.1762905120849609,0.2842944860458374,0.5841533541679382,-0.1226546987891197,0.3142745196819305,0.727794349193573,-0.1528622061014175,0.3413814902305603,0.7206340432167053,-0.1346624195575714,0.3469366133213043,0.6841686964035034,-0.1148032620549202,0.2579631805419922,0.6231076121330261,-0.1212395653128624,0.2888053655624389,0.7240256667137146,-0.1233275085687637,0.3140299916267395,0.7205641865730286,-0.1012593358755111,0.3208636939525604,0.6945062875747681,-0.0851600691676139,0.0,0.0,0.0,0.0,0.0,0.0,0.0,0.0,0.0,0.0,0.0,0.0,0.0,0.0,0.0,0.0,0.0,0.0,0.0,0.0,0.0,0.0,0.0,0.0,0.0,0.0,0.0,0.0,0.0,0.0,0.0,0.0,0.0,0.0,0.0,0.0,0.0,0.0,0.0,0.0,0.0,0.0,0.0,0.0,0.0,0.0,0.0,0.0,0.0,0.0,0.0,0.0,0.0,0.0,0.0,0.0,0.0,0.0,0.0,0.0,0.0,0.0,0.0,YOU
0.5682826042175293,0.7406466007232666,-2.3064474419243202e-07,0.5780499577522278,0.67939692735672,0.0125041911378502,0.5708087682723999,0.6187063455581665,0.0137632908299565,0.5496545433998108,0.5886596441268921,0.0118223689496517,0.5276143550872803,0.5756787657737732,0.0103059029206633,0.5702900290489197,0.5825156569480896,-0.0034126210957765,0.5618691444396973,0.5069498419761658,-0.0138015355914831,0.536028265953064,0.4963754713535309,-0.0127542335540056,0.5201584100723267,0.5123196840286255,-0.0089581320062279,0.5565616488456726,0.5948114395141602,-0.0126641159877181,0.5059735774993896,0.5446493029594421,-0.0214210469275712,0.4957292377948761,0.5727316737174988,-0.0139862252399325,0.5071145296096802,0.5934745669364929,-0.0069722193293273,0.5398391485214233,0.6149681806564331,-0.0213006660342216,0.4882198572158813,0.5797898769378662,-0.0262383259832859,0.4863332211971283,0.6033143997192383,-0.0159649048000574,0.5001146793365479,0.614977240562439,-0.0086856419220566,0.5237139463424683,0.6382354497909546,-0.0289086308330297,0.4827672243118286,0.6160200834274292,-0.0310239046812057,0.4803161025047302,0.6322149038314819,-0.0240163207054138,0.4914879500865936,0.6416045427322388,-0.017714075744152,0.0,0.0,0.0,0.0,0.0,0.0,0.0,0.0,0.0,0.0,0.0,0.0,0.0,0.0,0.0,0.0,0.0,0.0,0.0,0.0,0.0,0.0,0.0,0.0,0.0,0.0,0.0,0.0,0.0,0.0,0.0,0.0,0.0,0.0,0.0,0.0,0.0,0.0,0.0,0.0,0.0,0.0,0.0,0.0,0.0,0.0,0.0,0.0,0.0,0.0,0.0,0.0,0.0,0.0,0.0,0.0,0.0,0.0,0.0,0.0,0.0,0.0,0.0,YOU
0.3210452795028686,0.5643947124481201,3.08123986769715e-07,0.3785234093666076,0.5961852669715881,-0.0382977463304996,0.3995791673660278,0.6305919885635376,-0.0797792598605156,0.3693688511848449,0.6708427667617798,-0.1178904548287391,0.3246141374111175,0.698601484298706,-0.1549938321113586,0.3908986151218414,0.5082888603210449,-0.1026489585638046,0.3657140433788299,0.514144778251648,-0.1609615534543991,0.3480994999408722,0.525448739528656,-0.1998190134763717,0.3300644755363464,0.5164533257484436,-0.2222311347723007,0.328739196062088,0.4876613616943359,-0.107207253575325,0.3084208071231842,0.6111109256744385,-0.1559556126594543,0.317667156457901,0.6405647993087769,-0.1673564016819,0.3239120244979858,0.6249467730522156,-0.174374371767044,0.2744269073009491,0.5019287467002869,-0.1133945882320404,0.2660487592220306,0.6333298683166504,-0.1478145569562912,0.2828667163848877,0.649616003036499,-0.1324219703674316,0.2937981188297272,0.624644935131073,-0.119460828602314,0.2346871048212051,0.5280274748802185,-0.1251437813043594,0.2366657853126526,0.6324708461761475,-0.1493902206420898,0.2507944405078888,0.6498175263404846,-0.1361870020627975,0.2580836713314056,0.6348511576652527,-0.1226828172802925,0.0,0.0,0.0,0.0,0.0,0.0,0.0,0.0,0.0,0.0,0.0,0.0,0.0,0.0,0.0,0.0,0.0,0.0,0.0,0.0,0.0,0.0,0.0,0.0,0.0,0.0,0.0,0.0,0.0,0.0,0.0,0.0,0.0,0.0,0.0,0.0,0.0,0.0,0.0,0.0,0.0,0.0,0.0,0.0,0.0,0.0,0.0,0.0,0.0,0.0,0.0,0.0,0.0,0.0,0.0,0.0,0.0,0.0,0.0,0.0,0.0,0.0,0.0,YOU
0.4691815078258514,0.8833640217781067,4.4628293949244846e-07,0.4667626619338989,0.8021463751792908,-0.0181511342525482,0.4511265456676483,0.7302559614181519,-0.0256119575351476,0.4381043612957001,0.6713160872459412,-0.0288665294647216,0.42318856716156,0.6277183890342712,-0.0326175540685653,0.3683913350105285,0.7644858956336975,-0.0303440671414136,0.3231048583984375,0.7108418941497803,-0.0381222739815712,0.2899210453033447,0.6822830438613892,-0.0445502586662769,0.2623209357261657,0.6603426337242126,-0.0515286214649677,0.3539349734783172,0.8105065226554871,-0.0291244219988584,0.288774311542511,0.7800507545471191,-0.0419003441929817,0.2456014752388,0.7574467658996582,-0.0589833743870258,0.2128237634897232,0.7417617440223694,-0.0738415494561195,0.3565499782562256,0.8588212132453918,-0.0265872031450271,0.3010033369064331,0.8464024662971497,-0.0434322319924831,0.2650571763515472,0.8348524570465088,-0.0602444745600223,0.2389440834522247,0.8266414999961853,-0.072168543934822,0.3719283044338226,0.900628924369812,-0.0239092744886875,0.3329295516014099,0.9130094051361084,-0.0429922938346862,0.3039766252040863,0.9141504168510436,-0.0546354278922081,0.2771614193916321,0.9127469062805176,-0.0618549138307571,0.0,0.0,0.0,0.0,0.0,0.0,0.0,0.0,0.0,0.0,0.0,0.0,0.0,0.0,0.0,0.0,0.0,0.0,0.0,0.0,0.0,0.0,0.0,0.0,0.0,0.0,0.0,0.0,0.0,0.0,0.0,0.0,0.0,0.0,0.0,0.0,0.0,0.0,0.0,0.0,0.0,0.0,0.0,0.0,0.0,0.0,0.0,0.0,0.0,0.0,0.0,0.0,0.0,0.0,0.0,0.0,0.0,0.0,0.0,0.0,0.0,0.0,0.0,I
0.4568772315979004,0.8731305003166199,4.879077550867805e-07,0.459252655506134,0.7974550127983093,-0.0195627436041831,0.4459413290023803,0.7277724742889404,-0.0270951278507709,0.4377976357936859,0.6702190041542053,-0.0314218774437904,0.4325093626976013,0.6254941821098328,-0.0362754687666893,0.3638202846050262,0.7497022747993469,-0.0255588665604591,0.322723925113678,0.6960616707801819,-0.0351521484553813,0.2946137189865112,0.6623345017433167,-0.0435847677290439,0.2715064883232116,0.6339526772499084,-0.0515606626868248,0.3447043001651764,0.7904034852981567,-0.0249412022531032,0.2863803207874298,0.750712513923645,-0.0364470295608043,0.2469419986009597,0.7234122157096863,-0.0520533844828605,0.2164556980133056,0.7036444544792175,-0.0652543902397155,0.3415237069129944,0.8371596336364746,-0.0243349149823188,0.287773996591568,0.8142013549804688,-0.0397166162729263,0.252627432346344,0.7975978255271912,-0.0551445595920085,0.2264096140861511,0.7859105467796326,-0.0660659372806549,0.3515428304672241,0.8815986514091492,-0.024238621816039,0.3133278489112854,0.8873537182807922,-0.0415606498718261,0.2866616547107696,0.8867889046669006,-0.0517589598894119,0.2629033923149109,0.8851057887077332,-0.0578864738345146,0.0,0.0,0.0,0.0,0.0,0.0,0.0,0.0,0.0,0.0,0.0,0.0,0.0,0.0,0.0,0.0,0.0,0.0,0.0,0.0,0.0,0.0,0.0,0.0,0.0,0.0,0.0,0.0,0.0,0.0,0.0,0.0,0.0,0.0,0.0,0.0,0.0,0.0,0.0,0.0,0.0,0.0,0.0,0.0,0.0,0.0,0.0,0.0,0.0,0.0,0.0,0.0,0.0,0.0,0.0,0.0,0.0,0.0,0.0,0.0,0.0,0.0,0.0,I
0.4512035846710205,0.9104005098342896,3.6134977676738345e-07,0.452049970626831,0.8294200301170349,-0.0164018627256155,0.4371136426925659,0.7535425424575806,-0.0246104635298252,0.4270108342170715,0.6877554655075073,-0.0291590597480535,0.4192875921726227,0.6401205062866211,-0.0348178334534168,0.3542717099189758,0.7805378437042236,-0.0308619774878025,0.3014416098594665,0.729764997959137,-0.0391360446810722,0.2649790048599243,0.7011466026306152,-0.0462562553584575,0.2353036701679229,0.6792925596237183,-0.0535098314285278,0.33772674202919,0.8282588124275208,-0.0304521135985851,0.2674651443958282,0.796639084815979,-0.0413110218942165,0.2232206016778946,0.772933304309845,-0.055905845016241,0.190628096461296,0.7549564242362976,-0.0688897520303726,0.3366477489471435,0.8771938681602478,-0.0287025570869445,0.273510068655014,0.858309268951416,-0.0421295799314975,0.2339698374271392,0.8411808609962463,-0.0572034046053886,0.205282986164093,0.8283098340034485,-0.0687086209654808,0.3477288484573364,0.9195661544799804,-0.0268645007163286,0.3046945929527282,0.9291584491729736,-0.0425242632627487,0.2746969163417816,0.9303414821624756,-0.0521352924406528,0.2492831945419311,0.9289523363113404,-0.0580917745828628,0.0,0.0,0.0,0.0,0.0,0.0,0.0,0.0,0.0,0.0,0.0,0.0,0.0,0.0,0.0,0.0,0.0,0.0,0.0,0.0,0.0,0.0,0.0,0.0,0.0,0.0,0.0,0.0,0.0,0.0,0.0,0.0,0.0,0.0,0.0,0.0,0.0,0.0,0.0,0.0,0.0,0.0,0.0,0.0,0.0,0.0,0.0,0.0,0.0,0.0,0.0,0.0,0.0,0.0,0.0,0.0,0.0,0.0,0.0,0.0,0.0,0.0,0.0,I
0.4577743411064148,0.9737753868103028,2.624796309191879e-07,0.4513896107673645,0.8983190655708313,-0.0084661142900586,0.4284396469593048,0.8270007371902466,-0.0188212171196937,0.4105821549892425,0.7644611597061157,-0.0273732300847768,0.3992165327072143,0.7189834713935852,-0.0368070267140865,0.3931524157524109,0.846652626991272,-0.0328480377793312,0.3568942844867706,0.7876397967338562,-0.047230590134859,0.3455683588981628,0.7556518316268921,-0.0557535663247108,0.3434263169765472,0.7346436977386475,-0.0606473609805107,0.3708238303661346,0.8880765438079834,-0.0341538079082965,0.3130156099796295,0.8397352695465088,-0.0440490916371345,0.3149380087852478,0.8343818187713623,-0.0445529595017433,0.3286100327968597,0.8402600884437561,-0.0459380261600017,0.3548508882522583,0.9293630719184875,-0.0343651585280895,0.3058801889419555,0.8826686143875122,-0.0417258739471435,0.315302699804306,0.8781713843345642,-0.033239722251892,0.3322893977165222,0.8876031637191772,-0.0280167553573846,0.3461101651191711,0.9630885720252992,-0.0347324386239051,0.3092963099479675,0.9267001748085022,-0.0387518554925918,0.3202989101409912,0.9245036244392396,-0.0291302576661109,0.3359632790088653,0.9352063536643982,-0.0215695649385452,0.0,0.0,0.0,0.0,0.0,0.0,0.0,0.0,0.0,0.0,0.0,0.0,0.0,0.0,0.0,0.0,0.0,0.0,0.0,0.0,0.0,0.0,0.0,0.0,0.0,0.0,0.0,0.0,0.0,0.0,0.0,0.0,0.0,0.0,0.0,0.0,0.0,0.0,0.0,0.0,0.0,0.0,0.0,0.0,0.0,0.0,0.0,0.0,0.0,0.0,0.0,0.0,0.0,0.0,0.0,0.0,0.0,0.0,0.0,0.0,0.0,0.0,0.0,I
0.12066652625799179,0.459492564201355,8.799441530982222e-08,0.17746232450008392,0.4694547653198242,-0.0014785050880163908,0.21955782175064087,0.4589001536369324,-0.013781060464680195,0.24853014945983887,0.45998871326446533,-0.02950240485370159,0.27349916100502014,0.46575427055358887,-0.04397983103990555,0.23424386978149414,0.3514401912689209,-0.017243748530745506,0.2766415476799011,0.3407580852508545,-0.03711828589439392,0.30602362751960754,0.3266066312789917,-0.048627421259880066,0.33077484369277954,0.3130168914794922,-0.05666558817028999,0.21833397448062897,0.3512513339519501,-0.029849227517843246,0.27123796939849854,0.42146119475364685,-0.05629130080342293,0.24755869805812836,0.4430491328239441,-0.05746027082204819,0.22897954285144806,0.43580082058906555,-0.05297427624464035,0.20142346620559692,0.37065669894218445,-0.04299907013773918,0.2458277940750122,0.44118601083755493,-0.06375275552272797,0.2245553582906723,0.4575013518333435,-0.05063463747501373,0.20695292949676514,0.4493100941181183,-0.03740736469626427,0.1843370795249939,0.39917412400245667,-0.05721510201692581,0.21865002810955048,0.45145535469055176,-0.06608489155769348,0.2022399604320526,0.4653179943561554,-0.05429479479789734,0.18704469501972198,0.4574122428894043,-0.04384247213602066,0.0,0.0,0.0,0.0,0.0,0.0,0.0,0.0,0.0,0.0,0.0,0.0,0.0,0.0,0.0,0.0,0.0,0.0,0.0,0.0,0.0,0.0,0.0,0.0,0.0,0.0,0.0,0.0,0.0,0.0,0.0,0.0,0.0,0.0,0.0,0.0,0.0,0.0,0.0,0.0,0.0,0.0,0.0,0.0,0.0,0.0,0.0,0.0,0.0,0.0,0.0,0.0,0.0,0.0,0.0,0.0,0.0,0.0,0.0,0.0,0.0,0.0,0.0,SHE
0.1206810474395752,0.4616614878177643,4.510379625344285e-08,0.17551495134830475,0.46359682083129883,0.004629541654139757,0.22056132555007935,0.45434126257896423,-0.005158588755875826,0.25436440110206604,0.46100836992263794,-0.018961245194077492,0.28229737281799316,0.47388002276420593,-0.03150501474738121,0.23873448371887207,0.3551262319087982,-0.01193680427968502,0.2875410318374634,0.34430086612701416,-0.028182461857795715,0.3188336193561554,0.33204635977745056,-0.03792663291096687,0.34678521752357483,0.31980133056640625,-0.0452018566429615,0.22763782739639282,0.3603370189666748,-0.026256604120135307,0.27973634004592896,0.4289857745170593,-0.0470820888876915,0.2574639618396759,0.44620200991630554,-0.04768037050962448,0.24004068970680237,0.43697676062583923,-0.04445460066199303,0.21319010853767395,0.3838162124156952,-0.04020897299051285,0.2552546262741089,0.4557289481163025,-0.05471013858914375,0.23356398940086365,0.46413713693618774,-0.04184586554765701,0.21713203191757202,0.45120301842689514,-0.030813800171017647,0.19836574792861938,0.4151626229286194,-0.054703935980796814,0.22941912710666656,0.4683580994606018,-0.05763274058699608,0.2114572674036026,0.4765256643295288,-0.044640861451625824,0.1970154494047165,0.46684908866882324,-0.03489706292748451,0.0,0.0,0.0,0.0,0.0,0.0,0.0,0.0,0.0,0.0,0.0,0.0,0.0,0.0,0.0,0.0,0.0,0.0,0.0,0.0,0.0,0.0,0.0,0.0,0.0,0.0,0.0,0.0,0.0,0.0,0.0,0.0,0.0,0.0,0.0,0.0,0.0,0.0,0.0,0.0,0.0,0.0,0.0,0.0,0.0,0.0,0.0,0.0,0.0,0.0,0.0,0.0,0.0,0.0,0.0,0.0,0.0,0.0,0.0,0.0,0.0,0.0,0.0,SHE
0.15531954169273376,0.4648582935333252,9.930182187645187e-08,0.20769038796424866,0.4823806881904602,-0.005650633946061134,0.24482589960098267,0.47286978363990784,-0.019409656524658203,0.27115893363952637,0.46928417682647705,-0.03532681241631508,0.2894327938556671,0.47104203701019287,-0.05066487938165665,0.25732457637786865,0.36675578355789185,-0.024674834683537483,0.2944757044315338,0.34922897815704346,-0.04597502946853638,0.3225001096725464,0.3317902088165283,-0.059776421636343,0.34484902024269104,0.3144756853580475,-0.0697891116142273,0.23954004049301147,0.3592568337917328,-0.03568941727280617,0.28715774416923523,0.4225919246673584,-0.06291937828063965,0.26626020669937134,0.45379993319511414,-0.06640373915433884,0.24897892773151398,0.4506300091743469,-0.06425401568412781,0.2198217660188675,0.3743114173412323,-0.047149982303380966,0.26112642884254456,0.4417680501937866,-0.07196500897407532,0.2429381161928177,0.4662681221961975,-0.06273698061704636,0.22745750844478607,0.45907819271087646,-0.05190515145659447,0.20098596811294556,0.40062910318374634,-0.05949045717716217,0.23351100087165833,0.4514719545841217,-0.07338818162679672,0.22215606272220612,0.4733749330043793,-0.0638592466711998,0.20827262103557587,0.4710051119327545,-0.054466214030981064,0.0,0.0,0.0,0.0,0.0,0.0,0.0,0.0,0.0,0.0,0.0,0.0,0.0,0.0,0.0,0.0,0.0,0.0,0.0,0.0,0.0,0.0,0.0,0.0,0.0,0.0,0.0,0.0,0.0,0.0,0.0,0.0,0.0,0.0,0.0,0.0,0.0,0.0,0.0,0.0,0.0,0.0,0.0,0.0,0.0,0.0,0.0,0.0,0.0,0.0,0.0,0.0,0.0,0.0,0.0,0.0,0.0,0.0,0.0,0.0,0.0,0.0,0.0,SHE
0.138316810131073,0.45702889561653137,5.785181400597139e-08,0.19468602538108826,0.4682753086090088,0.0030557948630303144,0.23774708807468414,0.4581662714481354,-0.00653645908460021,0.26825499534606934,0.46019864082336426,-0.020295344293117523,0.2913353443145752,0.46921461820602417,-0.03279298171401024,0.2555922269821167,0.3544681966304779,-0.010328538715839386,0.3000953197479248,0.34009528160095215,-0.027093809098005295,0.33081379532814026,0.32719364762306213,-0.037393976002931595,0.3571493625640869,0.31528955698013306,-0.04488946124911308,0.24230235815048218,0.3549014925956726,-0.02399493381381035,0.29168981313705444,0.42108649015426636,-0.04667789861559868,0.2682355046272278,0.44225752353668213,-0.04760235548019409,0.2505476474761963,0.4365873634815216,-0.04372413456439972,0.22704735398292542,0.37396883964538574,-0.037790507078170776,0.2685781717300415,0.44463568925857544,-0.05471116676926613,0.24694274365901947,0.4581318497657776,-0.04214594140648842,0.22967790067195892,0.4487905204296112,-0.030247053131461143,0.21144171059131622,0.4023549556732178,-0.052299801260232925,0.24295125901699066,0.45498478412628174,-0.0574958361685276,0.2255399227142334,0.4660516381263733,-0.045292701572179794,0.2106330245733261,0.4578903913497925,-0.035388000309467316,0.0,0.0,0.0,0.0,0.0,0.0,0.0,0.0,0.0,0.0,0.0,0.0,0.0,0.0,0.0,0.0,0.0,0.0,0.0,0.0,0.0,0.0,0.0,0.0,0.0,0.0,0.0,0.0,0.0,0.0,0.0,0.0,0.0,0.0,0.0,0.0,0.0,0.0,0.0,0.0,0.0,0.0,0.0,0.0,0.0,0.0,0.0,0.0,0.0,0.0,0.0,0.0,0.0,0.0,0.0,0.0,0.0,0.0,0.0,0.0,0.0,0.0,0.0,SHE
0.13297246396541595,0.39251649379730225,3.43620385478971e-08,0.18686175346374512,0.4060123562812805,0.0042741247452795506,0.23009908199310303,0.40340355038642883,-0.005041152238845825,0.2609785199165344,0.4149690866470337,-0.01847175322473049,0.2862515151500702,0.42959967255592346,-0.030491413548588753,0.25560542941093445,0.30867907404899597,-0.009351436048746109,0.30333417654037476,0.3030056953430176,-0.024455877020955086,0.33529147505760193,0.29734915494918823,-0.03342525660991669,0.36253994703292847,0.29085949063301086,-0.04000937566161156,0.2454501837491989,0.3105103671550751,-0.02277989499270916,0.28910553455352783,0.3799656331539154,-0.04274475574493408,0.2658601999282837,0.3961910307407379,-0.04317443072795868,0.24888093769550323,0.38785433769226074,-0.03967806696891785,0.23142609000205994,0.32923465967178345,-0.03610847890377045,0.26577165722846985,0.4042659401893616,-0.050176966935396194,0.24431587755680084,0.41143471002578735,-0.038150738924741745,0.22862820327281952,0.39842456579208374,-0.02746388502418995,0.2160152941942215,0.35623079538345337,-0.05006599426269531,0.24027672410011292,0.41452810168266296,-0.053160637617111206,0.22238245606422424,0.42055442929267883,-0.04152405261993408,0.20858746767044067,0.4095449447631836,-0.03251203894615173,0.0,0.0,0.0,0.0,0.0,0.0,0.0,0.0,0.0,0.0,0.0,0.0,0.0,0.0,0.0,0.0,0.0,0.0,0.0,0.0,0.0,0.0,0.0,0.0,0.0,0.0,0.0,0.0,0.0,0.0,0.0,0.0,0.0,0.0,0.0,0.0,0.0,0.0,0.0,0.0,0.0,0.0,0.0,0.0,0.0,0.0,0.0,0.0,0.0,0.0,0.0,0.0,0.0,0.0,0.0,0.0,0.0,0.0,0.0,0.0,0.0,0.0,0.0,SHE
0.2220785766839981,0.45461636781692505,6.572039268348817e-08,0.27062317728996277,0.46642082929611206,0.00018208193068858236,0.3067287802696228,0.4572242796421051,-0.009024600498378277,0.3321901261806488,0.45779895782470703,-0.021207502111792564,0.35316893458366394,0.4632665514945984,-0.03219142183661461,0.32018062472343445,0.36255723237991333,-0.01179487630724907,0.3570405840873718,0.34824836254119873,-0.02781354822218418,0.3832477629184723,0.3343709111213684,-0.03811400756239891,0.4052172303199768,0.321399986743927,-0.0453382171690464,0.3090031147003174,0.3632289469242096,-0.022369444370269775,0.351471483707428,0.42416107654571533,-0.04361337795853615,0.33177030086517334,0.44115006923675537,-0.04526885971426964,0.3161599338054657,0.43407201766967773,-0.04219723120331764,0.2955508232116699,0.38000771403312683,-0.03320864960551262,0.331563264131546,0.4432716965675354,-0.050768882036209106,0.3135085999965668,0.4556804895401001,-0.04113805666565895,0.29894787073135376,0.4477148652076721,-0.030806386843323708,0.28178876638412476,0.4048287570476532,-0.04457235708832741,0.3094992935657501,0.452685683965683,-0.05140339955687523,0.29527103900909424,0.46481087803840637,-0.04122433066368103,0.2825621962547302,0.459140419960022,-0.032249290496110916,0.0,0.0,0.0,0.0,0.0,0.0,0.0,0.0,0.0,0.0,0.0,0.0,0.0,0.0,0.0,0.0,0.0,0.0,0.0,0.0,0.0,0.0,0.0,0.0,0.0,0.0,0.0,0.0,0.0,0.0,0.0,0.0,0.0,0.0,0.0,0.0,0.0,0.0,0.0,0.0,0.0,0.0,0.0,0.0,0.0,0.0,0.0,0.0,0.0,0.0,0.0,0.0,0.0,0.0,0.0,0.0,0.0,0.0,0.0,0.0,0.0,0.0,0.0,SHE
0.21201470494270325,0.4231857359409332,1.1143862366225221e-07,0.25842541456222534,0.4449026584625244,0.001833845628425479,0.2928696870803833,0.44085410237312317,-0.0058962395414710045,0.31666919589042664,0.4410288631916046,-0.0173611119389534,0.3385412096977234,0.44261446595191956,-0.027913523837924004,0.3098587095737457,0.34763020277023315,-0.006868429947644472,0.34730076789855957,0.3325074315071106,-0.022213686257600784,0.3753610849380493,0.3195870816707611,-0.03323797881603241,0.39884817600250244,0.30782216787338257,-0.04122654348611832,0.301084965467453,0.34236598014831543,-0.01802317425608635,0.3401632010936737,0.4018160104751587,-0.03932174667716026,0.320291668176651,0.4225204885005951,-0.042752329260110855,0.30338603258132935,0.4193041920661926,-0.040742240846157074,0.28896966576576233,0.3552878201007843,-0.029583515599370003,0.3227595388889313,0.41917160153388977,-0.04703042656183243,0.30447113513946533,0.4367293119430542,-0.03881301358342171,0.28790926933288574,0.43162378668785095,-0.029326125979423523,0.27668848633766174,0.3783944249153137,-0.04168661683797836,0.3019082844257355,0.429840624332428,-0.05035625398159027,0.28742706775665283,0.445777952671051,-0.04219973087310791,0.2729682922363281,0.4430125653743744,-0.03422562777996063,0.0,0.0,0.0,0.0,0.0,0.0,0.0,0.0,0.0,0.0,0.0,0.0,0.0,0.0,0.0,0.0,0.0,0.0,0.0,0.0,0.0,0.0,0.0,0.0,0.0,0.0,0.0,0.0,0.0,0.0,0.0,0.0,0.0,0.0,0.0,0.0,0.0,0.0,0.0,0.0,0.0,0.0,0.0,0.0,0.0,0.0,0.0,0.0,0.0,0.0,0.0,0.0,0.0,0.0,0.0,0.0,0.0,0.0,0.0,0.0,0.0,0.0,0.0,SHE
0.12707428634166718,0.41049468517303467,4.791291985384305e-08,0.1907467395067215,0.42679381370544434,0.0036725106183439493,0.23832468688488007,0.41847771406173706,-0.0069869463331997395,0.2716970145702362,0.42442676424980164,-0.022473912686109543,0.29914525151252747,0.4382198750972748,-0.03666457533836365,0.25947144627571106,0.3075989782810211,-0.010694045573472977,0.3083680272102356,0.29475730657577515,-0.03048189915716648,0.34203192591667175,0.2801511287689209,-0.04339750483632088,0.3715016841888428,0.26572349667549133,-0.05280475318431854,0.24597269296646118,0.3078210651874542,-0.025944555178284645,0.29687926173210144,0.3848719596862793,-0.0535443052649498,0.2706776559352875,0.4056912362575531,-0.05689734220504761,0.2496815025806427,0.3986463248729706,-0.05409817025065422,0.22936312854290009,0.3272073268890381,-0.04141132906079292,0.272292822599411,0.4102281928062439,-0.06328614801168442,0.24763032793998718,0.4241847097873688,-0.05139360949397087,0.22688543796539307,0.41367021203041077,-0.03884579986333847,0.21275639533996582,0.35597267746925354,-0.05750548839569092,0.24416206777095795,0.4206780195236206,-0.06637785583734512,0.2240745723247528,0.43307632207870483,-0.05503055080771446,0.20632269978523254,0.42379677295684814,-0.04506000503897667,0.0,0.0,0.0,0.0,0.0,0.0,0.0,0.0,0.0,0.0,0.0,0.0,0.0,0.0,0.0,0.0,0.0,0.0,0.0,0.0,0.0,0.0,0.0,0.0,0.0,0.0,0.0,0.0,0.0,0.0,0.0,0.0,0.0,0.0,0.0,0.0,0.0,0.0,0.0,0.0,0.0,0.0,0.0,0.0,0.0,0.0,0.0,0.0,0.0,0.0,0.0,0.0,0.0,0.0,0.0,0.0,0.0,0.0,0.0,0.0,0.0,0.0,0.0,SHE
0.20692500472068787,0.42785146832466125,1.221153524966212e-07,0.2529942989349365,0.44866523146629333,-0.00046885089250281453,0.2882712483406067,0.4443442225456238,-0.009204557165503502,0.31319329142570496,0.44525957107543945,-0.021075861528515816,0.3354586958885193,0.4481878876686096,-0.03191259130835533,0.30501842498779297,0.3492887020111084,-0.010385914705693722,0.3439788520336151,0.335254043340683,-0.026243707165122032,0.37232065200805664,0.322163462638855,-0.037449758499860764,0.3963206708431244,0.30988845229148865,-0.04545552656054497,0.29570701718330383,0.34385544061660767,-0.020249368622899055,0.3359735310077667,0.4050602912902832,-0.0418766513466835,0.3164512813091278,0.42538967728614807,-0.04537428170442581,0.2999861538410187,0.42238152027130127,-0.04343685135245323,0.2832210063934326,0.3573724627494812,-0.030514180660247803,0.31664514541625977,0.42480623722076416,-0.048262909054756165,0.2981293499469757,0.4414704144001007,-0.040176358073949814,0.28150713443756104,0.4356725513935089,-0.030646570026874542,0.2710694968700409,0.38071906566619873,-0.041476182639598846,0.2976488173007965,0.4318389296531677,-0.049876049160957336,0.28320515155792236,0.4487208127975464,-0.04139513894915581,0.2684344947338104,0.44788244366645813,-0.033152513206005096,0.0,0.0,0.0,0.0,0.0,0.0,0.0,0.0,0.0,0.0,0.0,0.0,0.0,0.0,0.0,0.0,0.0,0.0,0.0,0.0,0.0,0.0,0.0,0.0,0.0,0.0,0.0,0.0,0.0,0.0,0.0,0.0,0.0,0.0,0.0,0.0,0.0,0.0,0.0,0.0,0.0,0.0,0.0,0.0,0.0,0.0,0.0,0.0,0.0,0.0,0.0,0.0,0.0,0.0,0.0,0.0,0.0,0.0,0.0,0.0,0.0,0.0,0.0,SHE
0.18700125813484192,0.4052129089832306,1.3600168813354685e-07,0.23402103781700134,0.4267796576023102,-0.0013491212157532573,0.2686557471752167,0.42002052068710327,-0.010292336344718933,0.29276615381240845,0.4189983010292053,-0.02224138006567955,0.31426334381103516,0.4180963635444641,-0.03298547863960266,0.28076934814453125,0.3211396038532257,-0.011449615471065044,0.3181857168674469,0.3045445680618286,-0.027076099067926407,0.34664952754974365,0.2902660667896271,-0.03755836561322212,0.3695320188999176,0.2768978476524353,-0.04492263123393059,0.26998376846313477,0.31431692838668823,-0.021060319617390633,0.31273573637008667,0.37291309237480164,-0.04233537241816521,0.29391881823539734,0.3996694087982178,-0.04449028521776199,0.2768298387527466,0.4008028209209442,-0.04136568307876587,0.2574133574962616,0.3274328410625458,-0.03125442937016487,0.2947121262550354,0.38928428292274475,-0.04934387281537056,0.2774069309234619,0.4107367992401123,-0.040936268866062164,0.26049768924713135,0.4082897901535034,-0.031005097553133965,0.24564170837402344,0.35233527421951294,-0.04221884161233902,0.27530860900878906,0.3975055515766144,-0.05101782828569412,0.26334378123283386,0.418169766664505,-0.04248828813433647,0.2489233911037445,0.421436607837677,-0.03408040106296539,0.0,0.0,0.0,0.0,0.0,0.0,0.0,0.0,0.0,0.0,0.0,0.0,0.0,0.0,0.0,0.0,0.0,0.0,0.0,0.0,0.0,0.0,0.0,0.0,0.0,0.0,0.0,0.0,0.0,0.0,0.0,0.0,0.0,0.0,0.0,0.0,0.0,0.0,0.0,0.0,0.0,0.0,0.0,0.0,0.0,0.0,0.0,0.0,0.0,0.0,0.0,0.0,0.0,0.0,0.0,0.0,0.0,0.0,0.0,0.0,0.0,0.0,0.0,SHE
0.3134986460208893,0.43595442175865173,7.23974693528362e-08,0.36569955945014954,0.4566400647163391,0.0036842862609773874,0.4027533233165741,0.4517720341682434,-0.0036768715362995863,0.4286502003669739,0.4549274742603302,-0.015616919845342636,0.4506740868091583,0.45850688219070435,-0.026400510221719742,0.42213088274002075,0.35558703541755676,-0.0027983603067696095,0.46379947662353516,0.3435409963130951,-0.017189526930451393,0.4928474426269531,0.33088141679763794,-0.027946200221776962,0.5185633897781372,0.31831124424934387,-0.036046430468559265,0.4137495160102844,0.3508463501930237,-0.01516843494027853,0.45412030816078186,0.4137592017650604,-0.0364077091217041,0.4329676628112793,0.43260401487350464,-0.04123321920633316,0.4161006808280945,0.4278229773044586,-0.040297769010066986,0.40223944187164307,0.36466431617736816,-0.027814678847789764,0.43666550517082214,0.4332296848297119,-0.04476547613739967,0.4174778461456299,0.4485280513763428,-0.037594377994537354,0.40024515986442566,0.44180455803871155,-0.028847554698586464,0.3915601968765259,0.3885991871356964,-0.041028812527656555,0.4172604978084564,0.44380518794059753,-0.04836741089820862,0.40236034989356995,0.4602014124393463,-0.04050347954034805,0.3874971866607666,0.4581012725830078,-0.0329509936273098,0.0,0.0,0.0,0.0,0.0,0.0,0.0,0.0,0.0,0.0,0.0,0.0,0.0,0.0,0.0,0.0,0.0,0.0,0.0,0.0,0.0,0.0,0.0,0.0,0.0,0.0,0.0,0.0,0.0,0.0,0.0,0.0,0.0,0.0,0.0,0.0,0.0,0.0,0.0,0.0,0.0,0.0,0.0,0.0,0.0,0.0,0.0,0.0,0.0,0.0,0.0,0.0,0.0,0.0,0.0,0.0,0.0,0.0,0.0,0.0,0.0,0.0,0.0,SHE
0.3000459671020508,0.4394846558570862,1.612738174117112e-07,0.3539023697376251,0.4597172737121582,-0.0029398794285953045,0.3897567391395569,0.4495551586151123,-0.012452132068574429,0.41253286600112915,0.44467687606811523,-0.024387415498495102,0.4320828318595886,0.4364668130874634,-0.03467200696468353,0.40084943175315857,0.3450762927532196,-0.013528751209378242,0.43621596693992615,0.32199937105178833,-0.031656596809625626,0.4631991684436798,0.3009554147720337,-0.044593971222639084,0.4849345088005066,0.2804250121116638,-0.053362566977739334,0.38798677921295166,0.33620813488960266,-0.023465471342206,0.4336506724357605,0.3940652310848236,-0.04587136209011078,0.4151031970977783,0.42085781693458557,-0.04921845346689224,0.3976491689682007,0.4211527705192566,-0.046968329697847366,0.3741757273674011,0.34853696823120117,-0.034260742366313934,0.413620263338089,0.41275161504745483,-0.05353407561779022,0.3961663544178009,0.4369197487831116,-0.04499361291527748,0.37985488772392273,0.4347715377807617,-0.034878894686698914,0.3606198728084564,0.3742015063762665,-0.04608131945133209,0.39251071214675903,0.4220997095108032,-0.05517255887389183,0.3801916837692261,0.4449625611305237,-0.04546999931335449,0.3653114140033722,0.44782397150993347,-0.036245882511138916,0.0,0.0,0.0,0.0,0.0,0.0,0.0,0.0,0.0,0.0,0.0,0.0,0.0,0.0,0.0,0.0,0.0,0.0,0.0,0.0,0.0,0.0,0.0,0.0,0.0,0.0,0.0,0.0,0.0,0.0,0.0,0.0,0.0,0.0,0.0,0.0,0.0,0.0,0.0,0.0,0.0,0.0,0.0,0.0,0.0,0.0,0.0,0.0,0.0,0.0,0.0,0.0,0.0,0.0,0.0,0.0,0.0,0.0,0.0,0.0,0.0,0.0,0.0,SHE
0.20387989282608032,0.41947370767593384,1.0717660359205183e-07,0.25363022089004517,0.4387172758579254,-0.003582199802622199,0.2884061336517334,0.4281772971153259,-0.013457652181386948,0.3117964267730713,0.42386487126350403,-0.025820890441536903,0.33149948716163635,0.42100322246551514,-0.03693235293030739,0.2947143316268921,0.3264315128326416,-0.014904433861374855,0.33165469765663147,0.3094899356365204,-0.0315263494849205,0.35832586884498596,0.29113635420799255,-0.04313810542225838,0.3807350993156433,0.27320396900177,-0.05168544873595238,0.28175845742225647,0.32155823707580566,-0.024067969992756844,0.32827165722846985,0.3769294321537018,-0.04635614529252052,0.3110186457633972,0.4024401605129242,-0.0495397187769413,0.2946240305900574,0.4024059474468231,-0.04778562858700752,0.2683021128177643,0.3362719416618347,-0.03385290876030922,0.31082844734191895,0.3948978781700134,-0.0526597835123539,0.29576602578163147,0.41685423254966736,-0.04400664195418358,0.2793951630592346,0.4152154326438904,-0.03430556505918503,0.25641295313835144,0.3624400794506073,-0.04466860368847847,0.291299432516098,0.40363809466362,-0.05403708294034004,0.28202760219573975,0.4255521297454834,-0.045384787023067474,0.26862257719039917,0.4307636618614197,-0.037195876240730286,0.0,0.0,0.0,0.0,0.0,0.0,0.0,0.0,0.0,0.0,0.0,0.0,0.0,0.0,0.0,0.0,0.0,0.0,0.0,0.0,0.0,0.0,0.0,0.0,0.0,0.0,0.0,0.0,0.0,0.0,0.0,0.0,0.0,0.0,0.0,0.0,0.0,0.0,0.0,0.0,0.0,0.0,0.0,0.0,0.0,0.0,0.0,0.0,0.0,0.0,0.0,0.0,0.0,0.0,0.0,0.0,0.0,0.0,0.0,0.0,0.0,0.0,0.0,SHE
0.19656670093536377,0.34065526723861694,7.636349863560099e-08,0.25100499391555786,0.3677632510662079,0.0030029714107513428,0.29216060042381287,0.36785873770713806,-0.007150557357817888,0.31969743967056274,0.37556397914886475,-0.021663762629032135,0.3429282605648041,0.3857894539833069,-0.03481880575418472,0.32220253348350525,0.2694244980812073,-0.010069009847939014,0.36847758293151855,0.26755815744400024,-0.02681729570031166,0.4004117548465729,0.262419730424881,-0.037093956023454666,0.4279633164405823,0.2573874890804291,-0.04442340135574341,0.30998721718788147,0.26542025804519653,-0.023433852940797806,0.3489093482494354,0.3394429087638855,-0.046473775058984756,0.324349045753479,0.3561687767505646,-0.048439871519804,0.30720579624176025,0.34952062368392944,-0.04528651759028435,0.29352015256881714,0.2789566218852997,-0.03695722669363022,0.32379648089408875,0.35832780599594116,-0.05442924052476883,0.30183911323547363,0.37068435549736023,-0.04323170334100723,0.28486743569374084,0.3609938323497772,-0.03203701972961426,0.276365727186203,0.3014514148235321,-0.05116152763366699,0.2990901470184326,0.36269015073776245,-0.0566830188035965,0.28157609701156616,0.3743339776992798,-0.04549979791045189,0.26696938276290894,0.3663610517978668,-0.03614247590303421,0.0,0.0,0.0,0.0,0.0,0.0,0.0,0.0,0.0,0.0,0.0,0.0,0.0,0.0,0.0,0.0,0.0,0.0,0.0,0.0,0.0,0.0,0.0,0.0,0.0,0.0,0.0,0.0,0.0,0.0,0.0,0.0,0.0,0.0,0.0,0.0,0.0,0.0,0.0,0.0,0.0,0.0,0.0,0.0,0.0,0.0,0.0,0.0,0.0,0.0,0.0,0.0,0.0,0.0,0.0,0.0,0.0,0.0,0.0,0.0,0.0,0.0,0.0,SHE
0.2314440757036209,0.4061027467250824,1.2279978989226947e-07,0.27913784980773926,0.4317929148674011,-0.002184824086725712,0.314936101436615,0.42598482966423035,-0.010659469291567802,0.33848825097084045,0.4250691533088684,-0.02205590531229973,0.35636529326438904,0.41914230585098267,-0.032039884477853775,0.33070629835128784,0.32759666442871094,-0.009963886812329292,0.3681214451789856,0.31187427043914795,-0.02539195492863655,0.39582517743110657,0.2981044054031372,-0.03630264475941658,0.41913098096847534,0.2833956778049469,-0.044368356466293335,0.3191550672054291,0.31772059202194214,-0.019640816375613213,0.35892176628112793,0.37880316376686096,-0.041987672448158264,0.3386427164077759,0.4018503427505493,-0.04608982056379318,0.32282426953315735,0.3972312808036804,-0.044231776148080826,0.3053726553916931,0.32807785272598267,-0.029971586540341377,0.34065163135528564,0.3918081521987915,-0.04894710332155228,0.3226718306541443,0.41233712434768677,-0.041481856256723404,0.30762767791748047,0.40548065304756165,-0.032135333865880966,0.2920359671115875,0.3503780961036682,-0.041188277304172516,0.3190886080265045,0.40038639307022095,-0.05063771456480026,0.30630233883857727,0.41866445541381836,-0.04254530742764473,0.29300862550735474,0.4154771566390991,-0.03450644016265869,0.0,0.0,0.0,0.0,0.0,0.0,0.0,0.0,0.0,0.0,0.0,0.0,0.0,0.0,0.0,0.0,0.0,0.0,0.0,0.0,0.0,0.0,0.0,0.0,0.0,0.0,0.0,0.0,0.0,0.0,0.0,0.0,0.0,0.0,0.0,0.0,0.0,0.0,0.0,0.0,0.0,0.0,0.0,0.0,0.0,0.0,0.0,0.0,0.0,0.0,0.0,0.0,0.0,0.0,0.0,0.0,0.0,0.0,0.0,0.0,0.0,0.0,0.0,SHE
0.20351457595825195,0.4156807065010071,1.6579888040268997e-07,0.24828925728797913,0.43860846757888794,-0.0038203487638384104,0.2837808132171631,0.42978307604789734,-0.013518673367798328,0.3074500560760498,0.42505303025245667,-0.025226278230547905,0.3254316747188568,0.4230141043663025,-0.035680461674928665,0.2949446737766266,0.3295854330062866,-0.0180951114743948,0.3321635127067566,0.30943453311920166,-0.0354187972843647,0.3611401915550232,0.29459619522094727,-0.046627894043922424,0.3837049901485443,0.2803307771682739,-0.05430973693728447,0.2818664610385895,0.3210783004760742,-0.027055688202381134,0.32637304067611694,0.3768899738788605,-0.04889083281159401,0.308742880821228,0.4071233868598938,-0.050349488854408264,0.2921234667301178,0.40874049067497253,-0.046879030764102936,0.2671951949596405,0.33325329422950745,-0.0365372933447361,0.30610764026641846,0.39304423332214355,-0.056512076407670975,0.28968095779418945,0.41849198937416077,-0.0477079376578331,0.2739729583263397,0.41510650515556335,-0.03724191337823868,0.2532672882080078,0.3584379255771637,-0.04673902690410614,0.28497523069381714,0.4039674997329712,-0.05669477954506874,0.2750658392906189,0.42673707008361816,-0.04725668951869011,0.26171207427978516,0.42798519134521484,-0.03810569643974304,0.0,0.0,0.0,0.0,0.0,0.0,0.0,0.0,0.0,0.0,0.0,0.0,0.0,0.0,0.0,0.0,0.0,0.0,0.0,0.0,0.0,0.0,0.0,0.0,0.0,0.0,0.0,0.0,0.0,0.0,0.0,0.0,0.0,0.0,0.0,0.0,0.0,0.0,0.0,0.0,0.0,0.0,0.0,0.0,0.0,0.0,0.0,0.0,0.0,0.0,0.0,0.0,0.0,0.0,0.0,0.0,0.0,0.0,0.0,0.0,0.0,0.0,0.0,SHE
0.20337021350860596,0.4225147068500519,1.4968783546009945e-07,0.2527245283126831,0.4476574659347534,-0.0020866820123046637,0.28935927152633667,0.44128090143203735,-0.011668701656162739,0.31406155228614807,0.43814507126808167,-0.024001603946089745,0.33420512080192566,0.435131698846817,-0.035054728388786316,0.3044237792491913,0.3371599316596985,-0.01252776850014925,0.3418881595134735,0.31844815611839294,-0.029336288571357727,0.37059229612350464,0.3033660650253296,-0.040866266936063766,0.3937438726425171,0.2886115610599518,-0.04887755960226059,0.29347357153892517,0.33066290616989136,-0.02233700267970562,0.3371073305606842,0.39234498143196106,-0.04484334588050842,0.31690090894699097,0.4164217710494995,-0.04744298383593559,0.30010202527046204,0.41384950280189514,-0.04430917277932167,0.27986380457878113,0.34423765540122986,-0.03278298303484917,0.31607785820961,0.41322994232177734,-0.05198978632688522,0.2967316210269928,0.43274208903312683,-0.043167419731616974,0.28064802289009094,0.42556169629096985,-0.032661836594343185,0.26612183451652527,0.3692580759525299,-0.043982528150081635,0.2956908345222473,0.4220154583454132,-0.05298632010817528,0.2814934551715851,0.4406653046607971,-0.04355080425739288,0.26733094453811646,0.43852677941322327,-0.03445342928171158,0.0,0.0,0.0,0.0,0.0,0.0,0.0,0.0,0.0,0.0,0.0,0.0,0.0,0.0,0.0,0.0,0.0,0.0,0.0,0.0,0.0,0.0,0.0,0.0,0.0,0.0,0.0,0.0,0.0,0.0,0.0,0.0,0.0,0.0,0.0,0.0,0.0,0.0,0.0,0.0,0.0,0.0,0.0,0.0,0.0,0.0,0.0,0.0,0.0,0.0,0.0,0.0,0.0,0.0,0.0,0.0,0.0,0.0,0.0,0.0,0.0,0.0,0.0,SHE
0.19087481498718262,0.42327553033828735,1.8955118363805923e-08,0.23271940648555756,0.4168170690536499,0.012309198267757893,0.27749311923980713,0.4115263819694519,0.008474254049360752,0.30980345606803894,0.42127543687820435,-0.00036703667137771845,0.3324384093284607,0.43536344170570374,-0.008613412268459797,0.2906285524368286,0.32934045791625977,-0.00044288276694715023,0.3411072790622711,0.31587302684783936,-0.009914720430970192,0.37193527817726135,0.305960476398468,-0.014912284910678864,0.3983210325241089,0.29658493399620056,-0.019319919869303703,0.2871449887752533,0.33702048659324646,-0.016201678663492203,0.3374975323677063,0.3931751847267151,-0.02968738041818142,0.3173741102218628,0.40981680154800415,-0.02882234938442707,0.3010598421096802,0.4019685983657837,-0.02582740969955921,0.2816810607910156,0.35953184962272644,-0.030930131673812866,0.3243802785873413,0.4198087453842163,-0.03913765773177147,0.3048379719257355,0.4311012327671051,-0.027362458407878876,0.28959959745407104,0.4212387502193451,-0.01877017132937908,0.2760697603225708,0.3881857693195343,-0.04547252878546715,0.30601611733436584,0.4364827871322632,-0.04585426300764084,0.2863725423812866,0.44589763879776,-0.03411998599767685,0.2714427411556244,0.43686267733573914,-0.02615523524582386,0.0,0.0,0.0,0.0,0.0,0.0,0.0,0.0,0.0,0.0,0.0,0.0,0.0,0.0,0.0,0.0,0.0,0.0,0.0,0.0,0.0,0.0,0.0,0.0,0.0,0.0,0.0,0.0,0.0,0.0,0.0,0.0,0.0,0.0,0.0,0.0,0.0,0.0,0.0,0.0,0.0,0.0,0.0,0.0,0.0,0.0,0.0,0.0,0.0,0.0,0.0,0.0,0.0,0.0,0.0,0.0,0.0,0.0,0.0,0.0,0.0,0.0,0.0,SHE
0.2341930866241455,0.4410400092601776,1.3491644779151102e-07,0.2642822861671448,0.4543601870536804,-0.009938769042491913,0.3022344708442688,0.4480767846107483,-0.024515436962246895,0.3283657729625702,0.4356881082057953,-0.04006660729646683,0.32103231549263,0.41299667954444885,-0.05579744279384613,0.3168187141418457,0.35178953409194946,-0.028284382075071335,0.3462532162666321,0.3158511519432068,-0.04907309636473656,0.37181356549263,0.29200518131256104,-0.061783645302057266,0.3900446593761444,0.2706075608730316,-0.07027281075716019,0.296450138092041,0.3306278586387634,-0.03523058444261551,0.3247998058795929,0.369717001914978,-0.05987463518977165,0.3043493628501892,0.41009315848350525,-0.059981003403663635,0.28736957907676697,0.41332006454467773,-0.055583540350198746,0.27195602655410767,0.32687613368034363,-0.042901456356048584,0.2974357306957245,0.3774828612804413,-0.06816943734884262,0.28179189562797546,0.4096020460128784,-0.060346897691488266,0.26800960302352905,0.40619754791259766,-0.05034571886062622,0.24714934825897217,0.33313658833503723,-0.051198720932006836,0.27277272939682007,0.3772156238555908,-0.06666877120733261,0.2631079852581024,0.4053102135658264,-0.058614689856767654,0.25042474269866943,0.40466657280921936,-0.049900222569704056,0.0,0.0,0.0,0.0,0.0,0.0,0.0,0.0,0.0,0.0,0.0,0.0,0.0,0.0,0.0,0.0,0.0,0.0,0.0,0.0,0.0,0.0,0.0,0.0,0.0,0.0,0.0,0.0,0.0,0.0,0.0,0.0,0.0,0.0,0.0,0.0,0.0,0.0,0.0,0.0,0.0,0.0,0.0,0.0,0.0,0.0,0.0,0.0,0.0,0.0,0.0,0.0,0.0,0.0,0.0,0.0,0.0,0.0,0.0,0.0,0.0,0.0,0.0,SHE
0.18659541010856628,0.4002089202404022,1.3888845273868355e-07,0.23449689149856567,0.41747426986694336,0.0014906077412888408,0.2722686231136322,0.4092644453048706,-0.005832062102854252,0.29994451999664307,0.40784212946891785,-0.01690535806119442,0.3223212659358978,0.40862178802490234,-0.026703236624598503,0.2836678624153137,0.3063608407974243,-0.005956169683486223,0.3289108872413635,0.29262930154800415,-0.019562577828764915,0.3601740896701813,0.28276118636131287,-0.0283448975533247,0.38644394278526306,0.272604763507843,-0.03488907217979431,0.27757325768470764,0.3054618239402771,-0.017010433599352837,0.3269202411174774,0.36327043175697327,-0.03698791563510895,0.3078729510307312,0.38365936279296875,-0.038782257586717606,0.2910701334476471,0.3774001896381378,-0.03566552698612213,0.26964226365089417,0.3235008418560028,-0.028478195890784264,0.3097984492778778,0.38713473081588745,-0.04399358108639717,0.2910594642162323,0.40318912267684937,-0.03468359634280205,0.2740394175052643,0.3954761326313019,-0.024804269894957542,0.2620932161808014,0.351043164730072,-0.040670257061719894,0.2930372357368469,0.399783730506897,-0.04723992198705673,0.2779919505119324,0.41478320956230164,-0.03825840353965759,0.2631349563598633,0.41005954146385193,-0.030191726982593536,0.0,0.0,0.0,0.0,0.0,0.0,0.0,0.0,0.0,0.0,0.0,0.0,0.0,0.0,0.0,0.0,0.0,0.0,0.0,0.0,0.0,0.0,0.0,0.0,0.0,0.0,0.0,0.0,0.0,0.0,0.0,0.0,0.0,0.0,0.0,0.0,0.0,0.0,0.0,0.0,0.0,0.0,0.0,0.0,0.0,0.0,0.0,0.0,0.0,0.0,0.0,0.0,0.0,0.0,0.0,0.0,0.0,0.0,0.0,0.0,0.0,0.0,0.0,SHE
0.23491725325584412,0.47486376762390137,1.2091210521703033e-07,0.2836006283760071,0.485787570476532,-0.0032000206410884857,0.317716509103775,0.4653213620185852,-0.011361575685441494,0.339550256729126,0.451578289270401,-0.02189859189093113,0.34458550810813904,0.44055506587028503,-0.03129924088716507,0.3075057864189148,0.36363160610198975,-0.011524037458002567,0.3397795557975769,0.33583366870880127,-0.02561582624912262,0.36482587456703186,0.31629371643066406,-0.035145748406648636,0.3848300576210022,0.2994677722454071,-0.04234760254621506,0.2948513627052307,0.35960307717323303,-0.0203485619276762,0.344418466091156,0.3986310660839081,-0.0403117835521698,0.33065423369407654,0.42817917466163635,-0.04237408936023712,0.31516873836517334,0.43013209104537964,-0.03969692066311836,0.2853180766105652,0.37573322653770447,-0.029866203665733337,0.3318895101547241,0.41824886202812195,-0.047356974333524704,0.3218311369419098,0.4446091651916504,-0.04027944430708885,0.3072250187397003,0.44515711069107056,-0.031637128442525864,0.27963417768478394,0.40312159061431885,-0.040309395641088486,0.3179929256439209,0.43564698100090027,-0.04864094406366348,0.3122498691082001,0.4588940143585205,-0.04104272276163101,0.29969316720962524,0.4637432098388672,-0.03395082429051399,0.0,0.0,0.0,0.0,0.0,0.0,0.0,0.0,0.0,0.0,0.0,0.0,0.0,0.0,0.0,0.0,0.0,0.0,0.0,0.0,0.0,0.0,0.0,0.0,0.0,0.0,0.0,0.0,0.0,0.0,0.0,0.0,0.0,0.0,0.0,0.0,0.0,0.0,0.0,0.0,0.0,0.0,0.0,0.0,0.0,0.0,0.0,0.0,0.0,0.0,0.0,0.0,0.0,0.0,0.0,0.0,0.0,0.0,0.0,0.0,0.0,0.0,0.0,SHE
0.20839303731918335,0.45467835664749146,1.5158761357270123e-07,0.2567364573478699,0.4716718792915344,0.0017684600315988064,0.2917387783527374,0.4606921672821045,-0.006762255448848009,0.3170473277568817,0.4551548659801483,-0.019027546048164368,0.3375580906867981,0.4540715515613556,-0.03038039617240429,0.29989713430404663,0.35820242762565613,-0.007853150367736816,0.3404935598373413,0.3402784764766693,-0.021989790722727776,0.3706548810005188,0.3275684118270874,-0.031027846038341522,0.3950282335281372,0.3163340091705322,-0.03743088245391846,0.2920381724834442,0.35729020833969116,-0.019062945619225502,0.33958688378334045,0.41398563981056213,-0.03980499505996704,0.3203602433204651,0.4355051517486572,-0.0417901836335659,0.30327749252319336,0.43086007237434387,-0.03808926045894623,0.28300929069519043,0.376335471868515,-0.030382992699742317,0.32291048765182495,0.4368346333503723,-0.0471738763153553,0.3040669858455658,0.4541015028953552,-0.038235969841480255,0.28724634647369385,0.44779643416404724,-0.027970243245363235,0.27494528889656067,0.4050857722759247,-0.04212493821978569,0.3048842251300812,0.4524683952331543,-0.04965575784444809,0.28975820541381836,0.4690583348274231,-0.04045012220740318,0.27508383989334106,0.46649301052093506,-0.03166120871901512,0.0,0.0,0.0,0.0,0.0,0.0,0.0,0.0,0.0,0.0,0.0,0.0,0.0,0.0,0.0,0.0,0.0,0.0,0.0,0.0,0.0,0.0,0.0,0.0,0.0,0.0,0.0,0.0,0.0,0.0,0.0,0.0,0.0,0.0,0.0,0.0,0.0,0.0,0.0,0.0,0.0,0.0,0.0,0.0,0.0,0.0,0.0,0.0,0.0,0.0,0.0,0.0,0.0,0.0,0.0,0.0,0.0,0.0,0.0,0.0,0.0,0.0,0.0,SHE
0.20247496664524078,0.44251587986946106,1.410858487815858e-07,0.2516881227493286,0.45564526319503784,0.0034439191222190857,0.28700390458106995,0.4461681544780731,-0.00422326335683465,0.31157582998275757,0.4414330720901489,-0.015545854344964027,0.33184170722961426,0.439715713262558,-0.025807110592722893,0.29102784395217896,0.3441915512084961,-0.008303663693368435,0.3308440148830414,0.3185774087905884,-0.023714512586593628,0.3594934046268463,0.3007037341594696,-0.03396538272500038,0.3828984498977661,0.2850852608680725,-0.041087228804826736,0.28328508138656616,0.3448900282382965,-0.02048567682504654,0.33403268456459045,0.3958653211593628,-0.04051555320620537,0.31726720929145813,0.41763970255851746,-0.04190157726407051,0.3006646931171417,0.413657009601593,-0.03865651786327362,0.2746790051460266,0.36439019441604614,-0.032816458493471146,0.3177555799484253,0.42192116379737854,-0.047817133367061615,0.30105745792388916,0.4392973780632019,-0.037307169288396835,0.28568077087402344,0.4322163462638855,-0.027023078873753548,0.26698124408721924,0.39343056082725525,-0.04559491574764252,0.30116432905197144,0.4364970028400421,-0.05067228898406029,0.28721174597740173,0.4509192705154419,-0.03949708119034767,0.2729052007198334,0.4456656873226166,-0.030273741111159325,0.0,0.0,0.0,0.0,0.0,0.0,0.0,0.0,0.0,0.0,0.0,0.0,0.0,0.0,0.0,0.0,0.0,0.0,0.0,0.0,0.0,0.0,0.0,0.0,0.0,0.0,0.0,0.0,0.0,0.0,0.0,0.0,0.0,0.0,0.0,0.0,0.0,0.0,0.0,0.0,0.0,0.0,0.0,0.0,0.0,0.0,0.0,0.0,0.0,0.0,0.0,0.0,0.0,0.0,0.0,0.0,0.0,0.0,0.0,0.0,0.0,0.0,0.0,SHE
0.20445466041564941,0.44095245003700256,1.5526249796948832e-07,0.24884340167045593,0.4542664587497711,0.002349866321310401,0.2841204106807709,0.44499942660331726,-0.005792127922177315,0.31067201495170593,0.44326987862586975,-0.017486777156591415,0.33102351427078247,0.44598251581192017,-0.028492340818047523,0.29127058386802673,0.3464741110801697,-0.00920690968632698,0.33647945523262024,0.33348721265792847,-0.02391226775944233,0.36772263050079346,0.3241490125656128,-0.032679978758096695,0.3933306336402893,0.3156127333641052,-0.03856838494539261,0.2843177914619446,0.3467136025428772,-0.020232154056429863,0.3327881991863251,0.4044542610645294,-0.04032736271619797,0.31400594115257263,0.4242629110813141,-0.040687818080186844,0.29727980494499207,0.41795748472213745,-0.03622434660792351,0.276204377412796,0.3657399117946625,-0.031334809958934784,0.3171429932117462,0.4285818934440613,-0.04776373505592346,0.2981322407722473,0.4435611069202423,-0.03807999938726425,0.28136029839515686,0.43553808331489563,-0.027559181675314903,0.26930537819862366,0.39313164353370667,-0.04275017976760864,0.298996239900589,0.4421471357345581,-0.049755387008190155,0.28228873014450073,0.45646101236343384,-0.040104079991579056,0.2666846811771393,0.4514892101287842,-0.03129684180021286,0.0,0.0,0.0,0.0,0.0,0.0,0.0,0.0,0.0,0.0,0.0,0.0,0.0,0.0,0.0,0.0,0.0,0.0,0.0,0.0,0.0,0.0,0.0,0.0,0.0,0.0,0.0,0.0,0.0,0.0,0.0,0.0,0.0,0.0,0.0,0.0,0.0,0.0,0.0,0.0,0.0,0.0,0.0,0.0,0.0,0.0,0.0,0.0,0.0,0.0,0.0,0.0,0.0,0.0,0.0,0.0,0.0,0.0,0.0,0.0,0.0,0.0,0.0,SHE
0.20513816177845,0.39751091599464417,1.9274358464826946e-07,0.247235506772995,0.41831716895103455,-0.0019612659234553576,0.28171709179878235,0.4118245244026184,-0.012086682952940464,0.3063983917236328,0.4066101014614105,-0.024284956976771355,0.3238644003868103,0.4093047082424164,-0.03587828576564789,0.29309192299842834,0.30959051847457886,-0.017315248027443886,0.33183544874191284,0.2930305004119873,-0.03558405116200447,0.3616539239883423,0.2784733772277832,-0.04803141951560974,0.38558781147003174,0.26481756567955017,-0.05607696995139122,0.28419584035873413,0.3053094148635864,-0.02570945955812931,0.32776516675949097,0.3651460111141205,-0.04643455147743225,0.3096488416194916,0.3883668780326843,-0.04751872643828392,0.2929702401161194,0.38336020708084106,-0.04376376420259476,0.27292320132255554,0.32188692688941956,-0.03426895663142204,0.31081676483154297,0.386280357837677,-0.052445441484451294,0.2923596203327179,0.40622079372406006,-0.04393874108791351,0.27586182951927185,0.3999081254005432,-0.0338200181722641,0.26217976212501526,0.3478468656539917,-0.04319760948419571,0.29069262742996216,0.3987302780151367,-0.051462527364492416,0.27569273114204407,0.4170542359352112,-0.041767556220293045,0.2597828507423401,0.41542118787765503,-0.032562464475631714,0.0,0.0,0.0,0.0,0.0,0.0,0.0,0.0,0.0,0.0,0.0,0.0,0.0,0.0,0.0,0.0,0.0,0.0,0.0,0.0,0.0,0.0,0.0,0.0,0.0,0.0,0.0,0.0,0.0,0.0,0.0,0.0,0.0,0.0,0.0,0.0,0.0,0.0,0.0,0.0,0.0,0.0,0.0,0.0,0.0,0.0,0.0,0.0,0.0,0.0,0.0,0.0,0.0,0.0,0.0,0.0,0.0,0.0,0.0,0.0,0.0,0.0,0.0,SHE
0.21752601861953735,0.41651788353919983,8.252147409848476e-08,0.26183658838272095,0.4232959747314453,0.0057470910251140594,0.2988795042037964,0.4154883921146393,-0.000640052487142384,0.3261148929595947,0.4184376299381256,-0.0110769709572196,0.3476358950138092,0.4245964288711548,-0.020367586985230446,0.3097727298736572,0.32806605100631714,-0.0034142546355724335,0.3536379337310791,0.3117421865463257,-0.015301213599741459,0.38175198435783386,0.3009907305240631,-0.022308697924017906,0.4055110216140747,0.2914865016937256,-0.027498947456479073,0.3048723340034485,0.33118024468421936,-0.015671145170927048,0.35042667388916016,0.3841536343097687,-0.03244490176439285,0.33136820793151855,0.4004197120666504,-0.03284047171473503,0.31621113419532776,0.39362281560897827,-0.0294889435172081,0.2983263432979584,0.34956589341163635,-0.02786770462989807,0.33486634492874146,0.40863272547721863,-0.039110440760850906,0.3177007734775543,0.41930916905403137,-0.029139680787920952,0.3040027618408203,0.40982523560523987,-0.02031886577606201,0.29181337356567383,0.3751361668109894,-0.04043067619204521,0.3162424862384796,0.42286309599876404,-0.04233575612306595,0.30103614926338196,0.4317290782928467,-0.032255157828330994,0.2889764904975891,0.42277422547340393,-0.02468247339129448,0.0,0.0,0.0,0.0,0.0,0.0,0.0,0.0,0.0,0.0,0.0,0.0,0.0,0.0,0.0,0.0,0.0,0.0,0.0,0.0,0.0,0.0,0.0,0.0,0.0,0.0,0.0,0.0,0.0,0.0,0.0,0.0,0.0,0.0,0.0,0.0,0.0,0.0,0.0,0.0,0.0,0.0,0.0,0.0,0.0,0.0,0.0,0.0,0.0,0.0,0.0,0.0,0.0,0.0,0.0,0.0,0.0,0.0,0.0,0.0,0.0,0.0,0.0,SHE
0.21897688508033752,0.40787798166275024,1.0550539997211672e-07,0.26574578881263733,0.42509400844573975,0.0008413910982199013,0.3000345230102539,0.41661152243614197,-0.006601865869015455,0.32477378845214844,0.4153714179992676,-0.017477961257100105,0.3444376289844513,0.41487836837768555,-0.027160976082086563,0.3098055124282837,0.31980347633361816,-0.007027936168015003,0.3492118716239929,0.3035101592540741,-0.021093236282467842,0.37667056918144226,0.28877726197242737,-0.03061874769628048,0.39975523948669434,0.27556145191192627,-0.037553898990154266,0.3028196096420288,0.31809747219085693,-0.017126260325312614,0.34722694754600525,0.3724011778831482,-0.03769616410136223,0.3292447030544281,0.39070433378219604,-0.040577493607997894,0.3132363557815552,0.3858415484428406,-0.03812408074736595,0.2946622967720032,0.3344687819480896,-0.027557583525776863,0.3319682776927948,0.3951035439968109,-0.043667297810316086,0.31381604075431824,0.40911632776260376,-0.03549167513847351,0.2977282404899597,0.4024249017238617,-0.02621961385011673,0.2868572175502777,0.3603948652744293,-0.03865037485957146,0.3152647018432617,0.4077194631099701,-0.04547416791319847,0.3002609312534332,0.4211401045322418,-0.036978829652071,0.28598055243492126,0.41732415556907654,-0.029135100543498993,0.0,0.0,0.0,0.0,0.0,0.0,0.0,0.0,0.0,0.0,0.0,0.0,0.0,0.0,0.0,0.0,0.0,0.0,0.0,0.0,0.0,0.0,0.0,0.0,0.0,0.0,0.0,0.0,0.0,0.0,0.0,0.0,0.0,0.0,0.0,0.0,0.0,0.0,0.0,0.0,0.0,0.0,0.0,0.0,0.0,0.0,0.0,0.0,0.0,0.0,0.0,0.0,0.0,0.0,0.0,0.0,0.0,0.0,0.0,0.0,0.0,0.0,0.0,SHE
0.2042815387248993,0.4077984690666199,1.0548789930453495e-07,0.2508063018321991,0.42370665073394775,0.0017547003226354718,0.2869492471218109,0.4155736267566681,-0.005334748420864344,0.313448041677475,0.4158819317817688,-0.0160178542137146,0.3347277343273163,0.4168986976146698,-0.025463398545980453,0.2998961806297302,0.3202716112136841,-0.005970078986138105,0.3419478237628937,0.3013562560081482,-0.019893363118171692,0.37059277296066284,0.28705593943595886,-0.029528820887207985,0.39523327350616455,0.2742249369621277,-0.03672374412417412,0.29303181171417236,0.31853336095809937,-0.016920562833547592,0.33836641907691956,0.3741165101528168,-0.03783814236521721,0.31903621554374695,0.3922656178474426,-0.04114397615194321,0.30291831493377686,0.38630005717277527,-0.03906046226620674,0.2842146158218384,0.33464446663856506,-0.02814168855547905,0.32206985354423523,0.3971703350543976,-0.043917734175920486,0.3042835295200348,0.41050517559051514,-0.03538594767451286,0.2890487015247345,0.40201446413993835,-0.026190469041466713,0.27585259079933167,0.36011651158332825,-0.04001685976982117,0.3044740855693817,0.4096381664276123,-0.04629626125097275,0.2898121178150177,0.42192116379737854,-0.03740726038813591,0.2763769030570984,0.41622939705848694,-0.029585139825940132,0.0,0.0,0.0,0.0,0.0,0.0,0.0,0.0,0.0,0.0,0.0,0.0,0.0,0.0,0.0,0.0,0.0,0.0,0.0,0.0,0.0,0.0,0.0,0.0,0.0,0.0,0.0,0.0,0.0,0.0,0.0,0.0,0.0,0.0,0.0,0.0,0.0,0.0,0.0,0.0,0.0,0.0,0.0,0.0,0.0,0.0,0.0,0.0,0.0,0.0,0.0,0.0,0.0,0.0,0.0,0.0,0.0,0.0,0.0,0.0,0.0,0.0,0.0,SHE
0.17240722477436066,0.39939767122268677,1.7790142692319932e-07,0.22544491291046143,0.4139222800731659,0.001852833665907383,0.2642456889152527,0.40351587533950806,-0.00949418917298317,0.292844295501709,0.39917558431625366,-0.02492680214345455,0.31400343775749207,0.40359950065612793,-0.039312075823545456,0.27748772501945496,0.29450589418411255,-0.011969944462180138,0.32208722829818726,0.27872148156166077,-0.03024355322122574,0.35490894317626953,0.2666442096233368,-0.04210948944091797,0.38137781620025635,0.2567445635795593,-0.05007341131567955,0.2671428918838501,0.29360342025756836,-0.02459949254989624,0.3178423047065735,0.35977551341056824,-0.047856416553258896,0.2972349226474762,0.38336804509162903,-0.04945698752999306,0.27910369634628296,0.3790040910243988,-0.04495042935013771,0.25497105717658997,0.3151688873767853,-0.03732309490442276,0.2969880998134613,0.38470298051834106,-0.0547051727771759,0.2770761549472809,0.40357938408851624,-0.043559540063142776,0.2588835060596466,0.39604583382606506,-0.03166096284985542,0.2430674135684967,0.3462859094142914,-0.05069928243756294,0.27350249886512756,0.40151095390319824,-0.0570577010512352,0.25671061873435974,0.41810816526412964,-0.045477401465177536,0.24075111746788025,0.41335150599479675,-0.034941770136356354,0.0,0.0,0.0,0.0,0.0,0.0,0.0,0.0,0.0,0.0,0.0,0.0,0.0,0.0,0.0,0.0,0.0,0.0,0.0,0.0,0.0,0.0,0.0,0.0,0.0,0.0,0.0,0.0,0.0,0.0,0.0,0.0,0.0,0.0,0.0,0.0,0.0,0.0,0.0,0.0,0.0,0.0,0.0,0.0,0.0,0.0,0.0,0.0,0.0,0.0,0.0,0.0,0.0,0.0,0.0,0.0,0.0,0.0,0.0,0.0,0.0,0.0,0.0,SHE
0.1654733121395111,0.38654133677482605,4.2144588263681726e-08,0.21037092804908752,0.36483198404312134,0.007233562413603067,0.2595803737640381,0.36295685172080994,-0.0006238917703740299,0.2930866479873657,0.38725605607032776,-0.012235837988555431,0.3140288293361664,0.4146967828273773,-0.022911841049790382,0.2773773968219757,0.2940468192100525,-0.01164698414504528,0.3301886320114136,0.30313706398010254,-0.024758845567703247,0.36068493127822876,0.30304908752441406,-0.03172309324145317,0.38850289583206177,0.3001269996166229,-0.037596601992845535,0.27024924755096436,0.3069725036621094,-0.026348304003477097,0.31705522537231445,0.37285518646240234,-0.04285548999905586,0.29645854234695435,0.3856448531150818,-0.0428386926651001,0.28165948390960693,0.37466150522232056,-0.04100698232650757,0.25982657074928284,0.33334043622016907,-0.040084172040224075,0.2980591058731079,0.40183618664741516,-0.05004918947815895,0.2767234146595001,0.4063006043434143,-0.03731948882341385,0.26310738921165466,0.390255868434906,-0.028420450165867805,0.24832545220851898,0.3640172779560089,-0.05416528508067131,0.27626362442970276,0.41831713914871216,-0.0543937161564827,0.2569861114025116,0.4220828711986542,-0.041919101029634476,0.24392086267471313,0.4078364670276642,-0.03394245728850365,0.0,0.0,0.0,0.0,0.0,0.0,0.0,0.0,0.0,0.0,0.0,0.0,0.0,0.0,0.0,0.0,0.0,0.0,0.0,0.0,0.0,0.0,0.0,0.0,0.0,0.0,0.0,0.0,0.0,0.0,0.0,0.0,0.0,0.0,0.0,0.0,0.0,0.0,0.0,0.0,0.0,0.0,0.0,0.0,0.0,0.0,0.0,0.0,0.0,0.0,0.0,0.0,0.0,0.0,0.0,0.0,0.0,0.0,0.0,0.0,0.0,0.0,0.0,SHE
0.1824691891670227,0.3716307282447815,3.588225183648319e-08,0.22109711170196533,0.3571068048477173,0.004904790315777063,0.2691882848739624,0.35801005363464355,-0.0032747399527579546,0.3032491207122803,0.38185611367225647,-0.014899388886988163,0.32572701573371887,0.4099527597427368,-0.025611989200115204,0.293487012386322,0.2890166938304901,-0.011898722499608994,0.3460736572742462,0.29596877098083496,-0.02557113766670227,0.37749356031417847,0.2954953610897064,-0.033113107085227966,0.4058401584625244,0.2930513322353363,-0.039260879158973694,0.28758853673934937,0.2972453832626343,-0.02499290555715561,0.33186373114585876,0.3651527464389801,-0.04267841950058937,0.30982673168182373,0.3784026503562927,-0.043891776353120804,0.2947113513946533,0.366709440946579,-0.0421115942299366,0.2768421769142151,0.3214593231678009,-0.037214700132608414,0.31360334157943726,0.39036333560943604,-0.04901960864663124,0.29216235876083374,0.39755672216415405,-0.03768850862979889,0.27821388840675354,0.3825259804725647,-0.02870030328631401,0.26485294103622437,0.3509984612464905,-0.049810539931058884,0.290641188621521,0.4068945050239563,-0.05231123045086861,0.2714637517929077,0.41314250230789185,-0.04119178280234337,0.2586132884025574,0.40097659826278687,-0.03321817144751549,0.0,0.0,0.0,0.0,0.0,0.0,0.0,0.0,0.0,0.0,0.0,0.0,0.0,0.0,0.0,0.0,0.0,0.0,0.0,0.0,0.0,0.0,0.0,0.0,0.0,0.0,0.0,0.0,0.0,0.0,0.0,0.0,0.0,0.0,0.0,0.0,0.0,0.0,0.0,0.0,0.0,0.0,0.0,0.0,0.0,0.0,0.0,0.0,0.0,0.0,0.0,0.0,0.0,0.0,0.0,0.0,0.0,0.0,0.0,0.0,0.0,0.0,0.0,SHE
0.19137945771217346,0.3810151219367981,1.8437485493905115e-07,0.23919519782066345,0.40570586919784546,-0.0011864913394674659,0.2767338752746582,0.4041660726070404,-0.012330936267971992,0.3040311634540558,0.4084347188472748,-0.026686890050768852,0.324273943901062,0.41441428661346436,-0.0395851731300354,0.3031357228755951,0.3027947247028351,-0.013742412440478802,0.34566837549209595,0.29647719860076904,-0.0313103161752224,0.3776402771472931,0.28958576917648315,-0.042330194264650345,0.4037371575832367,0.28314417600631714,-0.049846529960632324,0.2926461100578308,0.2967125177383423,-0.024540545418858528,0.33264076709747314,0.37174686789512634,-0.048488445580005646,0.30898746848106384,0.3914138674736023,-0.050273653119802475,0.29112017154693604,0.3847607672214508,-0.045871540904045105,0.2778872847557068,0.31208422780036926,-0.03571869060397148,0.30858275294303894,0.39177531003952026,-0.054790932685136795,0.28684017062187195,0.40630584955215454,-0.044454991817474365,0.2699432075023651,0.39487388730049133,-0.03274255990982056,0.26210692524909973,0.3374435007572174,-0.047718338668346405,0.28372445702552795,0.4016399383544922,-0.05542892962694168,0.266181081533432,0.41406720876693726,-0.04497947543859482,0.25175240635871887,0.404796838760376,-0.0351455956697464,0.0,0.0,0.0,0.0,0.0,0.0,0.0,0.0,0.0,0.0,0.0,0.0,0.0,0.0,0.0,0.0,0.0,0.0,0.0,0.0,0.0,0.0,0.0,0.0,0.0,0.0,0.0,0.0,0.0,0.0,0.0,0.0,0.0,0.0,0.0,0.0,0.0,0.0,0.0,0.0,0.0,0.0,0.0,0.0,0.0,0.0,0.0,0.0,0.0,0.0,0.0,0.0,0.0,0.0,0.0,0.0,0.0,0.0,0.0,0.0,0.0,0.0,0.0,SHE
0.1837792694568634,0.41018301248550415,1.7451220912789722e-07,0.23585844039916992,0.43131428956985474,-0.00052692333701998,0.27333998680114746,0.42297860980033875,-0.011724546551704407,0.300873339176178,0.4194299280643463,-0.02644416131079197,0.3210056722164154,0.4182729423046112,-0.03985099494457245,0.28776586055755615,0.3140605092048645,-0.013736727647483349,0.3295661509037018,0.2987045645713806,-0.03229228034615517,0.3618384003639221,0.28594517707824707,-0.04421520605683327,0.3877083361148834,0.27466797828674316,-0.05236249044537544,0.27712756395339966,0.30954158306121826,-0.025366218760609627,0.3256327509880066,0.37701985239982605,-0.05007531866431236,0.30393293499946594,0.4027167558670044,-0.05191117152571678,0.2849591076374054,0.3995112478733063,-0.047385893762111664,0.26451605558395386,0.32756415009498596,-0.03742258995771408,0.30486854910850525,0.3987446129322052,-0.057004209607839584,0.28440722823143005,0.4193841814994812,-0.0460999496281147,0.266031950712204,0.41255486011505127,-0.03389294818043709,0.25185099244117737,0.35685616731643677,-0.05032509192824364,0.2816792130470276,0.4139541685581207,-0.05873598903417587,0.2651088237762451,0.4310586154460907,-0.04803624376654625,0.24901682138442993,0.4262596070766449,-0.03787436708807945,0.0,0.0,0.0,0.0,0.0,0.0,0.0,0.0,0.0,0.0,0.0,0.0,0.0,0.0,0.0,0.0,0.0,0.0,0.0,0.0,0.0,0.0,0.0,0.0,0.0,0.0,0.0,0.0,0.0,0.0,0.0,0.0,0.0,0.0,0.0,0.0,0.0,0.0,0.0,0.0,0.0,0.0,0.0,0.0,0.0,0.0,0.0,0.0,0.0,0.0,0.0,0.0,0.0,0.0,0.0,0.0,0.0,0.0,0.0,0.0,0.0,0.0,0.0,SHE
0.17673753201961517,0.4049297869205475,1.2287230788388115e-07,0.22564637660980225,0.42246541380882263,0.003302942495793104,0.26691970229148865,0.4151186943054199,-0.005213672760874033,0.2973538637161255,0.4162631630897522,-0.01783871464431286,0.32070034742355347,0.4241541624069214,-0.029469171538949013,0.2867365777492523,0.31222808361053467,-0.007067215163260698,0.33334746956825256,0.30444589257240295,-0.022053208202123642,0.36610305309295654,0.29669106006622314,-0.0320262648165226,0.39383792877197266,0.28850889205932617,-0.039473820477724075,0.2792949974536896,0.3111177682876587,-0.019407259300351143,0.32669341564178467,0.3789342939853668,-0.039915092289447784,0.3046374022960663,0.3986295163631439,-0.04167318716645241,0.28702253103256226,0.3908170461654663,-0.03826021030545235,0.2680181562900543,0.33099257946014404,-0.03177850320935249,0.3073986768722534,0.4021381139755249,-0.04739030450582504,0.2864767909049988,0.41741058230400085,-0.03773929178714752,0.269004225730896,0.40755265951156616,-0.027665700763463974,0.2566717863082886,0.3606520891189575,-0.0446171909570694,0.28414684534072876,0.41722774505615234,-0.05089346319437027,0.26605892181396484,0.43113186955451965,-0.0412939079105854,0.25067609548568726,0.42414790391921997,-0.03274230286478996,0.0,0.0,0.0,0.0,0.0,0.0,0.0,0.0,0.0,0.0,0.0,0.0,0.0,0.0,0.0,0.0,0.0,0.0,0.0,0.0,0.0,0.0,0.0,0.0,0.0,0.0,0.0,0.0,0.0,0.0,0.0,0.0,0.0,0.0,0.0,0.0,0.0,0.0,0.0,0.0,0.0,0.0,0.0,0.0,0.0,0.0,0.0,0.0,0.0,0.0,0.0,0.0,0.0,0.0,0.0,0.0,0.0,0.0,0.0,0.0,0.0,0.0,0.0,SHE
0.16575759649276733,0.3850362300872803,1.2700620288796927e-07,0.21750018000602722,0.40743330121040344,0.002078237244859338,0.25682154297828674,0.4013514816761017,-0.006402105093002319,0.28438466787338257,0.4020441770553589,-0.01900116726756096,0.30723607540130615,0.4053950309753418,-0.03038151003420353,0.27373963594436646,0.29594874382019043,-0.008128349669277668,0.3204021751880646,0.2866829037666321,-0.023629402741789818,0.35235992074012756,0.2778252959251404,-0.033911410719156265,0.38015681505203247,0.2695137858390808,-0.04151007533073425,0.2641680836677551,0.2942157983779907,-0.02057400718331337,0.3115556836128235,0.3613350987434387,-0.04389377310872078,0.2899404466152191,0.37951308488845825,-0.047243621200323105,0.2715815305709839,0.37302786111831665,-0.044511809945106506,0.25211063027381897,0.3126295208930969,-0.03319187089800835,0.2908957302570343,0.38568899035453796,-0.051363635808229446,0.26941758394241333,0.3997615575790405,-0.04171881452202797,0.2507469952106476,0.39055144786834717,-0.03091757744550705,0.24056126177310944,0.3405499756336212,-0.046464961022138596,0.2696111500263214,0.3966101109981537,-0.05432254448533058,0.2519325613975525,0.41143667697906494,-0.04462585225701332,0.23574401438236237,0.4070045053958893,-0.035632792860269547,0.0,0.0,0.0,0.0,0.0,0.0,0.0,0.0,0.0,0.0,0.0,0.0,0.0,0.0,0.0,0.0,0.0,0.0,0.0,0.0,0.0,0.0,0.0,0.0,0.0,0.0,0.0,0.0,0.0,0.0,0.0,0.0,0.0,0.0,0.0,0.0,0.0,0.0,0.0,0.0,0.0,0.0,0.0,0.0,0.0,0.0,0.0,0.0,0.0,0.0,0.0,0.0,0.0,0.0,0.0,0.0,0.0,0.0,0.0,0.0,0.0,0.0,0.0,SHE
0.16623589396476746,0.41857844591140747,5.977673822599172e-08,0.22145584225654602,0.43632298707962036,0.00727534806355834,0.2645495533943176,0.4297393560409546,0.000738921866286546,0.29469677805900574,0.43410053849220276,-0.011122388765215874,0.3188513219356537,0.4431394636631012,-0.02162485010921955,0.28463461995124817,0.3291769325733185,-0.0009717570501379669,0.3328157067298889,0.32331329584121704,-0.014647897332906723,0.3642021715641022,0.31447282433509827,-0.023549845442175865,0.3928740620613098,0.305553138256073,-0.03046020120382309,0.2752052843570709,0.32976746559143066,-0.01630587689578533,0.3231375515460968,0.3987540006637573,-0.03649178147315979,0.3001571595668793,0.41415324807167053,-0.03857816010713577,0.28251707553863525,0.4055897295475006,-0.035780541598796844,0.26289525628089905,0.34878093004226685,-0.03166690841317177,0.3028124272823334,0.4216713309288025,-0.04568972811102867,0.28118979930877686,0.4327464997768402,-0.03409311920404434,0.2644883692264557,0.42097193002700806,-0.02342129498720169,0.2508394718170166,0.376840204000473,-0.047559794038534164,0.2808484435081482,0.4339696764945984,-0.050413407385349274,0.26332372426986694,0.44442659616470337,-0.038263071328401566,0.24925395846366882,0.43427911400794983,-0.028929391875863075,0.0,0.0,0.0,0.0,0.0,0.0,0.0,0.0,0.0,0.0,0.0,0.0,0.0,0.0,0.0,0.0,0.0,0.0,0.0,0.0,0.0,0.0,0.0,0.0,0.0,0.0,0.0,0.0,0.0,0.0,0.0,0.0,0.0,0.0,0.0,0.0,0.0,0.0,0.0,0.0,0.0,0.0,0.0,0.0,0.0,0.0,0.0,0.0,0.0,0.0,0.0,0.0,0.0,0.0,0.0,0.0,0.0,0.0,0.0,0.0,0.0,0.0,0.0,SHE
0.2021709680557251,0.4044603407382965,1.6492117538291495e-07,0.24533940851688385,0.42621058225631714,-0.0036125911865383387,0.2788015902042389,0.42050421237945557,-0.012908995151519775,0.302137166261673,0.4202035367488861,-0.024358956143260002,0.32150599360466003,0.42023760080337524,-0.034387070685625076,0.29764991998672485,0.3256043493747711,-0.014903021045029163,0.33625102043151855,0.31583264470100403,-0.031009560450911522,0.3647080659866333,0.3053390383720398,-0.041325170546770096,0.3879498243331909,0.29577648639678955,-0.04828435555100441,0.2868809700012207,0.3174765110015869,-0.023344852030277252,0.32606425881385803,0.3786430060863495,-0.04488399252295494,0.3072115480899811,0.4023800194263458,-0.04704665765166283,0.2904306650161743,0.40275877714157104,-0.04395359382033348,0.27391502261161804,0.32897865772247314,-0.03241457790136337,0.3070201575756073,0.39544329047203064,-0.05124609172344208,0.2883686423301697,0.4155349135398865,-0.04301168769598007,0.27150556445121765,0.41204705834388733,-0.03300793096423149,0.26040488481521606,0.3521100878715515,-0.0423717238008976,0.28724148869514465,0.4037378430366516,-0.05202234908938408,0.27358993887901306,0.4230789244174957,-0.04375559091567993,0.2586495578289032,0.423393189907074,-0.03530068323016167,0.0,0.0,0.0,0.0,0.0,0.0,0.0,0.0,0.0,0.0,0.0,0.0,0.0,0.0,0.0,0.0,0.0,0.0,0.0,0.0,0.0,0.0,0.0,0.0,0.0,0.0,0.0,0.0,0.0,0.0,0.0,0.0,0.0,0.0,0.0,0.0,0.0,0.0,0.0,0.0,0.0,0.0,0.0,0.0,0.0,0.0,0.0,0.0,0.0,0.0,0.0,0.0,0.0,0.0,0.0,0.0,0.0,0.0,0.0,0.0,0.0,0.0,0.0,SHE
0.21557849645614624,0.4165283739566803,1.148775155002113e-07,0.25532954931259155,0.4418693780899048,-0.0029902970418334007,0.28950321674346924,0.4386332333087921,-0.01083956379443407,0.3109932541847229,0.4366335868835449,-0.020781125873327255,0.32254743576049805,0.43026202917099,-0.029709195718169212,0.3061354160308838,0.34651851654052734,-0.012355553917586803,0.3396011292934418,0.33198708295822144,-0.025938548147678375,0.3648318946361542,0.3203907907009125,-0.03573957085609436,0.3864138424396515,0.30739614367485046,-0.04336663708090782,0.2952163517475128,0.33504417538642883,-0.020447244867682457,0.32914140820503235,0.39186030626296997,-0.039818186312913895,0.3103644847869873,0.4161459803581238,-0.04277222231030464,0.29596075415611267,0.41394245624542236,-0.04127522557973862,0.2815909683704376,0.34281134605407715,-0.02895970083773136,0.3113604485988617,0.40349075198173523,-0.0459076389670372,0.29554882645606995,0.42591333389282227,-0.03879385441541672,0.28181004524230957,0.4215095043182373,-0.03054838255047798,0.2688152492046356,0.3621920943260193,-0.03827257826924324,0.29349228739738464,0.40991419553756714,-0.04692867398262024,0.2817532420158386,0.42852193117141724,-0.039498455822467804,0.2690353989601135,0.42640262842178345,-0.032517872750759125,0.0,0.0,0.0,0.0,0.0,0.0,0.0,0.0,0.0,0.0,0.0,0.0,0.0,0.0,0.0,0.0,0.0,0.0,0.0,0.0,0.0,0.0,0.0,0.0,0.0,0.0,0.0,0.0,0.0,0.0,0.0,0.0,0.0,0.0,0.0,0.0,0.0,0.0,0.0,0.0,0.0,0.0,0.0,0.0,0.0,0.0,0.0,0.0,0.0,0.0,0.0,0.0,0.0,0.0,0.0,0.0,0.0,0.0,0.0,0.0,0.0,0.0,0.0,SHE
0.1909487545490265,0.40839648246765137,1.6965685745162773e-07,0.23434893786907196,0.43383553624153137,-0.0028434237465262413,0.2694008946418762,0.42965054512023926,-0.011587087996304035,0.29357779026031494,0.42837777733802795,-0.022646408528089523,0.3118903338909149,0.4266091287136078,-0.032411135733127594,0.28785422444343567,0.33263707160949707,-0.013287235982716084,0.3280690312385559,0.32537293434143066,-0.028868522495031357,0.35786110162734985,0.3182237148284912,-0.03912673145532608,0.3825026750564575,0.31097763776779175,-0.04619726911187172,0.2786584496498108,0.3250199258327484,-0.02170434035360813,0.3174307942390442,0.38716721534729004,-0.042706284672021866,0.2972661554813385,0.4107073247432709,-0.04489947110414505,0.2804231345653534,0.4092479944229126,-0.041850414127111435,0.2665625810623169,0.3373035788536072,-0.03064088709652424,0.29907381534576416,0.40501511096954346,-0.04880991950631142,0.27986347675323486,0.4246416687965393,-0.040629297494888306,0.2632729113101959,0.4195006489753723,-0.03068016842007637,0.2536854147911072,0.36051198840141296,-0.04034046456217766,0.28031855821609497,0.41308698058128357,-0.04919219762086868,0.26643940806388855,0.43205371499061584,-0.040800999850034714,0.2521142065525055,0.4317527413368225,-0.03243907541036606,0.0,0.0,0.0,0.0,0.0,0.0,0.0,0.0,0.0,0.0,0.0,0.0,0.0,0.0,0.0,0.0,0.0,0.0,0.0,0.0,0.0,0.0,0.0,0.0,0.0,0.0,0.0,0.0,0.0,0.0,0.0,0.0,0.0,0.0,0.0,0.0,0.0,0.0,0.0,0.0,0.0,0.0,0.0,0.0,0.0,0.0,0.0,0.0,0.0,0.0,0.0,0.0,0.0,0.0,0.0,0.0,0.0,0.0,0.0,0.0,0.0,0.0,0.0,SHE
0.1959771364927292,0.42077991366386414,1.3732218917539285e-07,0.24301408231258392,0.44295865297317505,-0.001171827781945467,0.2782590687274933,0.4377644658088684,-0.010198856703937054,0.3031034767627716,0.43824371695518494,-0.02203998528420925,0.32449960708618164,0.44037845730781555,-0.0324329249560833,0.2973853647708893,0.34035828709602356,-0.0125850485637784,0.33688825368881226,0.33137941360473633,-0.028681159019470215,0.365667462348938,0.3211854100227356,-0.03911834955215454,0.39000391960144043,0.3120003342628479,-0.04634608328342438,0.2872481346130371,0.3334709405899048,-0.022421671077609062,0.32958686351776123,0.39571279287338257,-0.043640024960041046,0.3096482753753662,0.417344331741333,-0.04542962461709976,0.2922760248184204,0.4151206314563751,-0.04203330725431442,0.2743631899356842,0.3470853269100189,-0.032715678215026855,0.3097734749317169,0.4135480523109436,-0.050262629985809326,0.2910168468952179,0.43186360597610474,-0.041124094277620316,0.27404284477233887,0.4260738492012024,-0.030735500156879425,0.2610768973827362,0.3719729781150818,-0.043762095272541046,0.28866714239120483,0.4245312809944153,-0.05178333446383476,0.27469882369041443,0.4417915642261505,-0.04259088635444641,0.26019901037216187,0.4389905333518982,-0.033789969980716705,0.0,0.0,0.0,0.0,0.0,0.0,0.0,0.0,0.0,0.0,0.0,0.0,0.0,0.0,0.0,0.0,0.0,0.0,0.0,0.0,0.0,0.0,0.0,0.0,0.0,0.0,0.0,0.0,0.0,0.0,0.0,0.0,0.0,0.0,0.0,0.0,0.0,0.0,0.0,0.0,0.0,0.0,0.0,0.0,0.0,0.0,0.0,0.0,0.0,0.0,0.0,0.0,0.0,0.0,0.0,0.0,0.0,0.0,0.0,0.0,0.0,0.0,0.0,SHE
0.1937486231327057,0.41671857237815857,1.4276476179020392e-07,0.23867332935333252,0.4334520697593689,-0.0034646017011255026,0.2741357088088989,0.42204520106315613,-0.013103804551064968,0.2980831563472748,0.41667139530181885,-0.02495286986231804,0.3148516118526459,0.4139261245727539,-0.03593257814645767,0.2824805676937103,0.32220861315727234,-0.017563173547387123,0.32045894861221313,0.3047782778739929,-0.03356417268514633,0.3479389548301697,0.28943920135498047,-0.04376944899559021,0.36951103806495667,0.2753867208957672,-0.05106165260076523,0.2690725326538086,0.3149290978908539,-0.026415036991238594,0.31413358449935913,0.36970341205596924,-0.04779853671789169,0.29824328422546387,0.40081092715263367,-0.049675580114126205,0.2825036644935608,0.40533456206321716,-0.046879541128873825,0.25483447313308716,0.32846421003341675,-0.035530220717191696,0.29549622535705566,0.38718265295028687,-0.0538729652762413,0.2807869017124176,0.4119994342327118,-0.04506335034966469,0.2650255560874939,0.41180258989334106,-0.03523925319314003,0.24202942848205566,0.35328909754753113,-0.045498285442590714,0.27457350492477417,0.3957788944244385,-0.05474952980875969,0.26671668887138367,0.4184148609638214,-0.04603889584541321,0.25489088892936707,0.422957181930542,-0.0376213975250721,0.0,0.0,0.0,0.0,0.0,0.0,0.0,0.0,0.0,0.0,0.0,0.0,0.0,0.0,0.0,0.0,0.0,0.0,0.0,0.0,0.0,0.0,0.0,0.0,0.0,0.0,0.0,0.0,0.0,0.0,0.0,0.0,0.0,0.0,0.0,0.0,0.0,0.0,0.0,0.0,0.0,0.0,0.0,0.0,0.0,0.0,0.0,0.0,0.0,0.0,0.0,0.0,0.0,0.0,0.0,0.0,0.0,0.0,0.0,0.0,0.0,0.0,0.0,SHE
0.1711573302745819,0.40862980484962463,6.779137606827135e-08,0.2175571769475937,0.4195975959300995,0.003958521876484156,0.25674211978912354,0.4129602313041687,-0.0029850162100046873,0.2856716513633728,0.4180731773376465,-0.013897065073251724,0.30939143896102905,0.42423585057258606,-0.02358807995915413,0.27486222982406616,0.31941860914230347,-0.005120360292494297,0.32134026288986206,0.3122250437736511,-0.017611516639590263,0.3513907194137573,0.30469274520874023,-0.02557048760354519,0.37751924991607666,0.2963741719722748,-0.03168945759534836,0.26818522810935974,0.3212788701057434,-0.01694321632385254,0.3139687776565552,0.38156193494796753,-0.03464014083147049,0.2931734025478363,0.39892107248306274,-0.03608979657292366,0.27694061398506165,0.39186733961105347,-0.0335051603615284,0.2590317130088806,0.34078648686408997,-0.028698084875941277,0.29701998829841614,0.40504807233810425,-0.041034407913684845,0.2774656414985657,0.4162350296974182,-0.03112226538360119,0.26145315170288086,0.4054810106754303,-0.02211715467274189,0.24987614154815674,0.36818090081214905,-0.04102276265621185,0.27593088150024414,0.41938817501068115,-0.044386886060237885,0.259718656539917,0.42999377846717834,-0.034561797976493835,0.2459835410118103,0.4216303825378418,-0.026712654158473015,0.0,0.0,0.0,0.0,0.0,0.0,0.0,0.0,0.0,0.0,0.0,0.0,0.0,0.0,0.0,0.0,0.0,0.0,0.0,0.0,0.0,0.0,0.0,0.0,0.0,0.0,0.0,0.0,0.0,0.0,0.0,0.0,0.0,0.0,0.0,0.0,0.0,0.0,0.0,0.0,0.0,0.0,0.0,0.0,0.0,0.0,0.0,0.0,0.0,0.0,0.0,0.0,0.0,0.0,0.0,0.0,0.0,0.0,0.0,0.0,0.0,0.0,0.0,SHE
0.19084015488624573,0.41837894916534424,1.5027838173864438e-07,0.2375800460577011,0.43900996446609497,-0.0016872581327334046,0.27213001251220703,0.4280717968940735,-0.010484086349606514,0.2969507575035095,0.4232788383960724,-0.022291824221611023,0.3141126334667206,0.41744697093963623,-0.0329321026802063,0.2793480157852173,0.32625913619995117,-0.010672498494386673,0.31917881965637207,0.3088928759098053,-0.025360913947224617,0.34905076026916504,0.29541391134262085,-0.03472350165247917,0.37292683124542236,0.28337085247039795,-0.041274745017290115,0.2707781195640564,0.3215882182121277,-0.020003635436296463,0.31660109758377075,0.37792450189590454,-0.04125361517071724,0.29784467816352844,0.40152716636657715,-0.04346252605319023,0.2810191512107849,0.39834076166152954,-0.04005866125226021,0.26190316677093506,0.33637455105781555,-0.02987874113023281,0.30119800567626953,0.3980560898780823,-0.04829211160540581,0.28303536772727966,0.41797715425491333,-0.04075881466269493,0.26573050022125244,0.41261935234069824,-0.031132742762565613,0.25369685888290405,0.36189648509025574,-0.040482182055711746,0.2851869761943817,0.40859779715538025,-0.049905918538570404,0.27271580696105957,0.4299123287200928,-0.04238200560212135,0.2578216791152954,0.43211087584495544,-0.034506380558013916,0.0,0.0,0.0,0.0,0.0,0.0,0.0,0.0,0.0,0.0,0.0,0.0,0.0,0.0,0.0,0.0,0.0,0.0,0.0,0.0,0.0,0.0,0.0,0.0,0.0,0.0,0.0,0.0,0.0,0.0,0.0,0.0,0.0,0.0,0.0,0.0,0.0,0.0,0.0,0.0,0.0,0.0,0.0,0.0,0.0,0.0,0.0,0.0,0.0,0.0,0.0,0.0,0.0,0.0,0.0,0.0,0.0,0.0,0.0,0.0,0.0,0.0,0.0,SHE
0.20212215185165405,0.43807148933410645,9.237820819407716e-08,0.2411845624446869,0.4576356112957001,-0.005523675587028265,0.2794102430343628,0.4482787847518921,-0.016355358064174652,0.30580684542655945,0.44014430046081543,-0.029489591717720032,0.30901262164115906,0.42773619294166565,-0.042403701692819595,0.2946743071079254,0.35097408294677734,-0.0161312073469162,0.32553866505622864,0.3234494924545288,-0.03207128494977951,0.3517669439315796,0.30571144819259644,-0.04287133365869522,0.37066152691841125,0.2880605161190033,-0.05099991336464882,0.2788442373275757,0.33477237820625305,-0.024287892505526543,0.3145138919353485,0.38158881664276123,-0.046004630625247955,0.2951218783855438,0.41656482219696045,-0.04776562377810478,0.2777494788169861,0.41729286313056946,-0.04489453136920929,0.26100072264671326,0.3368978500366211,-0.03310681879520416,0.2945019006729126,0.39001622796058655,-0.05358269810676575,0.27793294191360474,0.42064663767814636,-0.04584174230694771,0.2621956169605255,0.4188721179962158,-0.03667592257261276,0.24379435181617737,0.3503801226615906,-0.04282538965344429,0.2716262936592102,0.3978654146194458,-0.05579591915011406,0.2592255473136902,0.42049458622932434,-0.04925469309091568,0.24464431405067444,0.4176519513130188,-0.04216182604432106,0.0,0.0,0.0,0.0,0.0,0.0,0.0,0.0,0.0,0.0,0.0,0.0,0.0,0.0,0.0,0.0,0.0,0.0,0.0,0.0,0.0,0.0,0.0,0.0,0.0,0.0,0.0,0.0,0.0,0.0,0.0,0.0,0.0,0.0,0.0,0.0,0.0,0.0,0.0,0.0,0.0,0.0,0.0,0.0,0.0,0.0,0.0,0.0,0.0,0.0,0.0,0.0,0.0,0.0,0.0,0.0,0.0,0.0,0.0,0.0,0.0,0.0,0.0,SHE
0.15466585755348206,0.42454761266708374,2.698302203896219e-08,0.20555943250656128,0.42641183733940125,0.008644881658256054,0.24889105558395386,0.41631051898002625,0.0013822753680869937,0.27923741936683655,0.4210185706615448,-0.010528787970542908,0.30142927169799805,0.4324750602245331,-0.021489230915904045,0.2643547058105469,0.325255811214447,-0.006254503037780523,0.31300026178359985,0.3063775300979614,-0.019597917795181274,0.34196776151657104,0.2905654311180115,-0.02828698605298996,0.36801666021347046,0.2759672999382019,-0.0351402685046196,0.2570963203907013,0.32963281869888306,-0.021067645400762558,0.30472713708877563,0.39037978649139404,-0.03835655003786087,0.2837184965610504,0.4072320759296417,-0.0398181676864624,0.2677308917045593,0.40027329325675964,-0.03825344517827034,0.24716588854789734,0.350870817899704,-0.03506481274962425,0.2854846715927124,0.41944339871406555,-0.045439478009939194,0.26521140336990356,0.42803725600242615,-0.034321535378694534,0.24978536367416382,0.41623735427856445,-0.025957221165299416,0.23780888319015503,0.3800574243068695,-0.04933920130133629,0.2627009451389313,0.43427973985671997,-0.04949791356921196,0.24459272623062134,0.442534863948822,-0.03764190524816513,0.23106014728546143,0.4330132305622101,-0.029607683420181274,0.0,0.0,0.0,0.0,0.0,0.0,0.0,0.0,0.0,0.0,0.0,0.0,0.0,0.0,0.0,0.0,0.0,0.0,0.0,0.0,0.0,0.0,0.0,0.0,0.0,0.0,0.0,0.0,0.0,0.0,0.0,0.0,0.0,0.0,0.0,0.0,0.0,0.0,0.0,0.0,0.0,0.0,0.0,0.0,0.0,0.0,0.0,0.0,0.0,0.0,0.0,0.0,0.0,0.0,0.0,0.0,0.0,0.0,0.0,0.0,0.0,0.0,0.0,SHE
0.19607695937156677,0.41819697618484497,2.559277234581714e-08,0.2282533496618271,0.3884863555431366,0.00977886188775301,0.27229684591293335,0.3862510323524475,0.0044967373833060265,0.305093377828598,0.40758776664733887,-0.004217646084725857,0.32499560713768005,0.435025155544281,-0.012263874523341656,0.28636136651039124,0.3263973593711853,-0.008828514255583286,0.33829131722450256,0.31660836935043335,-0.017136134207248688,0.3680197298526764,0.30965545773506165,-0.019973283633589745,0.3930476903915405,0.30214589834213257,-0.022683382034301758,0.28726279735565186,0.34041985869407654,-0.0213436521589756,0.33173713088035583,0.3917718827724457,-0.031498782336711884,0.31299835443496704,0.40793314576148987,-0.0282252449542284,0.2982039153575897,0.3999800384044647,-0.02448834665119648,0.2850528359413147,0.36624449491500854,-0.03237280249595642,0.31821608543395996,0.4214145243167877,-0.03706352040171623,0.2992176115512848,0.4302639067173004,-0.025264959782361984,0.2861018478870392,0.41902101039886475,-0.017670944333076477,0.2817167639732361,0.39489224553108215,-0.04327696934342384,0.3027009963989258,0.43929433822631836,-0.040846772491931915,0.28485584259033203,0.44678694009780884,-0.02986367791891098,0.2727091908454895,0.43729066848754883,-0.02288287878036499,0.0,0.0,0.0,0.0,0.0,0.0,0.0,0.0,0.0,0.0,0.0,0.0,0.0,0.0,0.0,0.0,0.0,0.0,0.0,0.0,0.0,0.0,0.0,0.0,0.0,0.0,0.0,0.0,0.0,0.0,0.0,0.0,0.0,0.0,0.0,0.0,0.0,0.0,0.0,0.0,0.0,0.0,0.0,0.0,0.0,0.0,0.0,0.0,0.0,0.0,0.0,0.0,0.0,0.0,0.0,0.0,0.0,0.0,0.0,0.0,0.0,0.0,0.0,SHE
0.19851058721542358,0.41587117314338684,1.5919896156901814e-07,0.2483057677745819,0.4397413730621338,0.00022083950170781463,0.2833915650844574,0.4326496720314026,-0.007852552458643913,0.30672964453697205,0.43005815148353577,-0.019311746582388878,0.32340914011001587,0.42357826232910156,-0.02957545965909958,0.2941301763057709,0.3293112516403198,-0.009395651519298553,0.33521512150764465,0.31100648641586304,-0.0248003788292408,0.3651154041290283,0.2961615324020386,-0.03545219078660011,0.3897284269332886,0.2826026678085327,-0.04299445450305939,0.2843749523162842,0.3231436014175415,-0.020083963871002197,0.3291817605495453,0.38196393847465515,-0.04167582839727402,0.3101239800453186,0.40565401315689087,-0.044862300157547,0.2931864857673645,0.4043363332748413,-0.042417533695697784,0.2737952172756195,0.33698710799217224,-0.03121022693812847,0.31236082315444946,0.4027051329612732,-0.049306318163871765,0.2933811843395233,0.4229779839515686,-0.0411340557038784,0.2758859097957611,0.41888317465782166,-0.03129664435982704,0.264397531747818,0.3624038100242615,-0.04304945468902588,0.2949987053871155,0.41285669803619385,-0.051422979682683945,0.28118064999580383,0.43346095085144043,-0.04253242537379265,0.2659263610839844,0.43529659509658813,-0.03400341048836708,0.0,0.0,0.0,0.0,0.0,0.0,0.0,0.0,0.0,0.0,0.0,0.0,0.0,0.0,0.0,0.0,0.0,0.0,0.0,0.0,0.0,0.0,0.0,0.0,0.0,0.0,0.0,0.0,0.0,0.0,0.0,0.0,0.0,0.0,0.0,0.0,0.0,0.0,0.0,0.0,0.0,0.0,0.0,0.0,0.0,0.0,0.0,0.0,0.0,0.0,0.0,0.0,0.0,0.0,0.0,0.0,0.0,0.0,0.0,0.0,0.0,0.0,0.0,SHE
0.18842127919197083,0.40956422686576843,1.606251309738127e-08,0.232099249958992,0.4204868972301483,0.012419992126524448,0.2680046856403351,0.41260045766830444,0.011672654189169407,0.2960745692253113,0.416763037443161,0.005118909757584333,0.31575098633766174,0.41293367743492126,-0.0005798705969937146,0.27957940101623535,0.31235089898109436,0.009465408511459827,0.3277360498905182,0.30707043409347534,0.004070115275681019,0.3556382954120636,0.3012297749519348,-0.00027232986758463085,0.3798186779022217,0.29433539509773254,-0.004629082977771759,0.2790150046348572,0.3161618113517761,-0.004777650814503431,0.3225213885307312,0.3685636520385742,-0.016406014561653137,0.3038921654224396,0.38591358065605164,-0.0182063989341259,0.28789135813713074,0.3779350519180298,-0.017281346023082733,0.2774190306663513,0.3354628086090088,-0.018447451293468475,0.31477922201156616,0.3910205662250519,-0.025121334940195084,0.29652443528175354,0.40351128578186035,-0.01824166812002659,0.28145846724510193,0.3944062888622284,-0.01314846146851778,0.27756446599960327,0.36309176683425903,-0.03207197040319443,0.30450326204299927,0.4103245735168457,-0.031297601759433746,0.2890154719352722,0.42203712463378906,-0.023114636540412903,0.27461886405944824,0.4144693911075592,-0.01777690462768078,0.0,0.0,0.0,0.0,0.0,0.0,0.0,0.0,0.0,0.0,0.0,0.0,0.0,0.0,0.0,0.0,0.0,0.0,0.0,0.0,0.0,0.0,0.0,0.0,0.0,0.0,0.0,0.0,0.0,0.0,0.0,0.0,0.0,0.0,0.0,0.0,0.0,0.0,0.0,0.0,0.0,0.0,0.0,0.0,0.0,0.0,0.0,0.0,0.0,0.0,0.0,0.0,0.0,0.0,0.0,0.0,0.0,0.0,0.0,0.0,0.0,0.0,0.0,SHE
0.20219069719314575,0.4050103425979614,1.3832692502546706e-07,0.24712474644184113,0.43170496821403503,-0.002615157514810562,0.28229784965515137,0.4254371225833893,-0.010394824668765068,0.30620047450065613,0.42267128825187683,-0.020932694897055626,0.31680652499198914,0.4144657552242279,-0.03022097982466221,0.2945294976234436,0.32493430376052856,-0.007914294488728046,0.33006757497787476,0.31223729252815247,-0.022012807428836823,0.3567443788051605,0.298136830329895,-0.0326339416205883,0.37918493151664734,0.2841723561286926,-0.04071522131562233,0.28521472215652466,0.31775861978530884,-0.01652820035815239,0.32492902874946594,0.37610647082328796,-0.03742139786481857,0.30613356828689575,0.3987210690975189,-0.04135958477854729,0.2899740934371948,0.39698392152786255,-0.03981884568929672,0.27467405796051025,0.3301151692867279,-0.0260098148137331,0.3098023533821106,0.3927425146102905,-0.04417012259364128,0.29234760999679565,0.4120958745479584,-0.03855760395526886,0.27572301030158997,0.4081171751022339,-0.03053785115480423,0.26546454429626465,0.35422977805137634,-0.03643597662448883,0.29409411549568176,0.40387532114982605,-0.04532482847571373,0.28108030557632446,0.42261454463005066,-0.03904050961136818,0.2656063139438629,0.42355597019195557,-0.03266501799225807,0.0,0.0,0.0,0.0,0.0,0.0,0.0,0.0,0.0,0.0,0.0,0.0,0.0,0.0,0.0,0.0,0.0,0.0,0.0,0.0,0.0,0.0,0.0,0.0,0.0,0.0,0.0,0.0,0.0,0.0,0.0,0.0,0.0,0.0,0.0,0.0,0.0,0.0,0.0,0.0,0.0,0.0,0.0,0.0,0.0,0.0,0.0,0.0,0.0,0.0,0.0,0.0,0.0,0.0,0.0,0.0,0.0,0.0,0.0,0.0,0.0,0.0,0.0,SHE
0.21471430361270905,0.4152587652206421,1.5807167130788002e-07,0.25841015577316284,0.43858325481414795,-0.004433426074683666,0.2951672077178955,0.4316086173057556,-0.013769355602562428,0.3173174560070038,0.42367836833000183,-0.0251767598092556,0.32657089829444885,0.41136226058006287,-0.03574395924806595,0.3049234449863434,0.3303984999656677,-0.012829774990677834,0.33681583404541016,0.3058181405067444,-0.027816524729132652,0.3614750802516937,0.2883225679397583,-0.03912527859210968,0.3809819221496582,0.26894140243530273,-0.047591276466846466,0.2927965223789215,0.3187451958656311,-0.020724859088659286,0.33304402232170105,0.370830774307251,-0.04151781648397446,0.31481412053108215,0.4029691815376282,-0.045407939702272415,0.29748186469078064,0.4051610827445984,-0.04397375136613846,0.2791579067707062,0.32611870765686035,-0.029164491221308708,0.31602686643600464,0.38253873586654663,-0.0470106303691864,0.29969674348831177,0.41110458970069885,-0.03953610733151436,0.2834779918193817,0.41111326217651367,-0.030558926984667778,0.26710498332977295,0.3453187942504883,-0.03850345313549042,0.2966114580631256,0.3892042934894562,-0.04773851856589317,0.28417226672172546,0.411314457654953,-0.039493173360824585,0.26980751752853394,0.41214656829833984,-0.031498637050390244,0.0,0.0,0.0,0.0,0.0,0.0,0.0,0.0,0.0,0.0,0.0,0.0,0.0,0.0,0.0,0.0,0.0,0.0,0.0,0.0,0.0,0.0,0.0,0.0,0.0,0.0,0.0,0.0,0.0,0.0,0.0,0.0,0.0,0.0,0.0,0.0,0.0,0.0,0.0,0.0,0.0,0.0,0.0,0.0,0.0,0.0,0.0,0.0,0.0,0.0,0.0,0.0,0.0,0.0,0.0,0.0,0.0,0.0,0.0,0.0,0.0,0.0,0.0,SHE
0.19465142488479614,0.4039192497730255,1.5137162279188487e-07,0.2413906753063202,0.4283025860786438,-0.0010612382320687175,0.2770457863807678,0.42457690834999084,-0.011037561111152172,0.3032531440258026,0.42724788188934326,-0.024253705516457558,0.3195821940898895,0.4313746988773346,-0.036175504326820374,0.29834020137786865,0.33153533935546875,-0.01055572647601366,0.3395143747329712,0.33054253458976746,-0.025817766785621643,0.36806604266166687,0.3256807029247284,-0.03586716577410698,0.39261025190353394,0.3195778727531433,-0.04313398152589798,0.28993096947669983,0.3250690996646881,-0.020409084856510162,0.32797151803970337,0.39185261726379395,-0.04212534427642822,0.3057965040206909,0.4105009436607361,-0.04469718039035797,0.28879231214523315,0.4049229025840759,-0.041749633848667145,0.2788238525390625,0.33839038014411926,-0.03059425950050354,0.3092280924320221,0.4099167287349701,-0.04794430360198021,0.28839826583862305,0.42455872893333435,-0.03912030905485153,0.2706335484981537,0.41700994968414307,-0.02901792712509632,0.2676653265953064,0.36165034770965576,-0.041699618101119995,0.2885393798351288,0.4204872250556946,-0.04971868917346001,0.27144694328308105,0.4350275993347168,-0.04153696075081825,0.25609028339385986,0.4311051070690155,-0.033525500446558,0.0,0.0,0.0,0.0,0.0,0.0,0.0,0.0,0.0,0.0,0.0,0.0,0.0,0.0,0.0,0.0,0.0,0.0,0.0,0.0,0.0,0.0,0.0,0.0,0.0,0.0,0.0,0.0,0.0,0.0,0.0,0.0,0.0,0.0,0.0,0.0,0.0,0.0,0.0,0.0,0.0,0.0,0.0,0.0,0.0,0.0,0.0,0.0,0.0,0.0,0.0,0.0,0.0,0.0,0.0,0.0,0.0,0.0,0.0,0.0,0.0,0.0,0.0,SHE
0.21128837764263153,0.43471547961235046,1.451267905849818e-07,0.25504013895988464,0.4593312740325928,-0.003956410102546215,0.29333657026290894,0.45003974437713623,-0.012743711471557617,0.31907570362091064,0.44293245673179626,-0.02393602766096592,0.3243054449558258,0.43297359347343445,-0.03424866870045662,0.3042547404766083,0.3490157723426819,-0.01077431533485651,0.33703532814979553,0.32707396149635315,-0.024613991379737854,0.36286860704421997,0.31073498725891113,-0.03494386747479439,0.38422691822052,0.29338502883911133,-0.04322304576635361,0.2913607060909271,0.3373408317565918,-0.01903991587460041,0.331439733505249,0.3908659815788269,-0.03992800787091255,0.31237128376960754,0.42108455300331116,-0.0431179478764534,0.2959582805633545,0.4218207597732544,-0.04098789393901825,0.27729758620262146,0.34654146432876587,-0.027914348989725113,0.31339508295059204,0.40443795919418335,-0.046187251806259155,0.297926664352417,0.431607723236084,-0.03946041315793991,0.28228330612182617,0.42998459935188293,-0.03090422786772251,0.26556241512298584,0.36716094613075256,-0.03772328048944473,0.2945398986339569,0.4144984185695648,-0.04719476401805878,0.2822183668613434,0.43535110354423523,-0.04016583785414696,0.26753243803977966,0.43441271781921387,-0.033289022743701935,0.0,0.0,0.0,0.0,0.0,0.0,0.0,0.0,0.0,0.0,0.0,0.0,0.0,0.0,0.0,0.0,0.0,0.0,0.0,0.0,0.0,0.0,0.0,0.0,0.0,0.0,0.0,0.0,0.0,0.0,0.0,0.0,0.0,0.0,0.0,0.0,0.0,0.0,0.0,0.0,0.0,0.0,0.0,0.0,0.0,0.0,0.0,0.0,0.0,0.0,0.0,0.0,0.0,0.0,0.0,0.0,0.0,0.0,0.0,0.0,0.0,0.0,0.0,SHE
0.18283317983150482,0.40046074986457825,1.0155905982855984e-07,0.2278347760438919,0.4253976345062256,0.000334353739162907,0.2668098211288452,0.4219417870044708,-0.007127948105335236,0.29481765627861023,0.425008624792099,-0.01794610731303692,0.3138226270675659,0.4318449795246124,-0.027522969990968704,0.28856608271598816,0.32550591230392456,-0.005754686426371336,0.33243268728256226,0.3249894380569458,-0.018819453194737434,0.3617550730705261,0.32127028703689575,-0.02792443335056305,0.38763707876205444,0.31592217087745667,-0.03521144762635231,0.28135931491851807,0.32512813806533813,-0.01622062362730503,0.3216557502746582,0.39252811670303345,-0.03634999319911003,0.3007207214832306,0.4060651659965515,-0.03975748270750046,0.2862866520881653,0.39558953046798706,-0.0382167249917984,0.2706540524959564,0.3428453803062439,-0.02700851671397686,0.3049014210700989,0.4131987988948822,-0.04261006414890289,0.28529101610183716,0.4217567443847656,-0.034454479813575745,0.2702922224998474,0.40883082151412964,-0.02580280415713787,0.26011601090431213,0.36914095282554626,-0.038570087403059006,0.2829647660255432,0.42481982707977295,-0.04510851949453354,0.2657339870929718,0.43226924538612366,-0.0369366854429245,0.2523498237133026,0.42161825299263,-0.029865942895412445,0.0,0.0,0.0,0.0,0.0,0.0,0.0,0.0,0.0,0.0,0.0,0.0,0.0,0.0,0.0,0.0,0.0,0.0,0.0,0.0,0.0,0.0,0.0,0.0,0.0,0.0,0.0,0.0,0.0,0.0,0.0,0.0,0.0,0.0,0.0,0.0,0.0,0.0,0.0,0.0,0.0,0.0,0.0,0.0,0.0,0.0,0.0,0.0,0.0,0.0,0.0,0.0,0.0,0.0,0.0,0.0,0.0,0.0,0.0,0.0,0.0,0.0,0.0,SHE
0.20783516764640808,0.444955050945282,1.1522444509637353e-07,0.2548064887523651,0.4698042869567871,-0.0022324544843286276,0.2924303114414215,0.4595836102962494,-0.010565802454948425,0.31644633412361145,0.4509560763835907,-0.02165074832737446,0.3264310359954834,0.44061440229415894,-0.03174981102347374,0.30042582750320435,0.35627254843711853,-0.012131338939070702,0.33591896295547485,0.3323528468608856,-0.027522627264261246,0.36202266812324524,0.3149750828742981,-0.038468122482299805,0.3837167024612427,0.2982673943042755,-0.04668378457427025,0.28811728954315186,0.34590691328048706,-0.021406780928373337,0.33157414197921753,0.4008435010910034,-0.043342333287000656,0.31304311752319336,0.42961952090263367,-0.04689323902130127,0.2959597706794739,0.4301810562610626,-0.04489471763372421,0.2749118208885193,0.35739317536354065,-0.031094903126358986,0.31302908062934875,0.4177876114845276,-0.050199832767248154,0.2967545986175537,0.4449607729911804,-0.04291839897632599,0.28066667914390564,0.44414299726486206,-0.03363548219203949,0.2644122242927551,0.3816092014312744,-0.04151749238371849,0.29464900493621826,0.4295468032360077,-0.05030904710292816,0.28244367241859436,0.4509117901325226,-0.04198703542351723,0.26792120933532715,0.45116716623306274,-0.034102801233530045,0.0,0.0,0.0,0.0,0.0,0.0,0.0,0.0,0.0,0.0,0.0,0.0,0.0,0.0,0.0,0.0,0.0,0.0,0.0,0.0,0.0,0.0,0.0,0.0,0.0,0.0,0.0,0.0,0.0,0.0,0.0,0.0,0.0,0.0,0.0,0.0,0.0,0.0,0.0,0.0,0.0,0.0,0.0,0.0,0.0,0.0,0.0,0.0,0.0,0.0,0.0,0.0,0.0,0.0,0.0,0.0,0.0,0.0,0.0,0.0,0.0,0.0,0.0,SHE
0.20763885974884033,0.4326547384262085,1.0152351848091712e-07,0.24955859780311584,0.4414553642272949,0.005178328603506088,0.2873755395412445,0.43863752484321594,-0.0010057282634079456,0.31434112787246704,0.444749116897583,-0.010631425306200981,0.33268386125564575,0.45550939440727234,-0.019286559894680977,0.3033525049686432,0.35361847281455994,-0.005667609162628651,0.34777453541755676,0.3473154306411743,-0.015933316200971603,0.37569695711135864,0.3431019186973572,-0.021622510626912117,0.3992536664009094,0.3381330668926239,-0.026212353259325027,0.2982872724533081,0.35777705907821655,-0.01713571324944496,0.3403569757938385,0.41438382863998413,-0.03168708458542824,0.3213658332824707,0.4299198091030121,-0.031139664351940155,0.30709409713745117,0.4228733777999878,-0.027934027835726738,0.2903845012187958,0.3769192099571228,-0.028296945616602898,0.3242787718772888,0.4364308714866638,-0.038091160356998444,0.3069707453250885,0.4455803334712982,-0.02802002988755703,0.29340970516204834,0.4359578490257263,-0.01969129592180252,0.281979501247406,0.4022730886936188,-0.03974941745400429,0.30488601326942444,0.44863182306289673,-0.04119264334440231,0.2889971137046814,0.455914705991745,-0.03127283602952957,0.2762335538864136,0.44754061102867126,-0.024130504578351974,0.0,0.0,0.0,0.0,0.0,0.0,0.0,0.0,0.0,0.0,0.0,0.0,0.0,0.0,0.0,0.0,0.0,0.0,0.0,0.0,0.0,0.0,0.0,0.0,0.0,0.0,0.0,0.0,0.0,0.0,0.0,0.0,0.0,0.0,0.0,0.0,0.0,0.0,0.0,0.0,0.0,0.0,0.0,0.0,0.0,0.0,0.0,0.0,0.0,0.0,0.0,0.0,0.0,0.0,0.0,0.0,0.0,0.0,0.0,0.0,0.0,0.0,0.0,SHE
0.7320681214332581,0.4910851716995239,-2.568501713540172e-07,0.6674029231071472,0.4889393746852875,-0.000877374957781285,0.6276896595954895,0.47068101167678833,-0.010974614880979061,0.5994630455970764,0.45983123779296875,-0.024153774604201317,0.5735387206077576,0.4519052505493164,-0.03727830946445465,0.6262873411178589,0.37703844904899597,-0.006261220667511225,0.5845701098442078,0.35557788610458374,-0.021989047527313232,0.554964005947113,0.3477027118206024,-0.034586101770401,0.5291780233383179,0.34281936287879944,-0.044494565576314926,0.6430556774139404,0.3677309453487396,-0.015976762399077415,0.595490574836731,0.41451629996299744,-0.029762176796793938,0.6132596135139465,0.45252513885498047,-0.03162794187664986,0.6318963766098022,0.4512021541595459,-0.03312079980969429,0.6590167880058289,0.3774194121360779,-0.02703009359538555,0.6142178773880005,0.4357702136039734,-0.03423378989100456,0.6320689916610718,0.4617411196231842,-0.023542495444417,0.6481640934944153,0.45445698499679565,-0.018624447286128998,0.6701330542564392,0.39863649010658264,-0.03990883752703667,0.6325225830078125,0.4441472589969635,-0.043348126113414764,0.645883321762085,0.46229881048202515,-0.03511636704206467,0.660568118095398,0.45585203170776367,-0.029734401032328606,0.0,0.0,0.0,0.0,0.0,0.0,0.0,0.0,0.0,0.0,0.0,0.0,0.0,0.0,0.0,0.0,0.0,0.0,0.0,0.0,0.0,0.0,0.0,0.0,0.0,0.0,0.0,0.0,0.0,0.0,0.0,0.0,0.0,0.0,0.0,0.0,0.0,0.0,0.0,0.0,0.0,0.0,0.0,0.0,0.0,0.0,0.0,0.0,0.0,0.0,0.0,0.0,0.0,0.0,0.0,0.0,0.0,0.0,0.0,0.0,0.0,0.0,0.0,SHE
0.7252209782600403,0.4587699770927429,-2.3834947171508247e-07,0.6633358001708984,0.46132537722587585,-0.00606752373278141,0.6257925033569336,0.450824111700058,-0.01991032436490059,0.5991445183753967,0.43967777490615845,-0.03626256436109543,0.5792238116264343,0.4261138141155243,-0.052329301834106445,0.6170780658721924,0.3502287268638611,-0.010262186639010906,0.5739128589630127,0.3282548189163208,-0.026615697890520096,0.5433279275894165,0.3175085186958313,-0.0387946292757988,0.5188297629356384,0.3102569878101349,-0.048407312482595444,0.6328685283660889,0.33839601278305054,-0.017399916425347328,0.5884241461753845,0.39426320791244507,-0.03276156634092331,0.6078251004219055,0.43356701731681824,-0.03446856513619423,0.6272193789482117,0.4300224483013153,-0.034997664391994476,0.6484295725822449,0.345366895198822,-0.026302816346287727,0.6086416244506836,0.412936270236969,-0.035138025879859924,0.6271876692771912,0.43972158432006836,-0.024395279586315155,0.6430853009223938,0.430328905582428,-0.01853763312101364,0.659848153591156,0.3638433516025543,-0.03751397877931595,0.6268808841705322,0.4174087345600128,-0.042234692722558975,0.6411573886871338,0.43576887249946594,-0.03443995863199234,0.6560754776000977,0.4262201488018036,-0.02853861078619957,0.0,0.0,0.0,0.0,0.0,0.0,0.0,0.0,0.0,0.0,0.0,0.0,0.0,0.0,0.0,0.0,0.0,0.0,0.0,0.0,0.0,0.0,0.0,0.0,0.0,0.0,0.0,0.0,0.0,0.0,0.0,0.0,0.0,0.0,0.0,0.0,0.0,0.0,0.0,0.0,0.0,0.0,0.0,0.0,0.0,0.0,0.0,0.0,0.0,0.0,0.0,0.0,0.0,0.0,0.0,0.0,0.0,0.0,0.0,0.0,0.0,0.0,0.0,SHE
0.7014258503913879,0.48419684171676636,-2.2606025140703423e-07,0.641455352306366,0.4867233633995056,-0.0027336280327290297,0.6076846122741699,0.47546249628067017,-0.014405941590666771,0.5848850011825562,0.46850258111953735,-0.02900472842156887,0.5662103891372681,0.4606948792934418,-0.04337026923894882,0.6003699898719788,0.3850337862968445,-0.008574961684644222,0.5598725080490112,0.3649884760379791,-0.023272886872291565,0.5325258374214172,0.356433242559433,-0.03415056690573692,0.5106152296066284,0.35030636191368103,-0.04268219321966171,0.6147560477256775,0.37739115953445435,-0.017104195430874825,0.5737136602401733,0.43001747131347656,-0.03200342506170273,0.5915135741233826,0.4616425633430481,-0.034529779106378555,0.6102665066719055,0.45744797587394714,-0.036028165370225906,0.6281239986419678,0.3870238661766052,-0.02688823826611042,0.5907783508300781,0.44871771335601807,-0.03537505865097046,0.6076775193214417,0.4699520468711853,-0.025920767337083817,0.622572660446167,0.46028637886047363,-0.021061567589640617,0.6365410685539246,0.4067191481590271,-0.03854736313223839,0.6074610948562622,0.4554506540298462,-0.04152888059616089,0.6210513114929199,0.4703510105609894,-0.03402542322874069,0.6346595883369446,0.4617656171321869,-0.028914231806993484,0.0,0.0,0.0,0.0,0.0,0.0,0.0,0.0,0.0,0.0,0.0,0.0,0.0,0.0,0.0,0.0,0.0,0.0,0.0,0.0,0.0,0.0,0.0,0.0,0.0,0.0,0.0,0.0,0.0,0.0,0.0,0.0,0.0,0.0,0.0,0.0,0.0,0.0,0.0,0.0,0.0,0.0,0.0,0.0,0.0,0.0,0.0,0.0,0.0,0.0,0.0,0.0,0.0,0.0,0.0,0.0,0.0,0.0,0.0,0.0,0.0,0.0,0.0,SHE
0.6780540347099304,0.48867979645729065,-2.0877205031410995e-07,0.6238057017326355,0.4961808919906616,-0.002593351062387228,0.590509831905365,0.48660334944725037,-0.013141633942723274,0.5664225220680237,0.47833555936813354,-0.026059536263346672,0.5491779446601868,0.4677596688270569,-0.03891580551862717,0.584153413772583,0.3996371030807495,-0.0071096885949373245,0.5454602241516113,0.38564935326576233,-0.020363112911581993,0.5176730155944824,0.3786122798919678,-0.030649444088339806,0.49487823247909546,0.37277236580848694,-0.03894427418708801,0.5952138900756836,0.38972407579421997,-0.014060145244002342,0.55708247423172,0.43813642859458923,-0.024795396253466606,0.5750449895858765,0.46927905082702637,-0.025003623217344284,0.5919278264045715,0.4646656811237335,-0.025182943791151047,0.6064684391021729,0.3974253237247467,-0.02220919355750084,0.5706900954246521,0.454039603471756,-0.02806156687438488,0.5884014964103699,0.47536975145339966,-0.018244668841362,0.6040248870849609,0.46663257479667664,-0.0133564043790102,0.6144933700561523,0.4150836765766144,-0.032033760100603104,0.5844244360923767,0.45953938364982605,-0.03539609909057617,0.5983088612556458,0.4735352098941803,-0.028230108320713043,0.613098680973053,0.4658128619194031,-0.023086439818143845,0.0,0.0,0.0,0.0,0.0,0.0,0.0,0.0,0.0,0.0,0.0,0.0,0.0,0.0,0.0,0.0,0.0,0.0,0.0,0.0,0.0,0.0,0.0,0.0,0.0,0.0,0.0,0.0,0.0,0.0,0.0,0.0,0.0,0.0,0.0,0.0,0.0,0.0,0.0,0.0,0.0,0.0,0.0,0.0,0.0,0.0,0.0,0.0,0.0,0.0,0.0,0.0,0.0,0.0,0.0,0.0,0.0,0.0,0.0,0.0,0.0,0.0,0.0,SHE
0.6644374132156372,0.5003480911254883,-2.2209734140687942e-07,0.6072449088096619,0.5073577761650085,-0.001558875315822661,0.5729666948318481,0.49836987257003784,-0.011500762775540352,0.549182653427124,0.4909912645816803,-0.024354418739676476,0.5299574732780457,0.480735719203949,-0.036759063601493835,0.5638359785079956,0.4116767346858978,-0.0038274829275906086,0.5259501934051514,0.398273229598999,-0.017293548211455345,0.5005254745483398,0.3941163420677185,-0.02748565562069416,0.47899672389030457,0.39079660177230835,-0.0354590117931366,0.5752717852592468,0.4021446704864502,-0.011875557713210583,0.5379791855812073,0.4535573422908783,-0.024334484711289406,0.5580154657363892,0.4842851161956787,-0.025780532509088516,0.5754989385604858,0.4772126376628876,-0.026612363755702972,0.5867143869400024,0.4087839722633362,-0.021319976076483727,0.5519098043441772,0.46546846628189087,-0.028679246082901955,0.5713133215904236,0.4870845675468445,-0.01905641332268715,0.5862395763397217,0.47721362113952637,-0.01409259345382452,0.5947855710983276,0.42561671137809753,-0.03244190663099289,0.5669962763786316,0.4710153639316559,-0.03592344745993614,0.5825638771057129,0.4847372770309448,-0.028752461075782776,0.5969107151031494,0.47546231746673584,-0.023647114634513855,0.0,0.0,0.0,0.0,0.0,0.0,0.0,0.0,0.0,0.0,0.0,0.0,0.0,0.0,0.0,0.0,0.0,0.0,0.0,0.0,0.0,0.0,0.0,0.0,0.0,0.0,0.0,0.0,0.0,0.0,0.0,0.0,0.0,0.0,0.0,0.0,0.0,0.0,0.0,0.0,0.0,0.0,0.0,0.0,0.0,0.0,0.0,0.0,0.0,0.0,0.0,0.0,0.0,0.0,0.0,0.0,0.0,0.0,0.0,0.0,0.0,0.0,0.0,SHE
0.6552122831344604,0.5531828999519348,-2.2444679359523434e-07,0.6048052906990051,0.5497777462005615,-0.004420674871653318,0.5703818798065186,0.5363891124725342,-0.015114692971110344,0.5457481145858765,0.5239259004592896,-0.02796359360218048,0.5262058973312378,0.5089336037635803,-0.040046535432338715,0.5680363178253174,0.44702643156051636,-0.006100315600633621,0.5302982330322266,0.42982378602027893,-0.019443726167082787,0.5045849084854126,0.4201033413410187,-0.02897896245121956,0.4835664629936218,0.41066038608551025,-0.03649204224348068,0.5795871615409851,0.43733417987823486,-0.012419500388205051,0.5375098586082458,0.4795151352882385,-0.02412707544863224,0.5541220903396606,0.5157480239868164,-0.02453700825572014,0.572248637676239,0.5144431591033936,-0.024375852197408676,0.5905715227127075,0.4433991014957428,-0.02032778039574623,0.5507591366767883,0.49323323369026184,-0.02766074612736702,0.5681415796279907,0.520197868347168,-0.018030794337391853,0.5839041471481323,0.5149274468421936,-0.012793307192623615,0.5988602638244629,0.4579404592514038,-0.030129194259643555,0.5667628049850464,0.4998690187931061,-0.03464391455054283,0.5807228684425354,0.5179314017295837,-0.028032228350639343,0.5957099199295044,0.5119634866714478,-0.022914307191967964,0.0,0.0,0.0,0.0,0.0,0.0,0.0,0.0,0.0,0.0,0.0,0.0,0.0,0.0,0.0,0.0,0.0,0.0,0.0,0.0,0.0,0.0,0.0,0.0,0.0,0.0,0.0,0.0,0.0,0.0,0.0,0.0,0.0,0.0,0.0,0.0,0.0,0.0,0.0,0.0,0.0,0.0,0.0,0.0,0.0,0.0,0.0,0.0,0.0,0.0,0.0,0.0,0.0,0.0,0.0,0.0,0.0,0.0,0.0,0.0,0.0,0.0,0.0,SHE
0.6480991244316101,0.5140834450721741,-2.4026917344599497e-07,0.5944349765777588,0.5195967555046082,-0.008300641551613808,0.5601882934570312,0.5111002922058105,-0.02045559138059616,0.5356990694999695,0.5007063150405884,-0.03449471667408943,0.5229487419128418,0.48213624954223633,-0.0476248674094677,0.5474801659584045,0.4273727536201477,-0.008642923086881638,0.5080143809318542,0.40649348497390747,-0.02680297940969467,0.48148125410079956,0.3980642259120941,-0.04022693261504173,0.4603714644908905,0.39110565185546875,-0.05024225264787674,0.5625293254852295,0.4116154611110687,-0.013903791084885597,0.5267341136932373,0.4539612829685211,-0.03327058255672455,0.5472161769866943,0.4901915490627289,-0.037446603178977966,0.5655194520950317,0.4888927638530731,-0.03825219348073006,0.5785672068595886,0.41162562370300293,-0.021428188309073448,0.5457136034965515,0.463424950838089,-0.03517211601138115,0.5651260614395142,0.48953714966773987,-0.02624804526567459,0.5806036591529846,0.48214393854141235,-0.01958068460226059,0.5914127230644226,0.42306724190711975,-0.03116222657263279,0.5661166906356812,0.467437744140625,-0.0398995503783226,0.5799996256828308,0.4863937497138977,-0.034106988459825516,0.5939739942550659,0.47874340415000916,-0.028522910550236702,0.0,0.0,0.0,0.0,0.0,0.0,0.0,0.0,0.0,0.0,0.0,0.0,0.0,0.0,0.0,0.0,0.0,0.0,0.0,0.0,0.0,0.0,0.0,0.0,0.0,0.0,0.0,0.0,0.0,0.0,0.0,0.0,0.0,0.0,0.0,0.0,0.0,0.0,0.0,0.0,0.0,0.0,0.0,0.0,0.0,0.0,0.0,0.0,0.0,0.0,0.0,0.0,0.0,0.0,0.0,0.0,0.0,0.0,0.0,0.0,0.0,0.0,0.0,SHE
0.6892384886741638,0.5190336108207703,-2.1753395174073376e-07,0.6330183744430542,0.5192987322807312,-0.004359522368758917,0.5963515043258667,0.5077413320541382,-0.015064341947436333,0.5700323581695557,0.49564626812934875,-0.028223929926753044,0.5528500080108643,0.4775979816913605,-0.04092404618859291,0.5880938172340393,0.41870710253715515,-0.006002380046993494,0.5503336191177368,0.4002963900566101,-0.022062061354517937,0.5244023203849792,0.3878815472126007,-0.034036148339509964,0.5032017827033997,0.3761330842971802,-0.04333633929491043,0.6025850176811218,0.40622109174728394,-0.013223930262029171,0.5621788501739502,0.4493309557437897,-0.028209861367940903,0.5806800127029419,0.4861258268356323,-0.02966439537703991,0.599059522151947,0.48347461223602295,-0.02968299388885498,0.6183550953865051,0.4099957346916199,-0.02232823148369789,0.580082893371582,0.4593883752822876,-0.03258062154054642,0.5972275137901306,0.4875483214855194,-0.02202848717570305,0.6126936078071594,0.48092207312583923,-0.015409248881042004,0.6319307088851929,0.4252593517303467,-0.03331662341952324,0.5999691486358643,0.4669196307659149,-0.03953270986676216,0.6124870181083679,0.48644888401031494,-0.03195306658744812,0.6272008419036865,0.480379581451416,-0.025701990351080894,0.0,0.0,0.0,0.0,0.0,0.0,0.0,0.0,0.0,0.0,0.0,0.0,0.0,0.0,0.0,0.0,0.0,0.0,0.0,0.0,0.0,0.0,0.0,0.0,0.0,0.0,0.0,0.0,0.0,0.0,0.0,0.0,0.0,0.0,0.0,0.0,0.0,0.0,0.0,0.0,0.0,0.0,0.0,0.0,0.0,0.0,0.0,0.0,0.0,0.0,0.0,0.0,0.0,0.0,0.0,0.0,0.0,0.0,0.0,0.0,0.0,0.0,0.0,SHE
0.7011728286743164,0.4880778193473816,-2.8825905928897555e-07,0.6343106627464294,0.495866596698761,0.00876795407384634,0.5961930155754089,0.48475557565689087,0.000826466188300401,0.5675390362739563,0.4786534309387207,-0.013211240991950035,0.5432806015014648,0.47068071365356445,-0.027719972655177116,0.5909813642501831,0.37682029604911804,0.00926879420876503,0.5395139455795288,0.3732303977012634,0.00033959728898480535,0.5069937705993652,0.374820739030838,-0.006527435965836048,0.4826057553291321,0.37367212772369385,-0.012478619813919067,0.5984258055686951,0.3717086911201477,-0.005314537789672613,0.5434170961380005,0.42817357182502747,-0.013092258013784885,0.5632501244544983,0.461029589176178,-0.012643679045140743,0.5836023092269897,0.45743921399116516,-0.012577435933053493,0.603979766368866,0.38566654920578003,-0.02075551450252533,0.5560047626495361,0.4538329541683197,-0.024051733314990997,0.5802829265594482,0.47875669598579407,-0.015553784556686878,0.601387083530426,0.46953272819519043,-0.012391106225550175,0.605516254901886,0.408655047416687,-0.03721582144498825,0.5683744549751282,0.46292048692703247,-0.03802884742617607,0.587308406829834,0.47988128662109375,-0.0318857878446579,0.6062281131744385,0.4724392592906952,-0.028276944532990456,0.0,0.0,0.0,0.0,0.0,0.0,0.0,0.0,0.0,0.0,0.0,0.0,0.0,0.0,0.0,0.0,0.0,0.0,0.0,0.0,0.0,0.0,0.0,0.0,0.0,0.0,0.0,0.0,0.0,0.0,0.0,0.0,0.0,0.0,0.0,0.0,0.0,0.0,0.0,0.0,0.0,0.0,0.0,0.0,0.0,0.0,0.0,0.0,0.0,0.0,0.0,0.0,0.0,0.0,0.0,0.0,0.0,0.0,0.0,0.0,0.0,0.0,0.0,SHE
0.6829168796539307,0.46982765197753906,-2.8637177251766843e-07,0.6234638690948486,0.47665444016456604,-0.0030847243033349514,0.5828196406364441,0.46918177604675293,-0.015497861430048943,0.5532240867614746,0.4583576023578644,-0.03151906654238701,0.5313690900802612,0.4421764314174652,-0.0459904707968235,0.5692811012268066,0.3679429590702057,-0.0011512866476550698,0.5245541930198669,0.35458070039749146,-0.017770463600754738,0.4959760308265686,0.3533712923526764,-0.028931356966495514,0.47287124395370483,0.35260576009750366,-0.03661932423710823,0.5810481905937195,0.3544398844242096,-0.009867421351373196,0.5405217409133911,0.4097576141357422,-0.024880317971110344,0.5655588507652283,0.44596347212791443,-0.02558424137532711,0.5848390460014343,0.4385327696800232,-0.024769451469182968,0.5934627652168274,0.35651904344558716,-0.02096073515713215,0.5549774169921875,0.4216473698616028,-0.02990482933819294,0.5798633694648743,0.4468382000923157,-0.018788618966937065,0.5970616936683655,0.4355667233467102,-0.012238199822604656,0.6027556657791138,0.36914315819740295,-0.03423653915524483,0.5708412528038025,0.4241911768913269,-0.038437552750110626,0.5898456573486328,0.44173628091812134,-0.030722517520189285,0.6060996651649475,0.4317566752433777,-0.02464384026825428,0.0,0.0,0.0,0.0,0.0,0.0,0.0,0.0,0.0,0.0,0.0,0.0,0.0,0.0,0.0,0.0,0.0,0.0,0.0,0.0,0.0,0.0,0.0,0.0,0.0,0.0,0.0,0.0,0.0,0.0,0.0,0.0,0.0,0.0,0.0,0.0,0.0,0.0,0.0,0.0,0.0,0.0,0.0,0.0,0.0,0.0,0.0,0.0,0.0,0.0,0.0,0.0,0.0,0.0,0.0,0.0,0.0,0.0,0.0,0.0,0.0,0.0,0.0,SHE
0.6541262269020081,0.4522440731525421,-3.126945387066371e-07,0.60141521692276,0.4619677662849426,-0.005202647298574448,0.5666718482971191,0.4577140212059021,-0.016426175832748413,0.5401286482810974,0.4451947808265686,-0.030795514583587646,0.518023669719696,0.42439407110214233,-0.04381176084280014,0.5615555644035339,0.3475097119808197,0.0037842418532818556,0.5195472836494446,0.34283584356307983,-0.00921811442822218,0.490727961063385,0.3447659909725189,-0.01930641382932663,0.4700867533683777,0.3484054207801819,-0.02639649249613285,0.5669962167739868,0.3332010507583618,-0.003082945244386792,0.5237544775009155,0.38342994451522827,-0.015155564993619919,0.5448604226112366,0.42087841033935547,-0.0180527251213789,0.5661640167236328,0.41821810603141785,-0.018494799733161926,0.572528600692749,0.33192405104637146,-0.012328244745731354,0.5311262607574463,0.3946036696434021,-0.021132443100214005,0.5559212565422058,0.422135591506958,-0.014253119938075542,0.5772945284843445,0.4154585599899292,-0.009839365258812904,0.5756394863128662,0.3409990966320038,-0.023734668269753456,0.5397029519081116,0.3958011567592621,-0.031220324337482452,0.5603914260864258,0.41678833961486816,-0.02686813287436962,0.580814778804779,0.41167059540748596,-0.022167634218931198,0.0,0.0,0.0,0.0,0.0,0.0,0.0,0.0,0.0,0.0,0.0,0.0,0.0,0.0,0.0,0.0,0.0,0.0,0.0,0.0,0.0,0.0,0.0,0.0,0.0,0.0,0.0,0.0,0.0,0.0,0.0,0.0,0.0,0.0,0.0,0.0,0.0,0.0,0.0,0.0,0.0,0.0,0.0,0.0,0.0,0.0,0.0,0.0,0.0,0.0,0.0,0.0,0.0,0.0,0.0,0.0,0.0,0.0,0.0,0.0,0.0,0.0,0.0,SHE
0.704319953918457,0.46612584590911865,-2.770744913505041e-07,0.6452813744544983,0.4704829454421997,-0.005811244715005159,0.6051465272903442,0.46118777990341187,-0.018701700493693352,0.5745409727096558,0.4451126158237457,-0.03468094766139984,0.5538685917854309,0.42160701751708984,-0.04951789602637291,0.5961518287658691,0.3544699549674988,-0.0040838345885276794,0.5533432364463806,0.33697354793548584,-0.020618697628378868,0.5228773951530457,0.32709750533103943,-0.03152164816856384,0.49856412410736084,0.3189108669757843,-0.03971970081329346,0.6068620085716248,0.33888933062553406,-0.011543861590325832,0.5603899359703064,0.38852250576019287,-0.027425894513726234,0.5835936665534973,0.4313817024230957,-0.02734629437327385,0.6039718389511108,0.42771127820014954,-0.025101101025938988,0.6183829307556152,0.33840861916542053,-0.02134661376476288,0.5744401216506958,0.4006537199020386,-0.03177515044808388,0.5981420874595642,0.43194252252578735,-0.019503286108374596,0.6165869235992432,0.4240342974662781,-0.011183557100594044,0.6275213360786438,0.35040104389190674,-0.033557213842868805,0.5915921330451965,0.4032776653766632,-0.04018387570977211,0.6097776293754578,0.4242306649684906,-0.03209776431322098,0.627063512802124,0.4165821075439453,-0.02474663034081459,0.0,0.0,0.0,0.0,0.0,0.0,0.0,0.0,0.0,0.0,0.0,0.0,0.0,0.0,0.0,0.0,0.0,0.0,0.0,0.0,0.0,0.0,0.0,0.0,0.0,0.0,0.0,0.0,0.0,0.0,0.0,0.0,0.0,0.0,0.0,0.0,0.0,0.0,0.0,0.0,0.0,0.0,0.0,0.0,0.0,0.0,0.0,0.0,0.0,0.0,0.0,0.0,0.0,0.0,0.0,0.0,0.0,0.0,0.0,0.0,0.0,0.0,0.0,SHE
0.693405270576477,0.48429396748542786,-2.598969501832471e-07,0.6333953738212585,0.4877682030200958,-0.009955054149031639,0.5914170742034912,0.47726088762283325,-0.023986145853996277,0.5629005432128906,0.46335548162460327,-0.03993488475680351,0.551217794418335,0.4417703151702881,-0.05469302833080292,0.5821762084960938,0.37168702483177185,-0.00830005295574665,0.5366269946098328,0.3568617105484009,-0.026750976219773293,0.5036128759384155,0.34896162152290344,-0.04055216908454895,0.4778015911579132,0.34162119030952454,-0.051250919699668884,0.599104106426239,0.3544299900531769,-0.013688544742763042,0.5546387434005737,0.40117499232292175,-0.031051620841026306,0.5748160481452942,0.44378146529197693,-0.0342104397714138,0.5951941609382629,0.4435788691043854,-0.03476870059967041,0.6172202825546265,0.35597094893455505,-0.021575607359409332,0.5744685530662537,0.4152950048446655,-0.034110501408576965,0.5947020053863525,0.44828134775161743,-0.024116871878504753,0.6124330759048462,0.44231119751930237,-0.017217399552464485,0.6323196887969971,0.3706861734390259,-0.032035939395427704,0.5978164076805115,0.42149442434310913,-0.040938131511211395,0.6131479144096375,0.4449630677700043,-0.034180138260126114,0.629697859287262,0.43784528970718384,-0.02764984220266342,0.0,0.0,0.0,0.0,0.0,0.0,0.0,0.0,0.0,0.0,0.0,0.0,0.0,0.0,0.0,0.0,0.0,0.0,0.0,0.0,0.0,0.0,0.0,0.0,0.0,0.0,0.0,0.0,0.0,0.0,0.0,0.0,0.0,0.0,0.0,0.0,0.0,0.0,0.0,0.0,0.0,0.0,0.0,0.0,0.0,0.0,0.0,0.0,0.0,0.0,0.0,0.0,0.0,0.0,0.0,0.0,0.0,0.0,0.0,0.0,0.0,0.0,0.0,SHE
0.6956502199172974,0.4594568610191345,-3.1255706289812224e-07,0.6317931413650513,0.46722304821014404,0.004293758887797594,0.5943984389305115,0.4562849998474121,-0.0037363606970757246,0.5680261254310608,0.4504389762878418,-0.015656892210245132,0.5460069179534912,0.4414503872394562,-0.027826087549328804,0.5898537039756775,0.3518234193325043,0.0014349736738950014,0.5373530387878418,0.35457533597946167,-0.008320079185068607,0.5065197944641113,0.35994046926498413,-0.017773255705833435,0.48165956139564514,0.3592589795589447,-0.02617380954325199,0.596346378326416,0.34879565238952637,-0.009355775080621243,0.5472240447998047,0.40832871198654175,-0.016863971948623657,0.5695168972015381,0.4403013288974762,-0.018333403393626213,0.5907434821128845,0.43466657400131226,-0.021071985363960266,0.6005828976631165,0.3630131185054779,-0.02065405808389187,0.5557115077972412,0.4253880977630615,-0.023367395624518394,0.5785220861434937,0.4497467279434204,-0.014713139273226261,0.5978375673294067,0.44097214937210083,-0.012464777566492558,0.6014427542686462,0.3848823308944702,-0.03326179087162018,0.5668320059776306,0.4337009787559509,-0.035435229539871216,0.5863878726959229,0.4499839246273041,-0.02913990058004856,0.604783833026886,0.4425674080848694,-0.025499381124973297,0.0,0.0,0.0,0.0,0.0,0.0,0.0,0.0,0.0,0.0,0.0,0.0,0.0,0.0,0.0,0.0,0.0,0.0,0.0,0.0,0.0,0.0,0.0,0.0,0.0,0.0,0.0,0.0,0.0,0.0,0.0,0.0,0.0,0.0,0.0,0.0,0.0,0.0,0.0,0.0,0.0,0.0,0.0,0.0,0.0,0.0,0.0,0.0,0.0,0.0,0.0,0.0,0.0,0.0,0.0,0.0,0.0,0.0,0.0,0.0,0.0,0.0,0.0,SHE
0.6674639582633972,0.4473292827606201,-3.1854756343818735e-07,0.6129440665245056,0.4604821801185608,-0.005033260677009821,0.5748558044433594,0.45721644163131714,-0.01610668934881687,0.5474242568016052,0.4469379782676697,-0.030534546822309494,0.5261392593383789,0.4249148666858673,-0.04388934001326561,0.5687401294708252,0.347732275724411,0.004572535399347544,0.5201060175895691,0.3528718054294586,-0.011520571075379848,0.491018146276474,0.3619973659515381,-0.02384243533015251,0.4693174958229065,0.36631637811660767,-0.032362475991249084,0.5733094811439514,0.33400431275367737,-0.0030025930609554052,0.5265370011329651,0.3874748647212982,-0.02020653337240219,0.5501291155815125,0.4240691661834717,-0.026970084756612778,0.5721638798713684,0.4207232594490051,-0.029054734855890274,0.577133297920227,0.3320050537586212,-0.013000845909118652,0.5351958274841309,0.397982120513916,-0.02600305899977684,0.5620526671409607,0.42614781856536865,-0.02125667780637741,0.5841417908668518,0.4180131256580353,-0.01708832010626793,0.5795838832855225,0.3392280340194702,-0.024958400055766106,0.5451455116271973,0.3971889913082123,-0.03514523804187775,0.5686553120613098,0.4180689752101898,-0.03200701251626015,0.5904554724693298,0.40987130999565125,-0.027372892946004868,0.0,0.0,0.0,0.0,0.0,0.0,0.0,0.0,0.0,0.0,0.0,0.0,0.0,0.0,0.0,0.0,0.0,0.0,0.0,0.0,0.0,0.0,0.0,0.0,0.0,0.0,0.0,0.0,0.0,0.0,0.0,0.0,0.0,0.0,0.0,0.0,0.0,0.0,0.0,0.0,0.0,0.0,0.0,0.0,0.0,0.0,0.0,0.0,0.0,0.0,0.0,0.0,0.0,0.0,0.0,0.0,0.0,0.0,0.0,0.0,0.0,0.0,0.0,SHE
0.6888790726661682,0.4465351998806,-3.0320839528030774e-07,0.6291856169700623,0.455000102519989,-0.008013562299311161,0.58665931224823,0.4466545581817627,-0.020850343629717827,0.5575882792472839,0.4332796335220337,-0.03583737090229988,0.5342361927032471,0.41724488139152527,-0.04986270144581795,0.5736276507377625,0.3433912694454193,-0.007807335816323757,0.5283750891685486,0.33190974593162537,-0.024739505723118782,0.4963214099407196,0.32781243324279785,-0.0375191792845726,0.4706399440765381,0.3243671953678131,-0.047351326793432236,0.5885106325149536,0.32546788454055786,-0.013561698608100414,0.5479522347450256,0.3781883120536804,-0.029415477067232132,0.5713182687759399,0.41800546646118164,-0.03205179050564766,0.5924515128135681,0.4156632721424103,-0.03269560635089874,0.60500168800354,0.3252595067024231,-0.021416734904050827,0.566726803779602,0.38946905732154846,-0.03237050026655197,0.5889391899108887,0.4185149371623993,-0.022763079032301903,0.6068983674049377,0.4112119674682617,-0.016670793294906616,0.6198523044586182,0.3370923101902008,-0.031610872596502304,0.5872943997383118,0.3892067074775696,-0.03908262029290199,0.6038662195205688,0.4105711579322815,-0.03196720778942108,0.6200801730155945,0.40415865182876587,-0.025600988417863846,0.0,0.0,0.0,0.0,0.0,0.0,0.0,0.0,0.0,0.0,0.0,0.0,0.0,0.0,0.0,0.0,0.0,0.0,0.0,0.0,0.0,0.0,0.0,0.0,0.0,0.0,0.0,0.0,0.0,0.0,0.0,0.0,0.0,0.0,0.0,0.0,0.0,0.0,0.0,0.0,0.0,0.0,0.0,0.0,0.0,0.0,0.0,0.0,0.0,0.0,0.0,0.0,0.0,0.0,0.0,0.0,0.0,0.0,0.0,0.0,0.0,0.0,0.0,SHE
0.6735186576843262,0.488258957862854,-2.964483201139956e-07,0.6197991371154785,0.49223512411117554,-0.0074506886303424835,0.5786124467849731,0.4848635792732239,-0.018493780866265297,0.5522729754447937,0.471008837223053,-0.031696807593107224,0.5365198850631714,0.44853538274765015,-0.043702300637960434,0.5662425756454468,0.3931834101676941,-0.004237750079482794,0.5246099233627319,0.3828657567501068,-0.019908159971237183,0.49692031741142273,0.3798312246799469,-0.031968723982572556,0.47440654039382935,0.37533777952194214,-0.04110240191221237,0.5791413187980652,0.37540748715400696,-0.009775180369615555,0.5429148077964783,0.4218583106994629,-0.02629413828253746,0.5649266242980957,0.45662933588027954,-0.030957262963056564,0.5849369764328003,0.45568495988845825,-0.03260328620672226,0.5936180353164673,0.3724602460861206,-0.017417224124073982,0.5598223805427551,0.42770084738731384,-0.029110673815011978,0.5809209942817688,0.4546337127685547,-0.021849358454346657,0.5982014536857605,0.44918400049209595,-0.01669955812394619,0.6072465777397156,0.37969085574150085,-0.027239762246608734,0.5789844393730164,0.42714622616767883,-0.03434331342577934,0.5939671397209167,0.447819322347641,-0.028624221682548523,0.6086651682853699,0.4428204894065857,-0.023162735626101494,0.0,0.0,0.0,0.0,0.0,0.0,0.0,0.0,0.0,0.0,0.0,0.0,0.0,0.0,0.0,0.0,0.0,0.0,0.0,0.0,0.0,0.0,0.0,0.0,0.0,0.0,0.0,0.0,0.0,0.0,0.0,0.0,0.0,0.0,0.0,0.0,0.0,0.0,0.0,0.0,0.0,0.0,0.0,0.0,0.0,0.0,0.0,0.0,0.0,0.0,0.0,0.0,0.0,0.0,0.0,0.0,0.0,0.0,0.0,0.0,0.0,0.0,0.0,SHE
0.6575272679328918,0.49848851561546326,-2.800212541842484e-07,0.6015321016311646,0.5028282403945923,-0.008789156563580036,0.5618744492530823,0.493435800075531,-0.021369431167840958,0.5359151363372803,0.4800800085067749,-0.035591911524534225,0.5226650238037109,0.4590652883052826,-0.04868736118078232,0.5527828335762024,0.39682915806770325,-0.008041990920901299,0.5101373791694641,0.3862312436103821,-0.02503957413136959,0.4806360602378845,0.3819447159767151,-0.038328614085912704,0.4571067690849304,0.3775656223297119,-0.04854864254593849,0.5680030584335327,0.38018688559532166,-0.013055596500635147,0.5287834405899048,0.4285207986831665,-0.029195399954915047,0.5495633482933044,0.466502845287323,-0.03280161693692207,0.5691384673118591,0.46601536870002747,-0.034133680164813995,0.5845022201538086,0.38126903772354126,-0.020206360146403313,0.5480552315711975,0.4394357204437256,-0.030826512724161148,0.5670980215072632,0.46722412109375,-0.021695297211408615,0.5830990672111511,0.4610900282859802,-0.015896093100309372,0.5983489751815796,0.3945017158985138,-0.029770173132419586,0.5677295923233032,0.44220492243766785,-0.03700277954339981,0.5818045139312744,0.46288377046585083,-0.030504584312438965,0.5963951945304871,0.4570361375808716,-0.024608707055449486,0.0,0.0,0.0,0.0,0.0,0.0,0.0,0.0,0.0,0.0,0.0,0.0,0.0,0.0,0.0,0.0,0.0,0.0,0.0,0.0,0.0,0.0,0.0,0.0,0.0,0.0,0.0,0.0,0.0,0.0,0.0,0.0,0.0,0.0,0.0,0.0,0.0,0.0,0.0,0.0,0.0,0.0,0.0,0.0,0.0,0.0,0.0,0.0,0.0,0.0,0.0,0.0,0.0,0.0,0.0,0.0,0.0,0.0,0.0,0.0,0.0,0.0,0.0,SHE
0.6772931218147278,0.41598665714263916,-1.5122428465019766e-07,0.6234804391860962,0.421846866607666,-0.00980073120445013,0.5834681987762451,0.41392263770103455,-0.019642407074570656,0.5570096373558044,0.40251582860946655,-0.03156323730945587,0.5383226871490479,0.38043078780174255,-0.04247546195983887,0.573279619216919,0.31908202171325684,-0.0013785556657239795,0.5318270921707153,0.31680455803871155,-0.018334047868847847,0.5035504102706909,0.31504055857658386,-0.03131146356463432,0.47968584299087524,0.31423860788345337,-0.03965223953127861,0.5827984809875488,0.302286833524704,-0.007263699546456337,0.5313695073127747,0.3098968267440796,-0.020780425518751144,0.5104103088378906,0.31869375705718994,-0.027722610160708427,0.4914458394050598,0.30756816267967224,-0.030889470130205154,0.5968648195266724,0.3002575933933258,-0.015834499150514603,0.5557035207748413,0.35430285334587097,-0.02908489666879177,0.5768205523490906,0.3832448422908783,-0.026402141898870468,0.5948657393455505,0.37916842103004456,-0.022338466718792915,0.6095440983772278,0.3123106360435486,-0.026691200211644173,0.5783595442771912,0.3612682521343231,-0.036151252686977386,0.5956692695617676,0.3814316391944885,-0.032231446355581284,0.6134781241416931,0.3744935691356659,-0.0272680651396513,0.0,0.0,0.0,0.0,0.0,0.0,0.0,0.0,0.0,0.0,0.0,0.0,0.0,0.0,0.0,0.0,0.0,0.0,0.0,0.0,0.0,0.0,0.0,0.0,0.0,0.0,0.0,0.0,0.0,0.0,0.0,0.0,0.0,0.0,0.0,0.0,0.0,0.0,0.0,0.0,0.0,0.0,0.0,0.0,0.0,0.0,0.0,0.0,0.0,0.0,0.0,0.0,0.0,0.0,0.0,0.0,0.0,0.0,0.0,0.0,0.0,0.0,0.0,SHE
0.6835002899169922,0.44893085956573486,-1.337307367066387e-07,0.6271446347236633,0.4553333520889282,-0.006552243605256081,0.5872835516929626,0.4488348066806793,-0.016367107629776,0.5605050921440125,0.43976494669914246,-0.029047714546322823,0.5407524704933167,0.4211153984069824,-0.04118157550692558,0.5747665762901306,0.35452884435653687,-0.0009335525101050735,0.5300754904747009,0.35392677783966064,-0.01708628423511982,0.5011295676231384,0.3526906371116638,-0.0295004453510046,0.47694286704063416,0.35160428285598755,-0.037556011229753494,0.5842939615249634,0.3387104868888855,-0.008415997959673405,0.5306321382522583,0.35019537806510925,-0.02196137234568596,0.5080676078796387,0.3573566675186157,-0.02958943136036396,0.4862908720970154,0.34590351581573486,-0.033407364040613174,0.5978161692619324,0.3375663757324219,-0.017945310100913048,0.5562831163406372,0.39656907320022583,-0.030092108994722366,0.5792580842971802,0.4230220317840576,-0.028065042570233345,0.5982402563095093,0.41755756735801697,-0.02486545965075493,0.6093466281890869,0.3504922389984131,-0.0294069554656744,0.5782172679901123,0.40275895595550537,-0.03753777593374252,0.5973807573318481,0.4205626845359802,-0.0335838720202446,0.6162156462669373,0.41236042976379395,-0.028940308839082718,0.0,0.0,0.0,0.0,0.0,0.0,0.0,0.0,0.0,0.0,0.0,0.0,0.0,0.0,0.0,0.0,0.0,0.0,0.0,0.0,0.0,0.0,0.0,0.0,0.0,0.0,0.0,0.0,0.0,0.0,0.0,0.0,0.0,0.0,0.0,0.0,0.0,0.0,0.0,0.0,0.0,0.0,0.0,0.0,0.0,0.0,0.0,0.0,0.0,0.0,0.0,0.0,0.0,0.0,0.0,0.0,0.0,0.0,0.0,0.0,0.0,0.0,0.0,SHE
0.6731091737747192,0.4650137722492218,-2.504025360394735e-07,0.6152611970901489,0.470598429441452,-0.006076041609048843,0.5759831070899963,0.46540048718452454,-0.01954246126115322,0.5488818287849426,0.4569988250732422,-0.035687800496816635,0.5335553288459778,0.4396447539329529,-0.05064694210886955,0.5623807311058044,0.368183434009552,-0.0062751155346632,0.5176624655723572,0.3588829040527344,-0.02294875681400299,0.4878566265106201,0.3572578430175781,-0.034997738897800446,0.4635048806667328,0.354281485080719,-0.04425550252199173,0.5758095383644104,0.3543736934661865,-0.01358124241232872,0.5357147455215454,0.4015924632549286,-0.030226413160562515,0.5581997036933899,0.43783876299858093,-0.032709989696741104,0.5772431492805481,0.43298691511154175,-0.033166464418172836,0.5901809930801392,0.355914443731308,-0.02297379821538925,0.5523636937141418,0.4127068519592285,-0.03411632776260376,0.5748836994171143,0.4394278824329376,-0.02369636669754982,0.5916985273361206,0.4302840828895569,-0.017124144360423088,0.6017836928367615,0.36898738145828247,-0.03455734997987747,0.5706366300582886,0.41779571771621704,-0.04085088148713112,0.587978184223175,0.43609949946403503,-0.03321802616119385,0.603614091873169,0.4266882538795471,-0.02696549892425537,0.0,0.0,0.0,0.0,0.0,0.0,0.0,0.0,0.0,0.0,0.0,0.0,0.0,0.0,0.0,0.0,0.0,0.0,0.0,0.0,0.0,0.0,0.0,0.0,0.0,0.0,0.0,0.0,0.0,0.0,0.0,0.0,0.0,0.0,0.0,0.0,0.0,0.0,0.0,0.0,0.0,0.0,0.0,0.0,0.0,0.0,0.0,0.0,0.0,0.0,0.0,0.0,0.0,0.0,0.0,0.0,0.0,0.0,0.0,0.0,0.0,0.0,0.0,SHE
0.6460433006286621,0.49229636788368225,-2.6144007847506145e-07,0.5894904732704163,0.498423308134079,0.00014482122787740082,0.5581424236297607,0.4853358268737793,-0.008503144606947899,0.534917950630188,0.4745643138885498,-0.020361997187137604,0.5143390893936157,0.4620559811592102,-0.03219972923398018,0.5585063099861145,0.3855835199356079,0.001223698491230607,0.5126874446868896,0.37798792123794556,-0.009528134018182755,0.48281344771385193,0.37747466564178467,-0.01868673786520958,0.46026185154914856,0.37693285942077637,-0.025755589827895164,0.5641180872917175,0.37899741530418396,-0.006609993986785412,0.5198577642440796,0.42749106884002686,-0.015657605603337288,0.5380226373672485,0.46144938468933105,-0.017450202256441116,0.5576286911964417,0.45942220091819763,-0.0185285285115242,0.5673890113830566,0.387865275144577,-0.015547933988273144,0.5245428681373596,0.44259849190711975,-0.02071497216820717,0.5439046621322632,0.4685231149196625,-0.013564049266278744,0.5629591345787048,0.46317875385284424,-0.010293824598193169,0.5669142603874207,0.40572676062583923,-0.02588716521859169,0.5314942002296448,0.4510360062122345,-0.02966517023742199,0.5489659309387207,0.46968454122543335,-0.024057962000370026,0.5677125453948975,0.46562671661376953,-0.019596505910158157,0.0,0.0,0.0,0.0,0.0,0.0,0.0,0.0,0.0,0.0,0.0,0.0,0.0,0.0,0.0,0.0,0.0,0.0,0.0,0.0,0.0,0.0,0.0,0.0,0.0,0.0,0.0,0.0,0.0,0.0,0.0,0.0,0.0,0.0,0.0,0.0,0.0,0.0,0.0,0.0,0.0,0.0,0.0,0.0,0.0,0.0,0.0,0.0,0.0,0.0,0.0,0.0,0.0,0.0,0.0,0.0,0.0,0.0,0.0,0.0,0.0,0.0,0.0,SHE
0.6274605989456177,0.47990769147872925,-2.03922809305368e-07,0.5810587406158447,0.47380149364471436,0.003441277425736189,0.5490545630455017,0.4564720094203949,-0.0035467601846903563,0.5198370814323425,0.45061060786247253,-0.013838022947311401,0.4969540238380432,0.4453147053718567,-0.024851983413100243,0.5575781464576721,0.35931435227394104,0.0032617393881082535,0.5081567168235779,0.35515889525413513,-0.0031865991186350584,0.4785841107368469,0.352325975894928,-0.010353614576160908,0.45727548003196716,0.34910303354263306,-0.016850121319293976,0.5556597113609314,0.3618849515914917,-0.0049715605564415455,0.5050922632217407,0.39858299493789673,-0.010222562588751316,0.5201221704483032,0.4290608763694763,-0.011931614018976688,0.537347674369812,0.4305272698402405,-0.013805030845105648,0.5510525107383728,0.3786383271217346,-0.013383524492383003,0.5044827461242676,0.42321836948394775,-0.01582387648522854,0.5210890769958496,0.4488222599029541,-0.011892431415617466,0.537658154964447,0.44580167531967163,-0.011315970681607723,0.543701171875,0.40218520164489746,-0.022581957280635834,0.5078912973403931,0.4373895227909088,-0.02377714216709137,0.5208662748336792,0.45687538385391235,-0.019877681508660316,0.5348442792892456,0.4561636447906494,-0.01747824251651764,0.0,0.0,0.0,0.0,0.0,0.0,0.0,0.0,0.0,0.0,0.0,0.0,0.0,0.0,0.0,0.0,0.0,0.0,0.0,0.0,0.0,0.0,0.0,0.0,0.0,0.0,0.0,0.0,0.0,0.0,0.0,0.0,0.0,0.0,0.0,0.0,0.0,0.0,0.0,0.0,0.0,0.0,0.0,0.0,0.0,0.0,0.0,0.0,0.0,0.0,0.0,0.0,0.0,0.0,0.0,0.0,0.0,0.0,0.0,0.0,0.0,0.0,0.0,SHE
0.6224790811538696,0.49114060401916504,-3.458706316905591e-07,0.5790395140647888,0.47964659333229065,-0.013909957371652126,0.5373527407646179,0.4558338522911072,-0.027718616649508476,0.5152246952056885,0.43108469247817993,-0.04246961325407028,0.517241358757019,0.4042878746986389,-0.05526128038764,0.5485212206840515,0.3610225319862366,-0.011874099262058735,0.5136443972587585,0.3397413492202759,-0.032320622354745865,0.48589766025543213,0.3315989375114441,-0.04758625477552414,0.4632912278175354,0.32513535022735596,-0.057882972061634064,0.569218099117279,0.34590059518814087,-0.014055063016712666,0.5272079706192017,0.37467578053474426,-0.030817732214927673,0.5421156287193298,0.41660332679748535,-0.03474463149905205,0.5615959167480469,0.423677921295166,-0.03630060702562332,0.5892847180366516,0.3470538854598999,-0.018994851037859917,0.5447521209716797,0.38646650314331055,-0.031062060967087746,0.5580394864082336,0.42246776819229126,-0.02305176481604576,0.5746949315071106,0.42390161752700806,-0.017620911821722984,0.6060634255409241,0.3587713837623596,-0.0267384871840477,0.5660505890846252,0.39054423570632935,-0.03539961203932762,0.5739356279373169,0.4184253215789795,-0.029895655810832977,0.5886459350585938,0.4212098717689514,-0.02444412186741829,0.0,0.0,0.0,0.0,0.0,0.0,0.0,0.0,0.0,0.0,0.0,0.0,0.0,0.0,0.0,0.0,0.0,0.0,0.0,0.0,0.0,0.0,0.0,0.0,0.0,0.0,0.0,0.0,0.0,0.0,0.0,0.0,0.0,0.0,0.0,0.0,0.0,0.0,0.0,0.0,0.0,0.0,0.0,0.0,0.0,0.0,0.0,0.0,0.0,0.0,0.0,0.0,0.0,0.0,0.0,0.0,0.0,0.0,0.0,0.0,0.0,0.0,0.0,SHE
0.620660662651062,0.4986101984977722,-1.9905546366771887e-07,0.5747795104980469,0.49463874101638794,-0.01174591388553381,0.5395723581314087,0.4817020893096924,-0.022458145394921303,0.5177558660507202,0.4655667543411255,-0.03419625386595726,0.5106820464134216,0.44116711616516113,-0.0453428216278553,0.5394582748413086,0.38957297801971436,-0.007536809891462326,0.4951289892196655,0.3840978145599365,-0.02579428255558014,0.46708405017852783,0.3833228051662445,-0.03849860280752182,0.44450294971466064,0.38387781381607056,-0.04564734175801277,0.5515608191490173,0.37451064586639404,-0.010817354544997215,0.49457770586013794,0.36770251393318176,-0.026081742718815804,0.46893343329429626,0.3751159608364105,-0.0328119657933712,0.44721972942352295,0.3701809048652649,-0.03472498059272766,0.5641731023788452,0.37572765350341797,-0.016079861670732498,0.5189427137374878,0.42049258947372437,-0.02991623803973198,0.5370540618896484,0.45343834161758423,-0.026004094630479813,0.5557029843330383,0.454665869474411,-0.020157501101493835,0.5731717348098755,0.3895389139652252,-0.023304924368858337,0.5388546586036682,0.43155670166015625,-0.033109281212091446,0.5543981790542603,0.4559231996536255,-0.028119169175624847,0.5728735327720642,0.45438653230667114,-0.02158914878964424,0.0,0.0,0.0,0.0,0.0,0.0,0.0,0.0,0.0,0.0,0.0,0.0,0.0,0.0,0.0,0.0,0.0,0.0,0.0,0.0,0.0,0.0,0.0,0.0,0.0,0.0,0.0,0.0,0.0,0.0,0.0,0.0,0.0,0.0,0.0,0.0,0.0,0.0,0.0,0.0,0.0,0.0,0.0,0.0,0.0,0.0,0.0,0.0,0.0,0.0,0.0,0.0,0.0,0.0,0.0,0.0,0.0,0.0,0.0,0.0,0.0,0.0,0.0,SHE
0.6365958452224731,0.5112733840942383,-2.445870563860808e-07,0.5848867893218994,0.5117574334144592,-0.01026584580540657,0.5470341444015503,0.49748659133911133,-0.023414112627506256,0.5219833254814148,0.48286908864974976,-0.037996478378772736,0.5131745338439941,0.46194109320640564,-0.051202282309532166,0.5482104420661926,0.3984619677066803,-0.006593422032892704,0.5067653656005859,0.3947077989578247,-0.024935349822044373,0.47774502635002136,0.39531710743904114,-0.03838678449392319,0.4553226828575134,0.3969976603984833,-0.04749666526913643,0.5613664388656616,0.3868391811847687,-0.010965055786073208,0.5173807740211487,0.4273887872695923,-0.025659630075097084,0.5348069667816162,0.46405258774757385,-0.02809906005859375,0.5528069138526917,0.46513113379478455,-0.027714669704437256,0.5749557018280029,0.3925389349460602,-0.018024615943431854,0.5334182977676392,0.4467058479785919,-0.028275923803448677,0.5513864159584045,0.4754598140716553,-0.018700966611504555,0.5668329000473022,0.4702545404434204,-0.011736912652850151,0.5860542058944702,0.4089793562889099,-0.02763274498283863,0.5527066588401794,0.4555400609970093,-0.03578433021903038,0.5675119161605835,0.47531384229660034,-0.029949886724352837,0.5829323530197144,0.46842771768569946,-0.023587791249155998,0.0,0.0,0.0,0.0,0.0,0.0,0.0,0.0,0.0,0.0,0.0,0.0,0.0,0.0,0.0,0.0,0.0,0.0,0.0,0.0,0.0,0.0,0.0,0.0,0.0,0.0,0.0,0.0,0.0,0.0,0.0,0.0,0.0,0.0,0.0,0.0,0.0,0.0,0.0,0.0,0.0,0.0,0.0,0.0,0.0,0.0,0.0,0.0,0.0,0.0,0.0,0.0,0.0,0.0,0.0,0.0,0.0,0.0,0.0,0.0,0.0,0.0,0.0,SHE
0.7068817019462585,0.49481886625289917,-3.2885824907680217e-07,0.649395763874054,0.48311060667037964,-0.012865292839705944,0.6057168841362,0.4608936607837677,-0.027365578338503838,0.5799008011817932,0.4387081265449524,-0.04301604628562927,0.5762483477592468,0.4112321734428406,-0.056664008647203445,0.6094933152198792,0.35757625102996826,-0.011998108588159084,0.5640271902084351,0.33927953243255615,-0.03482634574174881,0.5313873887062073,0.33664408326148987,-0.0517752431333065,0.5067920088768005,0.33457452058792114,-0.0634308010339737,0.6309088468551636,0.34119415283203125,-0.016223687678575516,0.5843561887741089,0.3801158666610718,-0.0361773744225502,0.6005144715309143,0.4253048896789551,-0.04086730256676674,0.6208292841911316,0.42830541729927063,-0.04235431179404259,0.6511718034744263,0.3450113832950592,-0.023371318355202675,0.6051859855651855,0.39534738659858704,-0.037924520671367645,0.6206267476081848,0.43157926201820374,-0.028143320232629776,0.6379015445709229,0.42640259861946106,-0.021095706149935722,0.6668915748596191,0.36143308877944946,-0.03325483202934265,0.6273218393325806,0.4049582779407501,-0.04295386001467705,0.6378199458122253,0.43140485882759094,-0.03583718091249466,0.6528588533401489,0.4264211654663086,-0.028881190344691277,0.0,0.0,0.0,0.0,0.0,0.0,0.0,0.0,0.0,0.0,0.0,0.0,0.0,0.0,0.0,0.0,0.0,0.0,0.0,0.0,0.0,0.0,0.0,0.0,0.0,0.0,0.0,0.0,0.0,0.0,0.0,0.0,0.0,0.0,0.0,0.0,0.0,0.0,0.0,0.0,0.0,0.0,0.0,0.0,0.0,0.0,0.0,0.0,0.0,0.0,0.0,0.0,0.0,0.0,0.0,0.0,0.0,0.0,0.0,0.0,0.0,0.0,0.0,SHE
0.7193644046783447,0.49081459641456604,-3.086196613821812e-07,0.6564795970916748,0.4870792329311371,-0.0002114147791871801,0.6137245297431946,0.4750135838985443,-0.011558856815099716,0.583092451095581,0.45750361680984497,-0.027822747826576233,0.5653397440910339,0.42834970355033875,-0.043080925941467285,0.6129456758499146,0.36192548274993896,0.008789528161287308,0.5640878081321716,0.3548033535480499,-0.008277710527181625,0.5274280309677124,0.35478803515434265,-0.02173798158764839,0.4997050166130066,0.3545832335948944,-0.031077701598405838,0.6232454776763916,0.3464832007884979,-0.001869072439149022,0.5701870322227478,0.3986632227897644,-0.01535365916788578,0.5921083688735962,0.4411509037017822,-0.016832474619150162,0.6149954795837402,0.4403311014175415,-0.015963681042194366,0.6323128342628479,0.34779632091522217,-0.015309497714042664,0.582426905632019,0.4124177098274231,-0.022907603532075882,0.605741560459137,0.4444934129714966,-0.011663658544421196,0.6271225214004517,0.4390402138233185,-0.004655407276004553,0.6378157734870911,0.36040550470352173,-0.031004132702946663,0.5966327786445618,0.41373518109321594,-0.03629208356142044,0.6160056591033936,0.43683385848999023,-0.028827954083681107,0.6367645263671875,0.43159371614456177,-0.02192893624305725,0.0,0.0,0.0,0.0,0.0,0.0,0.0,0.0,0.0,0.0,0.0,0.0,0.0,0.0,0.0,0.0,0.0,0.0,0.0,0.0,0.0,0.0,0.0,0.0,0.0,0.0,0.0,0.0,0.0,0.0,0.0,0.0,0.0,0.0,0.0,0.0,0.0,0.0,0.0,0.0,0.0,0.0,0.0,0.0,0.0,0.0,0.0,0.0,0.0,0.0,0.0,0.0,0.0,0.0,0.0,0.0,0.0,0.0,0.0,0.0,0.0,0.0,0.0,SHE
0.724189043045044,0.4369794726371765,-2.323982783991596e-07,0.657099723815918,0.45844006538391113,-0.008251357823610306,0.6161932945251465,0.4580264091491699,-0.02563284896314144,0.5882115960121155,0.45804619789123535,-0.045758701860904694,0.5676090121269226,0.45348984003067017,-0.06556618213653564,0.5851923823356628,0.34866756200790405,-0.014200386591255665,0.534830629825592,0.3427002727985382,-0.03291132301092148,0.500430166721344,0.34301233291625977,-0.04734402149915695,0.4724652171134949,0.34532245993614197,-0.058792177587747574,0.6003972291946411,0.33422839641571045,-0.02276228368282318,0.561842679977417,0.4053489863872528,-0.04072935879230499,0.5871443152427673,0.4361679255962372,-0.045087236911058426,0.6059561967849731,0.42855262756347656,-0.04778721556067467,0.6185237169265747,0.34038999676704407,-0.03315602242946625,0.5884664058685303,0.42750275135040283,-0.043121300637722015,0.6136669516563416,0.44731810688972473,-0.0333719328045845,0.6288942694664001,0.4321085214614868,-0.028849594295024872,0.6336689591407776,0.3592357039451599,-0.04632249474525452,0.6117551326751709,0.43049827218055725,-0.050464317202568054,0.6313393115997314,0.44428330659866333,-0.04278464987874031,0.6446348428726196,0.4292004406452179,-0.037714552134275436,0.0,0.0,0.0,0.0,0.0,0.0,0.0,0.0,0.0,0.0,0.0,0.0,0.0,0.0,0.0,0.0,0.0,0.0,0.0,0.0,0.0,0.0,0.0,0.0,0.0,0.0,0.0,0.0,0.0,0.0,0.0,0.0,0.0,0.0,0.0,0.0,0.0,0.0,0.0,0.0,0.0,0.0,0.0,0.0,0.0,0.0,0.0,0.0,0.0,0.0,0.0,0.0,0.0,0.0,0.0,0.0,0.0,0.0,0.0,0.0,0.0,0.0,0.0,SHE
0.6515775322914124,0.5398362278938293,-4.132051287797367e-07,0.5986965894699097,0.5063431859016418,-0.01435807067900896,0.5600588917732239,0.4659188389778137,-0.027926882728934288,0.5409291386604309,0.433823823928833,-0.042383819818496704,0.5460619926452637,0.40723785758018494,-0.054098162800073624,0.5971298217773438,0.3705880045890808,-0.009937571361660957,0.5545265078544617,0.3475276231765747,-0.029837168753147125,0.5200685262680054,0.35074418783187866,-0.04538368806242943,0.49329811334609985,0.3563671112060547,-0.056109629571437836,0.6157996654510498,0.3622699975967407,-0.013257642276585102,0.5555484294891357,0.37565216422080994,-0.030696364119648933,0.5600935220718384,0.4197118282318115,-0.037261031568050385,0.5766724348068237,0.43626582622528076,-0.04084489122033119,0.6302403211593628,0.37142884731292725,-0.01939789205789566,0.5679774284362793,0.4020038843154907,-0.031722087413072586,0.5814593434333801,0.44188717007637024,-0.02607494778931141,0.6026089191436768,0.45013293623924255,-0.022634658962488174,0.638171911239624,0.3907544016838074,-0.02855958230793476,0.586381196975708,0.41929349303245544,-0.037351902574300766,0.5937626361846924,0.4502290189266205,-0.03319910541176796,0.6102001667022705,0.45601728558540344,-0.029076745733618736,0.0,0.0,0.0,0.0,0.0,0.0,0.0,0.0,0.0,0.0,0.0,0.0,0.0,0.0,0.0,0.0,0.0,0.0,0.0,0.0,0.0,0.0,0.0,0.0,0.0,0.0,0.0,0.0,0.0,0.0,0.0,0.0,0.0,0.0,0.0,0.0,0.0,0.0,0.0,0.0,0.0,0.0,0.0,0.0,0.0,0.0,0.0,0.0,0.0,0.0,0.0,0.0,0.0,0.0,0.0,0.0,0.0,0.0,0.0,0.0,0.0,0.0,0.0,SHE
0.6663094758987427,0.5278310775756836,-2.176054039182418e-07,0.6090781092643738,0.5053026080131531,-0.009699772112071514,0.5743310451507568,0.47880348563194275,-0.02129202149808407,0.5531008839607239,0.45863261818885803,-0.034637827426195145,0.5416774153709412,0.432082861661911,-0.048069559037685394,0.5909937620162964,0.3691093921661377,-0.006035709287971258,0.5390276312828064,0.3610801696777344,-0.025237418711185455,0.5060733556747437,0.35753822326660156,-0.041443921625614166,0.48034903407096863,0.3539206385612488,-0.052005585283041,0.6053538918495178,0.36226025223731995,-0.013032798655331135,0.5387476086616516,0.3499508798122406,-0.02652423456311226,0.5116281509399414,0.3553461730480194,-0.035635821521282196,0.49117782711982727,0.34820660948753357,-0.04127971827983856,0.6177836656570435,0.3755635619163513,-0.022042881697416306,0.554920494556427,0.4198889136314392,-0.034282322973012924,0.5683504343032837,0.45817917585372925,-0.032654769718647,0.5868088006973267,0.4637563228607178,-0.030579697340726852,0.6234049201011658,0.40242132544517517,-0.03318796679377556,0.5765677094459534,0.44235384464263916,-0.04215800389647484,0.5873510837554932,0.4715133607387543,-0.03821564465761185,0.6053739786148071,0.47520050406455994,-0.03387605771422386,0.0,0.0,0.0,0.0,0.0,0.0,0.0,0.0,0.0,0.0,0.0,0.0,0.0,0.0,0.0,0.0,0.0,0.0,0.0,0.0,0.0,0.0,0.0,0.0,0.0,0.0,0.0,0.0,0.0,0.0,0.0,0.0,0.0,0.0,0.0,0.0,0.0,0.0,0.0,0.0,0.0,0.0,0.0,0.0,0.0,0.0,0.0,0.0,0.0,0.0,0.0,0.0,0.0,0.0,0.0,0.0,0.0,0.0,0.0,0.0,0.0,0.0,0.0,SHE
0.6640564203262329,0.4866867661476135,-8.362670200767752e-08,0.6003679633140564,0.49188685417175293,-0.006360605824738741,0.5625173449516296,0.47819072008132935,-0.017447875812649727,0.5352619290351868,0.4674333333969116,-0.030949069187045097,0.5175647735595703,0.4506082236766815,-0.044460322707891464,0.5598273873329163,0.37183699011802673,-0.003254792420193553,0.5114680528640747,0.3705448508262634,-0.019116777926683426,0.47945407032966614,0.36848878860473633,-0.03211430460214615,0.4522489309310913,0.36523881554603577,-0.04156619310379028,0.5711721181869507,0.3615870177745819,-0.012036405503749847,0.5072757005691528,0.37544336915016174,-0.02433786541223526,0.48958492279052734,0.382493257522583,-0.03198229521512985,0.4739440381526947,0.37068068981170654,-0.036864202469587326,0.5839946269989014,0.3714865744113922,-0.022600583732128143,0.5317630171775818,0.43900376558303833,-0.031742967665195465,0.5540708899497986,0.4685203731060028,-0.028293628245592117,0.5739259123802185,0.46118277311325073,-0.025831585749983788,0.5919482707977295,0.39598363637924194,-0.03534897416830063,0.5531827211380005,0.4523128867149353,-0.041317570954561234,0.5713788270950317,0.47265100479125977,-0.03680698201060295,0.5905593037605286,0.46407395601272583,-0.03294706717133522,0.0,0.0,0.0,0.0,0.0,0.0,0.0,0.0,0.0,0.0,0.0,0.0,0.0,0.0,0.0,0.0,0.0,0.0,0.0,0.0,0.0,0.0,0.0,0.0,0.0,0.0,0.0,0.0,0.0,0.0,0.0,0.0,0.0,0.0,0.0,0.0,0.0,0.0,0.0,0.0,0.0,0.0,0.0,0.0,0.0,0.0,0.0,0.0,0.0,0.0,0.0,0.0,0.0,0.0,0.0,0.0,0.0,0.0,0.0,0.0,0.0,0.0,0.0,SHE
0.6755165457725525,0.5150054097175598,-2.4675006216057227e-07,0.6199922561645508,0.5097072124481201,-0.0066397045738995075,0.5816590785980225,0.4946277141571045,-0.019600380212068558,0.5529381036758423,0.47796571254730225,-0.034985266625881195,0.5361604690551758,0.4521748423576355,-0.04931056872010231,0.5853147506713867,0.38573524355888367,-0.0024857413955032825,0.5404547452926636,0.376037061214447,-0.018268873915076256,0.5115293264389038,0.3689158260822296,-0.029718078672885895,0.48831993341445923,0.3595898151397705,-0.03816676139831543,0.5957537293434143,0.3759007453918457,-0.009013863280415535,0.5430571436882019,0.42184194922447205,-0.021771356463432312,0.5627055168151855,0.4629150629043579,-0.022219818085432053,0.5832654237747192,0.4611777663230896,-0.021183906123042107,0.6050952672958374,0.38239678740501404,-0.018017875030636787,0.5561223030090332,0.43873125314712524,-0.026058131828904152,0.5765512585639954,0.47107261419296265,-0.015818946063518524,0.5952252149581909,0.46574196219444275,-0.009602226316928864,0.6110963821411133,0.39941489696502686,-0.02940479665994644,0.5715250372886658,0.4461665749549866,-0.03521747142076492,0.5887792706489563,0.46856096386909485,-0.028924882411956787,0.6077264547348022,0.4638683795928955,-0.02315741591155529,0.0,0.0,0.0,0.0,0.0,0.0,0.0,0.0,0.0,0.0,0.0,0.0,0.0,0.0,0.0,0.0,0.0,0.0,0.0,0.0,0.0,0.0,0.0,0.0,0.0,0.0,0.0,0.0,0.0,0.0,0.0,0.0,0.0,0.0,0.0,0.0,0.0,0.0,0.0,0.0,0.0,0.0,0.0,0.0,0.0,0.0,0.0,0.0,0.0,0.0,0.0,0.0,0.0,0.0,0.0,0.0,0.0,0.0,0.0,0.0,0.0,0.0,0.0,SHE
0.6695370078086853,0.4878672957420349,-2.2305350455553707e-07,0.6077350974082947,0.49352797865867615,-0.007244023960083723,0.5708298683166504,0.4815458059310913,-0.019210340455174446,0.5459955930709839,0.4709218144416809,-0.03309248015284538,0.5277799367904663,0.45541876554489136,-0.046747349202632904,0.5653635859489441,0.37647393345832825,-0.00809258408844471,0.5198882222175598,0.3638330399990082,-0.02349041774868965,0.4871804714202881,0.3568035066127777,-0.03571256250143051,0.4604220986366272,0.3498947024345398,-0.04577236250042915,0.5784810781478882,0.36549922823905945,-0.015125014819204807,0.5249600410461426,0.40796852111816406,-0.029944894835352898,0.5391070246696472,0.4463266134262085,-0.03412456437945366,0.555437445640564,0.4487193822860718,-0.03586895763874054,0.5920568108558655,0.374179482460022,-0.023817993700504303,0.5459163784980774,0.4421190619468689,-0.03377005457878113,0.5665687322616577,0.4715583026409149,-0.02574174664914608,0.5851162075996399,0.46424025297164917,-0.020847856998443604,0.6019763946533203,0.3954651355743408,-0.03474883735179901,0.5657975077629089,0.45014387369155884,-0.041474539786577225,0.5822977423667908,0.47064462304115295,-0.035159897059202194,0.5997515320777893,0.4622021019458771,-0.029744641855359077,0.0,0.0,0.0,0.0,0.0,0.0,0.0,0.0,0.0,0.0,0.0,0.0,0.0,0.0,0.0,0.0,0.0,0.0,0.0,0.0,0.0,0.0,0.0,0.0,0.0,0.0,0.0,0.0,0.0,0.0,0.0,0.0,0.0,0.0,0.0,0.0,0.0,0.0,0.0,0.0,0.0,0.0,0.0,0.0,0.0,0.0,0.0,0.0,0.0,0.0,0.0,0.0,0.0,0.0,0.0,0.0,0.0,0.0,0.0,0.0,0.0,0.0,0.0,SHE
0.676839292049408,0.5000937581062317,-2.2906718299964268e-07,0.6141662001609802,0.5051795244216919,-0.007125201169401407,0.5768646001815796,0.4931662678718567,-0.019973672926425934,0.550794243812561,0.482925683259964,-0.03454814478754997,0.5322653651237488,0.46665817499160767,-0.04911096766591072,0.5734732151031494,0.3870680332183838,-0.009642950259149075,0.5278620719909668,0.3778921663761139,-0.025417743250727654,0.4948306977748871,0.37256669998168945,-0.03771503269672394,0.467587411403656,0.3687294125556946,-0.04733635485172272,0.5865263938903809,0.37754493951797485,-0.0162641741335392,0.5334131121635437,0.42420828342437744,-0.02933635003864765,0.54898601770401,0.46207180619239807,-0.03173702582716942,0.5651997923851013,0.46393299102783203,-0.03238733112812042,0.5996230840682983,0.38775578141212463,-0.02452470362186432,0.5526821613311768,0.4567953944206238,-0.032559338957071304,0.5747365951538086,0.4846908748149872,-0.023110030218958855,0.5929983258247375,0.47522586584091187,-0.017744380980730057,0.6090012788772583,0.4092584252357483,-0.034975167363882065,0.5716766715049744,0.46417269110679626,-0.040753841400146484,0.5894314050674438,0.4836205244064331,-0.03362167999148369,0.6072563529014587,0.4736334979534149,-0.02769310213625431,0.0,0.0,0.0,0.0,0.0,0.0,0.0,0.0,0.0,0.0,0.0,0.0,0.0,0.0,0.0,0.0,0.0,0.0,0.0,0.0,0.0,0.0,0.0,0.0,0.0,0.0,0.0,0.0,0.0,0.0,0.0,0.0,0.0,0.0,0.0,0.0,0.0,0.0,0.0,0.0,0.0,0.0,0.0,0.0,0.0,0.0,0.0,0.0,0.0,0.0,0.0,0.0,0.0,0.0,0.0,0.0,0.0,0.0,0.0,0.0,0.0,0.0,0.0,SHE
0.6674235463142395,0.5185787081718445,-2.4870723791536875e-07,0.6095396876335144,0.5181131958961487,-0.003661729861050844,0.57420414686203,0.5021774768829346,-0.015445237047970295,0.5478231906890869,0.4870554804801941,-0.02999812550842762,0.5311351418495178,0.4681919813156128,-0.04384082183241844,0.5755183696746826,0.4016246497631073,-0.004208114929497242,0.5328561067581177,0.38617852330207825,-0.020101964473724365,0.5018953680992126,0.3781422972679138,-0.03194310888648033,0.47638392448425293,0.37034738063812256,-0.04110473394393921,0.5869124531745911,0.3915124237537384,-0.012277139350771904,0.5387739539146423,0.4335387647151947,-0.02608124352991581,0.5574085116386414,0.47390151023864746,-0.026762379333376884,0.5770571231842041,0.4730989336967468,-0.02593459188938141,0.59748375415802,0.39895468950271606,-0.022199105471372604,0.5505505800247192,0.4536634087562561,-0.030655430629849434,0.5702190399169922,0.48390334844589233,-0.01970028132200241,0.5888892412185669,0.47792860865592957,-0.013145244680345058,0.6038169264793396,0.41793203353881836,-0.03412769362330437,0.5653641819953918,0.4639405608177185,-0.03991899639368057,0.5821654200553894,0.4839111566543579,-0.0325252041220665,0.6007236242294312,0.4776788055896759,-0.026315227150917053,0.0,0.0,0.0,0.0,0.0,0.0,0.0,0.0,0.0,0.0,0.0,0.0,0.0,0.0,0.0,0.0,0.0,0.0,0.0,0.0,0.0,0.0,0.0,0.0,0.0,0.0,0.0,0.0,0.0,0.0,0.0,0.0,0.0,0.0,0.0,0.0,0.0,0.0,0.0,0.0,0.0,0.0,0.0,0.0,0.0,0.0,0.0,0.0,0.0,0.0,0.0,0.0,0.0,0.0,0.0,0.0,0.0,0.0,0.0,0.0,0.0,0.0,0.0,SHE
0.6855626106262207,0.4913184344768524,-2.459106553942547e-07,0.6198976635932922,0.500300407409668,-0.004865407943725586,0.5799737572669983,0.4923771619796753,-0.01712563820183277,0.5524554252624512,0.4829813838005066,-0.031716786324977875,0.5344817638397217,0.46809569001197815,-0.04611466825008392,0.5700372457504272,0.3863665759563446,-0.007074679713696241,0.5243609547615051,0.37646669149398804,-0.023200388997793198,0.4917554259300232,0.373217910528183,-0.03538762405514717,0.4655156135559082,0.3715144395828247,-0.044520311057567596,0.584215521812439,0.37485870718955994,-0.014349443838000298,0.5371807217597961,0.42999088764190674,-0.026305509731173515,0.558163583278656,0.4687705934047699,-0.026907311752438545,0.5786867141723633,0.4660786986351013,-0.026673229411244392,0.5997355580329895,0.38288450241088867,-0.023377057164907455,0.5590786337852478,0.45261135697364807,-0.030153853818774223,0.5792884230613708,0.4793895184993744,-0.018853284418582916,0.5961810946464539,0.4694680869579315,-0.012689609080553055,0.6122189164161682,0.4025065004825592,-0.03455798700451851,0.5789973735809326,0.45980364084243774,-0.03867047280073166,0.595474362373352,0.47771909832954407,-0.030136551707983017,0.6122022867202759,0.46742451190948486,-0.02340344898402691,0.0,0.0,0.0,0.0,0.0,0.0,0.0,0.0,0.0,0.0,0.0,0.0,0.0,0.0,0.0,0.0,0.0,0.0,0.0,0.0,0.0,0.0,0.0,0.0,0.0,0.0,0.0,0.0,0.0,0.0,0.0,0.0,0.0,0.0,0.0,0.0,0.0,0.0,0.0,0.0,0.0,0.0,0.0,0.0,0.0,0.0,0.0,0.0,0.0,0.0,0.0,0.0,0.0,0.0,0.0,0.0,0.0,0.0,0.0,0.0,0.0,0.0,0.0,SHE
0.6667959690093994,0.5280340313911438,-2.3757624489917362e-07,0.6068218350410461,0.5237930417060852,-0.005629921332001686,0.5729960799217224,0.5063512325286865,-0.018521426245570183,0.5478724241256714,0.49004292488098145,-0.033653710037469864,0.5311950445175171,0.4707306921482086,-0.048240404576063156,0.5779287815093994,0.40262818336486816,-0.007931367494165897,0.5346023440361023,0.3828585743904114,-0.025041550397872925,0.5024735927581787,0.3713464140892029,-0.03785037249326706,0.47607630491256714,0.36166876554489136,-0.04766252264380455,0.5915139317512512,0.3934914469718933,-0.01502241287380457,0.5409225821495056,0.43359753489494324,-0.02919653430581093,0.5569095015525818,0.47758275270462036,-0.02972055785357952,0.5764566659927368,0.4783589541912079,-0.029090696945786476,0.6032536029815674,0.40333878993988037,-0.02407112531363964,0.553730845451355,0.45688578486442566,-0.03296484053134918,0.570828914642334,0.4888136684894562,-0.02159000374376774,0.5889511704444885,0.48358458280563354,-0.014994816854596138,0.6097424030303955,0.42416912317276,-0.03529271483421326,0.5697140693664551,0.46864834427833557,-0.04123839735984802,0.5845673084259033,0.49050503969192505,-0.03340708091855049,0.602514386177063,0.48531436920166016,-0.02704498916864395,0.0,0.0,0.0,0.0,0.0,0.0,0.0,0.0,0.0,0.0,0.0,0.0,0.0,0.0,0.0,0.0,0.0,0.0,0.0,0.0,0.0,0.0,0.0,0.0,0.0,0.0,0.0,0.0,0.0,0.0,0.0,0.0,0.0,0.0,0.0,0.0,0.0,0.0,0.0,0.0,0.0,0.0,0.0,0.0,0.0,0.0,0.0,0.0,0.0,0.0,0.0,0.0,0.0,0.0,0.0,0.0,0.0,0.0,0.0,0.0,0.0,0.0,0.0,SHE
0.6208188533782959,0.5584072470664978,-3.396372676434112e-07,0.5749995112419128,0.5422934293746948,-0.012069033458828926,0.5361024737358093,0.5152189135551453,-0.02479679323732853,0.5155946016311646,0.4825812578201294,-0.03935636207461357,0.5102067589759827,0.4485601484775543,-0.05076126009225845,0.5525420904159546,0.4180651903152466,-0.005030360072851181,0.521551787853241,0.38337981700897217,-0.02553454414010048,0.495412141084671,0.3852085769176483,-0.03690590709447861,0.4767735004425049,0.3923572599887848,-0.04296424612402916,0.5688217282295227,0.4075005054473877,-0.008852566592395306,0.5223680138587952,0.42101752758026123,-0.02775595523416996,0.5335832238197327,0.4702030122280121,-0.028977645561099052,0.5530025362968445,0.47764384746551514,-0.02650824375450611,0.5836349129676819,0.4072934091091156,-0.016400177031755447,0.5347102880477905,0.43533533811569214,-0.03210485726594925,0.5517100691795349,0.4774553179740906,-0.023536834865808487,0.5719407200813293,0.4802856147289276,-0.015852589160203934,0.596787691116333,0.41609764099121094,-0.02643289603292942,0.5530789494514465,0.4433062672615051,-0.036904990673065186,0.5634353756904602,0.47472184896469116,-0.03193790093064308,0.5796743631362915,0.47897031903266907,-0.02584090642631054,0.0,0.0,0.0,0.0,0.0,0.0,0.0,0.0,0.0,0.0,0.0,0.0,0.0,0.0,0.0,0.0,0.0,0.0,0.0,0.0,0.0,0.0,0.0,0.0,0.0,0.0,0.0,0.0,0.0,0.0,0.0,0.0,0.0,0.0,0.0,0.0,0.0,0.0,0.0,0.0,0.0,0.0,0.0,0.0,0.0,0.0,0.0,0.0,0.0,0.0,0.0,0.0,0.0,0.0,0.0,0.0,0.0,0.0,0.0,0.0,0.0,0.0,0.0,SHE
0.6384998559951782,0.5400086045265198,-3.681271323330293e-07,0.5861339569091797,0.5243895649909973,-0.009136829525232315,0.5475822687149048,0.49850764870643616,-0.02123894914984703,0.5253148078918457,0.4715278744697571,-0.0354941189289093,0.5170978903770447,0.43995240330696106,-0.04776134714484215,0.5633214116096497,0.3985083997249603,-0.0027086983900517225,0.5191831588745117,0.3812718987464905,-0.024293921887874603,0.48564764857292175,0.381523996591568,-0.04014212265610695,0.4615336060523987,0.3838913142681122,-0.050169456750154495,0.5782536268234253,0.38611140847206116,-0.008198032155632973,0.5240899324417114,0.4125111401081085,-0.026144998148083687,0.5352275371551514,0.4605793356895447,-0.029684603214263916,0.5543999671936035,0.46967095136642456,-0.0295014139264822,0.5914747714996338,0.3879835903644562,-0.016868865117430687,0.5376023054122925,0.4269859492778778,-0.029876191169023514,0.5524005889892578,0.4664192795753479,-0.019607890397310257,0.5715484023094177,0.4692859649658203,-0.011535713449120522,0.6012915968894958,0.4014147222042084,-0.028131503611803055,0.5550190806388855,0.4360496699810028,-0.037980835884809494,0.5661640167236328,0.46537214517593384,-0.031227272003889084,0.5837514996528625,0.46742960810661316,-0.02374793402850628,0.0,0.0,0.0,0.0,0.0,0.0,0.0,0.0,0.0,0.0,0.0,0.0,0.0,0.0,0.0,0.0,0.0,0.0,0.0,0.0,0.0,0.0,0.0,0.0,0.0,0.0,0.0,0.0,0.0,0.0,0.0,0.0,0.0,0.0,0.0,0.0,0.0,0.0,0.0,0.0,0.0,0.0,0.0,0.0,0.0,0.0,0.0,0.0,0.0,0.0,0.0,0.0,0.0,0.0,0.0,0.0,0.0,0.0,0.0,0.0,0.0,0.0,0.0,SHE
0.6667419075965881,0.48690515756607056,-2.5922130930666754e-07,0.6171548366546631,0.48284849524497986,-0.005945155397057533,0.5826044678688049,0.47177571058273315,-0.014569399878382683,0.5601056814193726,0.4590035080909729,-0.025751175358891487,0.5488926768302917,0.43818292021751404,-0.036409635096788406,0.5834498405456543,0.37567368149757385,0.0010571054881438613,0.5417936444282532,0.3751421272754669,-0.01499875821173191,0.5134236812591553,0.37831008434295654,-0.028324903920292854,0.4900394082069397,0.38107308745384216,-0.036592211574316025,0.5925076603889465,0.3662942349910736,-0.005637395195662975,0.5397945642471313,0.38444411754608154,-0.01731368526816368,0.5263603925704956,0.39808958768844604,-0.023792779073119164,0.5164004564285278,0.391404926776886,-0.02725904807448387,0.6026684045791626,0.371634304523468,-0.01462606806308031,0.5576348900794983,0.4263652563095093,-0.025611814111471176,0.5766826272010803,0.45368871092796326,-0.023496294394135475,0.5953835248947144,0.45122241973876953,-0.020469576120376587,0.6092851758003235,0.388965904712677,-0.02538921870291233,0.5735692977905273,0.43277084827423096,-0.03223085403442383,0.5881705284118652,0.4541715681552887,-0.02807273156940937,0.60590660572052,0.45184463262557983,-0.023292208090424538,0.0,0.0,0.0,0.0,0.0,0.0,0.0,0.0,0.0,0.0,0.0,0.0,0.0,0.0,0.0,0.0,0.0,0.0,0.0,0.0,0.0,0.0,0.0,0.0,0.0,0.0,0.0,0.0,0.0,0.0,0.0,0.0,0.0,0.0,0.0,0.0,0.0,0.0,0.0,0.0,0.0,0.0,0.0,0.0,0.0,0.0,0.0,0.0,0.0,0.0,0.0,0.0,0.0,0.0,0.0,0.0,0.0,0.0,0.0,0.0,0.0,0.0,0.0,SHE
0.69351726770401,0.5434914827346802,-2.5428923322579067e-07,0.6420943737030029,0.5359146595001221,-0.005239610560238361,0.6054332256317139,0.51297527551651,-0.015286671929061413,0.5804156064987183,0.4857397675514221,-0.02795468270778656,0.5677706599235535,0.4555628001689911,-0.03901239484548569,0.6186440587043762,0.41660723090171814,0.0007645285222679377,0.5783742666244507,0.38946378231048584,-0.016323620453476906,0.546338677406311,0.3761398494243622,-0.02816450223326683,0.5220615863800049,0.36659368872642517,-0.03651762381196022,0.6301916241645813,0.40611860156059265,-0.005652544554322958,0.5817206501960754,0.4277244508266449,-0.022229095920920372,0.5953737497329712,0.47457200288772583,-0.023034365847706795,0.615390956401825,0.48011311888694763,-0.02060868963599205,0.6385510563850403,0.40805482864379883,-0.014791072346270084,0.5889084935188293,0.441783607006073,-0.02610299549996853,0.6043322086334229,0.4804399907588959,-0.015100613236427307,0.6243165731430054,0.4808475375175476,-0.00691869854927063,0.6431258916854858,0.4200367033481598,-0.02612854167819023,0.6009690761566162,0.4545200765132904,-0.03509652987122536,0.6137058138847351,0.4818331003189087,-0.029478877782821655,0.6323639154434204,0.48095422983169556,-0.023318160325288773,0.0,0.0,0.0,0.0,0.0,0.0,0.0,0.0,0.0,0.0,0.0,0.0,0.0,0.0,0.0,0.0,0.0,0.0,0.0,0.0,0.0,0.0,0.0,0.0,0.0,0.0,0.0,0.0,0.0,0.0,0.0,0.0,0.0,0.0,0.0,0.0,0.0,0.0,0.0,0.0,0.0,0.0,0.0,0.0,0.0,0.0,0.0,0.0,0.0,0.0,0.0,0.0,0.0,0.0,0.0,0.0,0.0,0.0,0.0,0.0,0.0,0.0,0.0,SHE
0.6880401372909546,0.5141306519508362,-3.141458932987007e-07,0.6271539926528931,0.506386399269104,-0.0037339963018894196,0.589281439781189,0.48637261986732483,-0.01675989478826523,0.5630527138710022,0.4665370583534241,-0.03321823850274086,0.5448983311653137,0.4431309103965759,-0.048403721302747726,0.5936764478683472,0.3783966302871704,-0.002623744774609804,0.5488417744636536,0.35870614647865295,-0.02051372639834881,0.5161680579185486,0.35375726222991943,-0.03295080363750458,0.49026352167129517,0.3516658544540405,-0.041545797139406204,0.6080393195152283,0.3672417104244232,-0.011430973187088966,0.5564634799957275,0.41151535511016846,-0.026533765718340874,0.5743871927261353,0.45675039291381836,-0.027321364730596542,0.5953791737556458,0.45631054043769836,-0.02668209932744503,0.6197070479393005,0.3740602731704712,-0.02268541045486927,0.5681015849113464,0.42929065227508545,-0.032403163611888885,0.5882063508033752,0.4644078016281128,-0.021202299743890762,0.6083090305328369,0.45999935269355774,-0.014686920680105686,0.6252020001411438,0.39199626445770264,-0.03619178757071495,0.5827300548553467,0.440973162651062,-0.04242934659123421,0.5989408493041992,0.4652318060398102,-0.035485900938510895,0.6171687841415405,0.4605324864387512,-0.029814573004841805,0.0,0.0,0.0,0.0,0.0,0.0,0.0,0.0,0.0,0.0,0.0,0.0,0.0,0.0,0.0,0.0,0.0,0.0,0.0,0.0,0.0,0.0,0.0,0.0,0.0,0.0,0.0,0.0,0.0,0.0,0.0,0.0,0.0,0.0,0.0,0.0,0.0,0.0,0.0,0.0,0.0,0.0,0.0,0.0,0.0,0.0,0.0,0.0,0.0,0.0,0.0,0.0,0.0,0.0,0.0,0.0,0.0,0.0,0.0,0.0,0.0,0.0,0.0,SHE
0.676683247089386,0.5482445955276489,-3.421346264076419e-07,0.6148232221603394,0.5321516990661621,-0.0030589925590902567,0.5798579454421997,0.5061098337173462,-0.014718582853674889,0.5552994608879089,0.4843399226665497,-0.0298849418759346,0.5385714173316956,0.45849111676216125,-0.04376073181629181,0.5963899493217468,0.3974456191062927,-0.0013157372595742345,0.5515275597572327,0.36996161937713623,-0.01972215250134468,0.5180934071540833,0.3606727719306946,-0.03401685878634453,0.4918498992919922,0.3567139208316803,-0.04389236122369766,0.6101838946342468,0.39016178250312805,-0.010503564029932022,0.5537095069885254,0.4239012598991394,-0.028377292677760124,0.5663855671882629,0.4709719121456146,-0.03252570703625679,0.5876681208610535,0.47677862644195557,-0.03363072872161865,0.6203690767288208,0.3994389772415161,-0.02195972576737404,0.5625346302986145,0.44704946875572205,-0.03398630768060684,0.5797317028045654,0.4845949113368988,-0.024849046021699905,0.600816547870636,0.48421335220336914,-0.01880072057247162,0.6243425011634827,0.41897889971733093,-0.03552642837166786,0.5778651833534241,0.4606960713863373,-0.0422552153468132,0.5918194055557251,0.4887140095233917,-0.035482291132211685,0.6104874610900879,0.4883933365345001,-0.029587049037218094,0.0,0.0,0.0,0.0,0.0,0.0,0.0,0.0,0.0,0.0,0.0,0.0,0.0,0.0,0.0,0.0,0.0,0.0,0.0,0.0,0.0,0.0,0.0,0.0,0.0,0.0,0.0,0.0,0.0,0.0,0.0,0.0,0.0,0.0,0.0,0.0,0.0,0.0,0.0,0.0,0.0,0.0,0.0,0.0,0.0,0.0,0.0,0.0,0.0,0.0,0.0,0.0,0.0,0.0,0.0,0.0,0.0,0.0,0.0,0.0,0.0,0.0,0.0,SHE
0.6754786968231201,0.5370019674301147,-3.058750621676154e-07,0.6229587197303772,0.5261222720146179,-0.013109867461025715,0.5792916417121887,0.5081905126571655,-0.02951902523636818,0.5534976124763489,0.4922613203525543,-0.04708029329776764,0.5444728136062622,0.4704579710960388,-0.06222320348024368,0.5797197818756104,0.39014214277267456,-0.014840262942016125,0.5352593660354614,0.37564775347709656,-0.03713585436344147,0.5038370490074158,0.3697246015071869,-0.05209247022867203,0.4794546961784363,0.36383530497550964,-0.06212282553315163,0.6021658182144165,0.37105584144592285,-0.018959788605570793,0.5537070035934448,0.4287079870700836,-0.033733248710632324,0.5715259313583374,0.47510355710983276,-0.033462319523096085,0.5938844084739685,0.4763995110988617,-0.03210047632455826,0.6249691247940063,0.37898215651512146,-0.026040051132440567,0.5775083899497986,0.44838854670524597,-0.037393856793642044,0.5945114493370056,0.48310428857803345,-0.02406386099755764,0.6120663285255432,0.4761008024215698,-0.01515974011272192,0.6443619132041931,0.39895308017730713,-0.036105021834373474,0.6051073670387268,0.4570418894290924,-0.045458488166332245,0.6166223287582397,0.48387834429740906,-0.03678594157099724,0.6323719620704651,0.47720402479171753,-0.02809753455221653,0.0,0.0,0.0,0.0,0.0,0.0,0.0,0.0,0.0,0.0,0.0,0.0,0.0,0.0,0.0,0.0,0.0,0.0,0.0,0.0,0.0,0.0,0.0,0.0,0.0,0.0,0.0,0.0,0.0,0.0,0.0,0.0,0.0,0.0,0.0,0.0,0.0,0.0,0.0,0.0,0.0,0.0,0.0,0.0,0.0,0.0,0.0,0.0,0.0,0.0,0.0,0.0,0.0,0.0,0.0,0.0,0.0,0.0,0.0,0.0,0.0,0.0,0.0,SHE
0.6892181038856506,0.9874749779701233,5.8581509421173905e-08,0.6879923343658447,0.9298204183578491,-0.019371677190065384,0.6763133406639099,0.8668549656867981,-0.03938380256295204,0.6809970140457153,0.8188273310661316,-0.05646870285272598,0.7050037384033203,0.7902925610542297,-0.07652515918016434,0.6459157466888428,0.9005114436149597,-0.058726318180561066,0.5848245620727539,0.8889985680580139,-0.08302459865808487,0.5459339618682861,0.879677414894104,-0.0970984473824501,0.5152497887611389,0.8697973489761353,-0.10648006200790405,0.6366679668426514,0.9406377077102661,-0.06154429167509079,0.5644875764846802,0.9259584546089172,-0.08348159492015839,0.5189382433891296,0.9159478545188904,-0.09486483782529831,0.4860183000564575,0.9062926769256592,-0.10410606116056442,0.628699779510498,0.9742588996887207,-0.06342850625514984,0.5626047849655151,0.9624292850494385,-0.08246028423309326,0.5197234153747559,0.9516749978065491,-0.09143918752670288,0.4889429211616516,0.9423577785491943,-0.09760328382253647,0.6206410527229309,1.0007208585739136,-0.06588567793369293,0.5702746510505676,0.9912986755371094,-0.07945986092090607,0.5375111699104309,0.9838106036186218,-0.08346647769212723,0.511297881603241,0.9764963388442993,-0.08645656704902649,0.0,0.0,0.0,0.0,0.0,0.0,0.0,0.0,0.0,0.0,0.0,0.0,0.0,0.0,0.0,0.0,0.0,0.0,0.0,0.0,0.0,0.0,0.0,0.0,0.0,0.0,0.0,0.0,0.0,0.0,0.0,0.0,0.0,0.0,0.0,0.0,0.0,0.0,0.0,0.0,0.0,0.0,0.0,0.0,0.0,0.0,0.0,0.0,0.0,0.0,0.0,0.0,0.0,0.0,0.0,0.0,0.0,0.0,0.0,0.0,0.0,0.0,0.0,WE
0.1554969847202301,0.8388082385063171,3.773147625452111e-07,0.1487225890159607,0.7632263898849487,-0.015668772161006927,0.1587669551372528,0.6991312503814697,-0.03439293056726456,0.16609159111976624,0.6469256281852722,-0.051282256841659546,0.1660953164100647,0.6047257781028748,-0.07003491371870041,0.2193908542394638,0.7068085074424744,-0.046755168586969376,0.277426540851593,0.6694872379302979,-0.06657107174396515,0.3143952190876007,0.6467288136482239,-0.07761330157518387,0.3432293236255646,0.6298873424530029,-0.08404015004634857,0.23823998868465424,0.7473695278167725,-0.04960796982049942,0.30166077613830566,0.7058187127113342,-0.06635905802249908,0.3427075743675232,0.6799854636192322,-0.07642906159162521,0.37560248374938965,0.6607839465141296,-0.08333160728216171,0.25069373846054077,0.7895364165306091,-0.05186008661985397,0.3101259469985962,0.7507632374763489,-0.06469330936670303,0.34943920373916626,0.7262571454048157,-0.07467064261436462,0.3795751929283142,0.706680953502655,-0.08127597719430923,0.2582228481769562,0.8297632336616516,-0.054494522511959076,0.3081669807434082,0.8040082454681396,-0.06479546427726746,0.3385138213634491,0.7845036387443542,-0.06928172707557678,0.36255744099617004,0.7654874920845032,-0.0713440403342247,0.7519214153289795,0.8517771363258362,1.455938303251969e-07,0.7456002831459045,0.773129403591156,-0.00573659036308527,0.7173235416412354,0.6953389048576355,-0.013458987697958946,0.70375657081604,0.6341651678085327,-0.019903797656297684,0.7178888320922852,0.5930418372154236,-0.028903212398290634,0.6670876741409302,0.7236037254333496,-0.03000911884009838,0.6020378470420837,0.6934182643890381,-0.041398853063583374,0.5621424913406372,0.6764952540397644,-0.049181513488292694,0.5288065075874329,0.6645427942276001,-0.055818844586610794,0.6498711705207825,0.7684913277626038,-0.03575778380036354,0.5817966461181641,0.7346334457397461,-0.04579274356365204,0.5386399030685425,0.7133232951164246,-0.054113563150167465,0.505905032157898,0.6973298192024231,-0.062267567962408066,0.6392413973808289,0.813861072063446,-0.040192458778619766,0.5749839544296265,0.7812451124191284,-0.04924960434436798,0.5358233451843262,0.7584474086761475,-0.05760740116238594,0.5056324005126953,0.742302656173706,-0.06486744433641434,0.635314404964447,0.8560585975646973,-0.04419867694377899,0.582257091999054,0.8347230553627014,-0.053228504955768585,0.5499408841133118,0.8218463659286499,-0.05791039392352104,0.523117184638977,0.807500422000885,-0.06143167242407799,WE
0.17776542901992798,0.8138986825942993,2.6404040909255855e-07,0.1744605004787445,0.7363923788070679,-0.012075799517333508,0.1922002136707306,0.6636679172515869,-0.02678026631474495,0.20328274369239807,0.6045066118240356,-0.0406435988843441,0.19651460647583008,0.5609177350997925,-0.05597010627388954,0.2526683509349823,0.6672769784927368,-0.035290539264678955,0.3114027678966522,0.6197782754898071,-0.0522407628595829,0.34856003522872925,0.5952194929122925,-0.06164059042930603,0.37597811222076416,0.5771269202232361,-0.06715378165245056,0.2716505527496338,0.7060375809669495,-0.0390448123216629,0.334500789642334,0.6537954807281494,-0.05333041772246361,0.3750738501548767,0.6216288805007935,-0.061483003199100494,0.40674513578414917,0.5959217548370361,-0.06680866330862045,0.2851784825325012,0.7484615445137024,-0.042775362730026245,0.34375640749931335,0.6974802613258362,-0.053571298718452454,0.3813391327857971,0.6666843891143799,-0.06191796064376831,0.4073587954044342,0.6408944725990295,-0.06701429188251495,0.29403620958328247,0.7919513583183289,-0.04704851657152176,0.3433088958263397,0.7536866068840027,-0.055290017277002335,0.37356045842170715,0.728009819984436,-0.059141855686903,0.39654508233070374,0.7031428813934326,-0.06073661148548126,0.7079110741615295,0.8211899399757385,4.150687260562336e-08,0.7081496715545654,0.74051833152771,-0.0020444111432880163,0.6925070285797119,0.6535137295722961,-0.008582592941820621,0.6893119812011719,0.5875059962272644,-0.014852223917841911,0.7080800533294678,0.548918604850769,-0.02392476797103882,0.6372496485710144,0.6563562154769897,-0.026684943586587906,0.5757771730422974,0.6110566854476929,-0.03961111605167389,0.5380284786224365,0.5867847204208374,-0.0491882786154747,0.5059424042701721,0.5671825408935547,-0.05681717023253441,0.6167569756507874,0.6981434226036072,-0.03479086980223656,0.5493137240409851,0.648211658000946,-0.04604155942797661,0.508005678653717,0.6187529563903809,-0.054286565631628036,0.4762876033782959,0.5948883295059204,-0.062316589057445526,0.6003999710083008,0.7420852184295654,-0.04155319556593895,0.5365855693817139,0.6938519477844238,-0.05171825364232063,0.4982988238334656,0.6635351181030273,-0.05807381123304367,0.4684283137321472,0.6405333876609802,-0.06370004266500473,0.5881079435348511,0.7858522534370422,-0.04775886982679367,0.5374041199684143,0.7440338134765625,-0.05688536912202835,0.5079585313796997,0.722216010093689,-0.05951184779405594,0.48405590653419495,0.7020735740661621,-0.06132149696350098,WE
0.6908008456230164,0.832460343837738,7.75848718603811e-08,0.692281186580658,0.7468878626823425,0.00021420886332634836,0.6774367690086365,0.6621991395950317,-0.005115646868944168,0.6774347424507141,0.5957199931144714,-0.01096643228083849,0.7011658549308777,0.5603537559509277,-0.01930231600999832,0.6199038028717041,0.6582569479942322,-0.018167423084378242,0.5575218796730042,0.6094623804092407,-0.028400568291544914,0.5201325416564941,0.5834562182426453,-0.036854345351457596,0.48860567808151245,0.5611479878425598,-0.04376104474067688,0.5958120822906494,0.6984723210334778,-0.025809625163674355,0.5285182595252991,0.6445590257644653,-0.03403064236044884,0.4888802170753479,0.6123279333114624,-0.04055420681834221,0.4592941701412201,0.5867111682891846,-0.04729102551937103,0.5768107175827026,0.7413692474365234,-0.03225261718034744,0.5169459581375122,0.6912304162979126,-0.038697678595781326,0.48284852504730225,0.6577361822128296,-0.04214626923203468,0.4574280381202698,0.6330013871192932,-0.04576638713479042,0.5636368989944458,0.7836025357246399,-0.03840078040957451,0.5186209082603455,0.7361332178115845,-0.04317149892449379,0.49405646324157715,0.7096041440963745,-0.04260148108005524,0.4753483533859253,0.6859597563743591,-0.042212001979351044,0.1872444748878479,0.8293507099151611,3.090116251769359e-07,0.17722612619400024,0.7495616674423218,-0.013865754008293152,0.18385547399520874,0.6758418083190918,-0.03106442466378212,0.1823500692844391,0.6129515171051025,-0.04675455391407013,0.16992299258708954,0.5703722238540649,-0.06398139148950577,0.25335100293159485,0.6755813360214233,-0.0415668785572052,0.3111022710800171,0.622186005115509,-0.05733596533536911,0.3472172021865845,0.5939624309539795,-0.06530606001615524,0.37386971712112427,0.5737363696098328,-0.06987719982862473,0.27681127190589905,0.7123640775680542,-0.04297471046447754,0.33863139152526855,0.653424859046936,-0.05532827600836754,0.37726885080337524,0.6187923550605774,-0.061237432062625885,0.40685009956359863,0.59212327003479,-0.06554590910673141,0.2935517728328705,0.751334547996521,-0.043839097023010254,0.35032549500465393,0.6969988942146301,-0.05163703113794327,0.3858911395072937,0.6656569242477417,-0.05832692235708237,0.4109504222869873,0.6396790146827698,-0.06309762597084045,0.30409687757492065,0.7894638180732727,-0.045345887541770935,0.35234418511390686,0.7468105554580688,-0.05140652135014534,0.3805783689022064,0.720068633556366,-0.05378638580441475,0.40132105350494385,0.6948126554489136,-0.054614339023828506,WE
0.6975575685501099,0.8108817934989929,1.1572105051982362e-07,0.6996026635169983,0.7318112254142761,-0.0005508054746314883,0.6818596124649048,0.650267481803894,-0.004824689589440823,0.6804262399673462,0.5862869024276733,-0.009133312851190567,0.7019315958023071,0.5504231452941895,-0.015328941866755486,0.617652177810669,0.6469345092773438,-0.014256068505346775,0.5522521138191223,0.6076818704605103,-0.022558022290468216,0.5130485892295837,0.5876085758209229,-0.02982451766729355,0.48057079315185547,0.5718056559562683,-0.035609498620033264,0.5937644839286804,0.6888325810432434,-0.020100926980376244,0.5237744450569153,0.6437135934829712,-0.026812884956598282,0.4837644696235657,0.618297815322876,-0.03266138583421707,0.4544515311717987,0.5982557535171509,-0.03812749683856964,0.5761289596557617,0.7323086261749268,-0.024974331259727478,0.5133686661720276,0.6909371018409729,-0.03091280721127987,0.47716715931892395,0.6621466875076294,-0.03545185178518295,0.4500880837440491,0.6414207816123962,-0.039055608212947845,0.5659223198890686,0.774215042591095,-0.029443515464663506,0.5184105038642883,0.7374293208122253,-0.03310370072722435,0.4913797378540039,0.7167962789535522,-0.03278845176100731,0.47073671221733093,0.6976723074913025,-0.03222145512700081,0.19013872742652893,0.8239272832870483,4.213440547573555e-07,0.17865607142448425,0.7469813227653503,-0.017106764018535614,0.18006695806980133,0.6779345273971558,-0.03735601156949997,0.175948828458786,0.6193118095397949,-0.05576873570680618,0.16614343225955963,0.5761759281158447,-0.07584863156080246,0.2502429485321045,0.6729428172111511,-0.04669124260544777,0.30953606963157654,0.6327123045921326,-0.06538888812065125,0.34842726588249207,0.6098665595054626,-0.07552675157785416,0.3778313398361206,0.5932353734970093,-0.08139661699533463,0.27283942699432373,0.7108837366104126,-0.04844895005226135,0.33804643154144287,0.6645699143409729,-0.06324734538793564,0.37855982780456543,0.635692298412323,-0.07144904881715775,0.4108019471168518,0.6127179265022278,-0.07722942531108856,0.28934070467948914,0.7505108118057251,-0.049753736704587936,0.3486833870410919,0.704138994216919,-0.05959257483482361,0.3859651982784271,0.6753869652748108,-0.06739990413188934,0.4137127101421356,0.6512244939804077,-0.07299583405256271,0.2999916970729828,0.7892576456069946,-0.0519057959318161,0.34836047887802124,0.75107342004776,-0.0594111904501915,0.37648487091064453,0.7259763479232788,-0.06209258362650871,0.39794662594795227,0.7015981078147888,-0.06304752826690674,WE
0.7345775365829468,0.8295527696609497,1.4351493859976472e-07,0.7402809858322144,0.7673834562301636,-0.009046184830367565,0.7274044156074524,0.6970832943916321,-0.018914561718702316,0.7268710136413574,0.642343282699585,-0.02725423127412796,0.7466474771499634,0.6080296039581299,-0.03791055455803871,0.6776043772697449,0.7102601528167725,-0.031281858682632446,0.6236478686332703,0.6817625164985657,-0.04574720188975334,0.5890263319015503,0.6644378900527954,-0.055929750204086304,0.5599501132965088,0.6513856649398804,-0.0633363202214241,0.659600019454956,0.7494409680366516,-0.03545041009783745,0.6016418933868408,0.7144403457641602,-0.047661248594522476,0.5620681047439575,0.6907013654708862,-0.05698750540614128,0.5320627689361572,0.6729558110237122,-0.06507297605276108,0.647359311580658,0.7867636680603027,-0.03887317702174187,0.5942345261573792,0.7531816363334656,-0.05004262179136276,0.5593070387840271,0.7291867136955261,-0.05770167335867882,0.5325507521629333,0.7115695476531982,-0.06331739574670792,0.6401371955871582,0.8210884928703308,-0.04226420819759369,0.5983428359031677,0.7928829789161682,-0.05143553391098976,0.5706384181976318,0.7748949527740479,-0.054708532989025116,0.5478014349937439,0.7567428350448608,-0.05678900331258774,0.16181010007858276,0.821012020111084,3.173292100200342e-07,0.15258698165416718,0.7539909482002258,-0.016813909634947777,0.15721264481544495,0.696943461894989,-0.033189818263053894,0.15993016958236694,0.6501986384391785,-0.047438524663448334,0.1582130789756775,0.6154228448867798,-0.06288297474384308,0.21649852395057678,0.7046788334846497,-0.040456436574459076,0.2671602666378021,0.6714025139808655,-0.056511566042900085,0.30037322640419006,0.6525321006774902,-0.065178282558918,0.32467448711395264,0.6395543813705444,-0.06980881839990616,0.23391783237457275,0.7408906817436218,-0.039987530559301376,0.2878113090991974,0.7011045217514038,-0.05324361100792885,0.3225390315055847,0.6754218935966492,-0.06116142123937607,0.3496650159358978,0.6564269065856934,-0.06654076278209686,0.24550214409828186,0.7745420932769775,-0.03932095691561699,0.29478317499160767,0.7368995547294617,-0.04919165000319481,0.32696667313575745,0.7119562029838562,-0.057367317378520966,0.35148972272872925,0.6917892694473267,-0.06274145841598511,0.2517845630645752,0.8034345507621765,-0.039413511753082275,0.2928515374660492,0.7778940796852112,-0.04786142706871033,0.31793832778930664,0.7590237259864807,-0.05208180472254753,0.3370508551597595,0.740501880645752,-0.05392179265618324,WE
0.7188223600387573,0.8386541604995728,8.406139784256084e-08,0.7259703278541565,0.7746498584747314,-0.0039708600379526615,0.7154793739318848,0.702364444732666,-0.011275244876742363,0.7103893160820007,0.6471551656723022,-0.017399253323674202,0.7279014587402344,0.6131933927536011,-0.025800885632634163,0.6651665568351746,0.7076232433319092,-0.029036883264780045,0.6098042726516724,0.6731626987457275,-0.04115638509392738,0.5759363174438477,0.6532374024391174,-0.04916365444660187,0.5485066175460815,0.638193666934967,-0.055019449442625046,0.6461387872695923,0.7453497052192688,-0.03415127843618393,0.5874215364456177,0.7051739692687988,-0.044211193919181824,0.5510205626487732,0.6801389455795288,-0.05010007694363594,0.525133490562439,0.6620339751243591,-0.055649131536483765,0.6319131255149841,0.7828510999679565,-0.0379326231777668,0.5781998038291931,0.7428932189941406,-0.04642459377646446,0.5453764200210571,0.7182823419570923,-0.0508696548640728,0.5214910507202148,0.7015329003334045,-0.05449327826499939,0.6225119829177856,0.8185971975326538,-0.04125288128852844,0.5799804329872131,0.7847750186920166,-0.04802437126636505,0.5553151369094849,0.7652652263641357,-0.04953139275312424,0.5362434983253479,0.7468183636665344,-0.05027587711811066,0.1652638018131256,0.8423170447349548,2.945278936294926e-07,0.15233784914016724,0.7758276462554932,-0.015104779973626137,0.15664835274219513,0.7170395851135254,-0.03032517619431019,0.1603011190891266,0.669180691242218,-0.043673619627952576,0.15797275304794312,0.6337156295776367,-0.0581270270049572,0.21595753729343414,0.7159488201141357,-0.03836294636130333,0.26547014713287354,0.6757282018661499,-0.05384662747383118,0.2979434132575989,0.652385413646698,-0.061906374990940094,0.32177117466926575,0.6351288557052612,-0.06622561067342758,0.23564355075359344,0.7499505281448364,-0.038826387375593185,0.2870482802391052,0.7039147019386292,-0.05225713923573494,0.3206707239151001,0.6730613112449646,-0.06021241471171379,0.3468668758869171,0.6486425399780273,-0.06554063409566879,0.24949702620506287,0.7831338047981262,-0.03902498632669449,0.2964569628238678,0.7392014265060425,-0.04922459274530411,0.32724690437316895,0.7100397944450378,-0.0577072836458683,0.3494475185871124,0.6855095028877258,-0.06311929225921631,0.25824180245399475,0.8131235837936401,-0.03983229026198387,0.2982606887817383,0.7822838425636292,-0.04809726029634476,0.32259970903396606,0.7603808641433716,-0.0526791587471962,0.3404175043106079,0.7386576533317566,-0.05485372617840767,WE
0.709662675857544,0.8495048880577087,8.007619101135788e-08,0.7194843888282776,0.7853216528892517,-0.00705536175519228,0.708522617816925,0.7100754976272583,-0.015321641229093075,0.7062541842460632,0.6538487076759338,-0.02230464480817318,0.7272412776947021,0.6206762194633484,-0.03144380822777748,0.6580551266670227,0.712100088596344,-0.029239485040307045,0.6029981970787048,0.6773505210876465,-0.043016064912080765,0.5689350366592407,0.6559749245643616,-0.05253053456544876,0.5408604145050049,0.6392413377761841,-0.05945165455341339,0.6389979124069214,0.7507252097129822,-0.0336141400039196,0.5797798037528992,0.7086715698242188,-0.04591061547398567,0.5436657667160034,0.6812968850135803,-0.05338834971189499,0.5170558094978333,0.6605948209762573,-0.05976133793592453,0.6244344115257263,0.7886692881584167,-0.03719625994563103,0.5701424479484558,0.7455474734306335,-0.04812510311603546,0.5375576019287109,0.7180574536323547,-0.05311164632439613,0.5131007432937622,0.6986346244812012,-0.0564267560839653,0.6141972541809082,0.8241004347801208,-0.04064181447029114,0.571295976638794,0.7863276600837708,-0.04894039407372475,0.5459405183792114,0.764451265335083,-0.050586797297000885,0.5264379978179932,0.7444962859153748,-0.051105909049510956,0.16651147603988647,0.8489809632301331,2.764166708857374e-07,0.15416648983955383,0.782343864440918,-0.013709936290979385,0.15837785601615906,0.7216551303863525,-0.02752348966896534,0.16054843366146088,0.6725437045097351,-0.039627157151699066,0.15641961991786957,0.6372600793838501,-0.05278676003217697,0.21324634552001953,0.7236422896385193,-0.036288775503635406,0.2627107799053192,0.6848365068435669,-0.050643716007471085,0.2946476340293884,0.6620953679084778,-0.05773839354515076,0.31798043847084045,0.6448909044265747,-0.06149936467409134,0.23355472087860107,0.7573198676109314,-0.03717835247516632,0.2857415974140167,0.7105491161346436,-0.049654457718133926,0.31866025924682617,0.6796985268592834,-0.0565020889043808,0.3439391255378723,0.6545807123184204,-0.061047300696372986,0.24845395982265472,0.7892004251480103,-0.03774970397353172,0.29567083716392517,0.7439152002334595,-0.04735986888408661,0.3261430859565735,0.7140161991119385,-0.05492088571190834,0.34840255975723267,0.6877882480621338,-0.059618521481752396,0.25823482871055603,0.8172876834869385,-0.03885630518198013,0.2981577515602112,0.7839480638504028,-0.04668356105685234,0.32136738300323486,0.7602519392967224,-0.05041824281215668,0.33793115615844727,0.7362667322158813,-0.051967915147542953,WE
0.7398146390914917,0.8049125671386719,1.8781661026423535e-07,0.7244572043418884,0.7370399236679077,-0.0026770406402647495,0.6954930424690247,0.6739405393600464,-0.008356919512152672,0.6882379651069641,0.6212009191513062,-0.01444899383932352,0.7046352624893188,0.5870053768157959,-0.022202594205737114,0.6389234066009521,0.7013338804244995,-0.014860897324979305,0.5803787708282471,0.686042070388794,-0.024129625409841537,0.5439779162406921,0.6774742007255554,-0.03196799382567406,0.5134952664375305,0.6716471910476685,-0.03853495046496391,0.6257849931716919,0.743887722492218,-0.021524963900446892,0.5619964599609375,0.7233812808990479,-0.03044305555522442,0.5219210386276245,0.7083891034126282,-0.03783257305622101,0.4911816120147705,0.6960061192512512,-0.04416428133845329,0.6186772584915161,0.7842354774475098,-0.02772098407149315,0.5596840381622314,0.7622123956680298,-0.03525978699326515,0.5237864255905151,0.744848906993866,-0.04107192903757095,0.49671679735183716,0.7324087619781494,-0.04522073641419411,0.6178082227706909,0.8202465176582336,-0.03403686732053757,0.5702121257781982,0.7981866598129272,-0.04088912159204483,0.541519284248352,0.7831634879112244,-0.04363991320133209,0.5189327001571655,0.7693333029747009,-0.045025646686553955,0.16089749336242676,0.8189411759376526,3.569912223611027e-07,0.16027244925498962,0.7494684457778931,-0.022519724443554878,0.17040930688381195,0.6885883808135986,-0.042006466537714005,0.17176789045333862,0.6360623836517334,-0.05818299204111099,0.16595110297203064,0.598356306552887,-0.07583406567573547,0.2355940341949463,0.7098336815834045,-0.048574406653642654,0.2908192574977875,0.6826246976852417,-0.06361820548772812,0.3262074887752533,0.6681913733482361,-0.07144097238779068,0.3526090681552887,0.6574220061302185,-0.07626432180404663,0.25048625469207764,0.7489450573921204,-0.04413826763629913,0.31052660942077637,0.714586615562439,-0.057070352137088776,0.3484081029891968,0.6937234997749329,-0.06457110494375229,0.37750008702278137,0.6766181588172913,-0.07017280906438828,0.259076327085495,0.7842647433280945,-0.03918413072824478,0.31340333819389343,0.7497763633728027,-0.04718049243092537,0.34806740283966064,0.7294088006019592,-0.05492734536528587,0.3752775192260742,0.7112258076667786,-0.060886844992637634,0.2624567449092865,0.8132609724998474,-0.035500746220350266,0.3073442280292511,0.7892874479293823,-0.042808886617422104,0.3345927894115448,0.7718163728713989,-0.04662588611245155,0.35585811734199524,0.7538335919380188,-0.04867415875196457,WE
0.726655125617981,0.8318551182746887,1.931489492790206e-07,0.718207836151123,0.7627971768379211,-0.004790578968822956,0.695768415927887,0.6980345249176025,-0.012333190999925137,0.692969024181366,0.6439904570579529,-0.019885988906025887,0.7116896510124207,0.6119197010993958,-0.02938106097280979,0.6393001079559326,0.7185297608375549,-0.02098553068935871,0.583311140537262,0.6966385841369629,-0.03223610296845436,0.5490784645080566,0.6837146878242493,-0.04092497378587723,0.5205644369125366,0.6735702157020569,-0.047915685921907425,0.6241867542266846,0.7606919407844543,-0.026928694918751717,0.5634110569953918,0.7309284806251526,-0.03737449645996094,0.5260488986968994,0.7106332778930664,-0.04494762793183327,0.4977567791938782,0.6939038634300232,-0.05153319239616394,0.615447998046875,0.8011013865470886,-0.03229755908250809,0.5600278377532959,0.7696812152862549,-0.04109540581703186,0.5263108611106873,0.7471946477890015,-0.0470091886818409,0.5011981725692749,0.7309914231300354,-0.0514039471745491,0.6126694679260254,0.8371154069900513,-0.03783126547932625,0.5702701807022095,0.8086099624633789,-0.04538729786872864,0.5444912910461426,0.7903406023979187,-0.048196397721767426,0.5244391560554504,0.7743960022926331,-0.04983896762132645,0.1724410057067871,0.8478513956069946,2.8842001142947993e-07,0.1681976318359375,0.7748375535011292,-0.021417919546365738,0.1756288707256317,0.7140101790428162,-0.04011046513915062,0.1766355335712433,0.6625956296920776,-0.05609257146716118,0.17025960981845856,0.6258907318115234,-0.07348382472991943,0.24233651161193848,0.730593740940094,-0.043580397963523865,0.293946772813797,0.6938720941543579,-0.057881660759449005,0.3274533748626709,0.6739422082901001,-0.06572020798921585,0.3517357110977173,0.659786581993103,-0.07080041617155075,0.2595469653606415,0.7677415609359741,-0.04008921980857849,0.31518328189849854,0.7226863503456116,-0.05139898508787155,0.3509211242198944,0.695541262626648,-0.05876307934522629,0.3773444890975952,0.6742770671844482,-0.06489284336566925,0.27016299962997437,0.801301896572113,-0.03653087839484215,0.3205963969230652,0.7576123476028442,-0.04392142593860626,0.35229992866516113,0.7323894500732422,-0.052551936358213425,0.3769799470901489,0.7113856077194214,-0.05963895469903946,0.2754920721054077,0.8297332525253296,-0.03437325358390808,0.3166119456291199,0.8007567524909973,-0.041588932275772095,0.3416580855846405,0.7810349464416504,-0.046327102929353714,0.36138787865638733,0.7614986300468445,-0.0495959036052227,WE
0.17341387271881104,0.8597608208656311,2.3901802137515915e-07,0.17139874398708344,0.7885079979896545,-0.019338322803378105,0.18204118311405182,0.7256913185119629,-0.03634842112660408,0.18565160036087036,0.6739668846130371,-0.05081592872738838,0.18129725754261017,0.6365864872932434,-0.06655464321374893,0.2425709366798401,0.7443265914916992,-0.042615797370672226,0.29402413964271545,0.7097136974334717,-0.05711862072348595,0.32730600237846375,0.6916556358337402,-0.06430550664663315,0.351360559463501,0.6785615086555481,-0.06876907497644424,0.2601209580898285,0.7843174338340759,-0.040473341941833496,0.3154121935367584,0.742179274559021,-0.05245824158191681,0.34961241483688354,0.7164670825004578,-0.05950440838932991,0.37478411197662354,0.6963165998458862,-0.06508777290582657,0.2717864215373993,0.8200101256370544,-0.03812556713819504,0.3230772912502289,0.7793486714363098,-0.046608440577983856,0.35381239652633667,0.7545693516731262,-0.05459296330809593,0.37710097432136536,0.7335626482963562,-0.06066450849175453,0.27841249108314514,0.8506131172180176,-0.03687749430537224,0.3215175271034241,0.8216232657432556,-0.0449911430478096,0.34661033749580383,0.8010989427566528,-0.04934277758002281,0.3652915954589844,0.7805366516113281,-0.05182867497205734,0.7198821306228638,0.8488195538520813,1.758168934884452e-07,0.7167378664016724,0.7791924476623535,-0.00664031645283103,0.6998518109321594,0.7103732824325562,-0.014665900729596615,0.6994975805282593,0.6576103568077087,-0.022254055365920067,0.720738410949707,0.6242818236351013,-0.03170892223715782,0.6427081823348999,0.7302494049072266,-0.02205296978354454,0.588249683380127,0.7057930827140808,-0.03273019567131996,0.5538052320480347,0.6927298903465271,-0.041405610740184784,0.5246837139129639,0.6828674674034119,-0.048754483461380005,0.6255796551704407,0.7700098156929016,-0.027292465791106224,0.5696429014205933,0.7396146655082703,-0.03650461882352829,0.5325179100036621,0.7201036810874939,-0.044562190771102905,0.5042113661766052,0.7049607634544373,-0.05219419300556183,0.6158827543258667,0.8088973760604858,-0.032098062336444855,0.5646116137504578,0.7791638374328613,-0.039744164794683456,0.5312721133232117,0.758380115032196,-0.04663470759987831,0.5057979822158813,0.7436211705207825,-0.05251951143145561,0.6122945547103882,0.8447978496551514,-0.03728581592440605,0.57207190990448,0.8210969567298889,-0.044939786195755005,0.5455288290977478,0.8048899173736572,-0.04908298701047897,0.5239161849021912,0.7897443175315857,-0.052078183740377426,WE
0.7056338787078857,0.8517687320709229,9.25507634974565e-08,0.6892716288566589,0.7869983315467834,0.0008625914342701435,0.6583329439163208,0.7261871695518494,-0.005515328608453274,0.6489715576171875,0.6780675649642944,-0.012447334825992584,0.6662732362747192,0.6478317379951477,-0.022290410473942757,0.6281550526618958,0.7416254281997681,-0.02700214274227619,0.5696213841438293,0.7216254472732544,-0.039856892079114914,0.5330889225006104,0.7110555171966553,-0.047947414219379425,0.5031877160072327,0.7034317255020142,-0.05438097193837166,0.6147603988647461,0.7802699208259583,-0.03601153567433357,0.5496331453323364,0.753523588180542,-0.04771818220615387,0.5078358054161072,0.7368656992912292,-0.05512762442231178,0.47720956802368164,0.7235257029533386,-0.06198853626847267,0.6054559350013733,0.8200129270553589,-0.04326196387410164,0.5460329055786133,0.7916967868804932,-0.052365489304065704,0.5083409547805786,0.7737136483192444,-0.05854949355125427,0.48042815923690796,0.7595105171203613,-0.06405508518218994,0.6006369590759277,0.8584478497505188,-0.0498158223927021,0.5553618669509888,0.8340932130813599,-0.05831073597073555,0.527495265007019,0.8183756470680237,-0.0621652714908123,0.5051782131195068,0.8026899099349976,-0.06516524404287338,0.1937626451253891,0.8586655855178833,2.1795364091303782e-07,0.19850483536720276,0.7958740592002869,-0.008501090109348297,0.2235744446516037,0.7378007173538208,-0.018434716388583183,0.23929984867572784,0.693981409072876,-0.02676517143845558,0.23417305946350098,0.6572988033294678,-0.036673154681921005,0.25480765104293823,0.7467504143714905,-0.03623899072408676,0.311587393283844,0.7144932746887207,-0.05012403428554535,0.3471786379814148,0.6957731246948242,-0.0555114671587944,0.3735414445400238,0.6828113794326782,-0.05811348557472229,0.269795298576355,0.785938560962677,-0.03902391344308853,0.33203813433647156,0.7459183931350708,-0.05202866718173027,0.3709956109523773,0.7190898060798645,-0.05728527531027794,0.39959388971328735,0.6986084580421448,-0.06021317094564438,0.2813360095024109,0.8219230771064758,-0.040709033608436584,0.34020107984542847,0.7824267745018005,-0.05077211186289787,0.3768180012702942,0.7566760182380676,-0.05743342265486717,0.40271633863449097,0.7349964380264282,-0.06096300110220909,0.28908708691596985,0.8539454340934753,-0.04221360385417938,0.33580929040908813,0.8255568146705627,-0.04960143566131592,0.3640507757663727,0.8056961894035339,-0.05253039300441742,0.3847510814666748,0.7858314514160156,-0.05349870026111603,WE
0.7040831446647644,0.8596954941749573,1.2372044011499383e-07,0.6947320699691772,0.7933909893035889,-0.0008211354725062847,0.6668205261230469,0.7392024397850037,-0.008206074126064777,0.6541001200675964,0.6926738023757935,-0.016044311225414276,0.6695245504379272,0.6659594178199768,-0.02610512636601925,0.6259750127792358,0.7459388375282288,-0.02334834635257721,0.5655050277709961,0.7220825552940369,-0.034912385046482086,0.5289235711097717,0.7095633149147034,-0.04294828698039055,0.49833086133003235,0.7013180255889893,-0.04921050742268562,0.6092802882194519,0.7854850888252258,-0.030852248892188072,0.5446435213088989,0.7526129484176636,-0.040682271122932434,0.5046585202217102,0.7335534691810608,-0.04715631157159805,0.47567713260650635,0.7194015383720398,-0.053216274827718735,0.5980257391929626,0.8248450756072998,-0.036939531564712524,0.5405551195144653,0.7904174327850342,-0.04355468228459358,0.5051986575126648,0.7691044211387634,-0.04833293706178665,0.47947463393211365,0.7533841133117676,-0.05297602713108063,0.592772364616394,0.8609613180160522,-0.042736660689115524,0.5493692755699158,0.8299028873443604,-0.04837236925959587,0.5226995944976807,0.8116477131843567,-0.050327118486166,0.501561164855957,0.7954098582267761,-0.05203266069293022,0.19523882865905762,0.8817356824874878,6.953040809776212e-08,0.19075986742973328,0.8132686018943787,-0.00862373411655426,0.2159797102212906,0.7655369639396667,-0.01354217529296875,0.25130727887153625,0.7435196042060852,-0.01575111225247383,0.27549904584884644,0.7312552332878113,-0.01775159314274788,0.25625577569007874,0.7564316987991333,-0.027643632143735886,0.3115999400615692,0.7161740064620972,-0.03910549730062485,0.3444671034812927,0.69486403465271,-0.0416511707007885,0.36882612109184265,0.6796129941940308,-0.0417458601295948,0.27460983395576477,0.7914553880691528,-0.02719072997570038,0.3321225047111511,0.7440037131309509,-0.03992633521556854,0.3667454421520233,0.7155418395996094,-0.04236913472414017,0.39374658465385437,0.6946535706520081,-0.042073749005794525,0.28737539052963257,0.8237064480781555,-0.026507068425416946,0.34028905630111694,0.7763447761535645,-0.037674274295568466,0.3733307421207428,0.7480087280273438,-0.04213438183069229,0.398803174495697,0.7246810793876648,-0.042647331953048706,0.2947501838207245,0.8533646464347839,-0.025662871077656746,0.3373170793056488,0.8178195953369141,-0.03202744945883751,0.36234933137893677,0.7958872318267822,-0.033759478479623795,0.38227009773254395,0.7759256958961487,-0.033244580030441284,WE
0.6968530416488647,0.8227209448814392,1.3498745943252288e-07,0.6891605257987976,0.7607808709144592,-0.0015553680714219809,0.6645463109016418,0.7034493088722229,-0.007490544114261866,0.6534366011619568,0.6559491157531738,-0.013713935390114784,0.6700140833854675,0.6280456781387329,-0.021719368174672127,0.6223435997962952,0.7114711999893188,-0.019679022952914238,0.5663033723831177,0.6875011324882507,-0.030027510598301888,0.5321648716926575,0.6723286509513855,-0.03699261322617531,0.5046697854995728,0.6607962846755981,-0.0424397774040699,0.6076287031173706,0.748850405216217,-0.02624279260635376,0.5460143685340881,0.7167870998382568,-0.03621739149093628,0.5082130432128906,0.6968785524368286,-0.04249683395028114,0.4811975359916687,0.6814645528793335,-0.04759826883673668,0.59737229347229,0.7860169410705566,-0.031694479286670685,0.5421547889709473,0.7532694935798645,-0.0392005518078804,0.5090409517288208,0.7317521572113037,-0.043741293251514435,0.48561742901802063,0.7154844999313354,-0.04719361662864685,0.5918707251548767,0.82073974609375,-0.03693284094333649,0.5510860681533813,0.7921294569969177,-0.042792316526174545,0.5264121294021606,0.7741148471832275,-0.04465721175074577,0.5070735216140747,0.7574853301048279,-0.045733653008937836,0.1963389813899994,0.8359671235084534,1.9606345347256138e-07,0.18978723883628845,0.7692949175834656,-0.010508361272513866,0.20818868279457092,0.7132552266120911,-0.01964896358549595,0.22631292045116425,0.6701222658157349,-0.026765678077936172,0.22346453368663788,0.6378589868545532,-0.034766048192977905,0.26158687472343445,0.7177175879478455,-0.029338061809539795,0.31907832622528076,0.6834657192230225,-0.04008793085813522,0.3525298833847046,0.665739119052887,-0.043879322707653046,0.37661224603652954,0.652721643447876,-0.04543406516313553,0.27720826864242554,0.7533466219902039,-0.029310697689652443,0.3375040590763092,0.7119966149330139,-0.039236780256032944,0.37237876653671265,0.6870605945587158,-0.042895037680864334,0.3985033929347992,0.6685554385185242,-0.04447396099567413,0.2879243493080139,0.7857328057289124,-0.02897195890545845,0.34415146708488464,0.7444807291030884,-0.036782581359148026,0.37712544202804565,0.7194650769233704,-0.04228540137410164,0.40111613273620605,0.6986052989959717,-0.04491753131151199,0.2940356135368347,0.8146203756332397,-0.02887566387653351,0.33841875195503235,0.7841914296150208,-0.03414587676525116,0.3637288510799408,0.7659475207328796,-0.03666308894753456,0.3833117187023163,0.7477296590805054,-0.0373559333384037,WE
0.7140451669692993,0.8589341640472412,1.0861912613790992e-07,0.7055231332778931,0.7894412875175476,-0.0017704751808196306,0.6781332492828369,0.7228221893310547,-0.010027929209172726,0.6643360257148743,0.6670513153076172,-0.018508827313780785,0.6842437386512756,0.6309658885002136,-0.029613468796014786,0.6309587955474854,0.732989490032196,-0.02629009075462818,0.5686163306236267,0.708314061164856,-0.039297811686992645,0.5303643345832825,0.6939694881439209,-0.04835442453622818,0.4986400008201599,0.6830823421478271,-0.055712953209877014,0.6142158508300781,0.7746149897575378,-0.03458169102668762,0.5458971261978149,0.7415820956230164,-0.04648401960730553,0.503361165523529,0.7210671901702881,-0.05415423959493637,0.4722456932067871,0.7047379016876221,-0.06116563826799393,0.6034781336784363,0.8167555928230286,-0.04140106216073036,0.5416135191917419,0.7811096906661987,-0.0503179207444191,0.503881573677063,0.7584962248802185,-0.055219732224941254,0.4762957692146301,0.7409343719482422,-0.059632495045661926,0.5986611247062683,0.8572102785110474,-0.04787808656692505,0.5504417419433594,0.8255525827407837,-0.05496318265795708,0.5226854681968689,0.8055503964424133,-0.05684145912528038,0.5009655356407166,0.7860278487205505,-0.058296963572502136,0.1620577573776245,0.8791494965553284,3.019734151621378e-07,0.1524021029472351,0.8046121597290039,-0.016601843759417534,0.16970565915107727,0.7409389615058899,-0.030125487595796585,0.18691235780715942,0.6911168098449707,-0.0410340316593647,0.1858079731464386,0.6497014760971069,-0.053024519234895706,0.23387029767036438,0.7434715628623962,-0.03745018318295479,0.29423314332962036,0.7058923244476318,-0.05171767249703407,0.33232301473617554,0.6850762963294983,-0.05893572419881821,0.36111319065093994,0.6705752611160278,-0.06289003044366837,0.251979261636734,0.7855643033981323,-0.03670943155884743,0.3160375952720642,0.7409558296203613,-0.04853012412786484,0.35562247037887573,0.7123616933822632,-0.05485501512885094,0.3862884044647217,0.6911193132400513,-0.05890257656574249,0.26403653621673584,0.8234853148460388,-0.03590795025229454,0.3233726918697357,0.7807924747467041,-0.04508502408862114,0.3602561354637146,0.7522642612457275,-0.052427854388952255,0.3877785801887512,0.7283315062522888,-0.056741565465927124,0.27085378766059875,0.8560318946838379,-0.035927992314100266,0.31872645020484924,0.823404848575592,-0.043042298406362534,0.34724950790405273,0.8013918399810791,-0.04642505571246147,0.36884912848472595,0.7787879109382629,-0.0476502887904644,WE
0.6912257671356201,0.8221192359924316,1.0808675909856902e-07,0.684085488319397,0.7596059441566467,-0.002448317827656865,0.6645770072937012,0.6945679783821106,-0.009900406934320927,0.6594340205192566,0.6441465616226196,-0.017141953110694885,0.6770310401916504,0.614588737487793,-0.02658018097281456,0.6202623248100281,0.7081009745597839,-0.02324763871729374,0.5628665685653687,0.6903885006904602,-0.03343481197953224,0.5298118591308594,0.6812849044799805,-0.04042400047183037,0.5041807293891907,0.6738305687904358,-0.04564165323972702,0.60682612657547,0.7502241134643555,-0.029482584446668625,0.5447672605514526,0.7234941124916077,-0.038391754031181335,0.5093721747398376,0.7089967727661133,-0.04336438700556755,0.48531031608581543,0.697879433631897,-0.04763205721974373,0.5980111956596375,0.7897524833679199,-0.03445681184530258,0.5419433116912842,0.7587692141532898,-0.04135339334607124,0.5097562670707703,0.7409604787826538,-0.043477389961481094,0.4877508282661438,0.7289023399353027,-0.04498916119337082,0.5933896899223328,0.8258486390113831,-0.039230190217494965,0.5492568612098694,0.7948092222213745,-0.04406588897109032,0.5248130559921265,0.7791388034820557,-0.04286409169435501,0.5064904689788818,0.7658889889717102,-0.04132116585969925,0.20257557928562164,0.8417442440986633,2.0243871290404059e-07,0.19617414474487305,0.7734242677688599,-0.01048925518989563,0.20956435799598694,0.7189040780067444,-0.021745530888438225,0.22247257828712463,0.6743168234825134,-0.031595997512340546,0.21956251561641693,0.6394091844558716,-0.04225907474756241,0.2755991816520691,0.7277354001998901,-0.027411382645368576,0.32971620559692383,0.6944231986999512,-0.036804549396038055,0.3614088296890259,0.6775853633880615,-0.04084635525941849,0.3844759464263916,0.6653314828872681,-0.04292409121990204,0.29163792729377747,0.7664198875427246,-0.027058256790041924,0.3481030762195587,0.7249497175216675,-0.03516949340701103,0.3801189959049225,0.7008951902389526,-0.03868585824966431,0.4046933650970459,0.6829876899719238,-0.04069983959197998,0.3012281060218811,0.8008247017860413,-0.026261422783136368,0.3537192940711975,0.7605302333831787,-0.031710755079984665,0.3850281238555908,0.7353623509407043,-0.035962220281362534,0.4071120321750641,0.7138599753379822,-0.03825335577130318,0.30561205744743347,0.8307205438613892,-0.025851232931017876,0.3482036292552948,0.8007700443267822,-0.028618061915040016,0.3724094033241272,0.7816036939620972,-0.02908613719046116,0.3903932571411133,0.7622722387313843,-0.02842867374420166,WE
0.7065263986587524,0.8161498308181763,1.2301231322453532e-07,0.6987029910087585,0.7507190704345703,-0.0041351765394210815,0.6775704026222229,0.6852290034294128,-0.011668304912745953,0.6705884337425232,0.6319952607154846,-0.019328484311699867,0.6891524791717529,0.5980167388916016,-0.02888769656419754,0.6284241080284119,0.7008399367332458,-0.020472124218940735,0.5743444561958313,0.6794639825820923,-0.03090537153184414,0.5408415794372559,0.667251467704773,-0.03907489404082298,0.512670636177063,0.6578887701034546,-0.04590262100100517,0.6126378774642944,0.7388789057731628,-0.026705017313361168,0.5532859563827515,0.7112510800361633,-0.035925790667533875,0.5163804292678833,0.693345844745636,-0.04363749921321869,0.4887819290161133,0.6782121658325195,-0.050859689712524414,0.6029669642448425,0.7760576009750366,-0.032159432768821716,0.5493313670158386,0.7472630739212036,-0.039458055049180984,0.5155761241912842,0.7278380990028381,-0.045496806502342224,0.49037885665893555,0.7132616639137268,-0.0508030541241169,0.5989647507667542,0.8106071949005127,-0.03771718591451645,0.5582869648933411,0.7852416634559631,-0.043660763651132584,0.5333987474441528,0.7690190076828003,-0.046262484043836594,0.5135223865509033,0.7533338069915771,-0.04842048138380051,0.20679564774036407,0.8368886709213257,2.5202288611581025e-07,0.2049623727798462,0.7649917006492615,-0.015307898633182049,0.21878346800804138,0.7047576904296875,-0.02927166223526001,0.22940760850906372,0.6542100310325623,-0.0418180450797081,0.22840949892997742,0.6159064769744873,-0.05517903342843056,0.27866339683532715,0.7188405394554138,-0.02987026609480381,0.3283085227012634,0.688296914100647,-0.043164078146219254,0.3607315123081207,0.6729779243469238,-0.05197872966527939,0.3855094611644745,0.6625300049781799,-0.05764751881361008,0.2952091097831726,0.7544186115264893,-0.02999052405357361,0.3481902480125427,0.7201540470123291,-0.03903817757964134,0.3828586935997009,0.6981452703475952,-0.04620194435119629,0.41038423776626587,0.6814244985580444,-0.051955413073301315,0.30518367886543274,0.7888345718383789,-0.030547207221388817,0.3546404540538788,0.7561891674995422,-0.03700779750943184,0.3869018852710724,0.7348054647445679,-0.04476321488618851,0.4106181561946869,0.7157308459281921,-0.0505518913269043,0.30992794036865234,0.8207883238792419,-0.03221619874238968,0.3499161899089813,0.7982429265975952,-0.03761056438088417,0.3745228052139282,0.7809864282608032,-0.04100451618432999,0.39296555519104004,0.761964738368988,-0.04288531094789505,WE
0.7449983358383179,0.8169535398483276,1.5575523093502852e-07,0.7330703735351562,0.7468676567077637,-0.005873527843505144,0.7024475932121277,0.6841477751731873,-0.01238618791103363,0.689099907875061,0.6343613862991333,-0.018763471394777298,0.7056191563606262,0.6021517515182495,-0.026965387165546417,0.6463732719421387,0.7168401479721069,-0.017282720655202866,0.5873818397521973,0.7068338394165039,-0.027304254472255707,0.5506889224052429,0.7014002799987793,-0.03582350164651871,0.5200062990188599,0.6985911130905151,-0.042898401618003845,0.633884847164154,0.7593379020690918,-0.021984782069921494,0.5706493258476257,0.7450377941131592,-0.03084973618388176,0.53047776222229,0.7352612614631653,-0.03873448446393013,0.5003253221511841,0.7267178297042847,-0.045810285955667496,0.6276591420173645,0.7993624210357666,-0.026406874880194664,0.5695112347602844,0.7823928594589233,-0.03396991267800331,0.5334383249282837,0.7691482901573181,-0.04049758240580559,0.5066129565238953,0.7596726417541504,-0.04561274126172066,0.6269394755363464,0.8349877595901489,-0.031139442697167397,0.5821643471717834,0.8178074955940247,-0.03758690133690834,0.5544503927230835,0.8058395981788635,-0.04075143113732338,0.531968355178833,0.7936816811561584,-0.04294990748167038,0.19005951285362244,0.8313695192337036,3.071070580062951e-07,0.18821625411510468,0.7625845074653625,-0.014645346440374851,0.19972297549247742,0.7057246565818787,-0.0295256357640028,0.20628078281879425,0.6572189331054688,-0.042722415179014206,0.20518776774406433,0.6202040314674377,-0.05720824375748634,0.26016634702682495,0.7219572067260742,-0.03566080704331398,0.31423142552375793,0.6975917220115662,-0.04929284751415253,0.34837663173675537,0.6844825148582458,-0.056558430194854736,0.37299656867980957,0.6750613451004028,-0.060548294335603714,0.2735656499862671,0.7590084075927734,-0.0358879491686821,0.33143603801727295,0.7296587824821472,-0.046407073736190796,0.36783576011657715,0.7115010619163513,-0.05311708524823189,0.3958510756492615,0.6982831954956055,-0.05792098119854927,0.28119194507598877,0.7944867610931396,-0.0358537919819355,0.33318936824798584,0.7658422589302063,-0.043014269322156906,0.36629238724708557,0.7486726641654968,-0.05026524141430855,0.39139246940612793,0.7339714169502258,-0.05541284754872322,0.28351694345474243,0.8260219693183899,-0.036546092480421066,0.3264116048812866,0.8075051307678223,-0.04271833598613739,0.35207313299179077,0.7929627895355225,-0.04567575082182884,0.37126052379608154,0.7769487500190735,-0.04687770828604698,WE
0.7249075174331665,0.8030691146850586,1.5257403163104755e-07,0.7170464992523193,0.7361899018287659,-0.003927499987185001,0.6906195878982544,0.6714415550231934,-0.009331169538199902,0.6801502108573914,0.6204172372817993,-0.014695722609758377,0.6931763887405396,0.5884309411048889,-0.0220811665058136,0.641605794429779,0.6927564740180969,-0.019653866067528725,0.5854930281639099,0.6733594536781311,-0.030095485970377922,0.5504817366600037,0.6617369055747986,-0.03791347146034241,0.5218769907951355,0.6531938314437866,-0.0442400760948658,0.6283142566680908,0.732186496257782,-0.025490237399935722,0.5678293704986572,0.7071533203125,-0.035176463425159454,0.5293432474136353,0.6904745101928711,-0.042506393045186996,0.5010835528373718,0.6769934296607971,-0.0489007905125618,0.6202747821807861,0.7718179225921631,-0.0307817030698061,0.5646171569824219,0.745383620262146,-0.03905375674366951,0.5301350951194763,0.7265948057174683,-0.04532662779092789,0.5048950910568237,0.7130500674247742,-0.05020638555288315,0.6168622970581055,0.8092080354690552,-0.036091625690460205,0.5745518207550049,0.7853910326957703,-0.04349629208445549,0.5484023094177246,0.7695675492286682,-0.04711763560771942,0.5275856256484985,0.75444495677948,-0.04957151412963867,0.1905452162027359,0.8093500733375549,2.6587420620671764e-07,0.19020380079746246,0.7422763109207153,-0.012959415093064308,0.2024250030517578,0.6848145127296448,-0.02801864966750145,0.20954519510269165,0.63813716173172,-0.04225580766797066,0.20820918679237366,0.6021422743797302,-0.057928577065467834,0.2620924115180969,0.6988486051559448,-0.033417414873838425,0.31374260783195496,0.6689966320991516,-0.04819059744477272,0.34663155674934387,0.6534318327903748,-0.05712352693080902,0.37142428755760193,0.6422756910324097,-0.06269868463277817,0.2749127745628357,0.7346967458724976,-0.03526431694626808,0.3292967677116394,0.7015688419342041,-0.046705201268196106,0.36418479681015015,0.6806338429450989,-0.05471117049455643,0.39166855812072754,0.6647641062736511,-0.060846421867609024,0.28125327825546265,0.7704321146011353,-0.0369727723300457,0.33107614517211914,0.7387216687202454,-0.04483232647180557,0.3634456694126129,0.7193182706832886,-0.05265374481678009,0.3875516653060913,0.702366054058075,-0.058586571365594864,0.2834658920764923,0.8049468398094177,-0.039453670382499695,0.3249596953392029,0.7840353846549988,-0.046375572681427,0.34952226281166077,0.7672237753868103,-0.04996314272284508,0.3685327470302582,0.7491880655288696,-0.051862262189388275,WE
0.182888001203537,0.8552566170692444,3.059828372897755e-07,0.18171623349189758,0.7833187580108643,-0.01339833065867424,0.1961730569601059,0.7249651551246643,-0.027820564806461334,0.20493370294570923,0.6776106357574463,-0.04058641567826271,0.20271125435829163,0.641593337059021,-0.054567258805036545,0.25609657168388367,0.746573269367218,-0.036317139863967896,0.3140450119972229,0.7207385301589966,-0.05098114162683487,0.3496881127357483,0.7073982954025269,-0.057990577071905136,0.37517932057380676,0.6972350478172302,-0.06142842397093773,0.26925474405288696,0.7856660485267639,-0.037004873156547546,0.33114054799079895,0.7547216415405273,-0.0493391752243042,0.3680100440979004,0.7361319065093994,-0.055069051682949066,0.39614319801330566,0.7222151160240173,-0.058399904519319534,0.2773091197013855,0.8217718005180359,-0.03740350529551506,0.332628458738327,0.791258692741394,-0.04623356834053993,0.3671203851699829,0.7725227475166321,-0.05259031429886818,0.3924753963947296,0.7567753195762634,-0.056331709027290344,0.28053244948387146,0.8533034324645996,-0.0383811816573143,0.32568228244781494,0.8312290906906128,-0.04523910582065582,0.35247793793678284,0.8151653409004211,-0.04782111942768097,0.37296709418296814,0.7982569932937622,-0.048358820378780365,0.7150499224662781,0.8574448823928833,9.14923816708324e-08,0.7026505470275879,0.7921281456947327,-0.0026679562870413065,0.6786490082740784,0.7271377444267273,-0.010331669822335243,0.6700541377067566,0.6733378767967224,-0.017953267320990562,0.6845824718475342,0.6391690373420715,-0.027600416913628578,0.6304898262023926,0.7449788451194763,-0.023186439648270607,0.5725807547569275,0.7251054644584656,-0.034448761492967606,0.5378671288490295,0.7138795256614685,-0.042671117931604385,0.5095497965812683,0.7060337662696838,-0.04903569445014,0.6166616082191467,0.7848950624465942,-0.02975519746541977,0.5533862709999084,0.7580804824829102,-0.03884412348270416,0.5150424242019653,0.7414303421974182,-0.04498036950826645,0.48738718032836914,0.7290980815887451,-0.05098328739404678,0.608546257019043,0.8239675164222717,-0.0352204255759716,0.5507945418357849,0.7954713702201843,-0.04191238805651665,0.5169475674629211,0.7763227224349976,-0.04584328457713127,0.4929249882698059,0.7622480988502502,-0.04993988201022148,0.6055628657341003,0.8609375953674316,-0.04063469544053078,0.561968982219696,0.8357805013656616,-0.046521272510290146,0.5362464785575867,0.8199236392974854,-0.047905582934617996,0.5161774158477783,0.8054803013801575,-0.04911364987492561,WE
0.6981402635574341,0.8833402395248413,8.971029075155457e-08,0.6939020752906799,0.8203052282333374,-0.00462446641176939,0.6780173182487488,0.75116366147995,-0.01335283275693655,0.6736659407615662,0.6971858739852905,-0.02159021608531475,0.6912336349487305,0.6658167839050293,-0.0320926271378994,0.6302377581596375,0.7643285393714905,-0.028000622987747192,0.5744907259941101,0.7370116114616394,-0.04043646529316902,0.5405922532081604,0.7227337956428528,-0.049036458134651184,0.512423038482666,0.7120803594589233,-0.055699121206998825,0.6142064929008484,0.8035708069801331,-0.034517668187618256,0.5532914400100708,0.7680194973945618,-0.04522247612476349,0.5164083242416382,0.7472705245018005,-0.05218254774808884,0.4893726110458374,0.7312977313995361,-0.05876467004418373,0.603316605091095,0.8413729071617126,-0.03989829495549202,0.5482180714607239,0.804867148399353,-0.04842744395136833,0.5148564577102661,0.7827564477920532,-0.053268130868673325,0.4904094934463501,0.7668959498405457,-0.05768987908959389,0.5971130132675171,0.8769193887710571,-0.045233726501464844,0.5554126501083374,0.8463385105133057,-0.05210495740175247,0.5309063196182251,0.8286619186401367,-0.05379350855946541,0.511879026889801,0.8124856948852539,-0.05519029125571251,0.17646804451942444,0.8342751264572144,3.325663726627681e-07,0.1775219887495041,0.7592329978942871,-0.015021645464003086,0.1953755021095276,0.7010009288787842,-0.030276551842689514,0.20732860267162323,0.6530992388725281,-0.0436583086848259,0.20875424146652222,0.6150988936424255,-0.058105673640966415,0.2581881582736969,0.7309300899505615,-0.035447027534246445,0.31732916831970215,0.712943971157074,-0.049514543265104294,0.3541417717933655,0.7035590410232544,-0.057122644037008286,0.38091224431991577,0.6959435343742371,-0.06129985302686691,0.2696134150028229,0.772019624710083,-0.03535652905702591,0.33212536573410034,0.7480353116989136,-0.04621703177690506,0.36942362785339355,0.7329760789871216,-0.052178870886564255,0.39805009961128235,0.7215532064437866,-0.05619128793478012,0.27560243010520935,0.8092368245124817,-0.03517875075340271,0.33237117528915405,0.7844977378845215,-0.042373307049274445,0.3667284846305847,0.7698672413825989,-0.04838759824633598,0.3919028639793396,0.7575982809066772,-0.05255510285496712,0.27751386165618896,0.8411940336227417,-0.035846590995788574,0.323042094707489,0.8225205540657043,-0.04165522754192352,0.349467933177948,0.8097323179244995,-0.04378775879740715,0.3702864348888397,0.796151876449585,-0.044351205229759216,WE
0.19681763648986816,0.8818849325180054,2.756803212378145e-07,0.19200348854064941,0.8144193291664124,-0.014804434962570667,0.20072264969348907,0.7558166980743408,-0.029165782034397125,0.2066553831100464,0.7079795598983765,-0.04164491221308708,0.20427779853343964,0.6728209257125854,-0.05507274344563484,0.25486132502555847,0.7663178443908691,-0.036505866795778275,0.3046570122241974,0.7350612282752991,-0.050569210201501846,0.3370903432369232,0.718372106552124,-0.058207713067531586,0.3612988591194153,0.7065024375915527,-0.06261423230171204,0.2722463607788086,0.8024356365203857,-0.03659898042678833,0.3249364197254181,0.7662388682365417,-0.04737889766693115,0.35940271615982056,0.7428072690963745,-0.05384597182273865,0.3860986530780792,0.7249910235404968,-0.058877576142549515,0.2837570607662201,0.836029052734375,-0.03656996786594391,0.33205142617225647,0.8007176518440247,-0.0443807914853096,0.3633524477481842,0.7783358693122864,-0.05172223970293999,0.3862091898918152,0.7592753171920776,-0.057138048112392426,0.2903826832771301,0.8650864362716675,-0.03735063225030899,0.3299182057380676,0.840681791305542,-0.04399027302861214,0.35384607315063477,0.8229207992553711,-0.047933369874954224,0.3719518482685089,0.8043728470802307,-0.05020544305443764,0.7146950364112854,0.8344564437866211,7.953910596825153e-08,0.7003394365310669,0.7673513889312744,-0.0014860043302178383,0.6732951402664185,0.7003622651100159,-0.007646318059414625,0.6609843373298645,0.6479296684265137,-0.013990908861160278,0.6726618409156799,0.6129886507987976,-0.022487763315439224,0.6244945526123047,0.7270393371582031,-0.0205643642693758,0.5642034411430359,0.7131911516189575,-0.03110313229262829,0.5276248455047607,0.7071086764335632,-0.03941042348742485,0.4969226121902466,0.7034008502960205,-0.04603761062026024,0.6104902625083923,0.7691419124603271,-0.027685141190886497,0.5460777282714844,0.7489816546440125,-0.036722954362630844,0.5059540867805481,0.7383438944816589,-0.04366717115044594,0.47624510526657104,0.7305058836936951,-0.05021034926176071,0.6032860279083252,0.8092421293258667,-0.033638618886470795,0.5442385077476501,0.7877552509307861,-0.04068639501929283,0.5083324313163757,0.7739458680152893,-0.045327890664339066,0.4822339415550232,0.7649505138397217,-0.0495750866830349,0.6019605994224548,0.8458678722381592,-0.03937038779258728,0.5558291077613831,0.824977695941925,-0.045192472636699677,0.5281233191490173,0.8125131726264954,-0.046562936156988144,0.5065457224845886,0.8002632856369019,-0.047522056847810745,WE
0.6958792805671692,0.8169117569923401,1.7496857651622122e-07,0.6896952986717224,0.7530472874641418,-0.00428462540730834,0.6680998802185059,0.6916415095329285,-0.010508022271096706,0.6600902676582336,0.6405211687088013,-0.016630051657557487,0.6721233129501343,0.6070168018341064,-0.02437395043671131,0.611705482006073,0.7073481678962708,-0.018098464235663414,0.5561422109603882,0.6854442954063416,-0.027967944741249084,0.5220224261283875,0.6730147004127502,-0.03568863496184349,0.49412840604782104,0.6645208597183228,-0.04175185784697533,0.5966678261756897,0.7472033500671387,-0.023423174396157265,0.5362684726715088,0.7192297577857971,-0.03249875456094742,0.4989279508590698,0.7009506225585938,-0.03972886502742767,0.4712742269039154,0.6867684721946716,-0.045887939631938934,0.588379979133606,0.7856850028038025,-0.02821112796664238,0.5346468091011047,0.7572923898696899,-0.03593739494681358,0.5020138621330261,0.7370299696922302,-0.04149356856942177,0.47810959815979004,0.7228530645370483,-0.04558506980538368,0.5861964225769043,0.8211726546287537,-0.03308621421456337,0.5452395677566528,0.7951438426971436,-0.03993787243962288,0.519931435585022,0.7780038714408875,-0.042507875710725784,0.4999937415122986,0.7622990608215332,-0.04384469985961914,0.19620710611343384,0.8222852349281311,2.9579291549453046e-07,0.19397976994514465,0.7507298588752747,-0.013619501143693924,0.2040223777294159,0.6917514801025391,-0.029307547956705093,0.2087094485759735,0.6430779099464417,-0.0438055582344532,0.20507162809371948,0.6044522523880005,-0.05989997088909149,0.2699991762638092,0.7062428593635559,-0.036263953894376755,0.323422908782959,0.6758467555046082,-0.049344487488269806,0.3576001226902008,0.6608668565750122,-0.05593330040574074,0.38229653239250183,0.650242805480957,-0.05982503667473793,0.28434014320373535,0.7434769868850708,-0.03668315336108208,0.3423495292663574,0.7074438333511353,-0.04699591547250748,0.37822628021240234,0.6855725646018982,-0.053324759006500244,0.4050559103488922,0.6690767407417297,-0.05833829194307327,0.2923696041107178,0.7792465686798096,-0.03651319444179535,0.34498947858810425,0.7443860769271851,-0.042710110545158386,0.37666672468185425,0.724340558052063,-0.049630433320999146,0.40014269948005676,0.7069640159606934,-0.05532537028193474,0.29528993368148804,0.8122190237045288,-0.03708098456263542,0.3380253314971924,0.7886918187141418,-0.04269292950630188,0.36212360858917236,0.7721404433250427,-0.045703284442424774,0.3804101049900055,0.7542205452919006,-0.047412656247615814,WE
0.1674365997314453,0.8350481390953064,3.262934455960931e-07,0.16578221321105957,0.764910876750946,-0.015351851470768452,0.1762201488018036,0.70635586977005,-0.0310513898730278,0.18161362409591675,0.6587150692939758,-0.04468906670808792,0.1776963770389557,0.6245138645172119,-0.05934824422001839,0.23173202574253082,0.7277025580406189,-0.038753069937229156,0.2859875559806824,0.7050348520278931,-0.05338163673877716,0.3198728561401367,0.6918255090713501,-0.06097879633307457,0.3443899154663086,0.6815212368965149,-0.06519610434770584,0.24555473029613495,0.7647424936294556,-0.03843718767166138,0.3017682433128357,0.7350189089775085,-0.05061735957860947,0.3368639051914215,0.7151937484741211,-0.057157911360263824,0.36422568559646606,0.6995894908905029,-0.061581194400787354,0.2542588412761688,0.7989955544471741,-0.03776928409934044,0.3037337362766266,0.7688849568367004,-0.045787740498781204,0.3362278640270233,0.7502198219299316,-0.05207911878824234,0.360627681016922,0.73484867811203,-0.05656755715608597,0.25843530893325806,0.8284708857536316,-0.037916399538517,0.2971629500389099,0.8084443807601929,-0.04399958997964859,0.3205554485321045,0.7942359447479248,-0.04624894633889198,0.33888620138168335,0.7805391550064087,-0.04706992581486702,0.7410344481468201,0.8499704599380493,5.6663393976919e-09,0.7425793409347534,0.7853162288665771,-0.004868540447205305,0.7228097915649414,0.7107592821121216,-0.012424930930137634,0.7217235565185547,0.6558226346969604,-0.018485814332962036,0.7381994724273682,0.6241514086723328,-0.027280965819954872,0.6868331432342529,0.728518009185791,-0.03095397911965847,0.6290754079818726,0.7115938067436218,-0.04374586418271065,0.593788743019104,0.7028695940971375,-0.053206417709589005,0.5651994347572327,0.6955159902572632,-0.05988699570298195,0.673263669013977,0.7689277529716492,-0.03477166220545769,0.6153535842895508,0.7472224235534668,-0.0435585156083107,0.577063262462616,0.7311698198318481,-0.050386156886816025,0.5489834547042847,0.7212280035018921,-0.05751956254243851,0.6634805202484131,0.8067846894264221,-0.037024691700935364,0.6110798716545105,0.7832381725311279,-0.04372471943497658,0.5795824527740479,0.765522301197052,-0.047814395278692245,0.5563438534736633,0.7542301416397095,-0.05188780650496483,0.6571913957595825,0.8396583795547485,-0.03888065367937088,0.6155104637145996,0.8178777098655701,-0.04317592456936836,0.5902855396270752,0.8045924305915833,-0.04252418130636215,0.5705294013023376,0.7913967370986938,-0.04241903871297836,WE
0.761033833026886,0.85488361120224,-6.519567108398405e-09,0.7627535462379456,0.7889619469642639,-0.006467792671173811,0.742008626461029,0.7126118540763855,-0.014709225855767727,0.7390199899673462,0.6561543941497803,-0.021329842507839203,0.7578586935997009,0.6230835914611816,-0.030676210299134254,0.7087128162384033,0.7306238412857056,-0.03157929703593254,0.6515669226646423,0.7139658331871033,-0.0441964827477932,0.6164400577545166,0.704555332660675,-0.053864188492298126,0.5881855487823486,0.6944324374198914,-0.06133950874209404,0.6965160369873047,0.7702015042304993,-0.03542250767350197,0.6394157409667969,0.7496275901794434,-0.04467719420790672,0.6007745265960693,0.7339088916778564,-0.05251885950565338,0.5718839168548584,0.7221657633781433,-0.06079837307333946,0.6871817111968994,0.8087513446807861,-0.03776990622282028,0.6355381608009338,0.786853551864624,-0.045830488204956055,0.6036567091941833,0.7703421115875244,-0.05115280672907829,0.5803524255752563,0.7579175233840942,-0.05621223524212837,0.6810929775238037,0.8425783514976501,-0.03980567678809166,0.6390359401702881,0.8241071105003357,-0.04576028883457184,0.6133900284767151,0.8113839030265808,-0.04639666900038719,0.5933318734169006,0.7975887060165405,-0.04738881066441536,0.15022891759872437,0.8388866782188416,3.1239272857419564e-07,0.14980140328407288,0.7699451446533203,-0.012912808917462826,0.163082093000412,0.7135816812515259,-0.026967087760567665,0.17187142372131348,0.66733318567276,-0.03947444260120392,0.17210417985916138,0.632066011428833,-0.05320075899362564,0.21370834112167358,0.7276395559310913,-0.03517488017678261,0.2676980197429657,0.7106282114982605,-0.04991163685917854,0.30175870656967163,0.6992263197898865,-0.057930439710617065,0.32682883739471436,0.689640998840332,-0.06255797296762466,0.22755932807922363,0.7660498023033142,-0.036778245121240616,0.2841302752494812,0.7411271929740906,-0.04885462298989296,0.3202292323112488,0.7234863638877869,-0.05635640025138855,0.3482223153114319,0.7085933089256287,-0.061708301305770874,0.23669667541980743,0.8027963042259216,-0.03806478902697563,0.2875230610370636,0.7759100794792175,-0.04685739055275917,0.3202100694179535,0.7593058347702026,-0.054246529936790466,0.3443763852119446,0.744688868522644,-0.05941835045814514,0.24205219745635986,0.8357358574867249,-0.03983933851122856,0.2822059690952301,0.8164613842964172,-0.046965569257736206,0.3073520362377167,0.8024634718894958,-0.050398197025060654,0.3270789682865143,0.7876976132392883,-0.05212198570370674,WE
0.7252470254898071,0.8687546253204346,1.4337184950363735e-07,0.7259259223937988,0.800999104976654,-0.007631140761077404,0.7096123695373535,0.7305480241775513,-0.015073082409799099,0.705135703086853,0.676135778427124,-0.021912211552262306,0.7241968512535095,0.6462830305099487,-0.030536523088812828,0.6512050032615662,0.7411361932754517,-0.02248803712427616,0.59839928150177,0.7101548314094543,-0.03346477821469307,0.566105842590332,0.6915404200553894,-0.04213310033082962,0.5387492775917053,0.6765310168266296,-0.04936281219124794,0.6333339214324951,0.7787911295890808,-0.027016261592507362,0.5771436095237732,0.742089569568634,-0.03721209987998009,0.5423853397369385,0.7182776927947998,-0.04501371085643768,0.5159467458724976,0.6993134617805481,-0.05205058306455612,0.6221761703491211,0.81679368019104,-0.03122015669941902,0.5709559321403503,0.7807438373565674,-0.04012741521000862,0.5403063893318176,0.7566013336181641,-0.046059608459472656,0.517307698726654,0.7394071817398071,-0.050732459872961044,0.6168081760406494,0.8529964089393616,-0.03583270683884621,0.5766748189926147,0.8225237727165222,-0.0434243269264698,0.5533132553100586,0.8027666211128235,-0.04650375619530678,0.5354200005531311,0.7847899794578552,-0.04857093095779419,0.19495439529418945,0.888871967792511,1.8246187494241894e-07,0.18823833763599396,0.8156189322471619,-0.012976154685020447,0.20336699485778809,0.7505178451538086,-0.02391071803867817,0.21372464299201965,0.6965951919555664,-0.032786402851343155,0.20978984236717224,0.6575465202331543,-0.042366378009319305,0.2625653147697449,0.7589238286018372,-0.031269773840904236,0.31374403834342957,0.7137408256530762,-0.04291372373700142,0.3450838625431061,0.689151406288147,-0.04850230738520622,0.3683144450187683,0.672332763671875,-0.05158425495028496,0.28130191564559937,0.7927655577659607,-0.030270177870988846,0.3337514102458954,0.7422258257865906,-0.03945886343717575,0.366290420293808,0.7120962142944336,-0.04387854039669037,0.3909040689468384,0.6906487941741943,-0.047037627547979355,0.2928656041622162,0.8261156678199768,-0.02922939695417881,0.34150198101997375,0.7808336019515991,-0.03665918484330177,0.3711164593696594,0.7531895041465759,-0.04356296733021736,0.3910856246948242,0.7304291725158691,-0.04789305105805397,0.29907700419425964,0.857582151889801,-0.028778037056326866,0.34004124999046326,0.8285372257232666,-0.035617027431726456,0.3649866282939911,0.8077888488769531,-0.040188297629356384,0.3827897310256958,0.7872762084007263,-0.0424317829310894,WE
0.6934686303138733,0.8739304542541504,1.5090361671354913e-07,0.6952773332595825,0.8068084716796875,-0.004123498219996691,0.6835481524467468,0.7381564378738403,-0.011420433409512043,0.688880980014801,0.6839615702629089,-0.019000055268406868,0.7105417251586914,0.6554830074310303,-0.028084002435207367,0.6221343278884888,0.7369745373725891,-0.016305265948176384,0.5680192708969116,0.7029517292976379,-0.026546649634838104,0.53590327501297,0.6825287938117981,-0.03535393252968788,0.5096282958984375,0.6652578115463257,-0.04238554835319519,0.6020409464836121,0.7729800939559937,-0.022102102637290955,0.543617308139801,0.7309322357177734,-0.031229810789227486,0.5094220638275146,0.7033076882362366,-0.038579441606998444,0.48461422324180603,0.6809194684028625,-0.04498613253235817,0.5883758664131165,0.8094128966331482,-0.027474036440253258,0.5363022685050964,0.7678276896476746,-0.0344725027680397,0.5068872570991516,0.7388163805007935,-0.038807205855846405,0.48538586497306824,0.7169735431671143,-0.04237862303853035,0.5811136960983276,0.8437573313713074,-0.03316328302025795,0.5432016253471375,0.8074814677238464,-0.03845550864934921,0.5205369591712952,0.7848856449127197,-0.03917449712753296,0.5031642913818359,0.7653430104255676,-0.039462119340896606,0.20518368482589722,0.9013799428939819,2.2020766721198015e-07,0.19637086987495422,0.818742573261261,-0.014967157505452633,0.20617103576660156,0.752228319644928,-0.027932438999414444,0.2105352282524109,0.7009432315826416,-0.03853126987814903,0.20206952095031738,0.6644454002380371,-0.04985860735177994,0.2775087356567383,0.7653366327285767,-0.03306681662797928,0.33282649517059326,0.7182109355926514,-0.043607644736766815,0.36613401770591736,0.6944358348846436,-0.0480172261595726,0.39108431339263916,0.6774264574050903,-0.05016804113984108,0.29722607135772705,0.8009766340255737,-0.029758280143141747,0.35380488634109497,0.7475203275680542,-0.03685089945793152,0.38612744212150574,0.7173913717269897,-0.03877731040120125,0.4109381437301636,0.6955860257148743,-0.040498286485672,0.3092719614505768,0.8328402638435364,-0.026466159150004387,0.3599134087562561,0.7832968235015869,-0.030454186722636223,0.38965827226638794,0.7550133466720581,-0.03458429127931595,0.41146165132522583,0.7321709394454956,-0.037731193006038666,0.3162384033203125,0.8605636358261108,-0.02419607900083065,0.35812509059906006,0.8249984383583069,-0.02781905233860016,0.3826529383659363,0.8026569485664368,-0.03002110682427883,0.4024066925048828,0.7812985181808472,-0.031016718596220016,WE
0.7279285788536072,0.8575475811958313,3.4221898204123136e-08,0.7169954180717468,0.7880613803863525,-0.003976172301918268,0.68609619140625,0.7229390144348145,-0.010939451865851879,0.6726096272468567,0.6695259213447571,-0.017762336879968643,0.6872060298919678,0.6360889673233032,-0.027336589992046356,0.6359279751777649,0.7459899187088013,-0.019210662692785263,0.5758237838745117,0.7436153888702393,-0.03049374744296074,0.5388404130935669,0.7438187003135681,-0.04042721912264824,0.5076339244842529,0.7445166707038879,-0.04833117127418518,0.6247104406356812,0.7889132499694824,-0.025503812357783318,0.5570681691169739,0.780436098575592,-0.034569378942251205,0.5155990123748779,0.7758800983428955,-0.044028956443071365,0.48388534784317017,0.7720173597335815,-0.05281945690512657,0.6197203397750854,0.8295807242393494,-0.030908608809113503,0.5558093786239624,0.8189230561256409,-0.039695098996162415,0.5176644325256348,0.8096126317977905,-0.046884506940841675,0.4879564046859741,0.8024789690971375,-0.05271575227379799,0.6202952861785889,0.867624819278717,-0.036067284643650055,0.5691587924957275,0.8531372547149658,-0.04326310753822327,0.5393654704093933,0.8445904850959778,-0.04545127972960472,0.5143296122550964,0.8341492414474487,-0.04710322618484497,0.18733856081962585,0.8395406007766724,3.882837802393624e-07,0.18872907757759094,0.7674981355667114,-0.014093320816755295,0.20351415872573853,0.7127354145050049,-0.030445797368884087,0.21250039339065552,0.6649808883666992,-0.04485255107283592,0.2125520408153534,0.6269940137863159,-0.06081079691648483,0.26512211561203003,0.7386355996131897,-0.03966263309121132,0.32536885142326355,0.7291672825813293,-0.05363307148218155,0.3627062737941742,0.7255779504776001,-0.06014149263501167,0.38936692476272583,0.7225481867790222,-0.0634070411324501,0.27582064270973206,0.7808605432510376,-0.039953988045454025,0.34078362584114075,0.7667334675788879,-0.051029711961746216,0.3788222670555115,0.7578533887863159,-0.05672060325741768,0.40777266025543213,0.7507106065750122,-0.0606352761387825,0.28159278631210327,0.8190188407897949,-0.03950774669647217,0.34069159626960754,0.8018105030059814,-0.0464676097035408,0.3767552971839905,0.7918921709060669,-0.05279218405485153,0.4030962288379669,0.7825355529785156,-0.057472020387649536,0.2833248972892761,0.8518220782279968,-0.039549101144075394,0.33106645941734314,0.8388767242431641,-0.04514997452497482,0.3585454225540161,0.8283779621124268,-0.04713205248117447,0.3795173764228821,0.81550133228302,-0.04772891476750374,WE
0.7141180634498596,0.8547472357749939,1.6368697686175437e-07,0.7135708332061768,0.7875090837478638,-0.0048393672332167625,0.6964493989944458,0.7186830639839172,-0.011595615185797215,0.6946532726287842,0.6663228869438171,-0.018199658021330833,0.7143704891204834,0.6368803977966309,-0.026940839365124702,0.6375851035118103,0.729310154914856,-0.020232917740941048,0.5804889798164368,0.7013291716575623,-0.03128831088542938,0.5452197194099426,0.6854967474937439,-0.039780355989933014,0.5163750648498535,0.6731758713722229,-0.04649551585316658,0.6200360655784607,0.7698164582252502,-0.026124674826860428,0.5585750341415405,0.7348992824554443,-0.03658100217580795,0.5207775235176086,0.7120747566223145,-0.044405773282051086,0.49273502826690674,0.6939073801040649,-0.05084390565752983,0.6090500354766846,0.8093277812004089,-0.031439442187547684,0.5531269907951355,0.773649275302887,-0.040690068155527115,0.5193076133728027,0.7487617135047913,-0.0464361310005188,0.494123637676239,0.7309295535087585,-0.050299108028411865,0.6042618155479431,0.8463785648345947,-0.03680291026830673,0.5608012080192566,0.814781904220581,-0.044848449528217316,0.53534996509552,0.7947668433189392,-0.04729854688048363,0.5159445405006409,0.776359498500824,-0.04829992353916168,0.19875043630599976,0.8581129312515259,3.039663738491072e-07,0.19315588474273682,0.7869856953620911,-0.015023047104477882,0.2018352448940277,0.7249996066093445,-0.030128581449389458,0.20452982187271118,0.674229621887207,-0.043512795120477676,0.1996215581893921,0.6369291543960571,-0.058280009776353836,0.2693462669849396,0.7363001704216003,-0.03671156242489815,0.3228158950805664,0.7029263973236084,-0.049837201833724976,0.35770803689956665,0.6867575645446777,-0.056530147790908813,0.3835582137107849,0.675701379776001,-0.060484860092401505,0.2864856421947479,0.7742775082588196,-0.03604307025671005,0.34412819147109985,0.7353081107139587,-0.04672114923596382,0.3798944056034088,0.7121133208274841,-0.05263544246554375,0.40753307938575745,0.6947829723358154,-0.057102020829916,0.2968654930591583,0.8098143339157104,-0.03497692197561264,0.3489238917827606,0.7728979587554932,-0.0423370786011219,0.3812688887119293,0.7504907846450806,-0.049190815538167953,0.4056730568408966,0.7313948273658752,-0.054210469126701355,0.3020455837249756,0.8413882851600647,-0.0346810407936573,0.34552428126335144,0.8137685060501099,-0.041384194046258926,0.37031078338623047,0.7949480414390564,-0.044530946761369705,0.3889758288860321,0.7756669521331787,-0.04596735164523125,WE
0.7135336995124817,0.8345396518707275,1.316164031095468e-07,0.7097384333610535,0.7687565684318542,-0.005225053522735834,0.6899734735488892,0.703071653842926,-0.011422490701079369,0.6842942833900452,0.6553272008895874,-0.01719248853623867,0.7007235288619995,0.6266371607780457,-0.024902809411287308,0.6358669996261597,0.7230201959609985,-0.020565694198012352,0.5801504254341125,0.7035371661186218,-0.03163917735219002,0.5454419851303101,0.6919220089912415,-0.039848972111940384,0.5173142552375793,0.6836804747581482,-0.046213604509830475,0.6219514012336731,0.7625169157981873,-0.02566414140164852,0.5620827674865723,0.7361053824424744,-0.03587348014116287,0.5248430967330933,0.7188015580177307,-0.04327930137515068,0.4975450038909912,0.7056934237480164,-0.04950070381164551,0.6136770248413086,0.8005141019821167,-0.03030218370258808,0.558645486831665,0.7728544473648071,-0.03972141072154045,0.5250164270401001,0.7531469464302063,-0.04596308618783951,0.5002061128616333,0.7391543984413147,-0.05026575177907944,0.6102502346038818,0.835458517074585,-0.034960441291332245,0.5677213668823242,0.8107215762138367,-0.04341621324419975,0.5415636897087097,0.7949590682983398,-0.046909648925065994,0.5207169651985168,0.7799519896507263,-0.04886604845523834,0.2170187532901764,0.8305152058601379,3.048685641715565e-07,0.21182787418365479,0.760089635848999,-0.010955126024782658,0.22250500321388245,0.7037847638130188,-0.024006400257349014,0.22812384366989136,0.6564046740531921,-0.03565415367484093,0.22462691366672516,0.6211234927177429,-0.04886741191148758,0.28237688541412354,0.7186228036880493,-0.03392406925559044,0.3355310261249542,0.6937037110328674,-0.0460301898419857,0.368721604347229,0.6799458861351013,-0.051575709134340286,0.39253976941108704,0.6692472696304321,-0.05436471849679947,0.2964043915271759,0.7559695243835449,-0.03477277606725693,0.35373592376708984,0.7251361012458801,-0.04415334761142731,0.38811618089675903,0.705400824546814,-0.048985231667757034,0.41368669271469116,0.6907397508621216,-0.05246228352189064,0.30493754148483276,0.7911379933357239,-0.03493369370698929,0.3569546639919281,0.7605347037315369,-0.0411018505692482,0.3889842927455902,0.740913987159729,-0.04729989543557167,0.41232991218566895,0.7247733473777771,-0.05188216641545296,0.30913761258125305,0.8216257691383362,-0.035412147641181946,0.3516824543476105,0.8005843758583069,-0.040943462401628494,0.3768734931945801,0.784868597984314,-0.043869100511074066,0.3962571918964386,0.7682966589927673,-0.0452442392706871,WE
0.7078354954719543,0.8531742095947266,1.1843811620337874e-07,0.6982309818267822,0.7874829769134521,-0.003826186526566744,0.6789659261703491,0.7221745252609253,-0.0115794213488698,0.6746427416801453,0.6698870062828064,-0.019472898915410042,0.6908908486366272,0.6376276612281799,-0.029281944036483765,0.6262877583503723,0.7397006154060364,-0.02031763829290867,0.5722796320915222,0.7204408645629883,-0.031487807631492615,0.5385259389877319,0.709770679473877,-0.04050498828291893,0.5102282166481018,0.701715886592865,-0.04776860401034355,0.6109524369239807,0.7792731523513794,-0.027025142684578896,0.5514817237854004,0.751450777053833,-0.03679010272026062,0.5139092206954956,0.7341736555099487,-0.04442070797085762,0.485552042722702,0.7198702692985535,-0.0514913871884346,0.6018186807632446,0.8173121809959412,-0.03305463120341301,0.5474755764007568,0.7876541614532471,-0.040847573429346085,0.5137960910797119,0.7679883241653442,-0.0463985800743103,0.48871779441833496,0.7531028389930725,-0.05128965154290199,0.5981603264808655,0.8528119325637817,-0.039209336042404175,0.556994616985321,0.8257356882095337,-0.045868199318647385,0.5315467715263367,0.8092736005783081,-0.048147376626729965,0.5112695097923279,0.7940759062767029,-0.04991086944937706,0.20122066140174866,0.8660545349121094,2.8570005383699026e-07,0.19916337728500366,0.7892564535140991,-0.012877421453595161,0.2131943702697754,0.727708101272583,-0.02544051595032215,0.2187928855419159,0.6769704222679138,-0.036320120096206665,0.2123352289199829,0.6386815309524536,-0.04809081181883812,0.27973610162734985,0.7496013641357422,-0.028586523607373238,0.33513176441192627,0.7206673622131348,-0.037182122468948364,0.3684268295764923,0.7075334787368774,-0.041182514280080795,0.3928268551826477,0.6976268887519836,-0.043419159948825836,0.29514700174331665,0.7876452207565308,-0.027296612039208412,0.3542073667049408,0.7533037662506104,-0.03312716633081436,0.3890056014060974,0.733018159866333,-0.03587302565574646,0.41503074765205383,0.7176274657249451,-0.03818895295262337,0.3037896156311035,0.8220382332801819,-0.02592439576983452,0.35708609223365784,0.7896794080734253,-0.0292821004986763,0.3901689052581787,0.7692536115646362,-0.034277692437171936,0.4144067168235779,0.7510412931442261,-0.038201361894607544,0.3073573410511017,0.8509702682495117,-0.025312509387731552,0.3516468405723572,0.8293171525001526,-0.02838488668203354,0.3777866065502167,0.8138384222984314,-0.030306143686175346,0.39819616079330444,0.7972345352172852,-0.031217282637953758,WE
0.7244065999984741,0.8230903744697571,4.089513438998438e-08,0.7254418730735779,0.760852038860321,-0.005807629320770502,0.7128979563713074,0.68744295835495,-0.014093544334173203,0.711371123790741,0.6348087787628174,-0.02156798727810383,0.7302002310752869,0.6034106612205505,-0.032013434916734695,0.6653075218200684,0.6975221037864685,-0.0284329354763031,0.6082064509391785,0.677422046661377,-0.04288472980260849,0.5716027021408081,0.6658601760864258,-0.05324969068169594,0.5421205759048462,0.6569033861160278,-0.060653820633888245,0.6525514721870422,0.7362897396087646,-0.03457644209265709,0.5912494659423828,0.7109912633895874,-0.04633443057537079,0.5494649410247803,0.6941052675247192,-0.055027857422828674,0.5187941789627075,0.6825001835823059,-0.0626557245850563,0.6439443826675415,0.7741495966911316,-0.0398746021091938,0.5860759019851685,0.749433696269989,-0.05154016613960266,0.5496103763580322,0.7316011786460876,-0.0582398921251297,0.5229185819625854,0.7177491188049316,-0.06291366368532181,0.6378750801086426,0.8113705515861511,-0.04488272964954376,0.5920575857162476,0.7878947854042053,-0.05451469495892525,0.5634409189224243,0.7724620699882507,-0.05710982531309128,0.5402048826217651,0.7560074329376221,-0.058509327471256256,0.18785394728183746,0.828009307384491,3.436330757722317e-07,0.18139433860778809,0.7628452181816101,-0.01555673312395811,0.1887577772140503,0.7080478668212891,-0.033179715275764465,0.1932256817817688,0.6623433828353882,-0.04894016683101654,0.19232240319252014,0.626962423324585,-0.06647852808237076,0.2510982155799866,0.7124485373497009,-0.04345928877592087,0.3039845824241638,0.6821502447128296,-0.06103066727519035,0.33885306119918823,0.6657983660697937,-0.07049470394849777,0.36493945121765137,0.6543019413948059,-0.07567252218723297,0.26620951294898987,0.7504568099975586,-0.0444972924888134,0.32356905937194824,0.7162493467330933,-0.05920280143618584,0.3599545657634735,0.6948487758636475,-0.06738157570362091,0.3883248567581177,0.6781865358352661,-0.07278624922037125,0.27591192722320557,0.7877999544143677,-0.04493333771824837,0.32899123430252075,0.7537416219711304,-0.05469030141830444,0.36276671290397644,0.7325332760810852,-0.06156034395098686,0.38849684596061707,0.7146328687667847,-0.06620417535305023,0.2806258499622345,0.8218764066696167,-0.04607672616839409,0.32506513595581055,0.7969450950622559,-0.0534835048019886,0.3513405919075012,0.7797515988349915,-0.05588913708925247,0.3713192343711853,0.7624909281730652,-0.05642661079764366,WE
0.7274476885795593,0.8679710626602173,6.707847433062852e-08,0.7272753119468689,0.8020185828208923,-0.007958951406180859,0.7110805511474609,0.7285424470901489,-0.017286144196987152,0.7062795162200928,0.6755743622779846,-0.025211375206708908,0.724704384803772,0.6428195238113403,-0.035780806094408035,0.6628615260124207,0.7515325546264648,-0.03122757188975811,0.6061854958534241,0.7348355650901794,-0.045551322400569916,0.5703722834587097,0.7268691658973694,-0.05567847192287445,0.5409213304519653,0.7216376662254333,-0.062913678586483,0.6497487425804138,0.7928134202957153,-0.036050569266080856,0.5890135169029236,0.7719405889511108,-0.047649506479501724,0.5485643744468689,0.7587118148803711,-0.056309185922145844,0.5184557437896729,0.7500404119491577,-0.06393668055534363,0.6417189240455627,0.8311936259269714,-0.03996948525309563,0.5847292542457581,0.8100547194480896,-0.05055500566959381,0.5488335490226746,0.7942478656768799,-0.05728643387556076,0.5216723680496216,0.7825851440429688,-0.062304262071847916,0.6375190615653992,0.866626501083374,-0.04382985830307007,0.592940092086792,0.8464365005493164,-0.05248148366808891,0.5648202896118164,0.8337823748588562,-0.05505144223570824,0.5413042306900024,0.8206596970558167,-0.056589242070913315,0.1768045276403427,0.8068592548370361,3.082548118982231e-07,0.17257386445999146,0.7381702065467834,-0.014491191133856773,0.18228492140769958,0.6812281608581543,-0.029902521520853043,0.18803805112838745,0.6341158747673035,-0.043930429965257645,0.18733035027980804,0.5984417796134949,-0.059522029012441635,0.2460118681192398,0.690827488899231,-0.03666004538536072,0.2986065447330475,0.6612977385520935,-0.05296840891242027,0.33309727907180786,0.6449791789054871,-0.0625615119934082,0.3591107130050659,0.6326336860656738,-0.06819768249988556,0.26116830110549927,0.7272131443023682,-0.037749286741018295,0.3179350793361664,0.6940177083015442,-0.05106180161237717,0.3547167479991913,0.6722337007522583,-0.05951366573572159,0.38402247428894043,0.6550957560539246,-0.06533830612897873,0.2697223126888275,0.7639350891113281,-0.03868381306529045,0.3220387101173401,0.7322967648506165,-0.047984529286623,0.3562157154083252,0.7116733193397522,-0.05627540871500969,0.3822370171546936,0.6938794851303101,-0.06187864765524864,0.27321362495422363,0.7983797192573547,-0.04034026712179184,0.3167198598384857,0.7767606377601624,-0.04797665402293205,0.342903733253479,0.7595836520195007,-0.05180099606513977,0.3632381558418274,0.7420607805252075,-0.05347553268074989,WE
0.7316723465919495,0.8496561646461487,1.1492299023529995e-07,0.7309093475341797,0.7834343314170837,-0.00822718720883131,0.710496723651886,0.7088910937309265,-0.016208497807383537,0.7027424573898315,0.6547635197639465,-0.02257434092462063,0.7198032736778259,0.6207143664360046,-0.03136083483695984,0.6603278517723083,0.7337385416030884,-0.02767227590084076,0.6028339266777039,0.7193238139152527,-0.039292264729738235,0.5665550827980042,0.7123770713806152,-0.04773152992129326,0.5364881157875061,0.7077332139015198,-0.05415663495659828,0.6472252607345581,0.7765636444091797,-0.031166542321443558,0.5849999785423279,0.7577285766601562,-0.04041483625769615,0.543004035949707,0.7456169724464417,-0.04840325564146042,0.5111107230186462,0.7374094128608704,-0.05579591542482376,0.6396440863609314,0.8162676095962524,-0.033885322511196136,0.5822870135307312,0.796257734298706,-0.042950063943862915,0.5453009009361267,0.7815051078796387,-0.05052381008863449,0.5175092220306396,0.7712851762771606,-0.05628679692745209,0.636335551738739,0.8520286679267883,-0.03656093776226044,0.591592013835907,0.832602858543396,-0.04443907365202904,0.562652051448822,0.820786714553833,-0.04802829027175903,0.5386912822723389,0.8077601194381714,-0.05048814043402672,0.17865058779716492,0.8216219544410706,3.3042991276488465e-07,0.17431744933128357,0.7534234523773193,-0.015201612375676632,0.18347710371017456,0.6972925662994385,-0.03197723627090454,0.1886684000492096,0.650918185710907,-0.047116655856370926,0.18817126750946045,0.6149187088012695,-0.0639691948890686,0.2425123155117035,0.709225058555603,-0.04121265187859535,0.2960195243358612,0.6796162724494934,-0.05855425447225571,0.3308567404747009,0.6621405482292175,-0.06846730411052704,0.3572382628917694,0.6490134596824646,-0.07411543279886246,0.25711292028427124,0.7473979592323303,-0.042514216154813766,0.3146267831325531,0.7137926816940308,-0.056958992034196854,0.35163095593452454,0.6916491389274597,-0.0658232718706131,0.3812624514102936,0.6742061376571655,-0.07179795950651169,0.26667284965515137,0.7850494980812073,-0.043357186019420624,0.3198238015174866,0.7526451945304871,-0.053390536457300186,0.35384970903396606,0.7307782173156738,-0.06109003350138664,0.37969255447387695,0.7122285962104797,-0.06610377132892609,0.27187857031822205,0.8192288279533386,-0.04487697035074234,0.3166567087173462,0.7963991165161133,-0.052664823830127716,0.3433830738067627,0.778616726398468,-0.05557148531079292,0.3639489412307739,0.7609614133834839,-0.05641787499189377,WE
0.726622998714447,0.8659859895706177,1.1058399707053468e-07,0.7245944142341614,0.7955685257911682,-0.006213563960045576,0.7060466408729553,0.7254473567008972,-0.013364342041313648,0.697353184223175,0.6724460124969482,-0.019863849505782127,0.7082704305648804,0.6391100883483887,-0.028345603495836258,0.6481543779373169,0.7460032105445862,-0.022673971951007843,0.590194582939148,0.7240968346595764,-0.033739253878593445,0.5547244548797607,0.7122368812561035,-0.04267700016498566,0.5252782106399536,0.7038246393203735,-0.04978935793042183,0.6313449740409851,0.7867771983146667,-0.027471404522657394,0.5717805624008179,0.7579750418663025,-0.0368368960916996,0.534093976020813,0.7403239607810974,-0.04486804082989693,0.5060370564460754,0.7267153263092041,-0.05228329822421074,0.6217820048332214,0.8262148499488831,-0.031645581126213074,0.5678905248641968,0.7954983711242676,-0.03959481418132782,0.5339656472206116,0.775178849697113,-0.045782141387462616,0.5089424252510071,0.7613222002983093,-0.051078736782073975,0.6182366013526917,0.8628309369087219,-0.03597100451588631,0.5756222009658813,0.8364338874816895,-0.04381094127893448,0.5490095615386963,0.8193669319152832,-0.047147974371910095,0.528209924697876,0.8035804033279419,-0.04935922101140022,0.18900009989738464,0.8629196286201477,2.8027398002450354e-07,0.18138712644577026,0.7958009243011475,-0.017449865117669106,0.18671229481697083,0.7361912131309509,-0.033668242394924164,0.18824966251850128,0.6843081116676331,-0.04775162786245346,0.18401741981506348,0.6476389169692993,-0.06300082057714462,0.24916739761829376,0.7453513741493225,-0.03827733173966408,0.30042117834091187,0.7098338603973389,-0.05254295468330383,0.3332231640815735,0.6909893155097961,-0.06061606854200363,0.3568524718284607,0.6778865456581116,-0.06527676433324814,0.26629751920700073,0.7797626256942749,-0.036744825541973114,0.32029739022254944,0.7400851249694824,-0.04665052145719528,0.35497960448265076,0.7151687741279602,-0.053262900561094284,0.38139092922210693,0.6964874267578125,-0.058549463748931885,0.2774149775505066,0.8131405711174011,-0.03529118373990059,0.3265177011489868,0.7757045030593872,-0.04185715690255165,0.3575843572616577,0.7525180578231812,-0.04951290413737297,0.3806164860725403,0.733466625213623,-0.055474020540714264,0.28384825587272644,0.8432120680809021,-0.0349402129650116,0.3260478079319,0.8194682598114014,-0.042033299803733826,0.35107186436653137,0.8020068407058716,-0.04633600637316704,0.3695846498012543,0.7837286591529846,-0.04869062080979347,WE
0.7188900709152222,0.8398071527481079,1.1927230048058846e-07,0.7136899828910828,0.7801207304000854,-0.00043687690049409866,0.6839783191680908,0.7317229509353638,-0.0028003212064504623,0.6629683971405029,0.6886930465698242,-0.005123141687363386,0.6634646058082581,0.6552033424377441,-0.009470943361520767,0.6404746174812317,0.7366265654563904,-0.016491802409291267,0.5860768556594849,0.716994047164917,-0.025325335562229156,0.5515757203102112,0.7056523561477661,-0.03128812834620476,0.523413360118866,0.6989899277687073,-0.03602951020002365,0.6284855008125305,0.7718233466148376,-0.022364197298884392,0.5691571235656738,0.7484850287437439,-0.03137790784239769,0.5309009552001953,0.7334447503089905,-0.038448769599199295,0.5018668174743652,0.7217092514038086,-0.04413117840886116,0.6218731999397278,0.8101998567581177,-0.02715815044939518,0.5676608681678772,0.7864789366722107,-0.03604716435074806,0.5336623191833496,0.7700296640396118,-0.04336157441139221,0.5076819658279419,0.7562205791473389,-0.04864472150802612,0.6213704943656921,0.8480883240699768,-0.03116208128631115,0.5793253183364868,0.830186665058136,-0.040517132729291916,0.5538705587387085,0.8182981014251709,-0.04529564827680588,0.5332682132720947,0.8055760860443115,-0.048058975487947464,0.20027369260787964,0.8273623585700989,1.7998668511154392e-07,0.1996561884880066,0.7636389136314392,-0.015769047662615776,0.21412210166454315,0.7093684077262878,-0.03047536127269268,0.22941854596138,0.6683712005615234,-0.043978944420814514,0.2378423810005188,0.6374572515487671,-0.058523401618003845,0.2738010883331299,0.7240540981292725,-0.034193314611911774,0.326686829328537,0.6951016187667847,-0.05104580149054527,0.3593426048755646,0.6818634271621704,-0.06084785237908363,0.3842373490333557,0.672537624835968,-0.06692248582839966,0.28521373867988586,0.7593424916267395,-0.035555727779865265,0.33951619267463684,0.7261954545974731,-0.050292983651161194,0.3749369978904724,0.7072003483772278,-0.06029713153839111,0.40423518419265747,0.6927800178527832,-0.06740260869264603,0.29070132970809937,0.7948079109191895,-0.03755289316177368,0.3404737710952759,0.7643415331840515,-0.049853984266519547,0.3724164664745331,0.7461326718330383,-0.05975846201181412,0.39685022830963135,0.7309995889663696,-0.06612861901521683,0.2926942706108093,0.8308051824569702,-0.040475066751241684,0.33419427275657654,0.8104298114776611,-0.051667388528585434,0.3592078983783722,0.7942191362380981,-0.05829190835356712,0.37937310338020325,0.7776045203208923,-0.061864662915468216,WE
0.7252036929130554,0.8363491296768188,5.994608187620543e-08,0.7155494093894958,0.7753159403800964,0.004117220174521208,0.6835124492645264,0.7310002446174622,0.003703240305185318,0.6593665480613708,0.6948897838592529,0.002554794540628791,0.6520159244537354,0.6650379300117493,-0.0009758927626535296,0.6406640410423279,0.7357538938522339,-0.013510194607079029,0.5837586522102356,0.7201946377754211,-0.02216036431491375,0.5480978488922119,0.7108699679374695,-0.027899891138076782,0.51944500207901,0.7059009075164795,-0.03229512646794319,0.6297895908355713,0.7717555165290833,-0.021362073719501495,0.5686229467391968,0.7518953680992126,-0.030784450471401215,0.5295628905296326,0.7396630644798279,-0.03720743581652641,0.5002021193504333,0.7308443784713745,-0.042246293276548386,0.6246652603149414,0.8109219074249268,-0.027737077325582504,0.5686156749725342,0.7907793521881104,-0.036920275539159775,0.5339954495429993,0.7778338193893433,-0.04281483590602875,0.507546067237854,0.7676190137863159,-0.04685023054480553,0.6255676746368408,0.8506937623023987,-0.03287043049931526,0.5806775689125061,0.8354156017303467,-0.04248535633087158,0.5548809766769409,0.8253317475318909,-0.046206310391426086,0.5343628525733948,0.8141778707504272,-0.04790385439991951,0.20174750685691833,0.8179315328598022,1.6177602901734645e-07,0.20327448844909668,0.7572433948516846,-0.01052521076053381,0.2246048003435135,0.7118861079216003,-0.02170245163142681,0.24781981110572815,0.6817560791969299,-0.03225041553378105,0.2584080994129181,0.6490966081619263,-0.044296443462371826,0.278458833694458,0.7204658389091492,-0.029941806569695473,0.3311083912849426,0.6966640949249268,-0.046001940965652466,0.3635745942592621,0.686959445476532,-0.0552612729370594,0.3890264630317688,0.680281400680542,-0.06102084368467331,0.28758594393730164,0.7571470737457275,-0.033931948244571686,0.34252768754959106,0.7278396487236023,-0.04860709607601166,0.3781884014606476,0.7112369537353516,-0.05814003944396973,0.4079803228378296,0.6981184482574463,-0.06464715301990509,0.2901764512062073,0.79505455493927,-0.038119297474622726,0.3426463007926941,0.7678970694541931,-0.051749031990766525,0.37632322311401367,0.7510969638824463,-0.06150177866220474,0.40205416083335876,0.7365318536758423,-0.06737272441387177,0.2890523076057434,0.8333007097244263,-0.0425584502518177,0.3314599394798279,0.8149112462997437,-0.05504027381539345,0.35756224393844604,0.7995111346244812,-0.06171649321913719,0.37904298305511475,0.783111035823822,-0.06521040946245193,WE
0.7256578803062439,0.8700072765350342,1.752696476842175e-07,0.7219304442405701,0.8051732778549194,-0.008252078667283058,0.7016668319702148,0.7429767847061157,-0.01617741957306862,0.696069598197937,0.6885217428207397,-0.0230507031083107,0.7097975611686707,0.655612587928772,-0.030896319076418877,0.6387307047843933,0.7618430256843567,-0.020608536899089813,0.5830902457237244,0.7386264204978943,-0.029837122187018394,0.550126850605011,0.7261582016944885,-0.037380415946245193,0.5232850909233093,0.7171201705932617,-0.043572571128606796,0.6235800385475159,0.8026284575462341,-0.023391934111714363,0.5642153024673462,0.7729812860488892,-0.03200173377990723,0.5283248424530029,0.7540642023086548,-0.03886215388774872,0.5017535090446472,0.7385669946670532,-0.045028287917375565,0.6163790225982666,0.8397737741470337,-0.02591441199183464,0.5635198950767517,0.8104159235954285,-0.032594867050647736,0.5310510396957397,0.7890978455543518,-0.03826601058244705,0.5071063041687012,0.7733970880508423,-0.04298945888876915,0.6158068180084229,0.871299147605896,-0.028976505622267723,0.5745264887809753,0.8463993668556213,-0.035158731043338776,0.547864556312561,0.8301719427108765,-0.03823446109890938,0.5273098349571228,0.8149086833000183,-0.04034188389778137,0.19719861447811127,0.8616748452186584,2.1186215803936648e-07,0.19666075706481934,0.7976246476173401,-0.014095480553805828,0.20811554789543152,0.745172381401062,-0.027669357135891914,0.21759745478630066,0.7022432088851929,-0.039419498294591904,0.22085842490196228,0.6703704595565796,-0.05226638913154602,0.26233625411987305,0.754197359085083,-0.03610251843929291,0.3156944513320923,0.7191265225410461,-0.05087537690997124,0.348498672246933,0.7017710208892822,-0.057674117386341095,0.37244027853012085,0.6903880834579468,-0.06121664494276047,0.27733200788497925,0.7895958423614502,-0.03649979084730148,0.33272984623908997,0.7493122220039368,-0.04924938455224037,0.3680785000324249,0.7243433594703674,-0.05582224577665329,0.39501774311065674,0.7054458856582642,-0.0600578635931015,0.2863667607307434,0.8221924901008606,-0.03675541654229164,0.3364216089248657,0.7831267714500427,-0.046056292951107025,0.3670351207256317,0.76180499792099,-0.05300073325634003,0.3904971182346344,0.7444038391113281,-0.05727748945355415,0.29018059372901917,0.8519248366355896,-0.03769075125455856,0.3318280577659607,0.8270964622497559,-0.04561090096831322,0.3568739891052246,0.8101907968521118,-0.04911217465996742,0.3757646381855011,0.7928873896598816,-0.05033770948648453,WE
0.723064124584198,0.8704177737236023,1.7718502931529656e-07,0.719321072101593,0.8059775829315186,-0.007144932169467211,0.6982957720756531,0.7464327216148376,-0.016133973374962807,0.6901087760925293,0.6942746639251709,-0.024292269721627235,0.7016068696975708,0.6593993902206421,-0.03369954228401184,0.6385371088981628,0.7692766189575195,-0.022889189422130585,0.5817064642906189,0.7519996166229248,-0.03406580165028572,0.5470332503318787,0.7434144020080566,-0.04281838610768318,0.5181719660758972,0.7383944392204285,-0.04961736872792244,0.6241331696510315,0.8102450370788574,-0.026732536032795906,0.5629598498344421,0.7857121825218201,-0.037492863833904266,0.5251510143280029,0.7684963941574097,-0.0455281138420105,0.4964427053928375,0.7542835474014282,-0.05228350684046745,0.6164007782936096,0.8469105958938599,-0.02991841547191143,0.5611403584480286,0.8220607042312622,-0.03791820630431175,0.5273199677467346,0.8027839660644531,-0.04338908568024635,0.5023011565208435,0.7886632680892944,-0.0475686714053154,0.615458607673645,0.8773292899131775,-0.03342392295598984,0.5709635019302368,0.8550605773925781,-0.039559829980134964,0.5433670282363892,0.8394669890403748,-0.04158879816532135,0.522460401058197,0.8253704905509949,-0.04269390180706978,0.19107288122177124,0.8617540001869202,1.639109825646301e-07,0.19214236736297607,0.7948447465896606,-0.014564573764801025,0.2124805450439453,0.7439553737640381,-0.025284294039011,0.23624370992183685,0.7119981646537781,-0.032800041139125824,0.25326287746429443,0.6893965005874634,-0.04067525640130043,0.2587805390357971,0.7560028433799744,-0.03866254910826683,0.31516844034194946,0.724854052066803,-0.05363800749182701,0.34961140155792236,0.7088322043418884,-0.059145309031009674,0.3752613663673401,0.6981625556945801,-0.06150074675679207,0.2733290493488312,0.7956133484840393,-0.037243448197841644,0.33357906341552734,0.7584373950958252,-0.05176553875207901,0.3708139657974243,0.7337971925735474,-0.05701333284378052,0.3992313742637634,0.7155400514602661,-0.059586625546216965,0.2816510498523712,0.8283681869506836,-0.035507600754499435,0.33485791087150574,0.7914978861808777,-0.04700774699449539,0.368435800075531,0.7684682011604309,-0.053264014422893524,0.3939679265022278,0.7496880292892456,-0.056176699697971344,0.2842165529727936,0.8548628687858582,-0.03421209380030632,0.3261709213256836,0.8317380547523499,-0.043118689209222794,0.3517110347747803,0.8148190379142761,-0.04684150591492653,0.37133821845054626,0.7981117367744446,-0.04791002720594406,WE
0.7406100034713745,0.8251842260360718,1.484052347677789e-07,0.7182068824768066,0.7579768896102905,-0.006686683278530836,0.6799333095550537,0.7041878700256348,-0.01473906822502613,0.6571168303489685,0.6586722731590271,-0.022278504446148872,0.6648886799812317,0.61602783203125,-0.03156726807355881,0.6293479800224304,0.7562911510467529,-0.020673716440796852,0.5674534440040588,0.768341600894928,-0.031628020107746124,0.5307933688163757,0.7775989174842834,-0.04083052650094032,0.5011271834373474,0.7869712710380554,-0.048135481774806976,0.6249284148216248,0.8030032515525818,-0.02486543357372284,0.5591059923171997,0.8089999556541443,-0.033625975251197815,0.5172452926635742,0.8122949004173279,-0.04178979620337486,0.4858587682247162,0.8147682547569275,-0.04932378605008125,0.6281668543815613,0.8427446484565735,-0.02850663661956787,0.5674676299095154,0.8476647734642029,-0.03598619997501373,0.5292379856109619,0.8483014702796936,-0.04257356375455856,0.5007629990577698,0.8485751748085022,-0.04810347780585289,0.6359004974365234,0.8747609257698059,-0.03238428384065628,0.5883198380470276,0.8773741126060486,-0.038879573345184326,0.5586997866630554,0.8775767087936401,-0.04192657768726349,0.5345479249954224,0.8748819231987,-0.04412315413355827,0.16042789816856384,0.8189923167228699,3.795337875089899e-07,0.1749158650636673,0.7467736601829529,-0.011461575515568256,0.20093613862991333,0.6959748268127441,-0.026542579755187035,0.2172553837299347,0.6485283374786377,-0.04059155285358429,0.2198268473148346,0.6055126190185547,-0.05618667230010033,0.2644224464893341,0.7337645888328552,-0.03281329199671745,0.32584041357040405,0.7345297932624817,-0.045745719224214554,0.3636028468608856,0.736488401889801,-0.05325590819120407,0.39159759879112244,0.7376921772956848,-0.05766792222857475,0.26966217160224915,0.776642382144928,-0.03470376506447792,0.33573096990585327,0.7736473083496094,-0.0427049919962883,0.3754926323890686,0.7701374888420105,-0.04780943691730499,0.40631526708602905,0.766423225402832,-0.051994260400533676,0.26837241649627686,0.8161381483078003,-0.0361432321369648,0.32811078429222107,0.8108465075492859,-0.03994163125753403,0.36419203877449036,0.8078127503395081,-0.045595183968544006,0.3913234770298004,0.8027369379997253,-0.05071720480918884,0.2627866268157959,0.850355327129364,-0.038228828459978104,0.30940964818000793,0.8465903997421265,-0.04160861298441887,0.33739301562309265,0.8421769142150879,-0.04301775246858597,0.36042869091033936,0.8338804244995117,-0.043726012110710144,WE
0.13976255059242249,0.8030046224594116,2.980058866342006e-07,0.151909738779068,0.7315863370895386,-0.013224205933511257,0.17430876195430756,0.6746872067451477,-0.028686288744211197,0.18596354126930237,0.6250172257423401,-0.0428442656993866,0.18617621064186096,0.5830735564231873,-0.058635640889406204,0.23430798947811127,0.7095882892608643,-0.036563441157341,0.2948947548866272,0.6918505430221558,-0.05067336931824684,0.3316223621368408,0.6846465468406677,-0.05795701593160629,0.3590216636657715,0.6791917681694031,-0.0622083954513073,0.24286425113677979,0.750815212726593,-0.037469979375600815,0.30755922198295593,0.7294714450836182,-0.04907847195863724,0.3464874029159546,0.7171523571014404,-0.0561494305729866,0.37688231468200684,0.7083469033241272,-0.06131143495440483,0.24535061419010162,0.7891835570335388,-0.037759896367788315,0.30380427837371826,0.7677192687988281,-0.04503752663731575,0.3401203155517578,0.7558679580688477,-0.05225979536771774,0.36776262521743774,0.7446937561035156,-0.05759332329034805,0.2431153655052185,0.8235160708427429,-0.038643885403871536,0.29092517495155334,0.8125848770141602,-0.04401011019945145,0.31915393471717834,0.8032008409500122,-0.04622583091259003,0.3414871096611023,0.7919511198997498,-0.047126710414886475,0.7453699111938477,0.8035396337509155,1.71617287492154e-07,0.7268620729446411,0.7351815700531006,-0.0035330529790371656,0.6947240829467773,0.6708765625953674,-0.009359779767692089,0.6833792328834534,0.6167704463005066,-0.014720069244503975,0.6981252431869507,0.5787479877471924,-0.022087998688220978,0.6446626782417297,0.7081623673439026,-0.021782372146844864,0.584952712059021,0.696628987789154,-0.030795354396104813,0.547344446182251,0.6896446347236633,-0.03751275688409805,0.5160039067268372,0.6854058504104614,-0.04349206015467644,0.6343669295310974,0.7524341344833374,-0.027371123433113098,0.5704303979873657,0.7358923554420471,-0.03503851220011711,0.5295194983482361,0.7236918210983276,-0.04128199815750122,0.49905192852020264,0.7135536074638367,-0.04769572243094444,0.6309146285057068,0.7926957607269287,-0.03200851380825043,0.5725884437561035,0.7757103443145752,-0.03859108313918114,0.5354375839233398,0.7614538669586182,-0.04464837163686752,0.5082337856292725,0.7510356903076172,-0.05002371966838837,0.6326540112495422,0.827578067779541,-0.03666112944483757,0.5874181985855103,0.8140006065368652,-0.04438966140151024,0.5579626560211182,0.8042005300521851,-0.0487656369805336,0.5339545607566833,0.7931709289550781,-0.05185040086507797,WE
0.7113914489746094,0.8457098603248596,1.1409068889634e-07,0.6973427534103394,0.7820238471031189,-0.0027274489402770996,0.6653992533683777,0.7239652872085571,-0.007497061975300312,0.6435557007789612,0.6749001145362854,-0.011751372367143631,0.6462383270263672,0.6350758075714111,-0.01807107962667942,0.61810302734375,0.7496944665908813,-0.021645594388246536,0.5601786375045776,0.7377475500106812,-0.03087029792368412,0.5252207517623901,0.7304992079734802,-0.03771653398871422,0.49627047777175903,0.7251189947128296,-0.04370241239666939,0.6078757047653198,0.7907219529151917,-0.02753284201025963,0.5452414155006409,0.7727574110031128,-0.036019451916217804,0.5061517953872681,0.7598122358322144,-0.04332292452454567,0.4763326644897461,0.7487635016441345,-0.05044957622885704,0.6041469573974609,0.8314796686172485,-0.03224517032504082,0.5466490387916565,0.8126823306083679,-0.04032186418771744,0.5116562843322754,0.7991515398025513,-0.046823665499687195,0.4846940040588379,0.7881075143814087,-0.05260418727993965,0.6055238842964172,0.8702647686004639,-0.03648793697357178,0.5599492192268372,0.856683611869812,-0.04487959295511246,0.5338420867919922,0.8459663391113281,-0.04877595975995064,0.5124020576477051,0.8335497379302979,-0.05167971923947334,0.19076035916805267,0.8270630240440369,1.8715554972459358e-07,0.20264965295791626,0.7578912973403931,-0.011621774174273014,0.2284659743309021,0.7053960561752319,-0.02486228384077549,0.2473669946193695,0.6641510725021362,-0.036797668784856796,0.2550288438796997,0.6277502775192261,-0.05034378916025162,0.28281623125076294,0.7413564920425415,-0.03442313149571419,0.3409838378429413,0.7249934673309326,-0.04658498615026474,0.37374576926231384,0.7182279229164124,-0.052993353456258774,0.3987322449684143,0.7129116058349609,-0.056954819709062576,0.2889852225780487,0.7820590734481812,-0.035492364317178726,0.3494170010089874,0.7590023875236511,-0.045739270746707916,0.3869802951812744,0.7459179759025574,-0.053192541003227234,0.417344868183136,0.7365461587905884,-0.059230342507362366,0.288150429725647,0.8208770751953125,-0.03593946993350983,0.3445240259170532,0.7997581958770752,-0.0441184900701046,0.3785526752471924,0.788036584854126,-0.05346266180276871,0.4034111201763153,0.7769774198532104,-0.060434065759181976,0.28416281938552856,0.8573348522186279,-0.036580897867679596,0.3305049240589142,0.8465501070022583,-0.04475346952676773,0.3589034974575043,0.8371164798736572,-0.05048142001032829,0.38184577226638794,0.8258688449859619,-0.05413147434592247,WE
0.18099474906921387,0.8168330788612366,2.4076973659248324e-07,0.1876259744167328,0.7518138289451599,-0.01289917528629303,0.20612898468971252,0.7004209756851196,-0.02623623237013817,0.21981391310691833,0.6566771864891052,-0.03809035196900368,0.224833145737648,0.6209936738014221,-0.051511432975530624,0.26590749621391296,0.7188820242881775,-0.03481835126876831,0.32231560349464417,0.6983460187911987,-0.05018901824951172,0.35799694061279297,0.6889766454696655,-0.05766461789608002,0.384429931640625,0.6830582022666931,-0.06162675470113754,0.27583256363868713,0.7595462203025818,-0.035711005330085754,0.337127685546875,0.7337134480476379,-0.04920801892876625,0.37595340609550476,0.7166471481323242,-0.05626252293586731,0.4058936834335327,0.7034398317337036,-0.06074082851409912,0.2798156440258026,0.7952654361724854,-0.03642553836107254,0.3358246088027954,0.7687907814979553,-0.04617706686258316,0.3707297444343567,0.7526847124099731,-0.05369554087519646,0.397685170173645,0.738093376159668,-0.05832821875810623,0.27903473377227783,0.8260744214057922,-0.037669505923986435,0.32408344745635986,0.8089675307273865,-0.044951483607292175,0.3517322838306427,0.7965665459632874,-0.04852588102221489,0.3736993670463562,0.7820793986320496,-0.0500088594853878,0.7198683023452759,0.8257989287376404,2.129316811760873e-07,0.712374210357666,0.7606465816497803,-0.008393604308366776,0.6894663572311401,0.7019662261009216,-0.017956789582967758,0.6775562763214111,0.6521732807159424,-0.026766300201416016,0.6849849820137024,0.6137787103652954,-0.03721797838807106,0.632587194442749,0.7289181351661682,-0.025530792772769928,0.574432373046875,0.7132082581520081,-0.037975311279296875,0.5382826924324036,0.7034477591514587,-0.04727150499820709,0.5086499452590942,0.6973444819450378,-0.054600413888692856,0.6195634603500366,0.7714884877204895,-0.030030271038413048,0.5577472448348999,0.7503309845924377,-0.042096495628356934,0.517952024936676,0.7354365587234497,-0.051448505371809006,0.4879729747772217,0.723530113697052,-0.059343528002500534,0.6135063767433167,0.8114744424819946,-0.03399885073304176,0.557850182056427,0.7889333963394165,-0.044444527477025986,0.5221004486083984,0.7728022336959839,-0.05176270380616188,0.4954741299152374,0.7612160444259644,-0.057198457419872284,0.6134331226348877,0.8471267819404602,-0.038184553384780884,0.5704959630966187,0.8265848159790039,-0.047314297407865524,0.5428463220596313,0.8129369616508484,-0.05129951611161232,0.5205949544906616,0.8004446029663086,-0.053719453513622284,WE
0.7113125324249268,0.859400749206543,2.0195901129227423e-07,0.7130641937255859,0.7931774258613586,-0.008641570806503296,0.6957167387008667,0.7230807542800903,-0.017425090074539185,0.6915253400802612,0.666872501373291,-0.02548994868993759,0.7072142362594604,0.6335474252700806,-0.03554360195994377,0.642648458480835,0.7358049154281616,-0.025693928822875023,0.5892694592475891,0.703891396522522,-0.03826937451958656,0.5562670826911926,0.684136688709259,-0.04740229621529579,0.5285633206367493,0.6684551239013672,-0.054618559777736664,0.6257084608078003,0.773865818977356,-0.03053131513297558,0.5678377151489258,0.7360903024673462,-0.04271402955055237,0.53133624792099,0.7101976275444031,-0.0516916885972023,0.5038861036300659,0.6896074414253235,-0.05901792645454407,0.6140301823616028,0.8128013014793396,-0.03500968590378761,0.5607900023460388,0.7753432393074036,-0.0461844727396965,0.5282852649688721,0.7498375177383423,-0.05343165621161461,0.5039094686508179,0.730753481388092,-0.058287180960178375,0.6079326272010803,0.8496258854866028,-0.0397179089486599,0.5673136711120605,0.8176376223564148,-0.048585936427116394,0.543114423751831,0.7975062727928162,-0.05197460949420929,0.5244237780570984,0.7790600061416626,-0.053890254348516464,0.16032466292381287,0.7627352476119995,3.136524071578606e-07,0.16903609037399292,0.6849095821380615,-0.010339796543121338,0.1930437684059143,0.6265188455581665,-0.023020384833216667,0.20573583245277405,0.5791037678718567,-0.034826818853616714,0.2027255892753601,0.5387872457504272,-0.04807610809803009,0.2607279419898987,0.6653261780738831,-0.02902221865952015,0.3236078917980194,0.6500445604324341,-0.03978957235813141,0.36145052313804626,0.6439357995986938,-0.04509570077061653,0.3889142870903015,0.6381276249885559,-0.048067521303892136,0.2694111168384552,0.7077993154525757,-0.030488859862089157,0.33706289529800415,0.6864529848098755,-0.03842928633093834,0.3764396607875824,0.6734557151794434,-0.04187241569161415,0.405834823846817,0.6637639999389648,-0.0443476140499115,0.27217578887939453,0.746962308883667,-0.03171508014202118,0.33416491746902466,0.7261436581611633,-0.03623780608177185,0.37010592222213745,0.7127202153205872,-0.040945105254650116,0.39643657207489014,0.7003207802772522,-0.0444515198469162,0.2707776725292206,0.7827522158622742,-0.03354377672076225,0.32125124335289,0.7692642211914062,-0.03750608488917351,0.3505765199661255,0.7582364082336426,-0.03888983279466629,0.37484028935432434,0.7453308701515198,-0.039059922099113464,WE
0.7588634490966797,0.7965300679206848,1.0384290050069467e-07,0.7395878434181213,0.7156936526298523,-0.0032110989559441805,0.7002672553062439,0.655267059803009,-0.007278667762875557,0.6773762702941895,0.5997524857521057,-0.01038131769746542,0.6905331611633301,0.5586025714874268,-0.015808843076229095,0.6412225365638733,0.6999539136886597,-0.014630611054599285,0.57442706823349,0.7057316899299622,-0.020971430465579033,0.5354739427566528,0.712227463722229,-0.027461059391498566,0.5036264657974243,0.7182329297065735,-0.03294963762164116,0.6354039907455444,0.7471446394920349,-0.017657531425356865,0.5630027651786804,0.7495805025100708,-0.022362353280186653,0.5198571085929871,0.7504717111587524,-0.02937963418662548,0.4886281490325928,0.7525995373725891,-0.036158107221126556,0.6369856595993042,0.7887469530105591,-0.01935805380344391,0.5700242519378662,0.7925050854682922,-0.024406971409916878,0.5301914215087891,0.7887012362480164,-0.03068028762936592,0.5016500949859619,0.7866181135177612,-0.03545438125729561,0.6448626518249512,0.8242266178131104,-0.02067357301712036,0.5903608798980713,0.8197046518325806,-0.02536027319729328,0.5593656897544861,0.8172727227210999,-0.026757312938570976,0.5341614484786987,0.8113723993301392,-0.027307892218232155,0.13885195553302765,0.7486025094985962,3.6142131421001977e-07,0.16403549909591675,0.6777949929237366,-0.008328578434884548,0.1990528404712677,0.627605676651001,-0.021940413862466812,0.221053346991539,0.5799265503883362,-0.03522862493991852,0.22918102145195007,0.5360464453697205,-0.050132717937231064,0.2619534432888031,0.6792234778404236,-0.028930624946951866,0.3245229721069336,0.6923585534095764,-0.040624942630529404,0.3617950975894928,0.7020778656005859,-0.04659305885434151,0.38904696702957153,0.7088517546653748,-0.04991360381245613,0.2614332437515259,0.7250476479530334,-0.03262915089726448,0.32994502782821655,0.7352627515792847,-0.04046555235981941,0.36998045444488525,0.7405214905738831,-0.044348858296871185,0.400706946849823,0.7445336580276489,-0.04748024791479111,0.25491589307785034,0.7666516900062561,-0.035990748554468155,0.3189895749092102,0.7721947431564331,-0.04013368487358093,0.35634559392929077,0.7763517498970032,-0.04489866644144058,0.38550931215286255,0.7775075435638428,-0.04911811649799347,0.2444186806678772,0.8025171756744385,-0.03975795954465866,0.2954699993133545,0.8060189485549927,-0.04268421232700348,0.32595324516296387,0.8073446154594421,-0.0432632677257061,0.35232600569725037,0.8053301572799683,-0.04335234686732292,WE
0.17149341106414795,0.8056659698486328,3.427833803471003e-07,0.1721729040145874,0.7355004549026489,-0.013326342217624187,0.18757249414920807,0.6780096292495728,-0.028584027662873268,0.19558227062225342,0.6287604570388794,-0.04250965267419815,0.1942179799079895,0.5910460948944092,-0.058002620935440063,0.24731045961380005,0.7019591331481934,-0.03556894510984421,0.3060992956161499,0.6821512579917908,-0.049590080976486206,0.3427640199661255,0.6714467406272888,-0.05663546174764633,0.36922550201416016,0.6631187796592712,-0.060392048209905624,0.25889480113983154,0.742828369140625,-0.03676643595099449,0.32215607166290283,0.7161418795585632,-0.04817903786897659,0.3602336049079895,0.699591338634491,-0.05436744540929794,0.3894078731536865,0.6867108941078186,-0.0583735927939415,0.2656322419643402,0.7803971171379089,-0.03759382665157318,0.32378077507019043,0.7542957663536072,-0.04571639373898506,0.3599776029586792,0.7366551756858826,-0.05233675613999367,0.3869474232196808,0.7217169404029846,-0.05659084767103195,0.2683853209018707,0.8131608963012695,-0.03894634544849396,0.3160574436187744,0.7944464087486267,-0.04572967812418938,0.3449949324131012,0.7796310782432556,-0.04822544381022453,0.36757218837738037,0.7639521956443787,-0.04877990484237671,0.7230471968650818,0.82875657081604,1.229367541100146e-07,0.7190521955490112,0.7619773745536804,-0.005582027602940798,0.694304347038269,0.6946312189102173,-0.012818921357393265,0.6849019527435303,0.640038788318634,-0.01918143220245838,0.6935550570487976,0.6044039726257324,-0.02779874950647354,0.6472262740135193,0.7147561311721802,-0.02575940079987049,0.5863785147666931,0.6969716548919678,-0.036953892558813095,0.5497652888298035,0.6871659755706787,-0.04483303427696228,0.5199213027954102,0.6801555156707764,-0.05103490129113197,0.6329345107078552,0.7568456530570984,-0.030588241294026375,0.5687858462333679,0.7335737943649292,-0.04063181206583977,0.5294153094291687,0.7191349267959595,-0.04833582043647766,0.5006024837493896,0.7083957195281982,-0.055397309362888336,0.6236850619316101,0.7979757189750671,-0.034559208899736404,0.5642087459564209,0.7730951309204102,-0.04321085661649704,0.5274744629859924,0.7562763690948486,-0.04994027689099312,0.5005394220352173,0.7452552914619446,-0.055473510175943375,0.6192623376846313,0.8348599076271057,-0.038353338837623596,0.5727763772010803,0.8121578693389893,-0.04657035693526268,0.543563961982727,0.7980763912200928,-0.050560835748910904,0.5201513171195984,0.783953070640564,-0.0533028170466423,WE
0.7201006412506104,0.852048397064209,6.609840141891254e-08,0.7067168951034546,0.7833515405654907,-0.0023545424919575453,0.6775687336921692,0.7168212532997131,-0.008292045444250107,0.6656908392906189,0.6637343168258667,-0.014526274986565113,0.6767517328262329,0.6310514211654663,-0.023225268349051476,0.629016101360321,0.7358862161636353,-0.018970802426338196,0.5687716603279114,0.7212732434272766,-0.030039608478546143,0.5326357483863831,0.7149752974510193,-0.03888930007815361,0.5019233226776123,0.7106502056121826,-0.04597078636288643,0.6172945499420166,0.7775018811225891,-0.02639572136104107,0.5514218211174011,0.7578746676445007,-0.03621052950620651,0.5111747980117798,0.7475628852844238,-0.04450363665819168,0.48076650500297546,0.7393078207969666,-0.05200648307800293,0.6105998754501343,0.8191826343536377,-0.03298751264810562,0.5479886531829834,0.7970935702323914,-0.04258018732070923,0.5100692510604858,0.783428966999054,-0.049333393573760986,0.48150360584259033,0.774344801902771,-0.05453873425722122,0.6086964011192322,0.8586408495903015,-0.03923040255904198,0.5579992532730103,0.8375694155693054,-0.048082057386636734,0.5282984375953674,0.8259894251823425,-0.051263365894556046,0.5044371485710144,0.8141229152679443,-0.05319330096244812,0.17369557917118073,0.8392467498779297,3.139524835660268e-07,0.17743203043937683,0.7627303004264832,-0.016045980155467987,0.19619373977184296,0.6995427012443542,-0.031448978930711746,0.20715369284152985,0.648429274559021,-0.04490336403250694,0.20680904388427734,0.6090906858444214,-0.05952626094222069,0.26010411977767944,0.7288884520530701,-0.03705566003918648,0.31942087411880493,0.709990918636322,-0.05010228604078293,0.35587698221206665,0.7021342515945435,-0.05639350786805153,0.38238275051116943,0.6963332891464233,-0.059864647686481476,0.2712613642215729,0.7709963917732239,-0.03617909178137779,0.33518072962760925,0.7462809681892395,-0.046009209007024765,0.374177485704422,0.731702983379364,-0.05133148282766342,0.4034019112586975,0.7207440733909607,-0.055480118840932846,0.27654004096984863,0.8097472190856934,-0.03525415062904358,0.3351212441921234,0.7833256721496582,-0.04162470996379852,0.37076708674430847,0.7671190500259399,-0.048621706664562225,0.39703822135925293,0.7526897192001343,-0.05402756854891777,0.2776184678077698,0.8443335294723511,-0.035305481404066086,0.32564055919647217,0.826513946056366,-0.04194251820445061,0.3543422520160675,0.8124285340309143,-0.046275436878204346,0.37718403339385986,0.7965071201324463,-0.04868663102388382,WE
0.18071332573890686,0.8328209519386292,3.361569156368205e-07,0.1859315037727356,0.7613195776939392,-0.01662331633269787,0.20229673385620117,0.7012785077095032,-0.03405017778277397,0.20963940024375916,0.6498213410377502,-0.049894217401742935,0.20589037239551544,0.6088935732841492,-0.06725436449050903,0.2625730633735657,0.7286972403526306,-0.03903510794043541,0.32075974345207214,0.7115021347999573,-0.05453186854720116,0.3563600480556488,0.7048536539077759,-0.06284330785274506,0.381905198097229,0.7006604075431824,-0.06778188049793243,0.2742311358451843,0.7686392664909363,-0.03934348002076149,0.33719387650489807,0.7474411725997925,-0.05163363367319107,0.3755991458892822,0.7347028851509094,-0.05894432216882706,0.40456247329711914,0.7244245409965515,-0.06434202194213867,0.28021085262298584,0.8066355586051941,-0.0396791435778141,0.33660608530044556,0.7832688093185425,-0.04759037867188454,0.37209728360176086,0.7690806984901428,-0.055210743099451065,0.3986572027206421,0.756222665309906,-0.06110798195004463,0.2813997268676758,0.8417054414749146,-0.04107097163796425,0.32713979482650757,0.8253718614578247,-0.04825020581483841,0.3552510440349579,0.8120959401130676,-0.052051473408937454,0.37736189365386963,0.7971552610397339,-0.05419513210654259,0.7147921919822693,0.8443152904510498,7.885656572170774e-08,0.7024417519569397,0.7771141529083252,-0.002010018564760685,0.6749370694160461,0.7136937975883484,-0.007997863925993443,0.6620774865150452,0.6619471907615662,-0.01414536964148283,0.6717119812965393,0.6265372037887573,-0.022496851161122322,0.6263769268989563,0.7332634925842285,-0.019543685019016266,0.565071702003479,0.7198460102081299,-0.030539492145180702,0.5287164449691772,0.7137239575386047,-0.03887335583567619,0.4983479678630829,0.7098987102508545,-0.04541628062725067,0.614302933216095,0.7768459916114807,-0.026659660041332245,0.5487382411956787,0.7580130100250244,-0.0368003323674202,0.5089659690856934,0.7473730444908142,-0.04458470642566681,0.47938817739486694,0.738852322101593,-0.05152696371078491,0.6077974438667297,0.8189048171043396,-0.032890435308218,0.5468544960021973,0.7978029847145081,-0.04225847125053406,0.5098183751106262,0.7837275862693787,-0.04844345897436142,0.4823914170265198,0.7737118601799011,-0.05318104848265648,0.606410801410675,0.8570342659950256,-0.03873097896575928,0.5566624402999878,0.836738646030426,-0.04726501926779747,0.5272602438926697,0.8250507116317749,-0.05030360072851181,0.5038679242134094,0.8124058246612549,-0.052065424621105194,WE
0.185468852519989,0.8330725431442261,2.4698010747670196e-07,0.19441291689872742,0.7671259641647339,-0.0072336080484092236,0.2242477536201477,0.7136911153793335,-0.01575063355267048,0.2463786005973816,0.6722734570503235,-0.023253537714481354,0.24576224386692047,0.6337181329727173,-0.031781457364559174,0.2629326283931732,0.7246751189231873,-0.027962854132056236,0.32277607917785645,0.7086493968963623,-0.04028347507119179,0.35911476612091064,0.7007122039794922,-0.04564710706472397,0.3856322467327118,0.6948403120040894,-0.04819905012845993,0.2734150290489197,0.7645673155784607,-0.03066989779472351,0.33843520283699036,0.7438389658927917,-0.04108051583170891,0.3778681755065918,0.7308087944984436,-0.04556458815932274,0.40807968378067017,0.7195903062820435,-0.04814804717898369,0.280534952878952,0.8033916354179382,-0.032780662178993225,0.3390336036682129,0.7801323533058167,-0.040097303688526154,0.37501001358032227,0.7659090757369995,-0.04548587650060654,0.4011041522026062,0.7521621584892273,-0.04875166341662407,0.2848624885082245,0.8391916751861572,-0.03497646376490593,0.3298923969268799,0.820706844329834,-0.04013242572546005,0.3573424816131592,0.8077188730239868,-0.042446933686733246,0.37955230474472046,0.7928087711334229,-0.043399468064308167,0.7140130996704102,0.8411688804626465,3.3340079141908063e-08,0.7012149691581726,0.7750393152236938,0.00031527443206869066,0.6667723059654236,0.7199427485466003,-0.0038056548219174147,0.6361938118934631,0.6800491213798523,-0.007866479456424713,0.6323252320289612,0.6458826661109924,-0.014150209724903107,0.6257057189941406,0.7322052717208862,-0.018013501539826393,0.5632616281509399,0.7169821858406067,-0.02805217169225216,0.5271154046058655,0.7099153995513916,-0.03502407670021057,0.4966173768043518,0.7052204012870789,-0.040520478039979935,0.6141164898872375,0.772817075252533,-0.02511964552104473,0.5471720695495605,0.7528830170631409,-0.03542514890432358,0.5071115493774414,0.7420753240585327,-0.04337172210216522,0.47708889842033386,0.7335058450698853,-0.05017409101128578,0.6069046258926392,0.8133960962295532,-0.030791589990258217,0.5438798069953918,0.791009247303009,-0.04039470851421356,0.5063002109527588,0.7775774002075195,-0.04623367637395859,0.4778713583946228,0.7678090333938599,-0.0506141372025013,0.6045551896095276,0.8530761003494263,-0.03555246815085411,0.5523962378501892,0.8318040370941162,-0.04476143792271614,0.5236940979957581,0.82096266746521,-0.04779382795095444,0.4997932016849518,0.8089110851287842,-0.04925758019089699,WE
0.18611927330493927,0.8352847695350647,3.0279028351287707e-07,0.17861495912075043,0.7727923393249512,-0.018838712945580482,0.1991356611251831,0.7267834544181824,-0.03247084468603134,0.22726622223854065,0.6946856379508972,-0.04202527180314064,0.24030935764312744,0.6590595245361328,-0.05220181122422218,0.25389036536216736,0.7267903089523315,-0.044846415519714355,0.3144313395023346,0.7056653499603271,-0.05907169356942177,0.3508897125720978,0.6950544118881226,-0.06417418271303177,0.3781565725803375,0.6888987421989441,-0.06620009243488312,0.26627546548843384,0.7649659514427185,-0.04131891578435898,0.33053916692733765,0.7368849515914917,-0.05410156399011612,0.36950618028640747,0.7205795645713806,-0.05830483138561249,0.40000998973846436,0.7102463245391846,-0.060482487082481384,0.27393364906311035,0.8002603054046631,-0.03742974251508713,0.3331153988838196,0.771289050579071,-0.04742753133177757,0.3680204749107361,0.7549253702163696,-0.052656397223472595,0.39452317357063293,0.7425900101661682,-0.05518502742052078,0.2783834636211395,0.8315162658691406,-0.034272871911525726,0.3258601725101471,0.8107942938804626,-0.04145106300711632,0.35366111993789673,0.7992761135101318,-0.04465995728969574,0.37570345401763916,0.7876613140106201,-0.04582296684384346,0.7081044316291809,0.834634006023407,1.0870820688069216e-07,0.7074390053749084,0.7734589576721191,-0.0060359882190823555,0.6713433265686035,0.7222864627838135,-0.01117750909179449,0.6369538903236389,0.690133273601532,-0.015063942410051823,0.6358325481414795,0.6690472364425659,-0.02098696306347847,0.6224875450134277,0.7290634512901306,-0.02021838165819645,0.56357342004776,0.7171659469604492,-0.030803432688117027,0.525542676448822,0.7100633382797241,-0.03863136097788811,0.4938524663448334,0.707466721534729,-0.044711142778396606,0.6111108660697937,0.769315242767334,-0.023967504501342773,0.5450644493103027,0.7499704957008362,-0.03438931331038475,0.49967023730278015,0.7365890145301819,-0.04328113794326782,0.4659246802330017,0.7285541892051697,-0.05063784122467041,0.6046018004417419,0.8052951693534851,-0.027022134512662888,0.5431445837020874,0.7836604714393616,-0.0370965301990509,0.5013148784637451,0.7687240242958069,-0.04532231017947197,0.47014138102531433,0.7586588263511658,-0.05096614733338356,0.6024155020713806,0.839287519454956,-0.029806844890117645,0.5506055355072021,0.8179064393043518,-0.04010419920086861,0.5176224708557129,0.803034245967865,-0.04611002653837204,0.4910149574279785,0.7880561351776123,-0.04982418566942215,WE
0.7006711959838867,0.8298997282981873,1.1319102810602999e-07,0.6934413909912109,0.7695134878158569,-0.0017038413789123297,0.6594418287277222,0.7222518920898438,-0.005045873112976551,0.6272206902503967,0.6906641721725464,-0.007602097932249308,0.6240360736846924,0.6632461547851562,-0.011840040795505047,0.6149765849113464,0.7309703230857849,-0.019172608852386475,0.5568079352378845,0.7177457213401794,-0.02851685881614685,0.520566999912262,0.7106205821037292,-0.03405606001615524,0.49082350730895996,0.7072427868843079,-0.038263846188783646,0.603178083896637,0.7720692753791809,-0.023942291736602783,0.5381357073783875,0.7550528049468994,-0.03430593013763428,0.49686506390571594,0.7437158823013306,-0.04075006768107414,0.4660634398460388,0.7348989248275757,-0.04564976692199707,0.5966739654541016,0.811229944229126,-0.027521247044205666,0.5367674827575684,0.7924136519432068,-0.037101276218891144,0.49910762906074524,0.778971791267395,-0.04322081804275513,0.4712342619895935,0.7693507075309753,-0.04694543778896332,0.5956727862358093,0.8478133082389832,-0.03032860904932022,0.5449446439743042,0.8291245698928833,-0.039630990475416183,0.5157437920570374,0.8168285489082336,-0.043919045478105545,0.4929776191711426,0.8038512468338013,-0.04581594094634056,0.19281554222106934,0.8442288637161255,1.9081991808889143e-07,0.19205555319786072,0.7794409394264221,-0.009724808856844902,0.21915434300899506,0.7319362163543701,-0.016598142683506012,0.2502327561378479,0.6992322206497192,-0.020759515464305878,0.262703537940979,0.6650353074073792,-0.02550182119011879,0.26776593923568726,0.737851083278656,-0.029653796926140785,0.32847630977630615,0.7194127440452576,-0.03953694924712181,0.3645559847354889,0.7093172073364258,-0.042625121772289276,0.3914646804332733,0.7021140456199646,-0.04347694665193558,0.2794887125492096,0.7771135568618774,-0.02856728807091713,0.3432622253894806,0.7533076405525208,-0.03746192902326584,0.38205060362815857,0.7369393110275269,-0.0399448499083519,0.413276731967926,0.7244753837585449,-0.04078562930226326,0.28598153591156006,0.8135855793952942,-0.026825403794646263,0.34432005882263184,0.7881203889846802,-0.03366411477327347,0.37921229004859924,0.7728323936462402,-0.03783036023378372,0.4061259329319,0.7590761780738831,-0.03954263776540756,0.28905874490737915,0.8452060222625732,-0.02516847848892212,0.33531907200813293,0.8278570771217346,-0.029672250151634216,0.3635252118110657,0.817427933216095,-0.031795673072338104,0.38667920231819153,0.8063355088233948,-0.03222968056797981,WE
0.6990600228309631,0.8358513116836548,1.9044823318381532e-07,0.685680091381073,0.7690037488937378,-0.0022885308135300875,0.6557201743125916,0.7112249135971069,-0.0040163216181099415,0.6353328227996826,0.6601279973983765,-0.0050641330890357494,0.6367493271827698,0.6235427260398865,-0.007774446625262499,0.6046675443649292,0.7336075305938721,-0.01855412870645523,0.5537757277488708,0.6994720101356506,-0.02494836039841175,0.5201143026351929,0.6791898012161255,-0.02888481318950653,0.49244368076324463,0.6643080115318298,-0.033357277512550354,0.5946213603019714,0.7750099897384644,-0.023385584354400635,0.53050696849823,0.7609993815422058,-0.032553937286138535,0.4915394186973572,0.754672646522522,-0.040641333907842636,0.46308183670043945,0.7504560351371765,-0.047422174364328384,0.5942906737327576,0.8186797499656677,-0.026523148640990257,0.5342762470245361,0.8165361881256104,-0.03714100643992424,0.49709296226501465,0.8141016960144043,-0.04537408798933029,0.46985119581222534,0.8136819005012512,-0.05141535773873329,0.6038884520530701,0.8584225177764893,-0.028780734166502953,0.5607505440711975,0.8691044449806213,-0.03946975991129875,0.533700704574585,0.8765537142753601,-0.044236376881599426,0.5108463168144226,0.8792082071304321,-0.04674449563026428,0.18895754218101501,0.838780403137207,2.594824479729141e-07,0.19812721014022827,0.768986701965332,-0.009742352180182934,0.22022607922554016,0.7123949527740479,-0.022313930094242096,0.23515397310256958,0.6623163223266602,-0.03442560136318207,0.23615628480911255,0.6198360323905945,-0.04823223873972893,0.27359139919281006,0.7333362102508545,-0.029368020594120026,0.32715362310409546,0.7017291188240051,-0.042769841849803925,0.36190637946128845,0.6850060224533081,-0.05060608312487602,0.3886330723762512,0.6743388175964355,-0.055940404534339905,0.28673896193504333,0.774170458316803,-0.03422482684254646,0.3458051383495331,0.7515215277671814,-0.04478692263364792,0.3842083215713501,0.7375525236129761,-0.05292996019124985,0.4142727553844452,0.7285725474357605,-0.05963949114084244,0.2916794419288635,0.8159382939338684,-0.039039380848407745,0.349211722612381,0.8047894239425659,-0.04942546412348747,0.38715457916259766,0.7963762879371643,-0.06097475811839104,0.41636621952056885,0.7888885736465454,-0.06930513679981232,0.2908751964569092,0.8555001020431519,-0.04380479454994202,0.33806148171424866,0.8635569214820862,-0.053646694868803024,0.3681811988353729,0.8657569289207458,-0.05994250625371933,0.39291658997535706,0.8639500737190247,-0.06406019628047943,WE
0.7044740915298462,0.826677143573761,7.554218228733589e-08,0.6881294250488281,0.7617583274841309,0.005659290589392185,0.6526464819908142,0.716078519821167,0.006551646627485752,0.6233200430870056,0.6803077459335327,0.006738158408552408,0.6089730262756348,0.6515195965766907,0.004616706632077694,0.6110241413116455,0.7317532896995544,-0.013072158209979534,0.5530477166175842,0.7165443897247314,-0.02048584818840027,0.5175050497055054,0.7073274254798889,-0.02472502738237381,0.4883502125740051,0.7018787860870361,-0.028341343626379967,0.6007001996040344,0.7720539569854736,-0.02157682180404663,0.5368186235427856,0.7557486891746521,-0.03132243454456329,0.49689626693725586,0.747020959854126,-0.037859559059143066,0.46659529209136963,0.7403324246406555,-0.04277344420552254,0.5976837873458862,0.8143683671951294,-0.02830815501511097,0.5374476909637451,0.8014844655990601,-0.03872649744153023,0.49959930777549744,0.7921730279922485,-0.045538369566202164,0.4705779552459717,0.7843650579452515,-0.04993822053074837,0.6022228002548218,0.8556949496269226,-0.033444300293922424,0.5513416528701782,0.8497117161750793,-0.044252511113882065,0.5217270851135254,0.8458340167999268,-0.048642598092556,0.49783918261528015,0.8392249345779419,-0.05054173246026039,0.19411849975585938,0.8097334504127502,2.1698538432701753e-07,0.20896302163600922,0.7446556687355042,-0.009294592775404453,0.24291476607322693,0.6968131065368652,-0.02072797156870365,0.2711445391178131,0.6614345908164978,-0.03145279735326767,0.2809467911720276,0.6235456466674805,-0.043911855667829514,0.2872926592826843,0.719590425491333,-0.03158922865986824,0.34482312202453613,0.7074356079101562,-0.046398453414440155,0.3805592358112335,0.7032496333122253,-0.05479535087943077,0.40852344036102295,0.7001742124557495,-0.060124471783638,0.2938632071018219,0.7615004777908325,-0.03608144819736481,0.3558807671070099,0.7473667860031128,-0.048933763056993484,0.395952433347702,0.7393122911453247,-0.05742546170949936,0.42883214354515076,0.7326120138168335,-0.06358207017183304,0.29367467761039734,0.8041860461235046,-0.04018273949623108,0.35252857208251953,0.7906108498573303,-0.051522549241781235,0.3906116187572479,0.7815176844596863,-0.06097017601132393,0.41942766308784485,0.771321177482605,-0.06732052564620972,0.2890663743019104,0.8452348113059998,-0.0443187840282917,0.33660560846328735,0.8387627005577087,-0.05408092588186264,0.36736708879470825,0.832094669342041,-0.059493985027074814,0.3932957649230957,0.8224822878837585,-0.06268580257892609,WE
0.1827383041381836,0.8686529994010925,1.288332924787028e-07,0.19115808606147766,0.7976385951042175,-0.009313371032476425,0.226203054189682,0.7599793076515198,-0.016053752973675728,0.2656213045120239,0.7527340650558472,-0.01971873641014099,0.2922581136226654,0.756953239440918,-0.023738184943795204,0.25279417634010315,0.7673392295837402,-0.03674213960766792,0.3116138279438019,0.7432063221931458,-0.05227360501885414,0.34845343232154846,0.7309195399284363,-0.057642221450805664,0.3757948577404022,0.7231867909431458,-0.05944060906767845,0.2665923833847046,0.8099977970123291,-0.037081144750118256,0.3292604684829712,0.7800769805908203,-0.05310157313942909,0.3704993724822998,0.7590019702911377,-0.05799375846982002,0.40174710750579834,0.7442187070846558,-0.05959007516503334,0.2747468948364258,0.8473804593086243,-0.03651682659983635,0.33146795630455017,0.8187795877456665,-0.04955219849944115,0.3694545328617096,0.8002278804779053,-0.055148232728242874,0.3981524705886841,0.7857386469841003,-0.05671832337975502,0.27714163064956665,0.8773630261421204,-0.03564957156777382,0.32386866211891174,0.8593252301216125,-0.044897254556417465,0.35260653495788574,0.8467057347297668,-0.047741200774908066,0.3753632605075836,0.8341987729072571,-0.047722265124320984,0.7140471339225769,0.866735577583313,2.547815256548347e-07,0.7091442346572876,0.8005537986755371,-0.00965985655784607,0.6856396794319153,0.7386510372161865,-0.020736398175358772,0.6716302037239075,0.685088038444519,-0.030775833874940872,0.6811788082122803,0.6437377333641052,-0.042748093605041504,0.6259922385215759,0.7629579305648804,-0.026621636003255844,0.5689737796783447,0.7353947162628174,-0.03739704191684723,0.533244252204895,0.7212517261505127,-0.04507986083626747,0.5044714212417603,0.7129186987876892,-0.05162448436021805,0.610601007938385,0.8068342804908752,-0.03048614412546158,0.5478651523590088,0.7800551652908325,-0.04044527933001518,0.5080733895301819,0.7634762525558472,-0.0490693524479866,0.4782290458679199,0.7517955899238586,-0.0566234216094017,0.604394793510437,0.8489837050437927,-0.03378491848707199,0.5446703433990479,0.8252277374267578,-0.042943574488162994,0.5079423189163208,0.8090359568595886,-0.051692020148038864,0.4804280400276184,0.7980332374572754,-0.05865852162241936,0.6071114540100098,0.8846956491470337,-0.03716306388378143,0.559789776802063,0.8732465505599976,-0.046575821936130524,0.529292106628418,0.8657795190811157,-0.052442148327827454,0.5046417117118835,0.8575864434242249,-0.05628075450658798,WE
0.17255130410194397,0.84153151512146,3.4298858508918784e-07,0.17936787009239197,0.7692263722419739,-0.016317805275321007,0.20319753885269165,0.7167561054229736,-0.03260118514299393,0.22624781727790833,0.6728005409240723,-0.04619887098670006,0.2386462390422821,0.6357736587524414,-0.06138075143098831,0.2629753053188324,0.7502614855766296,-0.04339883103966713,0.3225363790988922,0.7354802489280701,-0.059788916260004044,0.3604559004306793,0.7300875782966614,-0.06867196410894394,0.3887763023376465,0.7270501852035522,-0.07368511706590652,0.2717421054840088,0.7951732277870178,-0.0434257835149765,0.33934950828552246,0.783218264579773,-0.05618784949183464,0.381015419960022,0.7759737968444824,-0.06419692188501358,0.4125351309776306,0.7717998623847961,-0.06987614929676056,0.27317389845848083,0.8369138240814209,-0.04287995025515556,0.3361476957798004,0.8265867233276367,-0.05310935527086258,0.3759927749633789,0.8215315937995911,-0.06275848299264908,0.40475913882255554,0.8167502284049988,-0.06949815154075623,0.26912522315979004,0.872890830039978,-0.04270894452929497,0.3178515136241913,0.8777775764465332,-0.050722911953926086,0.34720379114151,0.8784697651863098,-0.05516696721315384,0.37032926082611084,0.8747085332870483,-0.05762287229299545,0.7185936570167542,0.8657204508781433,2.0424894842108188e-07,0.7095938920974731,0.7960724234580994,-0.009002734906971455,0.6813334822654724,0.735654890537262,-0.01870960369706154,0.6584596633911133,0.6848565936088562,-0.02680095098912716,0.6677094101905823,0.6470426917076111,-0.036958057433366776,0.6255844235420227,0.767944872379303,-0.029229843989014626,0.5643315315246582,0.746958315372467,-0.04056404158473015,0.5258022546768188,0.7349073886871338,-0.04860125109553337,0.49439048767089844,0.7279663681983948,-0.05548228695988655,0.610940158367157,0.8142749667167664,-0.032521072775125504,0.5419566631317139,0.7977674007415771,-0.04297986999154091,0.4993923008441925,0.7885773777961731,-0.05254600569605827,0.4678332805633545,0.7845168113708496,-0.06089268624782562,0.6069190502166748,0.857283353805542,-0.03454533591866493,0.5416696667671204,0.8467792272567749,-0.045018311589956284,0.5014631748199463,0.8387405276298523,-0.05531516298651695,0.47087180614471436,0.8356217741966248,-0.06331329047679901,0.6114446520805359,0.893928050994873,-0.03619766607880592,0.5612643957138062,0.890794038772583,-0.04608994722366333,0.5301791429519653,0.8899985551834106,-0.05197138339281082,0.504290759563446,0.8867847919464111,-0.05587925389409065,WE
0.15209710597991943,0.8372509479522705,3.410418401017523e-07,0.1595468819141388,0.7649010419845581,-0.016469012945890427,0.18361780047416687,0.7054055333137512,-0.033984314650297165,0.2012096643447876,0.6523064970970154,-0.0497557632625103,0.20250533521175385,0.6065161228179932,-0.06696323305368423,0.24334535002708435,0.7333388328552246,-0.04074568301439285,0.30195316672325134,0.7072218060493469,-0.05907020717859268,0.339293897151947,0.694691002368927,-0.06920175999403,0.36755067110061646,0.6862815022468567,-0.07521204650402069,0.25552210211753845,0.7761070132255554,-0.04302132502198219,0.32231175899505615,0.7532345652580261,-0.05749903619289398,0.36278626322746277,0.7401403188705444,-0.06517385691404343,0.3921462893486023,0.7320594787597656,-0.07052493840456009,0.2597852349281311,0.8184306025505066,-0.04565238207578659,0.3220129907131195,0.7988110184669495,-0.05721893906593323,0.3612765371799469,0.7865848541259766,-0.06625279784202576,0.38883131742477417,0.7772732377052307,-0.0721762478351593,0.25877493619918823,0.858648419380188,-0.049086958169937134,0.31131330132484436,0.8575247526168823,-0.05798433721065521,0.3431851267814636,0.8545690774917603,-0.06242980808019638,0.3684149384498596,0.8488693833351135,-0.06481911242008209,0.7377946376800537,0.837507963180542,1.9590424926718697e-07,0.7227073311805725,0.7629035711288452,-0.0038938538637012243,0.6918245553970337,0.70023113489151,-0.00820520706474781,0.6734269857406616,0.6446577310562134,-0.01214524358510971,0.6806617379188538,0.6093673706054688,-0.018066907301545143,0.6333176493644714,0.7250658869743347,-0.014583146199584007,0.5750762224197388,0.6949044466018677,-0.02023799903690815,0.5387805700302124,0.6787316203117371,-0.025986623018980026,0.5070946216583252,0.667906641960144,-0.032227326184511185,0.6196479797363281,0.769294261932373,-0.019709594547748566,0.5523597002029419,0.750483512878418,-0.02697030082345009,0.5121687054634094,0.7388140559196472,-0.03696639463305473,0.4812878370285034,0.7311838865280151,-0.04623186215758324,0.6150208711624146,0.8128758668899536,-0.023673024028539658,0.5508835315704346,0.7973294258117676,-0.031268876045942307,0.5120999813079834,0.7816472053527832,-0.04040803015232086,0.48249244689941406,0.772426962852478,-0.048134297132492065,0.6196578145027161,0.8523117303848267,-0.02726636826992035,0.566538393497467,0.8428753614425659,-0.03598325327038765,0.5346983075141907,0.8380100131034851,-0.04096463695168495,0.5076679587364197,0.8306036591529846,-0.04433862864971161,WE
0.7213095426559448,0.8106290698051453,1.7247155881250364e-07,0.7108232975006104,0.7420355677604675,-0.006564151030033827,0.6823174357414246,0.678300678730011,-0.01262575201690197,0.6707637906074524,0.6243261098861694,-0.017861943691968918,0.6858129501342773,0.5908042192459106,-0.025328611955046654,0.6337947249412537,0.7052056789398193,-0.022191202268004417,0.5813305377960205,0.6796132922172546,-0.03067128174006939,0.5466891527175903,0.6645810604095459,-0.03734875097870827,0.5171695947647095,0.6538964509963989,-0.043645020574331284,0.6218870878219604,0.7462227940559387,-0.026167741045355797,0.559772789478302,0.7303521037101746,-0.034068312495946884,0.5198688507080078,0.7184165120124817,-0.042285844683647156,0.4897829294204712,0.7107610106468201,-0.05012931302189827,0.6177549362182617,0.786753237247467,-0.02917640097439289,0.559828519821167,0.7740457057952881,-0.03677460923790932,0.5237419605255127,0.7592905759811401,-0.04407544061541557,0.49676990509033203,0.7496539950370789,-0.05029049143195152,0.6211339831352234,0.8238185048103333,-0.032203350216150284,0.575639009475708,0.8162299990653992,-0.03962501883506775,0.5470200181007385,0.8099939823150635,-0.043239038437604904,0.5231654644012451,0.8014271259307861,-0.045832566916942596,0.18742789328098297,0.799153745174408,3.265858481427131e-07,0.1904875934123993,0.7325860261917114,-0.014918804168701172,0.20761248469352722,0.6766448616981506,-0.030644308775663376,0.2178906947374344,0.6302710771560669,-0.04500965029001236,0.2159305214881897,0.590961217880249,-0.060860566794872284,0.26745471358299255,0.7000380158424377,-0.03585134446620941,0.3196975290775299,0.6689012050628662,-0.051611341536045074,0.35383355617523193,0.6533625721931458,-0.06060600280761719,0.3796180784702301,0.6428451538085938,-0.06598012149333954,0.2810492515563965,0.7392184138298035,-0.03799345716834068,0.3427804708480835,0.7106377482414246,-0.050989214330911636,0.3815491795539856,0.6946471929550171,-0.05893680453300476,0.4101177155971527,0.683917224407196,-0.06441150605678558,0.2873000204563141,0.7771503329277039,-0.04027574881911278,0.3443160355091095,0.75203937292099,-0.05074169114232063,0.37999585270881653,0.736991286277771,-0.06001250818371773,0.40579473972320557,0.7253486514091492,-0.06603091210126877,0.2881956994533539,0.812585175037384,-0.04325898736715317,0.3358972668647766,0.8042955994606018,-0.05138951539993286,0.3645429313182831,0.7971502542495728,-0.055554721504449844,0.3873458802700043,0.7882640361785889,-0.05764321982860565,WE
0.6884558200836182,0.7778761982917786,1.946779946138122e-07,0.6826810836791992,0.7201895117759705,-0.0046670930460095406,0.659160852432251,0.6676681637763977,-0.009505965746939182,0.6479718685150146,0.6234448552131653,-0.014027903787791729,0.6581066846847534,0.5930468440055847,-0.019974028691649437,0.6086612939834595,0.6833025813102722,-0.013374428264796734,0.5587909817695618,0.664941668510437,-0.02119687758386135,0.5271968245506287,0.6545525193214417,-0.02795206755399704,0.5009157061576843,0.6479454636573792,-0.03345444053411484,0.5954607725143433,0.718458890914917,-0.01748756691813469,0.5412828326225281,0.6960462927818298,-0.024363594129681587,0.5068532824516296,0.6826819181442261,-0.03125878423452377,0.4807303547859192,0.6723849773406982,-0.03698306530714035,0.5878788232803345,0.7538215517997742,-0.02131912112236023,0.5377237200737,0.7316756248474121,-0.027749791741371155,0.5061534643173218,0.7163717150688171,-0.03380126133561134,0.48243701457977295,0.7061245441436768,-0.03809867799282074,0.58603435754776,0.7881792187690735,-0.02522980608046055,0.5464679002761841,0.7682594656944275,-0.031228674575686455,0.5218816995620728,0.7552454471588135,-0.03398142755031586,0.5019145607948303,0.7428309321403503,-0.03537597134709358,0.20834410190582275,0.7678871154785156,2.0496730712693534e-07,0.2127058207988739,0.705056369304657,-0.009233195334672928,0.23225609958171844,0.6514885425567627,-0.019312655553221703,0.24490125477313995,0.6051597595214844,-0.02917819283902645,0.24261441826820374,0.5683901309967041,-0.03962630778551102,0.2909848093986511,0.6715400815010071,-0.016988316550850868,0.34228745102882385,0.6488192081451416,-0.025543157011270523,0.37241658568382263,0.6386339664459229,-0.030904725193977356,0.39439406991004944,0.6316680908203125,-0.03441320359706879,0.30325081944465637,0.7060289978981018,-0.01870013028383255,0.35865291953086853,0.6821142435073853,-0.02448088675737381,0.392859548330307,0.666663646697998,-0.028872951865196228,0.4185634255409241,0.6543790102005005,-0.03246942162513733,0.3091762065887451,0.7393572330474854,-0.021034814417362213,0.3603118062019348,0.7187508344650269,-0.024908361956477165,0.39062654972076416,0.7056622505187988,-0.03008531779050827,0.4120914340019226,0.6921040415763855,-0.03395063802599907,0.3102014362812042,0.7709605693817139,-0.02416878007352352,0.3511790633201599,0.7599303126335144,-0.027030300348997116,0.3757404685020447,0.7496918439865112,-0.028640151023864746,0.3953625559806824,0.7360777258872986,-0.029429448768496513,WE
0.680935263633728,0.7829716205596924,1.3857760450264323e-07,0.6747831106185913,0.7264744639396667,-0.002991769462823868,0.6507723331451416,0.676589846611023,-0.0059124561958014965,0.6374764442443848,0.6330828070640564,-0.008761429227888584,0.6473899483680725,0.6029343605041504,-0.01276281289756298,0.6008678078651428,0.6910615563392639,-0.0070637851022183895,0.5529654026031494,0.6739771366119385,-0.011906147934496403,0.5227513313293457,0.6655645966529846,-0.01691172458231449,0.4973514676094055,0.6601924896240234,-0.02151155285537243,0.5884678959846497,0.7239437699317932,-0.010499764233827591,0.5355594158172607,0.7038586735725403,-0.014574043452739716,0.5035700798034668,0.6938096284866333,-0.02021113783121109,0.47967469692230225,0.686027467250824,-0.025342972949147224,0.5815331935882568,0.7571198344230652,-0.013640359975397587,0.5331527590751648,0.7384715676307678,-0.017969029024243355,0.503687858581543,0.726397693157196,-0.023002879694104195,0.4819890260696411,0.7182400226593018,-0.026842689141631126,0.580756664276123,0.7887576818466187,-0.01678360626101494,0.5424118041992188,0.7715349793434143,-0.020650284364819527,0.5201615691184998,0.7620168924331665,-0.022320523858070374,0.5025495886802673,0.7517655491828918,-0.023222530260682106,0.23022867739200592,0.768250048160553,1.4687005034375034e-07,0.23464322090148926,0.7092785835266113,-0.008814580738544464,0.25563663244247437,0.6610087156295776,-0.01732170395553112,0.27191776037216187,0.6201710104942322,-0.02563200145959854,0.27268368005752563,0.586327314376831,-0.034396614879369736,0.3120918571949005,0.6776430606842041,-0.01460849680006504,0.36055925488471985,0.6604598760604858,-0.022730745375156403,0.3891173303127289,0.6519957780838013,-0.028141221031546593,0.41042348742485046,0.6450003981590271,-0.031796254217624664,0.3229912519454956,0.7096179127693176,-0.01612355187535286,0.3744431734085083,0.6886451244354248,-0.02115500718355179,0.40618616342544556,0.6753990054130554,-0.024835538119077682,0.430451899766922,0.6642410755157471,-0.027898598462343216,0.32756996154785156,0.7414237856864929,-0.018431616947054863,0.3747805058956146,0.721511960029602,-0.021759705618023872,0.4021167755126953,0.709406852722168,-0.0257427841424942,0.42151933908462524,0.6969828009605408,-0.02869509533047676,0.3276765048503876,0.7726979851722717,-0.02167556621134281,0.3660365045070648,0.7587573528289795,-0.024568825960159302,0.3889360725879669,0.7483866214752197,-0.026067525148391724,0.4071122407913208,0.7360939979553223,-0.026652084663510323,WE
0.6994678974151611,0.7909958958625793,1.9641606741060968e-07,0.6941835284233093,0.7282018661499023,-0.00768614886328578,0.6691826581954956,0.6726586818695068,-0.012166045606136322,0.6527692675590515,0.6259856820106506,-0.016302289441227913,0.6612095236778259,0.5969939231872559,-0.022054778411984444,0.6079825162887573,0.692353367805481,-0.0099234813824296,0.5581209659576416,0.6691253781318665,-0.016180818900465965,0.5254396796226501,0.6573648452758789,-0.023237422108650208,0.49759888648986816,0.6513392925262451,-0.029792871326208115,0.5954595804214478,0.7301238775253296,-0.013131932355463505,0.5391027331352234,0.7107367515563965,-0.01928684674203396,0.5035942196846008,0.7009773254394531,-0.02863311767578125,0.47674721479415894,0.6964554786682129,-0.036825064569711685,0.5911070108413696,0.7672380208969116,-0.016429908573627472,0.5388003587722778,0.7524082660675049,-0.022777877748012543,0.5052040815353394,0.7407153844833374,-0.030626509338617325,0.4806285500526428,0.7340127825737,-0.03684725984930992,0.5950924754142761,0.8024442195892334,-0.020219678059220314,0.5527424812316895,0.7918411493301392,-0.026914091780781746,0.5263221859931946,0.7857715487480164,-0.030621502548456192,0.5046797394752502,0.7772167325019836,-0.03311615809798241,0.19751101732254028,0.7837721109390259,2.2147935396787943e-07,0.20450013875961304,0.7229251861572266,-0.013698010705411434,0.22434425354003906,0.6726019978523254,-0.026205815374851227,0.238783061504364,0.6264457106590271,-0.03773355484008789,0.23919057846069336,0.5867302417755127,-0.05012034997344017,0.28665757179260254,0.6898731589317322,-0.023441992700099945,0.3352839946746826,0.6658414602279663,-0.03431946039199829,0.3657565116882324,0.6554516553878784,-0.04146643728017807,0.3889915347099304,0.6487693190574646,-0.04625536873936653,0.29905417561531067,0.7271077632904053,-0.023762864992022514,0.3541277348995209,0.7071864008903503,-0.032080214470624924,0.38928768038749695,0.6940931677818298,-0.038400352001190186,0.4161306917667389,0.6835649609565735,-0.043406564742326736,0.30375003814697266,0.7619950175285339,-0.02481052838265896,0.35545873641967773,0.7443610429763794,-0.03152589127421379,0.3877919912338257,0.7319891452789307,-0.039248187094926834,0.4109787344932556,0.7191557884216309,-0.044567786157131195,0.3031802475452423,0.7937076091766357,-0.02679438889026642,0.3459860384464264,0.7861791253089905,-0.031702544540166855,0.37221238017082214,0.7787305116653442,-0.03494749590754509,0.39273566007614136,0.7675658464431763,-0.036851223558187485,WE
0.7101227045059204,0.824827253818512,5.7603870118327904e-08,0.6950093507766724,0.7548830509185791,0.0021038504783064127,0.6667454242706299,0.6926308870315552,-0.0010121961822733283,0.6543945670127869,0.6414757370948792,-0.004573752637952566,0.6662100553512573,0.6107403039932251,-0.010532816872000694,0.6168717741966248,0.710923433303833,-0.013240642845630646,0.5550259351730347,0.7005884051322937,-0.021391423419117928,0.518473744392395,0.6956912279129028,-0.027945104986429214,0.4881623089313507,0.6915850043296814,-0.03315972164273262,0.6062113642692566,0.7546127438545227,-0.02062135376036167,0.5376514196395874,0.7382884621620178,-0.02912083826959133,0.4969732165336609,0.7287789583206177,-0.036294519901275635,0.4664354622364044,0.7210329174995422,-0.04223887249827385,0.599881112575531,0.7959433794021606,-0.02651797980070114,0.5360573530197144,0.7758057117462158,-0.03481542319059372,0.49822959303855896,0.7612814903259277,-0.04022037237882614,0.46979832649230957,0.751531720161438,-0.04359152168035507,0.5985338091850281,0.8345028162002563,-0.03150666505098343,0.5462934374809265,0.8101468086242676,-0.03827209025621414,0.517330527305603,0.7973188161849976,-0.039264485239982605,0.49445125460624695,0.7847618460655212,-0.03901955112814903,0.19132211804389954,0.8237047791481018,2.6712694989328156e-07,0.20096780359745026,0.7598482966423035,-0.01412996370345354,0.2205216884613037,0.70509272813797,-0.02924068458378315,0.22878628969192505,0.6550207138061523,-0.04290921613574028,0.22357946634292603,0.6128097176551819,-0.058277677744627,0.27545928955078125,0.7247405648231506,-0.03714398667216301,0.33394235372543335,0.7071405649185181,-0.0510638952255249,0.3702494502067566,0.7001895308494568,-0.05794338509440422,0.39738452434539795,0.696194052696228,-0.06199385225772858,0.2866380214691162,0.7670389413833618,-0.03724399581551552,0.3496706783771515,0.7438940405845642,-0.048508431762456894,0.38855740427970886,0.7298595309257507,-0.054526522755622864,0.4184502959251404,0.7186140418052673,-0.059071242809295654,0.29287269711494446,0.8048887848854065,-0.036855582147836685,0.3486718237400055,0.780114471912384,-0.0437125563621521,0.38283127546310425,0.7671876549720764,-0.04948080703616142,0.40859338641166687,0.7545937299728394,-0.05378154665231705,0.2955804467201233,0.8368260860443115,-0.037300653755664825,0.34060075879096985,0.8158022165298462,-0.04193436726927757,0.3681219220161438,0.8022080659866333,-0.043386295437812805,0.3898792862892151,0.786838173866272,-0.0440276563167572,WE
0.6912949681282043,0.8259124755859375,1.6159330584741838e-07,0.6909781098365784,0.7648179531097412,-0.006238904315978289,0.6627112627029419,0.7165232300758362,-0.011821945197880268,0.6353467106819153,0.6789247989654541,-0.015764949843287468,0.6313828229904175,0.667201578617096,-0.020894285291433334,0.6069455742835999,0.7221217751502991,-0.020660191774368286,0.5469353199005127,0.7060725092887878,-0.030606750398874283,0.5096352696418762,0.6976585984230042,-0.03789897263050079,0.47813379764556885,0.693727433681488,-0.04307358339428902,0.5923967361450195,0.7623055577278137,-0.02203180082142353,0.5293175578117371,0.7364423274993896,-0.03247693553566933,0.4884105920791626,0.7199473977088928,-0.038698602467775345,0.4573691487312317,0.7086493968963623,-0.04300978407263756,0.5841257572174072,0.7987838387489319,-0.022497117519378662,0.5278075337409973,0.7727727890014648,-0.03082658164203167,0.4928933084011078,0.7566838264465332,-0.03488526865839958,0.46792373061180115,0.7474790215492249,-0.036712855100631714,0.5826818943023682,0.8305087089538574,-0.022928420454263687,0.5366814732551575,0.8040803074836731,-0.02881045453250408,0.5085780620574951,0.7899097800254822,-0.02990909293293953,0.4878752529621124,0.7784116268157959,-0.029515627771615982,0.2007349580526352,0.8312845826148987,2.0826560387376958e-07,0.19504307210445404,0.7720085382461548,-0.02803674526512623,0.21321986615657806,0.7263739705085754,-0.043445903807878494,0.24084362387657166,0.6940853595733643,-0.05359095707535744,0.2562340199947357,0.66846764087677,-0.06311514973640442,0.28346067667007446,0.72868412733078,-0.0401744544506073,0.3411555588245392,0.7058931589126587,-0.053941551595926285,0.3758885860443115,0.6956643462181091,-0.061175938695669174,0.40255972743034363,0.6908473372459412,-0.06512615084648132,0.2963947355747223,0.7635008692741394,-0.030405059456825256,0.3550320863723755,0.7350444793701172,-0.042871344834566116,0.3918437659740448,0.7198909521102905,-0.048246778547763824,0.4216473698616028,0.7123048305511475,-0.05113394930958748,0.3027077913284302,0.7946003675460815,-0.021909408271312714,0.3561917543411255,0.7664751410484314,-0.031415585428476334,0.38930436968803406,0.751497745513916,-0.03663109242916107,0.41615772247314453,0.7420545816421509,-0.03879629820585251,0.30431798100471497,0.8208458423614502,-0.015447919256985188,0.346870481967926,0.7962988018989563,-0.02081095241010189,0.3717685043811798,0.7826581597328186,-0.02327258512377739,0.39288395643234253,0.7723942995071411,-0.024010198190808296,WE
0.7050363421440125,0.8139396905899048,1.462325798229358e-07,0.6891344785690308,0.749272882938385,0.0017381419893354177,0.6572313904762268,0.700797975063324,-0.0028254000935703516,0.6330455541610718,0.6603550910949707,-0.007912416011095047,0.6414107084274292,0.6304182410240173,-0.014566635712981224,0.6064817309379578,0.7106851935386658,-0.012718059122562408,0.5460198521614075,0.6942170262336731,-0.02035962976515293,0.5113276839256287,0.6871787905693054,-0.026154860854148865,0.4830986261367798,0.6830664277076721,-0.03056887909770012,0.5940346121788025,0.7519277930259705,-0.019389385357499123,0.5270306468009949,0.7296607494354248,-0.025794154033064842,0.48761749267578125,0.7174490690231323,-0.030239399522542953,0.4591132402420044,0.7078366875648499,-0.03425043821334839,0.5875211358070374,0.7921433448791504,-0.02481769397854805,0.5268314480781555,0.7689310908317566,-0.02899385243654251,0.4917463958263397,0.7539581656455994,-0.03171610087156296,0.4666580259799957,0.7423778772354126,-0.03427141159772873,0.586782693862915,0.8297293186187744,-0.02974884957075119,0.5378445982933044,0.8073295950889587,-0.03251389414072037,0.5110746622085571,0.7932248115539551,-0.03210277855396271,0.4902269244194031,0.7790300250053406,-0.03154323250055313,0.16846884787082672,0.8057683706283569,2.0296243974371464e-07,0.17577312886714935,0.7434610724449158,-0.007116931490600109,0.20444072782993317,0.6980209946632385,-0.015227560885250568,0.2284143567085266,0.6618080139160156,-0.022362926974892616,0.2329297959804535,0.6246305108070374,-0.03049633279442787,0.25669294595718384,0.7029255628585815,-0.025182919576764107,0.31732818484306335,0.6859040260314941,-0.03719175234436989,0.3537372350692749,0.6788178086280823,-0.04243647679686546,0.38072025775909424,0.6738017797470093,-0.044814929366111755,0.2667037844657898,0.7429261803627014,-0.027954373508691788,0.3326875865459442,0.7222585678100586,-0.038871582597494125,0.3726976215839386,0.7093208432197571,-0.04340137541294098,0.4038214683532715,0.6987688541412354,-0.04547983780503273,0.2715313732624054,0.781116247177124,-0.030411025509238243,0.3332083225250244,0.7591288089752197,-0.0384947806596756,0.37042325735092163,0.7460053563117981,-0.04351334646344185,0.39771509170532227,0.7333456873893738,-0.045672863721847534,0.27215468883514404,0.8157204985618591,-0.032968856394290924,0.3224714696407318,0.7973988056182861,-0.03789988532662392,0.3514339327812195,0.7856607437133789,-0.039309944957494736,0.3740740418434143,0.7720904350280762,-0.0390830934047699,WE
0.7280544638633728,0.833465576171875,1.6280235115573305e-07,0.7233176827430725,0.7719525098800659,-0.0058639454655349255,0.6981877088546753,0.7189998030662537,-0.013852650299668312,0.6797437071800232,0.6752340197563171,-0.021474523469805717,0.6865522861480713,0.649215817451477,-0.030726414173841476,0.6505144834518433,0.7243119478225708,-0.01938771642744541,0.5945345759391785,0.7033474445343018,-0.03074895404279232,0.5598695874214172,0.6924331784248352,-0.03942258283495903,0.5306113362312317,0.6852366328239441,-0.04609389975667,0.6365667581558228,0.7619016170501709,-0.024407440796494484,0.5758452415466309,0.7360961437225342,-0.03541009500622749,0.5376397967338562,0.7200929522514343,-0.043592244386672974,0.5094481706619263,0.7074680328369141,-0.050174832344055176,0.6267722249031067,0.8002610206604004,-0.029021533206105232,0.5710273385047913,0.7730191349983215,-0.038405753672122955,0.536182701587677,0.7547085285186768,-0.044610291719436646,0.5102908611297607,0.7422523498535156,-0.04883945360779762,0.6223586797714233,0.8370590209960938,-0.033655159175395966,0.5780895948410034,0.8111851215362549,-0.040722426027059555,0.5520621538162231,0.7954763174057007,-0.04322732612490654,0.5313535928726196,0.7807035446166992,-0.0445280596613884,0.17828121781349182,0.8221825957298279,2.3071102361882367e-07,0.17612683773040771,0.7605248689651489,-0.011951902881264687,0.19348376989364624,0.7100034356117249,-0.023245396092534065,0.21139922738075256,0.6698409914970398,-0.033216964453458786,0.2146584689617157,0.6372596025466919,-0.04400891065597534,0.2528022527694702,0.7136190533638,-0.026263577863574028,0.3057827949523926,0.6917436122894287,-0.038733068853616714,0.33900541067123413,0.6801453828811646,-0.04584343358874321,0.3637746572494507,0.6714774966239929,-0.049995992332696915,0.26618432998657227,0.7527629733085632,-0.02756817825138569,0.3241345286369324,0.7261021137237549,-0.038134247064590454,0.36025676131248474,0.7078249454498291,-0.044649310410022736,0.388542115688324,0.6929085850715637,-0.04869570583105087,0.2733408808708191,0.7898223400115967,-0.029111430048942566,0.32750850915908813,0.7627411484718323,-0.03845299780368805,0.36194896697998047,0.7433974146842957,-0.04561612382531166,0.3870683014392853,0.7257857322692871,-0.049431197345256805,0.27572497725486755,0.8241927027702332,-0.03115125559270382,0.32060807943344116,0.8065156936645508,-0.038410674780607224,0.3472253084182739,0.7915235757827759,-0.04173192009329796,0.36782538890838623,0.773870587348938,-0.04275570809841156,WE
0.7118523120880127,0.8621460199356079,1.1588606696477655e-07,0.6996268033981323,0.79355388879776,0.00037256316863931715,0.6690614819526672,0.7368554472923279,-0.006143658887594938,0.6499531865119934,0.689720094203949,-0.013264786452054977,0.6636752486228943,0.6549042463302612,-0.022702224552631378,0.6245101690292358,0.745020866394043,-0.019385360181331635,0.5628417730331421,0.7266194820404053,-0.03029259853065014,0.5257546901702881,0.7165631651878357,-0.038055162876844406,0.49551525712013245,0.7089487314224243,-0.04428901523351669,0.610195517539978,0.7869727611541748,-0.027386823669075966,0.5436786413192749,0.7619810700416565,-0.037943169474601746,0.5023951530456543,0.746601939201355,-0.04484891891479492,0.47284460067749023,0.7337369918823242,-0.0507773719727993,0.601199209690094,0.8287723660469055,-0.03406471759080887,0.5400925874710083,0.8004651069641113,-0.04195845499634743,0.5030901432037354,0.7816875576972961,-0.046230852603912354,0.47661444544792175,0.7667391300201416,-0.049725402146577835,0.5978758931159973,0.8682407736778259,-0.0402386449277401,0.5490591526031494,0.8413068056106567,-0.046147145330905914,0.5211565494537354,0.8240624666213989,-0.047371961176395416,0.49949294328689575,0.806090772151947,-0.047983091324567795,0.20918585360050201,0.8627495169639587,2.6321416157770727e-07,0.20980602502822876,0.795743465423584,-0.012259671464562416,0.2310362458229065,0.7440338134765625,-0.025266360491514206,0.25206103920936584,0.7043073773384094,-0.036144059151411057,0.2560758888721466,0.6651501655578613,-0.04829183593392372,0.288534551858902,0.7506036162376404,-0.037815432995557785,0.3490118682384491,0.7320155501365662,-0.051893170922994614,0.38619449734687805,0.7220639586448669,-0.05738955736160278,0.4129144549369812,0.7152107357978821,-0.05974671244621277,0.3006003201007843,0.7933269739151001,-0.03828689083456993,0.3658829629421234,0.7687802910804749,-0.051527176052331924,0.4056813716888428,0.7520633935928345,-0.05634111166000366,0.43642863631248474,0.7384451627731323,-0.058461036533117294,0.3074738085269928,0.8326305150985718,-0.03797151520848274,0.36643654108047485,0.8056958913803101,-0.04773832485079765,0.4029493033885956,0.7894640564918518,-0.052753813564777374,0.4294527769088745,0.7748088836669922,-0.054853640496730804,0.3097364604473114,0.8669877052307129,-0.03789710998535156,0.35778963565826416,0.8426551222801208,-0.04405815899372101,0.3867294490337372,0.8278137445449829,-0.04548138752579689,0.4090134799480438,0.8120768666267395,-0.045062653720378876,WE
0.7427261471748352,0.8919509053230286,4.0719175586900747e-08,0.7397986650466919,0.819394588470459,-0.006041675340384245,0.7141950130462646,0.753656804561615,-0.015448999591171741,0.7015316486358643,0.703506350517273,-0.024678001180291176,0.7114435434341431,0.6797857880592346,-0.03632534667849541,0.6720354557037354,0.7621883153915405,-0.02216915972530842,0.6099703907966614,0.7463700175285339,-0.038246385753154755,0.5724784731864929,0.7396446466445923,-0.05097310617566109,0.540825366973877,0.7358512878417969,-0.059204667806625366,0.6598713397979736,0.8027164936065674,-0.02748236060142517,0.5972645282745361,0.7825194001197815,-0.04034780338406563,0.5544547438621521,0.7677363157272339,-0.05070767179131508,0.5214703679084778,0.7589955925941467,-0.05932717025279999,0.6511038541793823,0.8417003154754639,-0.03217892721295357,0.5959702730178833,0.8202314972877502,-0.04227474331855774,0.5601730346679688,0.8032486438751221,-0.046573884785175323,0.5341345071792603,0.7927921414375305,-0.04939661920070648,0.6458848714828491,0.8791372776031494,-0.03701850399374962,0.6015878915786743,0.857229471206665,-0.042581189423799515,0.5754108428955078,0.8439006805419922,-0.04082125425338745,0.5550470948219299,0.8322577476501465,-0.03901992365717888,0.1517232060432434,0.8393126726150513,3.48715872178218e-07,0.1544695496559143,0.7766925692558289,-0.007704748306423426,0.1721891164779663,0.7224785089492798,-0.0197331253439188,0.1804843544960022,0.6758726835250854,-0.030851949006319046,0.17175711691379547,0.6390421390533447,-0.04340183734893799,0.21050292253494263,0.7329716086387634,-0.031003672629594803,0.267869234085083,0.7101742029190063,-0.04402059689164162,0.3030605614185333,0.6991768479347229,-0.051030874252319336,0.32921361923217773,0.6915050745010376,-0.054762084037065506,0.22424176335334778,0.7687188386917114,-0.03448445349931717,0.28268030285835266,0.7437630891799927,-0.04495145380496979,0.32002556324005127,0.7257578372955322,-0.05117236077785492,0.34870392084121704,0.7113927006721497,-0.05566839501261711,0.234747052192688,0.8032788038253784,-0.03705202043056488,0.2886895537376404,0.7791027426719666,-0.044474758207798004,0.3228622376918793,0.7614257335662842,-0.0505618155002594,0.3472127318382263,0.7468949556350708,-0.05483485758304596,0.24268202483654022,0.8343230485916138,-0.039514608681201935,0.285162091255188,0.8182356357574463,-0.04438571259379387,0.31185173988342285,0.8051113486289978,-0.045978035777807236,0.33261510729789734,0.7915509939193726,-0.04675636067986488,WE
0.6988545656204224,0.8877300024032593,1.9720181398952263e-07,0.6941978335380554,0.8257793188095093,-0.006996086798608303,0.6712691187858582,0.7651991248130798,-0.016985617578029633,0.66163170337677,0.7142235636711121,-0.026426631957292557,0.6776427626609802,0.6833435893058777,-0.03780466690659523,0.6199191808700562,0.7769423127174377,-0.027451245114207268,0.5600664019584656,0.7570909857749939,-0.04086015373468399,0.5235365629196167,0.7450960874557495,-0.05012337490916252,0.4939097762107849,0.7362216114997864,-0.057137005031108856,0.6044460535049438,0.8197113275527954,-0.033008165657520294,0.5389110445976257,0.7929984927177429,-0.046769436448812485,0.4981565475463867,0.7750895023345947,-0.055318742990493774,0.4683285653591156,0.7607280015945435,-0.06178700551390648,0.5943973660469055,0.8598819971084595,-0.037774473428726196,0.535866379737854,0.8320501446723938,-0.04898212105035782,0.4998176693916321,0.8127367496490479,-0.0550348162651062,0.47394707798957825,0.7982157468795776,-0.0586564876139164,0.5902522206306458,0.8957659006118774,-0.0426502600312233,0.5434344410896301,0.8691179156303406,-0.05092652142047882,0.5153988003730774,0.8513226509094238,-0.05358496680855751,0.49377191066741943,0.83389812707901,-0.05468301847577095,0.19522728025913239,0.8804492354393005,2.7810392566607334e-07,0.19584614038467407,0.8132134675979614,-0.01426042802631855,0.21579283475875854,0.7571428418159485,-0.028599640354514122,0.2325640320777893,0.7127910852432251,-0.04036230221390724,0.23554448783397675,0.6754475831985474,-0.05361107736825943,0.2655741572380066,0.771696925163269,-0.04290030151605606,0.3264058530330658,0.7482139468193054,-0.058536820113658905,0.36332330107688904,0.7377152442932129,-0.06532370299100876,0.3902202844619751,0.7307232022285461,-0.06830782443284988,0.27826741337776184,0.8152838349342346,-0.04294723644852638,0.34351110458374023,0.7846786379814148,-0.05673430860042572,0.38446366786956787,0.7652149200439453,-0.06298631429672241,0.41587817668914795,0.7501412630081177,-0.06646114587783813,0.28709033131599426,0.8529509902000427,-0.042037006467580795,0.34623411297798157,0.8210436701774597,-0.05194917321205139,0.3838171064853668,0.8021271228790283,-0.05859290063381195,0.41181880235671997,0.7866823077201843,-0.06210906431078911,0.29187387228012085,0.8842393755912781,-0.04145168140530586,0.3407745361328125,0.8602311015129089,-0.047696802765131,0.3688746690750122,0.84343022108078,-0.049048542976379395,0.38910430669784546,0.8267221450805664,-0.04864641651511192,WE
0.7096863389015198,0.810349702835083,1.543305643281201e-07,0.6993840932846069,0.7429063320159912,-0.0026451873127371073,0.677178144454956,0.6836735606193542,-0.009177614003419876,0.662325382232666,0.6349081993103027,-0.015546232461929321,0.6723994016647339,0.6026026010513306,-0.023745961487293243,0.6184078454971313,0.702522337436676,-0.0176178440451622,0.5591363310813904,0.6856775879859924,-0.027132339775562286,0.5231418609619141,0.6771813631057739,-0.03461077809333801,0.4931657910346985,0.6715660095214844,-0.040539875626564026,0.6053030490875244,0.7449957728385925,-0.02349567599594593,0.5400805473327637,0.7223794460296631,-0.032816722989082336,0.5005656480789185,0.7087428569793701,-0.03990358114242554,0.4715633988380432,0.6975427269935608,-0.04588247835636139,0.5987581014633179,0.7850841283798218,-0.02840578928589821,0.5388441681861877,0.7618575692176819,-0.03622731938958168,0.5035085678100586,0.7464452981948853,-0.0410739965736866,0.47814086079597473,0.7353145480155945,-0.0444621816277504,0.5985479354858398,0.8220104575157166,-0.03308581933379173,0.5511958003044128,0.7990002036094666,-0.03873980790376663,0.5239464640617371,0.7848537564277649,-0.039736855775117874,0.5027208924293518,0.7709300518035889,-0.03987373411655426,0.1943109929561615,0.812907874584198,3.1549777190775785e-07,0.20168611407279968,0.7473187446594238,-0.01637553609907627,0.21783442795276642,0.6910185217857361,-0.032910674810409546,0.22525137662887573,0.6396393775939941,-0.047257211059331894,0.221431165933609,0.5979053378105164,-0.06311949342489243,0.2754805088043213,0.7090587615966797,-0.04196539148688316,0.3344530165195465,0.6918012499809265,-0.055656250566244125,0.370821475982666,0.6841648817062378,-0.06183204799890518,0.39802783727645874,0.6786576509475708,-0.06534624844789505,0.28809717297554016,0.750311017036438,-0.040908992290496826,0.35159963369369507,0.7274870276451111,-0.05251121148467064,0.3911115229129791,0.7127137184143066,-0.0588110126554966,0.4220326244831085,0.7004388570785522,-0.06346821784973145,0.29482391476631165,0.7878987193107605,-0.039133816957473755,0.3525632619857788,0.7632814645767212,-0.04681643843650818,0.38900449872016907,0.748857319355011,-0.05395829305052757,0.41664648056030273,0.7348111271858215,-0.0591730996966362,0.29711946845054626,0.8200180530548096,-0.03806879743933678,0.3436974883079529,0.8037583231925964,-0.04415355622768402,0.37234359979629517,0.7923154830932617,-0.047029510140419006,0.3947790861129761,0.7786117792129517,-0.04847677797079086,WE
0.7051082849502563,0.8585713505744934,1.2061184406775283e-07,0.6914043426513672,0.7919376492500305,-0.0035000769421458244,0.6575814485549927,0.7292675375938416,-0.010918178595602512,0.6366918683052063,0.6771667003631592,-0.017842557281255722,0.6457303762435913,0.636244535446167,-0.026688911020755768,0.6173367500305176,0.7514538764953613,-0.025064975023269653,0.5540464520454407,0.7390994429588318,-0.03751252591609955,0.5147911310195923,0.731905460357666,-0.04540150985121727,0.482344388961792,0.7275129556655884,-0.051370833069086075,0.6051787734031677,0.7966451644897461,-0.031344182789325714,0.5356563329696655,0.7791013717651367,-0.04367893189191818,0.4911268949508667,0.7669641375541687,-0.05177199840545654,0.4586716294288635,0.7579668760299683,-0.05867000296711922,0.5969116687774658,0.8390757441520691,-0.03652535378932953,0.532245397567749,0.819531261920929,-0.04743970185518265,0.49152058362960815,0.8049403429031372,-0.054050881415605545,0.46139824390411377,0.7950213551521301,-0.05869736522436142,0.5925918817520142,0.876634418964386,-0.04123861342668533,0.5391941666603088,0.8558276891708374,-0.05046503618359566,0.5070160031318665,0.8411886692047119,-0.05455401539802551,0.480754554271698,0.8265892267227173,-0.056937433779239655,0.18505024909973145,0.8527056574821472,2.6600534397402953e-07,0.19270730018615723,0.7849563956260681,-0.01215551607310772,0.2205129712820053,0.7319260835647583,-0.02528432011604309,0.2427082061767578,0.6890072822570801,-0.0366804264485836,0.2446759045124054,0.6472479701042175,-0.04965004324913025,0.26626378297805786,0.7435407638549805,-0.03829600661993027,0.32846060395240784,0.7246813774108887,-0.05259566009044647,0.36680713295936584,0.7159407138824463,-0.0587521456182003,0.3949582278728485,0.7102318406105042,-0.06211448460817337,0.2772583067417145,0.7885300517082214,-0.04041226580739021,0.34469011425971985,0.7634815573692322,-0.05350242182612419,0.3867066502571106,0.7480648756027222,-0.05985701084136963,0.4186638593673706,0.734831690788269,-0.06381107866764069,0.28334325551986694,0.8305643796920776,-0.04175543412566185,0.34620457887649536,0.8029073476791382,-0.051951922476291656,0.3857657015323639,0.7872159481048584,-0.059096481651067734,0.41467198729515076,0.7719079256057739,-0.06336196511983871,0.28543680906295776,0.8679926991462708,-0.043289102613925934,0.3359525799751282,0.8464160561561584,-0.05105423927307129,0.3667702376842499,0.8328542113304138,-0.05408450588583946,0.38995176553726196,0.8166922926902771,-0.055203963071107864,WE
0.6763789653778076,0.8888716101646423,1.0732902211429973e-07,0.6732711791992188,0.8266488313674927,-0.004641391336917877,0.651483952999115,0.7596311569213867,-0.012761290185153484,0.640573263168335,0.7051040530204773,-0.02044975571334362,0.6558751463890076,0.672743558883667,-0.030490733683109283,0.6028230786323547,0.767566978931427,-0.027528103440999985,0.5449633598327637,0.7409685850143433,-0.04033513367176056,0.5089592933654785,0.7257553935050964,-0.04920924827456474,0.47920432686805725,0.7141472697257996,-0.0563725009560585,0.5863806009292603,0.8075021505355835,-0.034421831369400024,0.5227165222167969,0.7736561894416809,-0.0471644401550293,0.48235756158828735,0.7528094053268433,-0.05584540218114853,0.4519856870174408,0.7359123229980469,-0.06333986669778824,0.5748205184936523,0.8469052910804749,-0.04015403985977173,0.5167540311813354,0.8121405243873596,-0.051002856343984604,0.4801124632358551,0.7894245386123657,-0.05801234394311905,0.45259952545166016,0.7721505165100098,-0.06354071944952011,0.568118155002594,0.8840891718864441,-0.04561791941523552,0.5232191681861877,0.8545922040939331,-0.05445017293095589,0.4964815080165863,0.8360038995742798,-0.05798899382352829,0.47552645206451416,0.8176871538162231,-0.06054709851741791,0.16819052398204803,0.8205985426902771,3.0405084316953435e-07,0.17893746495246887,0.7535953521728516,-0.007626273203641176,0.20822682976722717,0.7018618583679199,-0.01899596117436886,0.22866924107074738,0.6596685647964478,-0.02971106767654419,0.22804896533489227,0.6171547770500183,-0.04165371507406235,0.2612924873828888,0.7150760293006897,-0.031876303255558014,0.32679176330566406,0.7056828737258911,-0.04443544149398804,0.36504095792770386,0.7025806903839111,-0.04873711243271828,0.39228561520576477,0.6996676921844482,-0.05032801255583763,0.2698410749435425,0.7589295506477356,-0.03548863157629967,0.34105563163757324,0.7432595491409302,-0.0463629774749279,0.3823105990886688,0.7344606518745422,-0.04942750185728073,0.4129945635795593,0.7270107865333557,-0.050698306411504745,0.2732960879802704,0.8012744784355164,-0.038427241146564484,0.3401206135749817,0.7830246686935425,-0.04651731252670288,0.37856370210647583,0.7729553580284119,-0.051244720816612244,0.40642255544662476,0.7628047466278076,-0.053643446415662766,0.2722384035587311,0.83989018201828,-0.04138502478599548,0.3253067433834076,0.8280627727508545,-0.04688413068652153,0.3557833731174469,0.8187239170074463,-0.048336997628211975,0.38043323159217834,0.8064560294151306,-0.04820970818400383,WE
0.6916810870170593,0.8186784982681274,1.5535458430804283e-07,0.6848916411399841,0.757014811038971,-0.004463521763682365,0.6651751399040222,0.6967219710350037,-0.01150562148541212,0.6554601788520813,0.6467844843864441,-0.018478598445653915,0.6640306711196899,0.6150352358818054,-0.027073271572589874,0.6108131408691406,0.7123776078224182,-0.019672399386763573,0.5552213191986084,0.6931241750717163,-0.0305546335875988,0.5207105278968811,0.6819156408309937,-0.039118692278862,0.4922531843185425,0.6737352013587952,-0.045836593955755234,0.596048891544342,0.7513917088508606,-0.025514502078294754,0.5362208485603333,0.7256150245666504,-0.03585822880268097,0.4982619285583496,0.7085437178611755,-0.04404868930578232,0.46989989280700684,0.6949511766433716,-0.05094613879919052,0.5874831080436707,0.7891870737075806,-0.030710484832525253,0.5337842106819153,0.7620605826377869,-0.039329513907432556,0.4999071955680847,0.7426837086677551,-0.04550167918205261,0.47484922409057617,0.7288752794265747,-0.05013127624988556,0.5846085548400879,0.8244143128395081,-0.03593949228525162,0.5435886979103088,0.79932701587677,-0.043057795614004135,0.5177758932113647,0.7829418182373047,-0.04573923721909523,0.4973500072956085,0.7676736116409302,-0.04732018709182739,0.1970171183347702,0.8157158493995667,2.673310461887013e-07,0.1975889354944229,0.7444139719009399,-0.013253621757030487,0.21056708693504333,0.6881700754165649,-0.02800350822508335,0.21638616919517517,0.6401722431182861,-0.04161357507109642,0.20981410145759583,0.6012391448020935,-0.056465379893779755,0.27470704913139343,0.7026647329330444,-0.032557860016822815,0.32956552505493164,0.6757221221923828,-0.045128099620342255,0.36324456334114075,0.6637371778488159,-0.05169588327407837,0.3886542320251465,0.6554926633834839,-0.0556858666241169,0.28985002636909485,0.7399633526802063,-0.032641809433698654,0.348383367061615,0.7085469961166382,-0.042386315762996674,0.3839399218559265,0.6900145411491394,-0.048043347895145416,0.41171813011169434,0.6754878759384155,-0.05250630900263786,0.29862096905708313,0.7748079895973206,-0.032489851117134094,0.3510746359825134,0.7442559599876404,-0.038515884429216385,0.3842475414276123,0.7264289259910583,-0.044622261077165604,0.40867912769317627,0.7102558612823486,-0.04932260885834694,0.30235883593559265,0.8061749935150146,-0.0331692136824131,0.34436601400375366,0.7824690937995911,-0.03735164552927017,0.3691324293613434,0.7662621140480042,-0.039274293929338455,0.3881625235080719,0.748749852180481,-0.0402831993997097,WE
0.7136296033859253,0.8260861039161682,1.5486580196011346e-07,0.7042955756187439,0.76014244556427,-0.0016156301135197282,0.6787566542625427,0.6990898251533508,-0.007025579921901226,0.6652986407279968,0.6479817032814026,-0.012795500457286835,0.673590898513794,0.6127769351005554,-0.02036835253238678,0.6248157024383545,0.7137352824211121,-0.01641116850078106,0.5645855665206909,0.6941015124320984,-0.02644866518676281,0.5279054641723633,0.6833301782608032,-0.033915966749191284,0.49801522493362427,0.6756317615509033,-0.03973311185836792,0.6108756065368652,0.7554705142974854,-0.023265285417437553,0.5448818206787109,0.7302914261817932,-0.032942235469818115,0.5052231550216675,0.7138203978538513,-0.0401625782251358,0.4765618145465851,0.7004822492599487,-0.046149950474500656,0.6021170020103455,0.7965704798698425,-0.029386015608906746,0.5423403978347778,0.7693144679069519,-0.037789974361658096,0.506747841835022,0.7494786381721497,-0.043256837874650955,0.4812227785587311,0.7353498935699463,-0.04703882336616516,0.5989428758621216,0.8347575664520264,-0.0352444127202034,0.551970362663269,0.8079237341880798,-0.042287349700927734,0.52472984790802,0.7908656597137451,-0.044516436755657196,0.5035090446472168,0.7748178243637085,-0.045446429401636124,0.20209726691246033,0.8302168250083923,3.3091245654759405e-07,0.20455050468444824,0.7608922123908997,-0.015370197594165802,0.2171529233455658,0.7028666734695435,-0.03249094635248184,0.22232931852340698,0.6551322937011719,-0.04809039458632469,0.2157699167728424,0.6157525777816772,-0.06517213582992554,0.27852457761764526,0.7191070914268494,-0.039677705615758896,0.334609717130661,0.6962109208106995,-0.05403456836938858,0.3704421818256378,0.6858243942260742,-0.0613567940890789,0.3968256115913391,0.6789463758468628,-0.06571590155363083,0.2921408414840698,0.7595449090003967,-0.040296103805303574,0.3533458113670349,0.7300534248352051,-0.051488738507032394,0.3910364508628845,0.7127990126609802,-0.057667095214128494,0.4198527932167053,0.6993062496185303,-0.062429219484329224,0.3005649149417877,0.797257125377655,-0.04041031375527382,0.35573604702949524,0.7668513655662537,-0.047283802181482315,0.3903582692146301,0.749384880065918,-0.05376560240983963,0.416446328163147,0.7339051961898804,-0.05886711925268173,0.30413228273391724,0.831788957118988,-0.04145258665084839,0.3490356206893921,0.8086750507354736,-0.047179654240608215,0.3752657175064087,0.7926328778266907,-0.04935258626937866,0.3952006995677948,0.7753570079803467,-0.05028241127729416,WE
0.6955451965332031,0.8498457670211792,1.3101430340611842e-07,0.6862573623657227,0.7837904691696167,-0.0019443501951172948,0.653466522693634,0.729162335395813,-0.007968014106154442,0.6307393908500671,0.6816240549087524,-0.013806125149130821,0.6389955878257751,0.6474471688270569,-0.02193600684404373,0.6073707938194275,0.7395578622817993,-0.022411612793803215,0.5450880527496338,0.7239864468574524,-0.03440486639738083,0.5063238143920898,0.7172693014144897,-0.042564596980810165,0.47452986240386963,0.7148146033287048,-0.04858236014842987,0.5937680006027222,0.7832757234573364,-0.0289535503834486,0.5251486301422119,0.7618448734283447,-0.04094574972987175,0.4816073775291443,0.7496833205223083,-0.04879235103726387,0.44965672492980957,0.7399191856384277,-0.05487280339002609,0.5857308506965637,0.8258281946182251,-0.03429628536105156,0.5242545008659363,0.8017017841339111,-0.044808220118284225,0.48528599739074707,0.7869992852210999,-0.05121859163045883,0.45652344822883606,0.776807963848114,-0.05530865490436554,0.5839740633964539,0.8657042980194092,-0.0390051007270813,0.5336098074913025,0.8415112495422363,-0.04761499539017677,0.5044476985931396,0.8273793458938599,-0.05048701539635658,0.48135608434677124,0.8130492568016052,-0.05169738084077835,0.1925661265850067,0.8542214035987854,3.3703111057548085e-07,0.19337201118469238,0.7876458168029785,-0.014694673009216785,0.21392664313316345,0.7378470301628113,-0.029659219086170197,0.23243966698646545,0.6977339386940002,-0.042571358382701874,0.23368795216083527,0.659496545791626,-0.05682811141014099,0.270363450050354,0.7476854920387268,-0.04001518338918686,0.33188435435295105,0.7298591136932373,-0.054399196058511734,0.3698449730873108,0.7218224406242371,-0.06068744137883186,0.39678269624710083,0.717060387134552,-0.06366732716560364,0.2818302512168884,0.7909997701644897,-0.040428608655929565,0.3483930826187134,0.767063558101654,-0.052687808871269226,0.3886321783065796,0.7526416778564453,-0.05806197598576546,0.4191177487373352,0.7416399717330933,-0.06110190600156784,0.2887268364429474,0.8306026458740234,-0.04032006114721298,0.349636971950531,0.8045006394386292,-0.04936640337109566,0.388264924287796,0.789276123046875,-0.05625177174806595,0.4167354106903076,0.7758387327194214,-0.06044144928455353,0.2914867103099823,0.8644693493843079,-0.040708284825086594,0.33982187509536743,0.8442701697349548,-0.04720127582550049,0.36923420429229736,0.8324267864227295,-0.0500342883169651,0.3922276496887207,0.8186913728713989,-0.05103610083460808,WE
0.6840246319770813,0.8570630550384521,1.200252199851093e-07,0.6754031777381897,0.7904075384140015,-0.0018180491169914603,0.6458840370178223,0.7297869920730591,-0.008134342730045319,0.6300475001335144,0.6792082190513611,-0.0145495580509305,0.6464436054229736,0.6444457173347473,-0.023162463679909706,0.6003453135490417,0.7429726123809814,-0.021811282262206078,0.5404208302497864,0.7253606915473938,-0.03263732045888901,0.5041552186012268,0.715380847454071,-0.040495164692401886,0.4744427800178528,0.707967221736908,-0.046978868544101715,0.5854185819625854,0.7856800556182861,-0.02881855145096779,0.5209704637527466,0.7600043416023254,-0.039514679461717606,0.4804222285747528,0.7440128922462463,-0.0471886470913887,0.45065969228744507,0.731180727481842,-0.05379549413919449,0.5766423940658569,0.8270848393440247,-0.03458639979362488,0.5182725787162781,0.7989673018455505,-0.043343253433704376,0.4818861484527588,0.780369222164154,-0.04927601292729378,0.4550977349281311,0.7661907076835632,-0.05390186235308647,0.573910117149353,0.8651572465896606,-0.03994453698396683,0.5276283621788025,0.8385343551635742,-0.04684845730662346,0.5005985498428345,0.8223416209220886,-0.049187738448381424,0.4795873761177063,0.8066994547843933,-0.05072873458266258,0.19808167219161987,0.8638454675674438,2.7263629931439937e-07,0.19880972802639008,0.7976382970809937,-0.012217089533805847,0.21573738753795624,0.7458850741386414,-0.0258934386074543,0.23028361797332764,0.6990325450897217,-0.03787270188331604,0.23048149049282074,0.6575665473937988,-0.051072172820568085,0.2727116346359253,0.7491441369056702,-0.036437757313251495,0.33379310369491577,0.7241024971008301,-0.04933316633105278,0.3700287342071533,0.713295042514801,-0.054150570183992386,0.39621198177337646,0.7055271863937378,-0.0562506839632988,0.28676947951316833,0.7894521951675415,-0.03677305579185486,0.35059067606925964,0.7582456469535828,-0.04834166169166565,0.3877708911895752,0.7386140823364258,-0.05264018476009369,0.4167138636112213,0.7230864763259888,-0.054919447749853134,0.2955861985683441,0.8259445428848267,-0.03637165203690529,0.352988064289093,0.7930428981781006,-0.04432937130331993,0.388224333524704,0.7736616730690002,-0.04956081509590149,0.4143671989440918,0.7565615177154541,-0.05261366814374924,0.2998883128166199,0.8570470809936523,-0.03632748872041702,0.345309853553772,0.8320607542991638,-0.04130923002958298,0.37274661660194397,0.8161900043487549,-0.04281218722462654,0.3940715789794922,0.7988467216491699,-0.043010856956243515,WE
0.6970531940460205,0.8313243389129639,1.3551637323416799e-07,0.6881040334701538,0.7694514989852905,-0.004666474647819996,0.6620103716850281,0.7118909955024719,-0.012960522435605526,0.6458655595779419,0.66209477186203,-0.02118527702987194,0.6597524285316467,0.6271317601203918,-0.031200747936964035,0.6142314672470093,0.7226666212081909,-0.019245244562625885,0.5577781200408936,0.7032893896102905,-0.02996400184929371,0.5234484672546387,0.6938744187355042,-0.03801697492599487,0.4950706362724304,0.6871733069419861,-0.04430609196424484,0.6002488136291504,0.762011706829071,-0.024701973423361778,0.5380884408950806,0.7385482788085938,-0.03413508087396622,0.5006996393203735,0.7244670391082764,-0.040847714990377426,0.4738236367702484,0.7128465175628662,-0.04663066938519478,0.5915165543556213,0.8007872104644775,-0.029600776731967926,0.535394549369812,0.7748135328292847,-0.03666561096906662,0.5022110939025879,0.7577101588249207,-0.04115604981780052,0.47869181632995605,0.7443914413452148,-0.04475737363100052,0.5888413786888123,0.8365503549575806,-0.034622449427843094,0.5451343059539795,0.8111901879310608,-0.03913375362753868,0.5205623507499695,0.7960641384124756,-0.039920274168252945,0.501876175403595,0.7809992432594299,-0.04040796682238579,0.20426231622695923,0.8395232558250427,2.2838894153665024e-07,0.20651838183403015,0.7747458219528198,-0.012059671804308891,0.2236732840538025,0.7221240401268005,-0.02439069002866745,0.23446829617023468,0.67702716588974,-0.035549554973840714,0.22999446094036102,0.6366226673126221,-0.047996241599321365,0.27869686484336853,0.7264235615730286,-0.030365170910954475,0.33309051394462585,0.7021727561950684,-0.04289237782359123,0.36713606119155884,0.6904969811439514,-0.049781691282987595,0.39374828338623047,0.6821781396865845,-0.05413428321480751,0.2940547466278076,0.7647733688354492,-0.031459685415029526,0.35212206840515137,0.7351117730140686,-0.041434720158576965,0.38912349939346313,0.7160828113555908,-0.04803428053855896,0.41922006011009216,0.700531005859375,-0.053034707903862,0.3032013475894928,0.8010770678520203,-0.0322389118373394,0.35572248697280884,0.7716047763824463,-0.039314914494752884,0.38931727409362793,0.7531794309616089,-0.04627608135342598,0.41448962688446045,0.7357968688011169,-0.05108026787638664,0.3075002431869507,0.8343316316604614,-0.033633481711149216,0.34994837641716003,0.8119951486587524,-0.038978975266218185,0.3755222260951996,0.7955124974250793,-0.041693300008773804,0.3952469229698181,0.7769294381141663,-0.0429980643093586,WE
0.725208580493927,0.8752376437187195,5.769779676256803e-08,0.7162964344024658,0.8057117462158203,-0.0016878399765118957,0.6901053786277771,0.7400352358818054,-0.007710922509431839,0.67601078748703,0.6894645094871521,-0.01417037658393383,0.6879453063011169,0.6589051485061646,-0.022766275331377983,0.6433493494987488,0.7561529874801636,-0.019175274297595024,0.5837216973304749,0.7328245639801025,-0.03097023069858551,0.5473207831382751,0.7215976715087891,-0.03984910249710083,0.5175257921218872,0.71462482213974,-0.04656733199954033,0.6290715932846069,0.7957496643066406,-0.026520073413848877,0.5654342174530029,0.7675154805183411,-0.036646947264671326,0.5263090133666992,0.7523024082183838,-0.043873660266399384,0.49832800030708313,0.7403272390365601,-0.05040174722671509,0.6188668608665466,0.8353003263473511,-0.03304686397314072,0.5598458051681519,0.804976761341095,-0.041514020413160324,0.5239738821983337,0.7858157753944397,-0.046449825167655945,0.4981973171234131,0.7721229791641235,-0.050556667149066925,0.6134184002876282,0.872810959815979,-0.039369165897369385,0.5664507746696472,0.8453965187072754,-0.04639189690351486,0.5392359495162964,0.8303770422935486,-0.0481177382171154,0.5181207656860352,0.815767765045166,-0.0491861030459404,0.18760617077350616,0.883396565914154,3.159182995204901e-07,0.1835944652557373,0.8141698837280273,-0.01592198573052883,0.19556032121181488,0.7571132183074951,-0.030991673469543457,0.20536914467811584,0.7058038711547852,-0.04427935928106308,0.20331090688705444,0.6644049882888794,-0.058281637728214264,0.26221343874931335,0.7592770457267761,-0.03279397636651993,0.3210463523864746,0.7313249111175537,-0.04597274214029312,0.3561273515224457,0.71757572889328,-0.052636075764894485,0.381786584854126,0.7079097032546997,-0.05597973242402077,0.27802175283432007,0.7984217405319214,-0.032263532280921936,0.34037643671035767,0.7652683258056641,-0.04268292710185051,0.37737783789634705,0.744598388671875,-0.04814792796969414,0.405828058719635,0.7282934784889221,-0.051420945674180984,0.28767189383506775,0.8354090452194214,-0.032072048634290695,0.345001757144928,0.8019707202911377,-0.039878882467746735,0.3797788619995117,0.7805931568145752,-0.04603886604309082,0.40533703565597534,0.7611470222473145,-0.04957836866378784,0.29297158122062683,0.868068516254425,-0.03276202827692032,0.3395872712135315,0.8437300324440002,-0.03817553073167801,0.3664056360721588,0.8274603486061096,-0.040054816752672195,0.3873668611049652,0.8090155124664307,-0.040250569581985474,WE
0.6962347030639648,0.8497247695922852,1.8016859826275322e-07,0.6900327801704407,0.7864539623260498,-0.003967845346778631,0.6692978143692017,0.7277382016181946,-0.011881036683917046,0.6590145826339722,0.6778627038002014,-0.019788337871432304,0.6747521758079529,0.6489249467849731,-0.029311610385775566,0.6162606477737427,0.7385061979293823,-0.018795296549797058,0.5595012307167053,0.7159090042114258,-0.02886546403169632,0.5254513025283813,0.7042219638824463,-0.036727868020534515,0.497969388961792,0.6954283714294434,-0.042807817459106445,0.5998550057411194,0.7785524129867554,-0.024156417697668076,0.5387325286865234,0.7493640184402466,-0.0334089994430542,0.501533031463623,0.7311624884605408,-0.04027056321501732,0.4747442603111267,0.7162235379219055,-0.04595143347978592,0.5896614789962769,0.8164179921150208,-0.02871917374432087,0.5348995923995972,0.785735547542572,-0.035307325422763824,0.5029032230377197,0.764919102191925,-0.03965163975954056,0.48037663102149963,0.7498108148574829,-0.04297185316681862,0.5859261155128479,0.8502981066703796,-0.033384669572114944,0.5444159507751465,0.8223305940628052,-0.037451960146427155,0.5202668905258179,0.8046860694885254,-0.03794722631573677,0.5018629431724548,0.7884024381637573,-0.03801482170820236,0.20760484039783478,0.8583741188049316,2.9031068038420926e-07,0.20587481558322906,0.7925564050674438,-0.012792968191206455,0.21845322847366333,0.7361440062522888,-0.02632961980998516,0.2239730954170227,0.6886351704597473,-0.0387289933860302,0.21602296829223633,0.6506524085998535,-0.052201829850673676,0.27622199058532715,0.7406750321388245,-0.03136596456170082,0.3315299153327942,0.7110669612884521,-0.04419507831335068,0.3655047118663788,0.6977460980415344,-0.0506615974009037,0.3912946283817291,0.6888253688812256,-0.05422183498740196,0.2919234037399292,0.7782137989997864,-0.0323026217520237,0.351175457239151,0.74314945936203,-0.04206690937280655,0.387647420167923,0.7213807106018066,-0.047700487077236176,0.41580691933631897,0.7042644619941711,-0.05169869214296341,0.30260220170021057,0.812465250492096,-0.03312690183520317,0.35668620467185974,0.7782469987869263,-0.039894603192806244,0.38989511132240295,0.7565979361534119,-0.0461585558950901,0.4138824939727783,0.7374181747436523,-0.05029425024986267,0.30895981192588806,0.8429051637649536,-0.0346682071685791,0.35217800736427307,0.8165021538734436,-0.039354391396045685,0.37735944986343384,0.7989758253097534,-0.04130334034562111,0.3962927460670471,0.780046284198761,-0.04193919524550438,WE
0.6838080286979675,0.8492475152015686,1.134415157366675e-07,0.6728575825691223,0.7849050164222717,-0.002239333698526025,0.642911970615387,0.723373293876648,-0.0084996297955513,0.6258909106254578,0.6716311573982239,-0.014628022909164429,0.6391281485557556,0.633787989616394,-0.02284235507249832,0.5981144905090332,0.739492654800415,-0.021794406697154045,0.5374847650527954,0.7251016497612,-0.032860469073057175,0.49972110986709595,0.7160658240318298,-0.04076697304844856,0.4689527153968811,0.7096383571624756,-0.04706102982163429,0.584306001663208,0.7812548875808716,-0.028327956795692444,0.5176630020141602,0.7608574032783508,-0.03907943144440651,0.4761034846305847,0.7469844222068787,-0.04677318036556244,0.4456882178783417,0.73553866147995,-0.053186867386102676,0.5757149457931519,0.8222861886024475,-0.03361636400222778,0.514477550983429,0.8005560636520386,-0.0424322783946991,0.4769950807094574,0.7849587202072144,-0.04768452048301697,0.4494754672050476,0.7734699845314026,-0.05159273371100426,0.5724436640739441,0.8602539300918579,-0.03852643445134163,0.5241323709487915,0.8380602598190308,-0.04546111822128296,0.4957435131072998,0.8243401646614075,-0.04730779305100441,0.4732967019081116,0.8103387355804443,-0.04813704267144203,0.22081032395362854,0.874210774898529,3.5435783729553805e-07,0.2229001522064209,0.8062021732330322,-0.014302118681371212,0.23842407763004303,0.7516682744026184,-0.029202492907643318,0.24973946809768677,0.7036134004592896,-0.04216838255524635,0.2474251091480255,0.6642471551895142,-0.05622381716966629,0.3001643419265747,0.7634289860725403,-0.038003407418727875,0.360725998878479,0.7451972961425781,-0.0510527528822422,0.3979528546333313,0.7372249364852905,-0.05668569728732109,0.4252415895462036,0.7316916584968567,-0.05949554592370987,0.31359246373176575,0.8057935237884521,-0.03777099773287773,0.37972769141197205,0.7807439565658569,-0.04913977533578873,0.42106130719184875,0.7655567526817322,-0.05451710894703865,0.4527115821838379,0.753217875957489,-0.057839326560497284,0.3211779296398163,0.8440693020820618,-0.03681742027401924,0.37978050112724304,0.8173761963844299,-0.04449639841914177,0.41764289140701294,0.8017469048500061,-0.05050492286682129,0.44582727551460266,0.7873660922050476,-0.05437040701508522,0.32345056533813477,0.8769276142120361,-0.03643220663070679,0.36913198232650757,0.8577284216880798,-0.04159464314579964,0.39696240425109863,0.8451600670814514,-0.043184421956539154,0.4179961681365967,0.8303853273391724,-0.0433904193341732,WE
0.18574559688568115,0.8536933064460754,3.682105216284981e-07,0.18393421173095703,0.7880899310112,-0.019844433292746544,0.19559672474861145,0.7334150671958923,-0.038280051201581955,0.20422770082950592,0.6869113445281982,-0.05424823984503746,0.20125478506088257,0.6470533609390259,-0.07144943624734879,0.2600509226322174,0.7446706295013428,-0.042797911912202835,0.3161814510822296,0.7214575409889221,-0.05946052819490433,0.3521400988101959,0.7106031179428101,-0.06851191073656082,0.3789902925491333,0.7033693194389343,-0.07359790802001953,0.2736835479736328,0.7848924994468689,-0.041823048144578934,0.3354604244232178,0.757442057132721,-0.055442556738853455,0.37394681572914124,0.7415233850479126,-0.06307326257228851,0.4035060703754425,0.7293529510498047,-0.06814490258693695,0.28184980154037476,0.8217370510101318,-0.04092955216765404,0.33899128437042236,0.7942846417427063,-0.05127640441060066,0.37506139278411865,0.7777261137962341,-0.0592048205435276,0.40187734365463257,0.7631235718727112,-0.0640997439622879,0.28534334897994995,0.8538956046104431,-0.041096121072769165,0.33261799812316895,0.8337398767471313,-0.04932885989546776,0.3601861000061035,0.8204784393310547,-0.05265237018465996,0.38122984766960144,0.8053373694419861,-0.05377444997429848,0.7120185494422913,0.8855767846107483,8.494206582554398e-08,0.7027260065078735,0.819516658782959,-0.0038340012542903423,0.6765917539596558,0.7530068755149841,-0.010828855447471142,0.6650230288505554,0.6995667815208435,-0.018043532967567444,0.6753408312797546,0.6623797416687012,-0.027437429875135422,0.6304159760475159,0.772480309009552,-0.019541433081030846,0.5718107223510742,0.7551785111427307,-0.03148413449525833,0.5355063676834106,0.7470946907997131,-0.040917981415987015,0.5044963955879211,0.7416537404060364,-0.04826538637280464,0.6183294653892517,0.8137156963348389,-0.026636803522706032,0.5560164451599121,0.7908954620361328,-0.037340953946113586,0.5160865187644958,0.7781393527984619,-0.0466291718184948,0.4857889413833618,0.7681397199630737,-0.054681554436683655,0.610176146030426,0.8539533615112305,-0.033106617629528046,0.5520238280296326,0.8278768062591553,-0.043086014688014984,0.5151998996734619,0.8119660019874573,-0.05016899108886719,0.48732882738113403,0.8011304140090942,-0.0555175319314003,0.6063299775123596,0.8910313844680786,-0.03941771015524864,0.5602341294288635,0.8671531677246094,-0.04802394285798073,0.5316827893257141,0.8538944125175476,-0.05114053562283516,0.5085204839706421,0.8408128023147583,-0.05304203927516937,WE
0.6941976547241211,0.8870249390602112,7.679456359710457e-08,0.6850122213363647,0.8201484680175781,-0.00347137195058167,0.6597731113433838,0.7531358003616333,-0.010710947215557098,0.6477545499801636,0.6993958353996277,-0.018290305510163307,0.6613038778305054,0.6613976359367371,-0.028034068644046783,0.6097044348716736,0.7705203294754028,-0.01909160241484642,0.5516914129257202,0.7526708841323853,-0.03074735961854458,0.5155898332595825,0.7438742518424988,-0.04020369425415993,0.48456108570098877,0.7380159497261047,-0.047815460711717606,0.5958465337753296,0.8116629123687744,-0.02657531574368477,0.5334652662277222,0.7890515923500061,-0.03684573620557785,0.4942178726196289,0.7763317823410034,-0.045738495886325836,0.4641050696372986,0.7655056118965149,-0.053757473826408386,0.5871802568435669,0.8521696329116821,-0.03341260924935341,0.5295137166976929,0.8266819715499878,-0.0427759513258934,0.4930195212364197,0.8111804127693176,-0.049508728086948395,0.4650622308254242,0.7995340824127197,-0.054903555661439896,0.5839118361473083,0.8900012969970703,-0.040150441229343414,0.5369923114776611,0.8681168556213379,-0.048350151628255844,0.5080574750900269,0.8560537099838257,-0.05138104408979416,0.4842436909675598,0.8432745337486267,-0.05332928150892258,0.1695740967988968,0.8646929860115051,4.04897292582973e-07,0.16478866338729858,0.797741711139679,-0.020069193094968796,0.17728886008262634,0.7407045364379883,-0.038529857993125916,0.18734624981880188,0.6919756531715393,-0.054200123995542526,0.18651516735553741,0.6516700387001038,-0.07087627798318863,0.24372945725917816,0.7506763339042664,-0.04442504048347473,0.30423614382743835,0.7303439974784851,-0.06171572580933571,0.34234023094177246,0.7190667986869812,-0.07061868160963058,0.3698703348636627,0.7103122472763062,-0.0752091035246849,0.2576669156551361,0.7914407253265381,-0.0431956984102726,0.3230787515640259,0.7658675909042358,-0.05766989663243294,0.3624797463417053,0.7490941882133484,-0.06459581106901169,0.3922553062438965,0.7353774309158325,-0.06857629120349884,0.2661725878715515,0.8296159505844116,-0.04205965995788574,0.3254159390926361,0.8030998706817627,-0.05266406387090683,0.36114513874053955,0.7852297425270081,-0.0592382438480854,0.3872164487838745,0.769649088382721,-0.0628034919500351,0.2705490291118622,0.8636404275894165,-0.042015865445137024,0.31893500685691833,0.8438025116920471,-0.05001700296998024,0.34758350253105164,0.8288103938102722,-0.05280565097928047,0.36985746026039124,0.81158846616745,-0.053280025720596313,WE
0.18696463108062744,0.9112804532051086,3.773035359699861e-07,0.17800423502922058,0.8423241376876831,-0.015919551253318787,0.1876191347837448,0.7820349931716919,-0.031551387161016464,0.19367565214633942,0.7323427200317383,-0.04513687267899513,0.18889464437961578,0.693370521068573,-0.059920117259025574,0.25043782591819763,0.784716784954071,-0.03904929757118225,0.30756887793540955,0.7546359300613403,-0.053806573152542114,0.34343892335891724,0.738486111164093,-0.061033349484205246,0.36921948194503784,0.7269489169120789,-0.0645381435751915,0.2673795521259308,0.8235278725624084,-0.03933024778962135,0.3298151195049286,0.7883941531181335,-0.05126422271132469,0.36700189113616943,0.7669110298156738,-0.05703232064843178,0.39506304264068604,0.7507767081260681,-0.0604519322514534,0.2793186902999878,0.8606374263763428,-0.03946107253432274,0.33691367506980896,0.8263066411018372,-0.04805658012628555,0.37204474210739136,0.8036025166511536,-0.05415991693735123,0.39830583333969116,0.7850407958030701,-0.05773976445198059,0.2866213023662567,0.8933664560317993,-0.04033453017473221,0.3336055278778076,0.8673708438873291,-0.046481743454933167,0.36138495802879333,0.849638819694519,-0.04829981178045273,0.3824760913848877,0.8313467502593994,-0.048394158482551575,0.7019335627555847,0.8945525288581848,6.151194043013675e-08,0.6937838792800903,0.8269380331039429,-0.004723304882645607,0.6681927442550659,0.7560518383979797,-0.012764967046678066,0.655943751335144,0.700916588306427,-0.020576106384396553,0.6688600182533264,0.6616745591163635,-0.030540836974978447,0.6171174049377441,0.7756909728050232,-0.023698922246694565,0.5570999383926392,0.7585046291351318,-0.03595097362995148,0.520331084728241,0.7482099533081055,-0.04519438371062279,0.4886971712112427,0.7405483722686768,-0.05261386185884476,0.6033406853675842,0.8181940317153931,-0.030582020059227943,0.5388766527175903,0.7955661416053772,-0.04184999316930771,0.4986196756362915,0.7820384502410889,-0.050245631486177444,0.4673601984977722,0.7703295350074768,-0.05777885764837265,0.594153642654419,0.859259307384491,-0.03658452257514,0.5333019495010376,0.8335685133934021,-0.04637409746646881,0.496282160282135,0.8172882795333862,-0.05204342305660248,0.4677841067314148,0.8054872751235962,-0.05657678842544556,0.5898069143295288,0.8978375196456909,-0.0425260066986084,0.540012538433075,0.8745138049125671,-0.050677504390478134,0.5104581117630005,0.8605155944824219,-0.05293696001172066,0.4865192770957947,0.8465897440910339,-0.05418973043560982,WE
0.698891818523407,0.867431640625,1.1670609012526256e-07,0.6824780106544495,0.7997090220451355,-0.0027097619604319334,0.6527093052864075,0.734481692314148,-0.009644782170653343,0.6411410570144653,0.6811601519584656,-0.016995828598737717,0.6531055569648743,0.6438445448875427,-0.02637980878353119,0.6048930287361145,0.7541302442550659,-0.01905858889222145,0.5429191589355469,0.738558828830719,-0.030665021389722824,0.5047763586044312,0.7304500341415405,-0.03956685587763786,0.4731830060482025,0.724645733833313,-0.046526771038770676,0.5929611921310425,0.7971875667572021,-0.02616221457719803,0.5258928537368774,0.7779486775398254,-0.03683258593082428,0.4841589331626892,0.7656152844429016,-0.04494014009833336,0.45353275537490845,0.7547097206115723,-0.05198482796549797,0.5855692625045776,0.8392038345336914,-0.03253460302948952,0.5235898494720459,0.8165310621261597,-0.04137483239173889,0.48505204916000366,0.8006014823913574,-0.04701075702905655,0.45669400691986084,0.788801372051239,-0.05137940123677254,0.5826732516288757,0.8780583143234253,-0.03880120441317558,0.5335482358932495,0.855563759803772,-0.04623836651444435,0.5035675764083862,0.8408360481262207,-0.04868503659963608,0.48005449771881104,0.8261884450912476,-0.0499916709959507,0.159828320145607,0.8438433408737183,3.8808695990155684e-07,0.16123542189598083,0.7762877941131592,-0.014615470543503761,0.1799510419368744,0.7210022211074829,-0.03140469267964363,0.1927517205476761,0.6693636178970337,-0.047033872455358505,0.19126063585281372,0.6256518959999084,-0.06383723765611649,0.24533513188362122,0.730048656463623,-0.034522127360105515,0.30682194232940674,0.7140677571296692,-0.04972763732075691,0.34504443407058716,0.7069559097290039,-0.05836410075426102,0.37302348017692566,0.7017530798912048,-0.06330671161413193,0.2579133212566376,0.7724524736404419,-0.03671116381883621,0.3232870101928711,0.7515481114387512,-0.04830682650208473,0.36332064867019653,0.7394493818283081,-0.05535775423049927,0.39414095878601074,0.7294902801513672,-0.060099538415670395,0.26490020751953125,0.8137986063957214,-0.03893826901912689,0.32610929012298584,0.7905762195587158,-0.047188516706228256,0.3638659119606018,0.7779261469841003,-0.05416834354400635,0.3914237320423126,0.7663102149963379,-0.05883805453777313,0.26741692423820496,0.8524994254112244,-0.041944846510887146,0.31715530157089233,0.8349601030349731,-0.04804543778300285,0.3470538258552551,0.8232077360153198,-0.05013006180524826,0.37029343843460083,0.8094034790992737,-0.05058133602142334,WE
0.730038046836853,0.850663423538208,1.0633521441150151e-07,0.7129790186882019,0.7784177660942078,-0.0025112032890319824,0.6828491687774658,0.7193090319633484,-0.0068871257826685905,0.667525589466095,0.670693039894104,-0.011792462319135666,0.6727697253227234,0.6366778612136841,-0.018325254321098328,0.6296959519386292,0.7493320107460022,-0.009696872904896736,0.5716478824615479,0.735747754573822,-0.017684517428278923,0.5368295311927795,0.729407787322998,-0.025570478290319443,0.5070304274559021,0.7250985503196716,-0.03224227949976921,0.6190189123153687,0.7892575263977051,-0.015621712431311607,0.5567957758903503,0.7735412120819092,-0.02244894951581955,0.5203749537467957,0.7645419836044312,-0.030427519232034683,0.4930969178676605,0.755470871925354,-0.03770681470632553,0.6147179007530212,0.8285243511199951,-0.021196935325860977,0.5561721920967102,0.8122860789299011,-0.027781503275036812,0.5221980810165405,0.8000425100326538,-0.03343922272324562,0.4971471130847931,0.7906653881072998,-0.03803889825940132,0.6164586544036865,0.864336371421814,-0.02679930441081524,0.5699238777160645,0.8490921258926392,-0.032708942890167236,0.5431707501411438,0.8403741717338562,-0.0342964343726635,0.5219937562942505,0.8306905031204224,-0.035143449902534485,0.1888066828250885,0.8377087116241455,3.734322433501802e-07,0.1900644600391388,0.773026704788208,-0.014368502423167229,0.20212697982788086,0.7228501439094543,-0.0308165792375803,0.20858345925807953,0.6784801483154297,-0.045769333839416504,0.2061195820569992,0.6414585113525391,-0.06214379891753197,0.26328614354133606,0.7422736287117004,-0.036030400544404984,0.31830620765686035,0.7284241914749146,-0.05053162947297096,0.35316187143325806,0.7209659218788147,-0.059028033167123795,0.3791077435016632,0.7161768674850464,-0.06415241956710815,0.27368271350860596,0.7805421948432922,-0.03744377940893173,0.332949697971344,0.7636007070541382,-0.048385024070739746,0.37039169669151306,0.7523533701896667,-0.05588369071483612,0.3997512757778168,0.7442412972450256,-0.06164514645934105,0.2783189117908478,0.8165230751037598,-0.03861427679657936,0.33233171701431274,0.8023124933242798,-0.04621768370270729,0.36705705523490906,0.7932531833648682,-0.05365177243947983,0.39337724447250366,0.7853647470474243,-0.05935148149728775,0.278560072183609,0.848362386226654,-0.040454428642988205,0.321228951215744,0.8396628499031067,-0.04715383052825928,0.34820595383644104,0.8313772082328796,-0.05010368302464485,0.36990222334861755,0.8210232257843018,-0.051562611013650894,WE
0.7198965549468994,0.8679141402244568,8.469194057170171e-08,0.7171769738197327,0.8017281889915466,-0.0060311914421617985,0.6951993703842163,0.7329306602478027,-0.014078257605433464,0.6857219338417053,0.6797342896461487,-0.02125062420964241,0.7010794281959534,0.6472998261451721,-0.030646739527583122,0.6478614807128906,0.7506640553474426,-0.024896744638681412,0.5906164050102234,0.7312484383583069,-0.036209918558597565,0.555523157119751,0.7221140265464783,-0.04442787542939186,0.5261279940605164,0.7159469127655029,-0.050839297473430634,0.63515704870224,0.7920553684234619,-0.029971269890666008,0.5727335810661316,0.7683435082435608,-0.04026760533452034,0.5337503552436829,0.7550540566444397,-0.04799056425690651,0.5047259330749512,0.7450879812240601,-0.054732996970415115,0.6269549131393433,0.8318477272987366,-0.034148864448070526,0.5692801475524902,0.8057601451873779,-0.04356769099831581,0.5336320400238037,0.7889207601547241,-0.04940670728683472,0.5069395899772644,0.7776256203651428,-0.05355292558670044,0.623275876045227,0.8681912422180176,-0.03816830739378929,0.5764304995536804,0.8423723578453064,-0.04588059335947037,0.5480746626853943,0.8279841542243958,-0.048025429248809814,0.5252969861030579,0.814113199710846,-0.04904405400156975,0.1738346815109253,0.8305681347846985,3.0727701982868894e-07,0.17201247811317444,0.7672034502029419,-0.01203230768442154,0.18236222863197327,0.7123365998268127,-0.026417866349220276,0.18636184930801392,0.6663594245910645,-0.03990016505122185,0.1804010272026062,0.629815399646759,-0.054792292416095734,0.2330571413040161,0.7188714742660522,-0.03475245088338852,0.28582650423049927,0.6907750368118286,-0.05028514936566353,0.3192659318447113,0.676416277885437,-0.05826032534241676,0.3441893458366394,0.6660016179084778,-0.0627516359090805,0.24694471061229706,0.7543395161628723,-0.03767101466655731,0.30340227484703064,0.7218964099884033,-0.05097850039601326,0.3384689688682556,0.7022289037704468,-0.05799579620361328,0.3662415146827698,0.6870726346969604,-0.06250254064798355,0.25622451305389404,0.7901450991630554,-0.04044007509946823,0.30726563930511475,0.7583792209625244,-0.0507039837539196,0.34014949202537537,0.7389855980873108,-0.05754047632217407,0.3647148609161377,0.7227073907852173,-0.061623841524124146,0.2618747353553772,0.8242427110671997,-0.04369711875915527,0.30351579189300537,0.8013389110565186,-0.051721081137657166,0.3289746046066284,0.7844846844673157,-0.05461014434695244,0.3487604856491089,0.7676191926002502,-0.05557377263903618,WE
0.6937713623046875,0.891865611076355,2.0445511950129003e-07,0.6957067251205444,0.8200088739395142,-0.001051801722496748,0.6811442375183105,0.7544659972190857,-0.005517373792827129,0.6801941990852356,0.6989209055900574,-0.010887620970606804,0.6993550658226013,0.6681638360023499,-0.01732598803937435,0.6114746928215027,0.7513704299926758,-0.0006452971720136702,0.5579526424407959,0.7235804796218872,-0.002916115103289485,0.5282098054885864,0.7093372344970703,-0.007519011851400137,0.5036138296127319,0.6983461380004883,-0.011877286247909069,0.5916348695755005,0.7916561961174011,-0.005408056546002626,0.5357491374015808,0.7544808983802795,-0.006079796236008406,0.5049110054969788,0.7340030670166016,-0.009167544543743134,0.48291224241256714,0.7184697389602661,-0.012590569444000721,0.5796951055526733,0.8306034207344055,-0.01011180505156517,0.5312430262565613,0.792473554611206,-0.010010736994445324,0.5047957301139832,0.7695322632789612,-0.0108573567122221,0.4854933023452759,0.7539554238319397,-0.012172192335128784,0.575363039970398,0.8659238815307617,-0.015197305008769035,0.5374560356140137,0.8304145336151123,-0.014455271884799004,0.517275869846344,0.8115688562393188,-0.011590194888412952,0.5020828247070312,0.7957460284233093,-0.009275359101593494,0.20812511444091797,0.9060593247413635,2.9709545401601645e-07,0.19298560917377472,0.8327155709266663,-0.014017322100698948,0.1989516317844391,0.7743402123451233,-0.02672610431909561,0.20496578514575958,0.725142240524292,-0.03713541477918625,0.20064488053321838,0.6843066811561584,-0.047847963869571686,0.2761126756668091,0.7578570246696472,-0.02891446463763714,0.32979151606559753,0.7159909009933472,-0.03800667077302933,0.36284488439559937,0.6950392723083496,-0.041580501943826675,0.38766956329345703,0.6811028718948364,-0.043075863271951675,0.2956211566925049,0.7896921634674072,-0.02609403245151043,0.35116544365882874,0.7412247657775879,-0.03204663097858429,0.3832259476184845,0.715242326259613,-0.033556293696165085,0.40964755415916443,0.6971110105514526,-0.03463844582438469,0.308042973279953,0.820817232131958,-0.023317227140069008,0.3572152554988861,0.77500981092453,-0.025611508637666702,0.38641121983528137,0.7507621049880981,-0.028676392510533333,0.4086354076862335,0.7307040095329285,-0.03110537864267826,0.314816415309906,0.8508175015449524,-0.021569598466157913,0.3547322750091553,0.8134866952896118,-0.022449916228652,0.37670719623565674,0.7926893830299377,-0.02289065718650818,0.3932008147239685,0.7717942595481873,-0.022713955491781235,WE
0.6917424201965332,0.8389343619346619,8.132671780458622e-08,0.6883246898651123,0.7659245133399963,0.002106613479554653,0.6695846319198608,0.6977916955947876,0.0016522296937182546,0.662568211555481,0.6425234079360962,7.009421824477613e-05,0.6789184212684631,0.6095696687698364,-0.002892807824537158,0.5999234914779663,0.6997678875923157,0.0076411329209804535,0.5467531085014343,0.6780045032501221,0.008208546787500381,0.5173405408859253,0.6718928813934326,0.00373970833607018,0.49341052770614624,0.6659197807312012,-0.001091061276383698,0.5846754312515259,0.7373371720314026,0.0025385108310729265,0.5276412963867188,0.712654709815979,0.005546454805880785,0.4963420033454895,0.7006648778915405,0.0013245644513517618,0.4736449122428894,0.6893737316131592,-0.004233058542013168,0.5759854316711426,0.7756298780441284,-0.002484869910404086,0.5244985818862915,0.7499467134475708,-0.00034828318166546524,0.49819859862327576,0.734610378742218,-0.0026220250874757767,0.4792286157608032,0.7227904200553894,-0.005964007694274187,0.5734803676605225,0.8128907084465027,-0.0075601330026984215,0.5318628549575806,0.788260281085968,-0.005692251957952976,0.5113719701766968,0.7753909230232239,-0.0034453433472663164,0.49599602818489075,0.7616696953773499,-0.002313039731234312,0.23070839047431946,0.8449937105178833,2.5752680699042685e-07,0.21996168792247772,0.7758367657661438,-0.017623351886868477,0.22860319912433624,0.7176690101623535,-0.030780497938394547,0.23827746510505676,0.6673372983932495,-0.04160762578248978,0.2401595413684845,0.6287025809288025,-0.05204228684306145,0.30695387721061707,0.7049468755722046,-0.023531446233391762,0.3594081699848175,0.6774062514305115,-0.032397445291280746,0.39088428020477295,0.66065514087677,-0.0380820669233799,0.413932740688324,0.6476978063583374,-0.041534725576639175,0.3258429169654846,0.738405704498291,-0.01996440812945366,0.37990522384643555,0.7051752805709839,-0.025688372552394867,0.4117847681045532,0.6834222674369812,-0.029010720551013947,0.43581295013427734,0.6662481427192688,-0.031286899000406265,0.33654460310935974,0.7729437947273254,-0.017566755414009094,0.38616204261779785,0.737636923789978,-0.02114855870604515,0.41510945558547974,0.7163118720054626,-0.02507668547332287,0.436249315738678,0.6972466707229614,-0.027519971132278442,0.3412078619003296,0.8066982626914978,-0.01668819785118103,0.3815962076187134,0.7778723835945129,-0.017832739278674126,0.4022088944911957,0.759860098361969,-0.017685526981949806,0.41713693737983704,0.742109477519989,-0.016806723549962044,WE
0.6800981760025024,0.8658910989761353,1.6268828062493412e-07,0.6708383560180664,0.7910224795341492,0.001000962220132351,0.6487633585929871,0.7264857292175293,-0.00015122350305318832,0.6380289793014526,0.6718064546585083,-0.0030689348932355642,0.6498474478721619,0.6355493664741516,-0.00731828436255455,0.5752743482589722,0.7347090840339661,0.013479987159371376,0.5230571031570435,0.7170500159263611,0.01668800227344036,0.49511605501174927,0.7104741334915161,0.012821570038795471,0.47143465280532837,0.7042971849441528,0.007850761525332928,0.5613520741462708,0.7749185562133789,0.007930063642561436,0.5060652494430542,0.752232015132904,0.013043724000453949,0.47554242610931396,0.7409245371818542,0.00834615994244814,0.4524618983268738,0.7307560443878174,0.0022586409468203783,0.5550435781478882,0.8142790794372559,0.002018566010519862,0.5049575567245483,0.7897331118583679,0.00588676193729043,0.47944965958595276,0.7753198146820068,0.003252272028476,0.4606718420982361,0.7643704414367676,-0.0006920627201907337,0.555654764175415,0.8516919016838074,-0.004340657498687506,0.514106273651123,0.8266383409500122,-0.0009188490221276879,0.49369969964027405,0.8141659498214722,0.0021735639311373234,0.4780028164386749,0.8019062280654907,0.0036214576102793217,0.21129858493804932,0.885568380355835,2.6028428123936465e-07,0.19649186730384827,0.814958930015564,-0.013480857014656067,0.20258736610412598,0.7576174736022949,-0.026247987523674965,0.21231307089328766,0.7065004110336304,-0.037520453333854675,0.21213680505752563,0.6654905676841736,-0.04834267497062683,0.2840213179588318,0.7379680275917053,-0.0223749577999115,0.33912116289138794,0.7016780972480774,-0.031151793897151947,0.3706790804862976,0.6825646758079529,-0.035322338342666626,0.39404088258743286,0.6695201396942139,-0.03719020262360573,0.3043701648712158,0.7705712914466858,-0.02035326138138771,0.36028626561164856,0.7287940979003906,-0.025843562558293343,0.39202022552490234,0.7039629817008972,-0.027550093829631805,0.4157869517803192,0.686011016368866,-0.028428690508008003,0.3168643116950989,0.8038133382797241,-0.019031280651688576,0.36588484048843384,0.7625795006752014,-0.021497230976819992,0.3935832977294922,0.7393461465835571,-0.023777255788445473,0.4123785197734833,0.719327449798584,-0.025028109550476074,0.3236474394798279,0.8354867696762085,-0.018917186185717583,0.36229535937309265,0.8014986515045166,-0.018028205260634422,0.38248422741889954,0.7813369035720825,-0.016647381708025932,0.39657923579216003,0.7617843747138977,-0.014993051998317242,WE
0.7200486063957214,0.8466494083404541,1.1678204003828796e-07,0.7245213985443115,0.7815069556236267,-0.003938782960176468,0.712213397026062,0.7173966765403748,-0.009147298522293568,0.7076615691184998,0.6683005094528198,-0.01371728628873825,0.7229278087615967,0.6372267603874207,-0.02015850692987442,0.6522181034088135,0.7282764315605164,-0.01554186176508665,0.5977754592895508,0.7073513865470886,-0.022903116419911385,0.5649157762527466,0.6975899934768677,-0.02948368340730667,0.5386801958084106,0.6904798150062561,-0.03484785184264183,0.6374208927154541,0.7658203840255737,-0.01953369937837124,0.5797688364982605,0.7398078441619873,-0.02602522261440754,0.5451363325119019,0.7247955799102783,-0.031896837055683136,0.5202053785324097,0.7139313817024231,-0.03712267428636551,0.6285304427146912,0.8024846911430359,-0.022854318842291832,0.5759636759757996,0.7759352922439575,-0.02917809784412384,0.54486083984375,0.7583673596382141,-0.033282097429037094,0.521790623664856,0.7465580105781555,-0.036211252212524414,0.6246599555015564,0.8372158408164978,-0.02606448531150818,0.5831332802772522,0.811244010925293,-0.031868401914834976,0.5589544773101807,0.7972425222396851,-0.03272173926234245,0.5395993590354919,0.7840118408203125,-0.03255590796470642,0.19745709002017975,0.852654755115509,3.571666695734166e-07,0.18798157572746277,0.7905168533325195,-0.01327612902969122,0.19468006491661072,0.7363951206207275,-0.027886852622032166,0.1979985237121582,0.689976692199707,-0.041263580322265625,0.19277381896972656,0.6534929275512695,-0.05580092966556549,0.26076868176460266,0.7334648966789246,-0.03139365091919899,0.31376680731773376,0.7063415050506592,-0.044531069695949554,0.3467598259449005,0.6925397515296936,-0.05190121755003929,0.37118399143218994,0.6825222969055176,-0.05607016757130623,0.2753811478614807,0.7662633657455444,-0.03246799111366272,0.3318706750869751,0.7345399260520935,-0.04191315174102783,0.365444153547287,0.7152197360992432,-0.04747285321354866,0.3919077217578888,0.7000539302825928,-0.05149403214454651,0.284424364566803,0.7992753386497498,-0.03368595615029335,0.33691972494125366,0.766680121421814,-0.04058333486318588,0.368181437253952,0.7463587522506714,-0.04679584875702858,0.39137446880340576,0.7286959290504456,-0.05115522816777229,0.28965622186660767,0.8301343321800232,-0.03565745800733566,0.3318861126899719,0.805872917175293,-0.04159122332930565,0.3562197983264923,0.7891741991043091,-0.04445623233914375,0.37526440620422363,0.7710196375846863,-0.045732658356428146,WE
0.17585033178329468,0.8434622883796692,3.489010964585759e-07,0.18828821182250977,0.782880425453186,-0.01312897726893425,0.21130964159965515,0.7301644086837769,-0.028604237362742424,0.22600913047790527,0.6815283894538879,-0.04276052489876747,0.230134978890419,0.641895055770874,-0.05761129781603813,0.2595547139644623,0.7527133226394653,-0.029810994863510132,0.3078238368034363,0.7507166862487793,-0.04490285366773605,0.3387817144393921,0.7511836886405945,-0.05505499243736267,0.36269620060920715,0.75235915184021,-0.061614375561475754,0.26584601402282715,0.7924064993858337,-0.032466135919094086,0.31799063086509705,0.7877191305160522,-0.043492402881383896,0.3515419661998749,0.7854663729667664,-0.050966378301382065,0.3788025677204132,0.7833928465843201,-0.05668766051530838,0.2663140892982483,0.8319318890571594,-0.03549056127667427,0.31524765491485596,0.8238791823387146,-0.04381550848484039,0.34576714038848877,0.8199744820594788,-0.04895511269569397,0.36886969208717346,0.8153468370437622,-0.05270032584667206,0.2630406320095062,0.8694746494293213,-0.03931817039847374,0.3026520907878876,0.8623472452163696,-0.04549547657370567,0.3276498317718506,0.8569005131721497,-0.046712130308151245,0.3484243154525757,0.8510067462921143,-0.04695132002234459,0.734325647354126,0.8638260960578918,-6.256679085936412e-08,0.7232486009597778,0.7886592745780945,-0.005325444042682648,0.6997967958450317,0.7209981679916382,-0.014324763789772987,0.688476026058197,0.6642667651176453,-0.02180086262524128,0.6926173567771912,0.6246185302734375,-0.03203617036342621,0.6615344882011414,0.7518958449363708,-0.027837220579385757,0.6032353043556213,0.7543942928314209,-0.03901294991374016,0.568083643913269,0.7598256468772888,-0.04810935631394386,0.5384612679481506,0.7634657025337219,-0.05476125329732895,0.6555792689323425,0.7962225079536438,-0.03208288922905922,0.592750608921051,0.79559725522995,-0.04019995033740997,0.5511873364448547,0.7933112382888794,-0.04950985684990883,0.5211800336837769,0.7933892011642456,-0.05954822525382042,0.6521798372268677,0.8375040888786316,-0.034468796104192734,0.5925177931785583,0.83426433801651,-0.041565947234630585,0.5563792586326599,0.8275963664054871,-0.046939972788095474,0.5314486622810364,0.824080228805542,-0.052862025797367096,0.6518203616142273,0.8735659718513489,-0.036401595920324326,0.6031107902526855,0.8720542192459106,-0.04185452312231064,0.574089765548706,0.8681009411811829,-0.04146578162908554,0.5509557127952576,0.8620027303695679,-0.04190674051642418,WE
0.7074339985847473,0.8881767392158508,2.444366486997751e-07,0.715785801410675,0.8220916986465454,-0.009154969826340675,0.7054769992828369,0.7532211542129517,-0.013771469704806805,0.7034333944320679,0.6972372531890869,-0.017412438988685608,0.7217913866043091,0.6697303056716919,-0.022503582760691643,0.6360257267951965,0.7538343071937561,-0.016193490475416183,0.594613254070282,0.7003098726272583,-0.02126237563788891,0.567527711391449,0.6690191626548767,-0.02515644207596779,0.5456053018569946,0.6465675234794617,-0.02981621026992798,0.6147537231445312,0.7883882522583008,-0.018679138273000717,0.5581785440444946,0.7459545731544495,-0.025037826970219612,0.5263671278953552,0.7218644618988037,-0.03214145079255104,0.5031471848487854,0.7050608992576599,-0.03825560212135315,0.6041890382766724,0.8272306323051453,-0.021007968112826347,0.5483116507530212,0.7932946681976318,-0.029408438131213188,0.5167038440704346,0.771372377872467,-0.03846525773406029,0.4932757019996643,0.7562124729156494,-0.04534725844860077,0.6043685078620911,0.865195631980896,-0.023521803319454193,0.558310866355896,0.8540772795677185,-0.03465308994054794,0.5291199684143066,0.8472871780395508,-0.04190592095255852,0.5061829686164856,0.8379421830177307,-0.04635803401470184,0.2058241218328476,0.8914827108383179,2.7930067858505936e-07,0.1912224292755127,0.8258445858955383,-0.010990843176841736,0.19070476293563843,0.7706608176231384,-0.023494858294725418,0.18529288470745087,0.7236211895942688,-0.03545495495200157,0.17225125432014465,0.6892133355140686,-0.04883253946900368,0.2657104730606079,0.7579957842826843,-0.024876197800040245,0.3007686138153076,0.7022485733032227,-0.03521445766091347,0.3255923390388489,0.6689174175262451,-0.04194410890340805,0.3447168469429016,0.6458084583282471,-0.04705938696861267,0.2879142165184021,0.7855707406997681,-0.026784630492329597,0.3313332498073578,0.736025333404541,-0.034294310957193375,0.3613019287586212,0.7056279182434082,-0.04116279259324074,0.3849036693572998,0.685499370098114,-0.04764242842793465,0.30051252245903015,0.8192662000656128,-0.02899288758635521,0.3446124196052551,0.7814648151397705,-0.03676570951938629,0.37479397654533386,0.7594127655029297,-0.0477617084980011,0.3967795670032501,0.742835283279419,-0.05638445168733597,0.30637481808662415,0.8557411432266235,-0.03159540891647339,0.34877365827560425,0.8471900820732117,-0.04042336717247963,0.37541383504867554,0.8402514457702637,-0.047312378883361816,0.3953579366207123,0.8311460614204407,-0.05217178165912628,WE
0.2324238419532776,0.8855427503585815,3.7686916698476125e-07,0.22305816411972046,0.8189299702644348,-0.016954852268099785,0.2271604835987091,0.7616515159606934,-0.03393503278493881,0.23021842539310455,0.7117831707000732,-0.048607081174850464,0.2257879078388214,0.6727733016014099,-0.06416071206331253,0.29493263363838196,0.7596409916877747,-0.03873799368739128,0.3510850667953491,0.7298440933227539,-0.051611363887786865,0.38510754704475403,0.7151752710342407,-0.0574466735124588,0.4099966287612915,0.705883264541626,-0.060186948627233505,0.3116282820701599,0.7975532412528992,-0.03707215562462807,0.36990711092948914,0.7614151835441589,-0.0451505146920681,0.40434426069259644,0.7410749197006226,-0.04909951984882355,0.4310641884803772,0.7266731262207031,-0.05238635465502739,0.3229984641075134,0.8325345516204834,-0.0351698100566864,0.37423983216285706,0.797106146812439,-0.03843521326780319,0.4048987627029419,0.777622640132904,-0.042833276093006134,0.42850619554519653,0.7619094848632812,-0.04696298763155937,0.329281747341156,0.8627579808235168,-0.03440790995955467,0.3699575364589691,0.8325995206832886,-0.03660720959305763,0.39334139227867126,0.8146000504493713,-0.03713566064834595,0.4109117388725281,0.796800434589386,-0.03712787479162216,0.7179099917411804,0.8947142958641052,2.1020501606017206e-07,0.7179968357086182,0.8255153894424438,-0.006215684115886688,0.6994543075561523,0.7604018449783325,-0.012742550112307072,0.689653217792511,0.7076739072799683,-0.01906786859035492,0.7037100195884705,0.6770455241203308,-0.02629215456545353,0.6306268572807312,0.7699576616287231,-0.011001004837453365,0.5722118020057678,0.7467117309570312,-0.018611636012792587,0.5378071069717407,0.733708918094635,-0.02609727531671524,0.5097787380218506,0.7237263321876526,-0.03229324519634247,0.6128604412078857,0.8120193481445312,-0.01469812635332346,0.551481306552887,0.7818338871002197,-0.02278630994260311,0.5138674974441528,0.7616803050041199,-0.030411552637815475,0.48654747009277344,0.7457267045974731,-0.03642282262444496,0.6026128530502319,0.8516187071800232,-0.018346469849348068,0.5473750829696655,0.8196439146995544,-0.02482995204627514,0.5148570537567139,0.7975502610206604,-0.029579894617199898,0.49163129925727844,0.7824752330780029,-0.03257911652326584,0.6001017689704895,0.8864290118217468,-0.022468017414212227,0.556520938873291,0.8562937378883362,-0.0264545027166605,0.531562328338623,0.8385458588600159,-0.0267989169806242,0.5130952596664429,0.8229674696922302,-0.026319963857531548,WE
0.7083057761192322,0.8718470931053162,1.7909769667312503e-07,0.7136501669883728,0.8052840232849121,-0.008030104450881481,0.699020266532898,0.740260124206543,-0.015846751630306244,0.6902440786361694,0.6881528496742249,-0.023086896166205406,0.7024490237236023,0.6560568809509277,-0.031723324209451675,0.6356952786445618,0.7486602663993835,-0.016820333898067474,0.5799252986907959,0.7247620224952698,-0.026523251086473465,0.5463935136795044,0.7117826342582703,-0.035022199153900146,0.5188289284706116,0.7022090554237366,-0.04178266227245331,0.6191797256469727,0.7863078117370605,-0.020586054772138596,0.559425413608551,0.7566863894462585,-0.030093995854258537,0.5226455330848694,0.7380290031433105,-0.038496725261211395,0.4956178069114685,0.7230988144874573,-0.04519970342516899,0.6081972718238831,0.8241173624992371,-0.02429215796291828,0.5546215176582336,0.7925325036048889,-0.032592929899692535,0.5224617123603821,0.7714032530784607,-0.03840068727731705,0.49880796670913696,0.7562087774276733,-0.042171329259872437,0.6032942533493042,0.8601888418197632,-0.028401529416441917,0.5608391761779785,0.8295708298683167,-0.03438558429479599,0.5362000465393066,0.8117086291313171,-0.03583991900086403,0.5172461867332458,0.795488178730011,-0.03618330508470535,0.22016358375549316,0.8842059969902039,3.4919276004075073e-07,0.2110559344291687,0.8168545961380005,-0.01218321081250906,0.2205546796321869,0.7597904801368713,-0.026351843029260635,0.22785434126853943,0.7098392844200134,-0.03924629092216492,0.223435640335083,0.6713294982910156,-0.05283704027533531,0.282906174659729,0.7543479800224304,-0.031438522040843964,0.3370039463043213,0.7236116528511047,-0.04410339146852493,0.370639830827713,0.7065992951393127,-0.050632793456315994,0.3949694037437439,0.6948713660240173,-0.053826216608285904,0.299299418926239,0.7889608144760132,-0.03246339410543442,0.3551618754863739,0.7519761323928833,-0.04145808890461922,0.38863876461982727,0.7301118969917297,-0.04535362124443054,0.4141698479652405,0.7145277857780457,-0.04779857397079468,0.3103818893432617,0.8234167695045471,-0.03334365412592888,0.3614635467529297,0.7863776087760925,-0.03881441429257393,0.39222776889801025,0.7651791572570801,-0.042499151080846786,0.414506733417511,0.7480731010437012,-0.04501043260097504,0.3165093660354614,0.8545247316360474,-0.03498055413365364,0.35723328590393066,0.8255459070205688,-0.03820297494530678,0.3806711733341217,0.8072113394737244,-0.038403283804655075,0.39823630452156067,0.7884833216667175,-0.037732724100351334,WE
0.23132279515266418,0.8957231044769287,3.370608681052545e-07,0.21792785823345184,0.8301372528076172,-0.017971504479646683,0.219140887260437,0.7759265899658203,-0.03527287021279335,0.22160333395004272,0.7294189929962158,-0.05028996244072914,0.2174280881881714,0.6916459798812866,-0.06643257290124893,0.28393909335136414,0.7701625227928162,-0.03959330916404724,0.33440130949020386,0.7307994961738586,-0.054501473903656006,0.3666645288467407,0.7114540338516235,-0.06250124424695969,0.39081209897994995,0.6990543603897095,-0.0667896643280983,0.3024347424507141,0.8038159012794495,-0.03856409341096878,0.3556768298149109,0.7614052295684814,-0.04931341111660004,0.3888809382915497,0.7367601990699768,-0.05587557703256607,0.4145737290382385,0.7189697027206421,-0.060917824506759644,0.3158438205718994,0.8347874879837036,-0.037548042833805084,0.363094687461853,0.7934747934341431,-0.04404306039214134,0.39371031522750854,0.7691125869750977,-0.05105152726173401,0.4173316955566406,0.7498822808265686,-0.0566963367164135,0.3248104155063629,0.8613054752349854,-0.03771993890404701,0.36319148540496826,0.82803875207901,-0.04327862337231636,0.3859049677848816,0.8068779706954956,-0.046106383204460144,0.40310317277908325,0.7861795425415039,-0.04764951020479202,0.7071117758750916,0.8790231347084045,1.559189826139118e-07,0.7075653076171875,0.8136889338493347,-0.005413572769612074,0.6893573999404907,0.7514399886131287,-0.012142968364059925,0.6811780333518982,0.7001883387565613,-0.018792830407619476,0.6940368413925171,0.6690767407417297,-0.026977604255080223,0.6285591125488281,0.7577959299087524,-0.016187822446227074,0.5733082294464111,0.7335368990898132,-0.025712396949529648,0.5408446788787842,0.7190896272659302,-0.033882420510053635,0.5144053101539612,0.7078790664672852,-0.04051549732685089,0.6118987798690796,0.7958117723464966,-0.021068425849080086,0.5529731512069702,0.7659964561462402,-0.03008868731558323,0.5170606970787048,0.7463890910148621,-0.03787340596318245,0.4904969334602356,0.7302929162979126,-0.044481243938207626,0.6019458770751953,0.8340905904769897,-0.025665991008281708,0.5493867993354797,0.8028826713562012,-0.033430300652980804,0.5174869298934937,0.7808853387832642,-0.03939596936106682,0.49399077892303467,0.7647656798362732,-0.04381798207759857,0.5984869003295898,0.8699977397918701,-0.030458645895123482,0.5576769113540649,0.8423288464546204,-0.036769136786460876,0.5333829522132874,0.8247848749160767,-0.03904144465923309,0.5146448612213135,0.8083006143569946,-0.04027041792869568,WE
0.713711678981781,0.847265362739563,9.712577053733185e-08,0.7210530638694763,0.7731422185897827,-0.007222430780529976,0.7072203159332275,0.7004762291908264,-0.014153935946524143,0.696665346622467,0.6423959732055664,-0.02019505761563778,0.7075347304344177,0.6043749451637268,-0.027980010956525803,0.6402324438095093,0.7040120363235474,-0.016364622861146927,0.5810326933860779,0.675979733467102,-0.025718873366713524,0.5470073223114014,0.6627753376960754,-0.03485320508480072,0.5184206366539001,0.6512458920478821,-0.042115017771720886,0.6208999156951904,0.7437726855278015,-0.01979948952794075,0.5580740571022034,0.7105732560157776,-0.027144281193614006,0.5223757028579712,0.6916857957839966,-0.03539993241429329,0.4963260293006897,0.6768116354942322,-0.04307906702160835,0.6087942719459534,0.7841633558273315,-0.023004384711384773,0.5512206554412842,0.7499879598617554,-0.03069324605166912,0.5187939405441284,0.7279605269432068,-0.03674598038196564,0.4945286214351654,0.7123941779136658,-0.041365645825862885,0.6036757230758667,0.8221941590309143,-0.026260031387209892,0.5575121641159058,0.7897785902023315,-0.032523561269044876,0.531989574432373,0.7722032070159912,-0.03377716615796089,0.5121847987174988,0.7557523250579834,-0.03419606015086174,0.2026466727256775,0.8351042866706848,3.132697372620896e-07,0.19461536407470703,0.7656967639923096,-0.012976225465536118,0.20249134302139282,0.7067803144454956,-0.027973415330052376,0.20959213376045227,0.6543275117874146,-0.04194709286093712,0.2082778811454773,0.6115809679031372,-0.05697168409824371,0.26700901985168457,0.698136568069458,-0.030895480886101723,0.3221956789493561,0.6658628582954407,-0.0436280220746994,0.3569685220718384,0.6485376358032227,-0.0507342554628849,0.3831794261932373,0.6365708112716675,-0.054941799491643906,0.2849006652832031,0.7349593639373779,-0.03260820358991623,0.34217801690101624,0.6970025897026062,-0.041592273861169815,0.378295361995697,0.674188494682312,-0.04761942848563194,0.40748485922813416,0.6563576459884644,-0.05241670459508896,0.2969386577606201,0.7728461027145386,-0.0343320295214653,0.3487011194229126,0.7337564826011658,-0.039595767855644226,0.3815426826477051,0.7119466662406921,-0.04509315267205238,0.4067996144294739,0.6928989291191101,-0.04965544864535332,0.3044772446155548,0.8090465068817139,-0.03691612556576729,0.34598860144615173,0.7775287628173828,-0.04082983732223511,0.37184837460517883,0.7580735087394714,-0.0422988086938858,0.39184004068374634,0.7376589179039001,-0.04293443262577057,WE
0.7217434644699097,0.8578333258628845,1.4961622696318955e-07,0.7185037136077881,0.7853642106056213,-0.009076559916138649,0.6947680711746216,0.7119227051734924,-0.01861921325325966,0.6786359548568726,0.6528537273406982,-0.02718810923397541,0.6876325607299805,0.6105137467384338,-0.03776637464761734,0.6296774744987488,0.7256705164909363,-0.02345305308699608,0.5647575855255127,0.7025201916694641,-0.035715773701667786,0.5254069566726685,0.6905503869056702,-0.045951176434755325,0.4918404817581177,0.6821226477622986,-0.054319340735673904,0.6128010153770447,0.7707809209823608,-0.02848634496331215,0.5435494184494019,0.7419393062591553,-0.03996913507580757,0.5009267926216125,0.7250729203224182,-0.05052813142538071,0.4686896502971649,0.7120370864868164,-0.05982816964387894,0.6030489206314087,0.8156991004943848,-0.0331960991024971,0.539378821849823,0.7851776480674744,-0.04429183900356293,0.5001730918884277,0.7653332948684692,-0.052840255200862885,0.47081345319747925,0.751808226108551,-0.059259410947561264,0.6003032326698303,0.8577085733413696,-0.03805107995867729,0.5479780435562134,0.8301823735237122,-0.048009242862463,0.5166867971420288,0.813403844833374,-0.05232957750558853,0.4915471076965332,0.7968294620513916,-0.05501070246100426,0.1600680947303772,0.8961916565895081,4.28271022201443e-07,0.15249939262866974,0.8211020827293396,-0.021538492292165756,0.16168227791786194,0.757159411907196,-0.04142708703875542,0.16774871945381165,0.7020390629768372,-0.05890730023384094,0.16187003254890442,0.6557453870773315,-0.07772266119718552,0.24008427560329437,0.7570987939834595,-0.04382001981139183,0.3023240864276886,0.7236822843551636,-0.06074843928217888,0.34168657660484314,0.7078346014022827,-0.0696265771985054,0.3713666796684265,0.6975780129432678,-0.07459846884012222,0.25834840536117554,0.8017383813858032,-0.042609620839357376,0.3238462209701538,0.7616904377937317,-0.05603492259979248,0.36504268646240234,0.7394376397132874,-0.06400521844625473,0.3978354036808014,0.7229458689689636,-0.0697828084230423,0.2696109116077423,0.8429660797119141,-0.04176323488354683,0.32952484488487244,0.8042429089546204,-0.05195809155702591,0.3677483797073364,0.7813860177993774,-0.061475303024053574,0.3966336250305176,0.762141227722168,-0.06797148287296295,0.27562227845191956,0.8793871402740479,-0.04211973026394844,0.32498815655708313,0.8481311798095703,-0.05071413889527321,0.3551523983478546,0.82744961977005,-0.055555347353219986,0.3783860206604004,0.8062459230422974,-0.058019619435071945,WE
0.7461094260215759,0.9202149510383606,1.0289801366525353e-07,0.7475510239601135,0.8457924127578735,-0.006465295795351267,0.7297350168228149,0.7704713940620422,-0.015011047013103962,0.7176356315612793,0.7110007405281067,-0.02308887243270874,0.7270045876502991,0.6731513142585754,-0.033087994903326035,0.6665189266204834,0.7797550559043884,-0.022432271391153336,0.602292001247406,0.7499352693557739,-0.034422650933265686,0.5641135573387146,0.734699010848999,-0.044239502400159836,0.5316953063011169,0.7241374254226685,-0.05204317346215248,0.6476615071296692,0.8226215839385986,-0.028249699622392654,0.5794577598571777,0.787250816822052,-0.03946622088551521,0.5381788015365601,0.767520010471344,-0.04846725985407829,0.5074528455734253,0.7521751523017883,-0.05638476088643074,0.6351583003997803,0.8658991456031799,-0.0334937758743763,0.5731906294822693,0.8291645646095276,-0.04293366149067879,0.5360369682312012,0.8068346381187439,-0.04875073581933975,0.5087759494781494,0.7917956113815308,-0.05331677570939064,0.6292963624000549,0.906908392906189,-0.03886207938194275,0.579071581363678,0.8730517625808716,-0.04612382501363754,0.5506629943847656,0.8549220561981201,-0.04763581231236458,0.528985321521759,0.8386806845664978,-0.04833915829658508,0.20651520788669586,0.833061695098877,3.699627200148825e-07,0.20861515402793884,0.7610746622085571,-0.011177903972566128,0.2286083996295929,0.7047113180160522,-0.02609327994287014,0.2447149008512497,0.6576694250106812,-0.03897634893655777,0.24763762950897217,0.6166739463806152,-0.05398111417889595,0.2894730567932129,0.7208008766174316,-0.04382918030023575,0.3555176854133606,0.7040660381317139,-0.05831817910075188,0.3949322998523712,0.6980150938034058,-0.06413932889699936,0.42409032583236694,0.6942810416221619,-0.06676170229911804,0.29968807101249695,0.7667738199234009,-0.045306842774152756,0.3699001967906952,0.7456064224243164,-0.057992465794086456,0.41216665506362915,0.7325717210769653,-0.06407590210437775,0.4453967809677124,0.7229468822479248,-0.06791433691978455,0.30508995056152344,0.8083985447883606,-0.04506465792655945,0.36917462944984436,0.7851044535636902,-0.05302852392196655,0.40920984745025635,0.7720247507095337,-0.059920623898506165,0.43997088074684143,0.7604172229766846,-0.06465154886245728,0.3060078024864197,0.8424892425537109,-0.04470204934477806,0.35668081045150757,0.8255789875984192,-0.04932132735848427,0.3869519829750061,0.8135526180267334,-0.05066545307636261,0.41051092743873596,0.8007709383964539,-0.050879765301942825,WE
0.7345718741416931,0.9132593274116516,1.1778009678664603e-07,0.7319557666778564,0.8388901948928833,-0.0049697100184857845,0.7083643078804016,0.7618197202682495,-0.012789623811841011,0.6953825354576111,0.6997034549713135,-0.020117580890655518,0.7142270803451538,0.6584621071815491,-0.029514892026782036,0.6450543403625488,0.775173544883728,-0.022111991420388222,0.5799493789672852,0.7474572062492371,-0.03300456330180168,0.5411505103111267,0.7341160178184509,-0.041412871330976486,0.5086203813552856,0.7242065668106079,-0.048309411853551865,0.6271133422851562,0.8208101987838745,-0.028011810034513474,0.5577834248542786,0.7868295907974243,-0.03795837610960007,0.5167577266693115,0.7675295472145081,-0.04540027678012848,0.48665115237236023,0.7529380917549133,-0.05208144709467888,0.6165583729743958,0.864858865737915,-0.03305194899439812,0.5529913902282715,0.8307033777236938,-0.04170514643192291,0.5155482292175293,0.8081650733947754,-0.04643620550632477,0.48803848028182983,0.7926373481750488,-0.05001581087708473,0.6125131845474243,0.9051192402839661,-0.03804269805550575,0.5607202053070068,0.8728622794151306,-0.04496076703071594,0.5314195156097412,0.8533796668052673,-0.04617299884557724,0.5089821815490723,0.8344709873199463,-0.04645506665110588,0.20802372694015503,0.8813346028327942,4.046274852953502e-07,0.20192566514015198,0.8052701354026794,-0.016343722119927406,0.21370427310466766,0.7433484792709351,-0.0338655449450016,0.22124743461608887,0.6912326812744141,-0.04949149861931801,0.2161269336938858,0.6473178863525391,-0.06658078730106354,0.2849818170070648,0.7534648180007935,-0.0406457893550396,0.34805914759635925,0.7262635827064514,-0.05544230341911316,0.38695794343948364,0.7120009064674377,-0.06330979615449905,0.415461927652359,0.701954185962677,-0.06748109310865402,0.3009217083454132,0.7961234450340271,-0.040574949234724045,0.3668935000896454,0.7623375058174133,-0.05104411020874977,0.4066356122493744,0.742098867893219,-0.057028960436582565,0.43692660331726074,0.7269193530082703,-0.06133199483156204,0.3111605942249298,0.8359742760658264,-0.04012317582964897,0.3709126114845276,0.8029141426086426,-0.046714745461940765,0.40734341740608215,0.7830806374549866,-0.05352981016039848,0.43419349193573,0.7665631175041199,-0.05864590406417847,0.3161817491054535,0.8706727623939514,-0.04050759598612785,0.36366650462150574,0.8456447720527649,-0.045813363045454025,0.39192119240760803,0.8284353017807007,-0.04797042906284332,0.41372108459472656,0.8101478219032288,-0.04866940528154373,WE
0.2293323576450348,0.8320235013961792,2.7004642788597266e-07,0.23376455903053284,0.758861243724823,-0.010184627026319504,0.26096785068511963,0.7107121348381042,-0.020361021161079407,0.2881215810775757,0.6860742568969727,-0.02786790020763874,0.30030834674835205,0.6653794646263123,-0.036516524851322174,0.3061969578266144,0.7206354141235352,-0.0393059067428112,0.3708455264568329,0.7002537250518799,-0.05351905897259712,0.4088613986968994,0.6920700073242188,-0.05793774127960205,0.43680447340011597,0.6861823797225952,-0.05920501425862312,0.3179823160171509,0.7660210728645325,-0.04024554044008255,0.3856411278247833,0.7406388521194458,-0.0541255958378315,0.4274781346321106,0.7241212725639343,-0.059204161167144775,0.45938149094581604,0.71198970079422,-0.061538856476545334,0.32548269629478455,0.8054377436637878,-0.0400102399289608,0.3861906826496124,0.7785456776618958,-0.050180595368146896,0.42602452635765076,0.7613096833229065,-0.05697890371084213,0.4558902382850647,0.7471227049827576,-0.060442615300416946,0.3285994529724121,0.8375265002250671,-0.03956659883260727,0.37776651978492737,0.8167956471443176,-0.04617391154170036,0.40753328800201416,0.8020880818367004,-0.0486876480281353,0.4307211637496948,0.7876763343811035,-0.04904167726635933,0.736807107925415,0.9114387035369873,9.089520602856282e-08,0.737621009349823,0.8389948010444641,-0.005868526175618172,0.7210440635681152,0.7657017707824707,-0.014600415714085102,0.712123692035675,0.7069076299667358,-0.02309338003396988,0.7224419116973877,0.6691647171974182,-0.033705934882164,0.6600695252418518,0.7730740904808044,-0.022814089432358742,0.5976006984710693,0.7427483201026917,-0.035391636192798615,0.5601733922958374,0.7271193265914917,-0.0456533282995224,0.528418242931366,0.7152272462844849,-0.05373382940888405,0.6406657695770264,0.8145182728767395,-0.029051048681139946,0.5737285017967224,0.7784560322761536,-0.040466610342264175,0.5335854291915894,0.7578048706054688,-0.04961549863219261,0.503946840763092,0.7407804727554321,-0.0577286034822464,0.627968966960907,0.8565195798873901,-0.03467467427253723,0.5671883821487427,0.8201631307601929,-0.04410548880696297,0.5312368273735046,0.7969093918800354,-0.04996418207883835,0.505200982093811,0.7793878316879272,-0.05478767305612564,0.6220437288284302,0.8961036205291748,-0.0403965562582016,0.573806643486023,0.8633278608322144,-0.04780646786093712,0.546075165271759,0.8446034789085388,-0.049472443759441376,0.5252858400344849,0.8267248868942261,-0.050465673208236694,WE
0.6727761626243591,0.8524460196495056,1.8233903631426074e-07,0.6689409017562866,0.7849418520927429,-0.010143190622329712,0.6431459784507751,0.7126620411872864,-0.020357618108391762,0.6312149167060852,0.6563161611557007,-0.02925274148583412,0.6471958756446838,0.6161669492721558,-0.040291957557201385,0.5870885848999023,0.7343995571136475,-0.028576834127306938,0.5246596932411194,0.7180135846138,-0.04239794984459877,0.48508650064468384,0.7091729640960693,-0.052470140159130096,0.4525301456451416,0.7039722204208374,-0.060120806097984314,0.5736942887306213,0.7793902158737183,-0.03327347710728645,0.5054641962051392,0.756338894367218,-0.04583398252725601,0.4597969353199005,0.742454469203949,-0.05583350732922554,0.4260960817337036,0.7332529425621033,-0.06416795402765274,0.5661054253578186,0.8216855525970459,-0.03755200281739235,0.503700315952301,0.7993983030319214,-0.04876255989074707,0.463140606880188,0.7839015126228333,-0.05643296241760254,0.4334813952445984,0.7734509706497192,-0.061704277992248535,0.5635605454444885,0.8617082834243774,-0.04218701273202896,0.5143440961837769,0.840312659740448,-0.051533423364162445,0.48197436332702637,0.8266775608062744,-0.05535073205828667,0.4554774761199951,0.8124366998672485,-0.057534679770469666,0.16646456718444824,0.9006057381629944,3.455265300544852e-07,0.16081613302230835,0.827916145324707,-0.011846809647977352,0.1737278252840042,0.7634904980659485,-0.026234108954668045,0.1802782118320465,0.7120270729064941,-0.03933442756533623,0.1725180447101593,0.6703473925590515,-0.0542476549744606,0.2440936118364334,0.7640145421028137,-0.03722349926829338,0.3077356517314911,0.7305155396461487,-0.051226500421762466,0.34612464904785156,0.715400755405426,-0.05727129802107811,0.3741159737110138,0.7049636840820312,-0.06014882028102875,0.2616979479789734,0.8062365651130676,-0.038848306983709335,0.32784637808799744,0.7661820650100708,-0.04936516284942627,0.36671993136405945,0.7428296804428101,-0.05375100299715996,0.3964132070541382,0.7250694632530212,-0.0566505528986454,0.27305272221565247,0.8460469245910645,-0.03980090096592903,0.33189505338668823,0.8055309057235718,-0.04584553837776184,0.3654351234436035,0.7836461067199707,-0.05057930201292038,0.3901558220386505,0.7656002640724182,-0.05388112738728523,0.2784786522388458,0.8818954825401306,-0.04133501276373863,0.3263024389743805,0.84848952293396,-0.04503665119409561,0.3541301488876343,0.8284099698066711,-0.04554859176278114,0.3751552700996399,0.8092373013496399,-0.0450228750705719,WE
0.7370209693908691,0.8764085173606873,1.2219778966482409e-07,0.7331057190895081,0.8040374517440796,-0.007269382011145353,0.7104320526123047,0.7279508113861084,-0.016373878344893456,0.702063798904419,0.668685793876648,-0.024705933406949043,0.71868497133255,0.634310781955719,-0.035621266812086105,0.6559410095214844,0.7479262351989746,-0.025309255346655846,0.5922080278396606,0.7292084693908691,-0.03790242597460747,0.5534505844116211,0.71977698802948,-0.04764604568481445,0.5209518074989319,0.7123233675956726,-0.05533197894692421,0.6411378979682922,0.7915938496589661,-0.030972670763731003,0.5709049701690674,0.7676042914390564,-0.04195559024810791,0.5273001790046692,0.7534088492393494,-0.051278140395879745,0.4954517185688019,0.7424464225769043,-0.059473227709531784,0.6318456530570984,0.8344508409500122,-0.035989101976156235,0.5671727657318115,0.8090665340423584,-0.0466022752225399,0.5272154808044434,0.7921127080917358,-0.05449509993195534,0.49785804748535156,0.7796873450279236,-0.06022736802697182,0.628001868724823,0.8736432194709778,-0.040979910641908646,0.5777363777160645,0.8489894270896912,-0.050353482365608215,0.5462973713874817,0.834650456905365,-0.05429363250732422,0.5207608342170715,0.8195027112960815,-0.05672121047973633,0.1799689531326294,0.8535760045051575,4.41471740941779e-07,0.1788073033094406,0.7774968147277832,-0.01858345977962017,0.19355309009552002,0.7157359719276428,-0.03721451014280319,0.20103991031646729,0.662715494632721,-0.05379268154501915,0.19617071747779846,0.6197411417961121,-0.07177174091339111,0.2647724151611328,0.7339407801628113,-0.04173486307263374,0.3274630308151245,0.7163117527961731,-0.05729103460907936,0.36706656217575073,0.7075747847557068,-0.06557252258062363,0.3962152600288391,0.7010135650634766,-0.07026136666536331,0.27822795510292053,0.7781280279159546,-0.041408468037843704,0.34525999426841736,0.7533434629440308,-0.05292060598731041,0.3864332139492035,0.7384060025215149,-0.05932731181383133,0.41801193356513977,0.7268238663673401,-0.06401899456977844,0.2863434851169586,0.8187607526779175,-0.04110514745116234,0.34755200147628784,0.7922893166542053,-0.04919984191656113,0.384683758020401,0.7761718034744263,-0.05693598464131355,0.4120693802833557,0.7621469497680664,-0.062499821186065674,0.28979966044425964,0.8546983599662781,-0.04187455028295517,0.339455246925354,0.834404468536377,-0.04883423075079918,0.3689733147621155,0.819629967212677,-0.052296847105026245,0.3923732042312622,0.8035838603973389,-0.05389603227376938,WE
0.3739672601222992,0.7773311734199524,1.380630720859699e-07,0.43830835819244385,0.7445322275161743,-0.017034288495779037,0.4846564531326294,0.6696784496307373,-0.024924177676439285,0.508851170539856,0.6126478910446167,-0.03263012692332268,0.5349655747413635,0.5704547166824341,-0.043708231300115585,0.46477216482162476,0.5833632946014404,-0.036997660994529724,0.4837974011898041,0.48667117953300476,-0.06010394170880318,0.5004733204841614,0.42916128039360046,-0.07780858129262924,0.5155266523361206,0.3808321952819824,-0.09324446320533752,0.43250635266304016,0.5838935375213623,-0.04918650910258293,0.44350042939186096,0.47762519121170044,-0.07391085475683212,0.4550391137599945,0.4107891917228699,-0.09698548913002014,0.46452829241752625,0.3537631630897522,-0.11620096117258072,0.394919753074646,0.605372428894043,-0.06273552030324936,0.40130361914634705,0.5055113434791565,-0.09260503202676773,0.4101155996322632,0.4379899799823761,-0.11903795599937439,0.4195210933685303,0.3766517639160156,-0.13908204436302185,0.35557037591934204,0.6418731212615967,-0.07643592357635498,0.33658868074417114,0.5760870575904846,-0.10824974626302719,0.33008718490600586,0.530285120010376,-0.12761396169662476,0.32724469900131226,0.48547813296318054,-0.1422109305858612,0.0,0.0,0.0,0.0,0.0,0.0,0.0,0.0,0.0,0.0,0.0,0.0,0.0,0.0,0.0,0.0,0.0,0.0,0.0,0.0,0.0,0.0,0.0,0.0,0.0,0.0,0.0,0.0,0.0,0.0,0.0,0.0,0.0,0.0,0.0,0.0,0.0,0.0,0.0,0.0,0.0,0.0,0.0,0.0,0.0,0.0,0.0,0.0,0.0,0.0,0.0,0.0,0.0,0.0,0.0,0.0,0.0,0.0,0.0,0.0,0.0,0.0,0.0,THEY
0.4913948178291321,0.7921444177627563,1.0893496238395528e-07,0.5335441827774048,0.7445445656776428,-0.007623431738466024,0.5566797256469727,0.6732778549194336,-0.012270922772586346,0.572291374206543,0.6240140199661255,-0.017654739320278168,0.5914400815963745,0.5872772336006165,-0.02553398720920086,0.5349324941635132,0.6137498021125793,-0.026641845703125,0.5379391312599182,0.5306656360626221,-0.04455730319023132,0.5425695776939392,0.4798499345779419,-0.05634308233857155,0.5470572710037231,0.4375770092010498,-0.06631449609994888,0.5101438164710999,0.6192145943641663,-0.03855258971452713,0.506723940372467,0.5279027819633484,-0.0562434084713459,0.5099149942398071,0.4730079174041748,-0.07052331417798996,0.5125933885574341,0.4279235601425171,-0.08225192874670029,0.48367467522621155,0.6438503265380859,-0.05115637555718422,0.4766520857810974,0.5608809590339661,-0.07193233072757721,0.4778253436088562,0.5055291056632996,-0.09073222428560257,0.48061603307724,0.45368897914886475,-0.1056344285607338,0.4581342339515686,0.6826157569885254,-0.0635167732834816,0.4299500286579132,0.6414754390716553,-0.08664904534816742,0.41461849212646484,0.609774112701416,-0.10131163150072098,0.40289658308029175,0.5765283703804016,-0.11246080696582794,0.0,0.0,0.0,0.0,0.0,0.0,0.0,0.0,0.0,0.0,0.0,0.0,0.0,0.0,0.0,0.0,0.0,0.0,0.0,0.0,0.0,0.0,0.0,0.0,0.0,0.0,0.0,0.0,0.0,0.0,0.0,0.0,0.0,0.0,0.0,0.0,0.0,0.0,0.0,0.0,0.0,0.0,0.0,0.0,0.0,0.0,0.0,0.0,0.0,0.0,0.0,0.0,0.0,0.0,0.0,0.0,0.0,0.0,0.0,0.0,0.0,0.0,0.0,THEY
0.5019297003746033,0.7796106338500977,3.2392034654549207e-07,0.5370853543281555,0.7500758767127991,-0.012655099853873253,0.5554593205451965,0.6899787783622742,-0.020722046494483948,0.5701426267623901,0.6453137397766113,-0.02839164063334465,0.5923921465873718,0.6165403723716736,-0.03831519931554794,0.5436559319496155,0.6263872981071472,-0.029109520837664604,0.5531060695648193,0.5521488785743713,-0.049384064972400665,0.5623705983161926,0.5007719993591309,-0.0640374943614006,0.5702843070030212,0.45683205127716064,-0.07539052516222,0.5197654962539673,0.6274296641349792,-0.038191840052604675,0.5268664360046387,0.5480742454528809,-0.05936858430504799,0.5327146649360657,0.4885556697845459,-0.07734688371419907,0.5395441651344299,0.43890291452407837,-0.09051800519227982,0.4923529624938965,0.6461585164070129,-0.04792052134871483,0.4972154498100281,0.5745090842247009,-0.07092738896608353,0.5017172694206238,0.5180239081382751,-0.08803318440914154,0.509520947933197,0.4691884219646454,-0.09947063773870468,0.46252304315567017,0.6781017780303955,-0.05773574858903885,0.4543953835964203,0.6261762976646423,-0.08082696795463562,0.45201534032821655,0.5896738767623901,-0.09207287430763245,0.4531622529029846,0.5550808906555176,-0.09913661330938339,0.0,0.0,0.0,0.0,0.0,0.0,0.0,0.0,0.0,0.0,0.0,0.0,0.0,0.0,0.0,0.0,0.0,0.0,0.0,0.0,0.0,0.0,0.0,0.0,0.0,0.0,0.0,0.0,0.0,0.0,0.0,0.0,0.0,0.0,0.0,0.0,0.0,0.0,0.0,0.0,0.0,0.0,0.0,0.0,0.0,0.0,0.0,0.0,0.0,0.0,0.0,0.0,0.0,0.0,0.0,0.0,0.0,0.0,0.0,0.0,0.0,0.0,0.0,THEY
0.5195436477661133,0.7800543904304504,1.723223306271393e-07,0.5627714395523071,0.7401092052459717,-0.0036306232213974,0.5854002237319946,0.6794183850288391,-0.007889391854405403,0.5969640016555786,0.6329084038734436,-0.013263252563774586,0.608859121799469,0.5948694348335266,-0.021531911566853523,0.5742997527122498,0.6157881021499634,-0.02002471499145031,0.5812106728553772,0.5402036309242249,-0.03823794052004814,0.5886309146881104,0.48919641971588135,-0.05241353064775467,0.5957984924316406,0.4485393762588501,-0.06348872929811478,0.5569185614585876,0.6205501556396484,-0.032705001533031464,0.5611197352409363,0.534905195236206,-0.053672950714826584,0.567112922668457,0.4758390784263611,-0.07287535816431046,0.5735411047935486,0.42901182174682617,-0.08719837665557861,0.534582257270813,0.6422819495201111,-0.044993042945861816,0.5330815315246582,0.5600944757461548,-0.06524408608675003,0.5380191206932068,0.5008711814880371,-0.08177348971366882,0.5467889308929443,0.4522038698196411,-0.09381276369094849,0.5075871348381042,0.6758842468261719,-0.056727610528469086,0.4927797317504883,0.6143450736999512,-0.0771639421582222,0.48860591650009155,0.5719529986381531,-0.08753577619791031,0.4886308014392853,0.5318537354469299,-0.09473521262407303,0.0,0.0,0.0,0.0,0.0,0.0,0.0,0.0,0.0,0.0,0.0,0.0,0.0,0.0,0.0,0.0,0.0,0.0,0.0,0.0,0.0,0.0,0.0,0.0,0.0,0.0,0.0,0.0,0.0,0.0,0.0,0.0,0.0,0.0,0.0,0.0,0.0,0.0,0.0,0.0,0.0,0.0,0.0,0.0,0.0,0.0,0.0,0.0,0.0,0.0,0.0,0.0,0.0,0.0,0.0,0.0,0.0,0.0,0.0,0.0,0.0,0.0,0.0,THEY
0.5099657773971558,0.7913955450057983,7.210425678749743e-08,0.5484877824783325,0.7442703247070312,-0.005465982481837273,0.5656716227531433,0.6844964027404785,-0.01190236397087574,0.5772822499275208,0.6390058398246765,-0.020191874355077744,0.5971025824546814,0.6061508059501648,-0.030320409685373306,0.5482590794563293,0.6108858585357666,-0.011003122664988041,0.5478792190551758,0.5356894731521606,-0.030504895374178886,0.5490023493766785,0.48959141969680786,-0.04616028070449829,0.5498360991477966,0.44970324635505676,-0.05743258073925972,0.5339794158935547,0.619094967842102,-0.021796220913529396,0.532408595085144,0.5370567440986633,-0.039700355380773544,0.5324538350105286,0.48555922508239746,-0.053267087787389755,0.5351642966270447,0.4410650134086609,-0.06368111073970795,0.5165135264396667,0.6401307582855225,-0.03437446057796478,0.5133796334266663,0.5612394213676453,-0.05140889063477516,0.5136009454727173,0.5124716758728027,-0.05963648110628128,0.5179010033607483,0.4707450866699219,-0.06539035588502884,0.4955189824104309,0.671665370464325,-0.04762578755617142,0.4900243282318115,0.6127579212188721,-0.06440409272909164,0.4926491975784302,0.573110044002533,-0.07077319920063019,0.49819216132164,0.5351155400276184,-0.07478564977645874,0.0,0.0,0.0,0.0,0.0,0.0,0.0,0.0,0.0,0.0,0.0,0.0,0.0,0.0,0.0,0.0,0.0,0.0,0.0,0.0,0.0,0.0,0.0,0.0,0.0,0.0,0.0,0.0,0.0,0.0,0.0,0.0,0.0,0.0,0.0,0.0,0.0,0.0,0.0,0.0,0.0,0.0,0.0,0.0,0.0,0.0,0.0,0.0,0.0,0.0,0.0,0.0,0.0,0.0,0.0,0.0,0.0,0.0,0.0,0.0,0.0,0.0,0.0,THEY
0.49085015058517456,0.7926572561264038,1.9237059234455955e-07,0.5320605635643005,0.7564312815666199,-0.014940883964300156,0.5588297247886658,0.6923469305038452,-0.022351650521159172,0.581075131893158,0.6443579196929932,-0.029159002006053925,0.602120041847229,0.6085570454597473,-0.038109637796878815,0.5400326251983643,0.6173964142799377,-0.02900543436408043,0.5516327619552612,0.5373445749282837,-0.04674384742975235,0.560717761516571,0.4880298972129822,-0.05980312451720238,0.5685251951217651,0.44666019082069397,-0.07077094912528992,0.5144124031066895,0.6190360188484192,-0.03759002685546875,0.5171830058097839,0.52812260389328,-0.05510026216506958,0.5219804048538208,0.4712620973587036,-0.0717158168554306,0.5262580513954163,0.42496874928474426,-0.08544959872961044,0.486521452665329,0.6398704648017883,-0.047415249049663544,0.48817208409309387,0.5592629909515381,-0.06868927925825119,0.4900038242340088,0.500446081161499,-0.08912977576255798,0.49152547121047974,0.4492989778518677,-0.10472732037305832,0.45907509326934814,0.6759260296821594,-0.057604141533374786,0.4355465769767761,0.628117024898529,-0.08115854859352112,0.42093735933303833,0.5937701463699341,-0.09597837179899216,0.4087054133415222,0.5600262880325317,-0.10681171715259552,0.0,0.0,0.0,0.0,0.0,0.0,0.0,0.0,0.0,0.0,0.0,0.0,0.0,0.0,0.0,0.0,0.0,0.0,0.0,0.0,0.0,0.0,0.0,0.0,0.0,0.0,0.0,0.0,0.0,0.0,0.0,0.0,0.0,0.0,0.0,0.0,0.0,0.0,0.0,0.0,0.0,0.0,0.0,0.0,0.0,0.0,0.0,0.0,0.0,0.0,0.0,0.0,0.0,0.0,0.0,0.0,0.0,0.0,0.0,0.0,0.0,0.0,0.0,THEY
0.48589247465133667,0.8041495680809021,3.446830589837191e-07,0.5297878980636597,0.7828770279884338,-0.016920916736125946,0.5602767467498779,0.7222979068756104,-0.025510765612125397,0.5844128727912903,0.6782833337783813,-0.03252175822854042,0.6079539656639099,0.6466018557548523,-0.04154052957892418,0.5498378276824951,0.6506046652793884,-0.03560055047273636,0.570933997631073,0.5751141309738159,-0.05491475760936737,0.5843680500984192,0.5251067876815796,-0.0682881772518158,0.5961325168609619,0.4850372076034546,-0.07940066605806351,0.5218942761421204,0.6446976065635681,-0.04399774968624115,0.5392484664916992,0.5565050840377808,-0.06416137516498566,0.5517550706863403,0.5045036673545837,-0.08187807351350784,0.5616430044174194,0.46575766801834106,-0.09541473537683487,0.49097028374671936,0.6611016392707825,-0.053023483604192734,0.4965348243713379,0.5831294059753418,-0.07761294394731522,0.5006465315818787,0.5270695090293884,-0.09777938574552536,0.5037903189659119,0.479223370552063,-0.11264058202505112,0.45822298526763916,0.6911927461624146,-0.06231475621461868,0.4386066496372223,0.653533935546875,-0.08745425939559937,0.4229801297187805,0.6264673471450806,-0.10023219138383865,0.4108564853668213,0.600314199924469,-0.10935108363628387,0.0,0.0,0.0,0.0,0.0,0.0,0.0,0.0,0.0,0.0,0.0,0.0,0.0,0.0,0.0,0.0,0.0,0.0,0.0,0.0,0.0,0.0,0.0,0.0,0.0,0.0,0.0,0.0,0.0,0.0,0.0,0.0,0.0,0.0,0.0,0.0,0.0,0.0,0.0,0.0,0.0,0.0,0.0,0.0,0.0,0.0,0.0,0.0,0.0,0.0,0.0,0.0,0.0,0.0,0.0,0.0,0.0,0.0,0.0,0.0,0.0,0.0,0.0,THEY
0.5002618432044983,0.7994317412376404,8.694177466850306e-08,0.5462645888328552,0.763964831829071,-0.007972704246640205,0.5748856663703918,0.699776828289032,-0.010041005909442902,0.5915004014968872,0.6537197232246399,-0.013310733251273632,0.6069304347038269,0.6196050047874451,-0.01900406926870346,0.5543684363365173,0.6250663995742798,-0.016196895390748978,0.5643677115440369,0.54820716381073,-0.030563553795218468,0.5731415152549744,0.500934898853302,-0.04249821975827217,0.5796223282814026,0.46048665046691895,-0.05278109386563301,0.5327739715576172,0.6241167783737183,-0.026456329971551895,0.5372569561004639,0.5393297672271729,-0.04004623740911484,0.5435642004013062,0.48450905084609985,-0.05452205613255501,0.5467987656593323,0.4390611946582794,-0.06685096770524979,0.5084702372550964,0.6415109038352966,-0.03802049160003662,0.5102382302284241,0.5624834299087524,-0.054465364664793015,0.514030933380127,0.5081297159194946,-0.07211263477802277,0.5169335603713989,0.46053922176361084,-0.08619863539934158,0.4829358458518982,0.6740113496780396,-0.049926578998565674,0.46217918395996094,0.6228355765342712,-0.07013624161481857,0.4520499110221863,0.5857828855514526,-0.08372463285923004,0.4443162679672241,0.5506622791290283,-0.09382996708154678,0.0,0.0,0.0,0.0,0.0,0.0,0.0,0.0,0.0,0.0,0.0,0.0,0.0,0.0,0.0,0.0,0.0,0.0,0.0,0.0,0.0,0.0,0.0,0.0,0.0,0.0,0.0,0.0,0.0,0.0,0.0,0.0,0.0,0.0,0.0,0.0,0.0,0.0,0.0,0.0,0.0,0.0,0.0,0.0,0.0,0.0,0.0,0.0,0.0,0.0,0.0,0.0,0.0,0.0,0.0,0.0,0.0,0.0,0.0,0.0,0.0,0.0,0.0,THEY
0.5079990029335022,0.7906578779220581,-1.2196765819538768e-09,0.5578278303146362,0.7534266114234924,-0.007074449211359024,0.5869556665420532,0.6860126852989197,-0.010299009270966053,0.6019514203071594,0.6363389492034912,-0.015054993331432343,0.6188977956771851,0.5958832502365112,-0.02165462262928486,0.5717834234237671,0.6181036233901978,-0.01777697168290615,0.5823832750320435,0.5435014367103577,-0.03516387566924095,0.59282386302948,0.4988515377044678,-0.04897027462720871,0.6015893220901489,0.45946258306503296,-0.06025605648756027,0.5529282093048096,0.6225898265838623,-0.0286765955388546,0.5580841898918152,0.5402827858924866,-0.045060183852910995,0.5662346482276917,0.4881448745727539,-0.059626806527376175,0.571750819683075,0.4408041834831238,-0.07165483385324478,0.5309445261955261,0.6453987956047058,-0.04080582410097122,0.5293649435043335,0.5665281414985657,-0.0586470328271389,0.5341605544090271,0.5160003900527954,-0.07456117123365402,0.5396663546562195,0.46641451120376587,-0.0873032957315445,0.5086053609848022,0.6829827427864075,-0.0533612035214901,0.49026286602020264,0.6379615068435669,-0.07402968406677246,0.483359694480896,0.6030778884887695,-0.08691340684890747,0.478324294090271,0.5673519372940063,-0.09643515944480896,0.0,0.0,0.0,0.0,0.0,0.0,0.0,0.0,0.0,0.0,0.0,0.0,0.0,0.0,0.0,0.0,0.0,0.0,0.0,0.0,0.0,0.0,0.0,0.0,0.0,0.0,0.0,0.0,0.0,0.0,0.0,0.0,0.0,0.0,0.0,0.0,0.0,0.0,0.0,0.0,0.0,0.0,0.0,0.0,0.0,0.0,0.0,0.0,0.0,0.0,0.0,0.0,0.0,0.0,0.0,0.0,0.0,0.0,0.0,0.0,0.0,0.0,0.0,THEY
0.5232987999916077,0.7988302111625671,7.691171077794934e-08,0.5762453079223633,0.7585936784744263,-0.0024848743341863155,0.6041864156723022,0.7022604942321777,-0.005414964631199837,0.625738799571991,0.6604647040367126,-0.010377989150583744,0.6429486870765686,0.6286686658859253,-0.017558980733156204,0.5859624743461609,0.6277940273284912,-0.015808476135134697,0.6012383699417114,0.5532681345939636,-0.03442436084151268,0.611835241317749,0.506999135017395,-0.04929586499929428,0.620517373085022,0.46847569942474365,-0.06136031448841095,0.5713454484939575,0.6331747770309448,-0.029711192473769188,0.5798908472061157,0.5504764318466187,-0.05126621574163437,0.587419331073761,0.4974656403064728,-0.07077685743570328,0.5940667390823364,0.45040208101272583,-0.08590760082006454,0.5523084402084351,0.6565269827842712,-0.04376789927482605,0.5535088777542114,0.5781442523002625,-0.06480437517166138,0.558666467666626,0.5261461138725281,-0.08214430510997772,0.5651801824569702,0.4775458574295044,-0.09542607516050339,0.5302313566207886,0.6935689449310303,-0.05761907994747162,0.5142354965209961,0.6455690860748291,-0.07924563437700272,0.5091127157211304,0.6108874082565308,-0.09127332270145416,0.5055829882621765,0.5753648281097412,-0.1001257449388504,0.0,0.0,0.0,0.0,0.0,0.0,0.0,0.0,0.0,0.0,0.0,0.0,0.0,0.0,0.0,0.0,0.0,0.0,0.0,0.0,0.0,0.0,0.0,0.0,0.0,0.0,0.0,0.0,0.0,0.0,0.0,0.0,0.0,0.0,0.0,0.0,0.0,0.0,0.0,0.0,0.0,0.0,0.0,0.0,0.0,0.0,0.0,0.0,0.0,0.0,0.0,0.0,0.0,0.0,0.0,0.0,0.0,0.0,0.0,0.0,0.0,0.0,0.0,THEY
0.5145214200019836,0.7896203398704529,1.063598844552871e-07,0.5667860507965088,0.7623303532600403,-0.009679868817329407,0.6063913106918335,0.7063156962394714,-0.015974003821611404,0.6310110092163086,0.6649186015129089,-0.022632379084825516,0.6540968418121338,0.6343689560890198,-0.03234589472413063,0.5888604521751404,0.6354484558105469,-0.033313315361738205,0.6083969473838806,0.5575997829437256,-0.05273895710706711,0.6244533658027649,0.5108581185340881,-0.06681010127067566,0.6378936171531677,0.4732195734977722,-0.07867691665887833,0.5641878247261047,0.6374959945678711,-0.04482007771730423,0.5752137899398804,0.5501744747161865,-0.06376928091049194,0.5857393741607666,0.4962775707244873,-0.08068903535604477,0.5940353870391846,0.45097798109054565,-0.09531334042549133,0.5358914732933044,0.6571958661079407,-0.05652783066034317,0.5407533645629883,0.5766111016273499,-0.07812296599149704,0.5492995381355286,0.5225248336791992,-0.09812286496162415,0.5569918751716614,0.4730214476585388,-0.11467625200748444,0.5066778659820557,0.6889563798904419,-0.06814168393611908,0.4860895276069641,0.6460242867469788,-0.09129868447780609,0.4778916835784912,0.6150491237640381,-0.10563495755195618,0.472031831741333,0.5842900276184082,-0.1171879693865776,0.0,0.0,0.0,0.0,0.0,0.0,0.0,0.0,0.0,0.0,0.0,0.0,0.0,0.0,0.0,0.0,0.0,0.0,0.0,0.0,0.0,0.0,0.0,0.0,0.0,0.0,0.0,0.0,0.0,0.0,0.0,0.0,0.0,0.0,0.0,0.0,0.0,0.0,0.0,0.0,0.0,0.0,0.0,0.0,0.0,0.0,0.0,0.0,0.0,0.0,0.0,0.0,0.0,0.0,0.0,0.0,0.0,0.0,0.0,0.0,0.0,0.0,0.0,THEY
0.5901864171028137,0.8034947514533997,1.562128559839948e-08,0.6468072533607483,0.7753574252128601,-0.00833909958600998,0.6820368766784668,0.7144867777824402,-0.014489712193608284,0.7020502686500549,0.6690042018890381,-0.021322019398212433,0.7259681820869446,0.6365143656730652,-0.03062278963625431,0.6750538349151611,0.6467424035072327,-0.03181241825222969,0.6932963728904724,0.5677424669265747,-0.05294472724199295,0.7103803753852844,0.5212615132331848,-0.06813912093639374,0.7255155444145203,0.48300909996032715,-0.0802575945854187,0.6540133953094482,0.653063952922821,-0.04337824881076813,0.6641955375671387,0.5636582374572754,-0.06319910287857056,0.6768699288368225,0.5086473226547241,-0.07849884033203125,0.6870113611221313,0.4611356854438782,-0.09131632000207901,0.6274440288543701,0.676435649394989,-0.055371347814798355,0.6307211518287659,0.5920731425285339,-0.07675979286432266,0.641258716583252,0.5399446487426758,-0.09439335763454437,0.6522278785705566,0.49124854803085327,-0.10873014479875565,0.5986356735229492,0.7122511863708496,-0.0674925446510315,0.5787237286567688,0.6657260060310364,-0.09125623852014542,0.5740640163421631,0.6319544315338135,-0.10553719103336334,0.5714485049247742,0.5993496179580688,-0.11629293113946915,0.0,0.0,0.0,0.0,0.0,0.0,0.0,0.0,0.0,0.0,0.0,0.0,0.0,0.0,0.0,0.0,0.0,0.0,0.0,0.0,0.0,0.0,0.0,0.0,0.0,0.0,0.0,0.0,0.0,0.0,0.0,0.0,0.0,0.0,0.0,0.0,0.0,0.0,0.0,0.0,0.0,0.0,0.0,0.0,0.0,0.0,0.0,0.0,0.0,0.0,0.0,0.0,0.0,0.0,0.0,0.0,0.0,0.0,0.0,0.0,0.0,0.0,0.0,THEY
0.6027554869651794,0.826882004737854,8.256056815980628e-08,0.655941367149353,0.7885039448738098,-0.004182279575616121,0.6835435628890991,0.7234752774238586,-0.011035467498004436,0.70247483253479,0.6774707436561584,-0.019766759127378464,0.7257774472236633,0.6483839750289917,-0.03175456449389458,0.681290328502655,0.6611068248748779,-0.03218824788928032,0.69637531042099,0.5785762071609497,-0.05607941001653671,0.7123754620552063,0.5280193090438843,-0.07307174056768417,0.7268534302711487,0.4880882203578949,-0.08608761429786682,0.6614794135093689,0.6709809303283691,-0.04760795086622238,0.670264720916748,0.5763649344444275,-0.06997697800397873,0.6826646327972412,0.5196598768234253,-0.08650249987840652,0.6935364007949829,0.47117793560028076,-0.09953488409519196,0.6356777548789978,0.7000927329063416,-0.06290498375892639,0.6355039477348328,0.610698938369751,-0.08588295429944992,0.644896388053894,0.5579029321670532,-0.10292715579271317,0.6561415791511536,0.5089826583862305,-0.11651952564716339,0.6070552468299866,0.7420334219932556,-0.07793839275836945,0.5864322185516357,0.6966804265975952,-0.10259006172418594,0.5826609134674072,0.6622875332832336,-0.11566401273012161,0.5816410779953003,0.6292434930801392,-0.12531620264053345,0.0,0.0,0.0,0.0,0.0,0.0,0.0,0.0,0.0,0.0,0.0,0.0,0.0,0.0,0.0,0.0,0.0,0.0,0.0,0.0,0.0,0.0,0.0,0.0,0.0,0.0,0.0,0.0,0.0,0.0,0.0,0.0,0.0,0.0,0.0,0.0,0.0,0.0,0.0,0.0,0.0,0.0,0.0,0.0,0.0,0.0,0.0,0.0,0.0,0.0,0.0,0.0,0.0,0.0,0.0,0.0,0.0,0.0,0.0,0.0,0.0,0.0,0.0,THEY
0.5835117101669312,0.8424770832061768,5.185095020010522e-09,0.6378026008605957,0.8081404566764832,-0.006483682431280613,0.6704399585723877,0.7441816329956055,-0.012414767406880856,0.6889927983283997,0.69535231590271,-0.02022237330675125,0.7090626358985901,0.6611306667327881,-0.03067133016884327,0.6724264025688171,0.6742749810218811,-0.023085635155439377,0.690973699092865,0.5924798250198364,-0.04573087766766548,0.7059204578399658,0.541397213935852,-0.06296871602535248,0.7178932428359985,0.49772292375564575,-0.07612384110689163,0.6537638902664185,0.6775480508804321,-0.036867670714855194,0.669430673122406,0.5863224267959595,-0.058420948684215546,0.6828680038452148,0.5263767242431641,-0.07563122361898422,0.6931797862052917,0.4736296534538269,-0.08890528231859207,0.627987802028656,0.6986463665962219,-0.05163882300257683,0.6370394825935364,0.6115779280662537,-0.07379140704870224,0.6478485465049744,0.5557891130447388,-0.09045255929231644,0.6594343185424805,0.5040414333343506,-0.10303886979818344,0.5977299809455872,0.7341021299362183,-0.06658563762903214,0.5838052034378052,0.6764473915100098,-0.09050453454256058,0.5836127996444702,0.6364508867263794,-0.10340449959039688,0.585860013961792,0.599157989025116,-0.11233378946781158,0.0,0.0,0.0,0.0,0.0,0.0,0.0,0.0,0.0,0.0,0.0,0.0,0.0,0.0,0.0,0.0,0.0,0.0,0.0,0.0,0.0,0.0,0.0,0.0,0.0,0.0,0.0,0.0,0.0,0.0,0.0,0.0,0.0,0.0,0.0,0.0,0.0,0.0,0.0,0.0,0.0,0.0,0.0,0.0,0.0,0.0,0.0,0.0,0.0,0.0,0.0,0.0,0.0,0.0,0.0,0.0,0.0,0.0,0.0,0.0,0.0,0.0,0.0,THEY
0.5521063208580017,0.834023654460907,-4.540513387496503e-08,0.6102754473686218,0.7938295602798462,-0.0025966481771320105,0.6439464688301086,0.7217400074005127,-0.004269585479050875,0.6610079407691956,0.6700921654701233,-0.008009971119463444,0.681451141834259,0.6365817785263062,-0.013982043601572514,0.6345880031585693,0.6509989500045776,-0.020425090566277504,0.6485557556152344,0.5676100850105286,-0.0389358252286911,0.6630761623382568,0.5186518430709839,-0.053266894072294235,0.6763890981674194,0.4768484830856323,-0.06531619280576706,0.6123048663139343,0.6587217450141907,-0.03441781550645828,0.6172845363616943,0.5671138167381287,-0.051843032240867615,0.628192126750946,0.511406660079956,-0.06704702973365784,0.637281060218811,0.4603523015975952,-0.08001364022493362,0.5857726335525513,0.6847606897354126,-0.048863641917705536,0.5844754576683044,0.5995700359344482,-0.06871560215950012,0.5932224988937378,0.5475670099258423,-0.08661860227584839,0.6032308340072632,0.4951499104499817,-0.10131003707647324,0.5583784580230713,0.7252265214920044,-0.06313297897577286,0.5369696617126465,0.6824461221694946,-0.08633720874786377,0.5303672552108765,0.6503126621246338,-0.10078397393226624,0.5262652635574341,0.6160170435905457,-0.1117347776889801,0.0,0.0,0.0,0.0,0.0,0.0,0.0,0.0,0.0,0.0,0.0,0.0,0.0,0.0,0.0,0.0,0.0,0.0,0.0,0.0,0.0,0.0,0.0,0.0,0.0,0.0,0.0,0.0,0.0,0.0,0.0,0.0,0.0,0.0,0.0,0.0,0.0,0.0,0.0,0.0,0.0,0.0,0.0,0.0,0.0,0.0,0.0,0.0,0.0,0.0,0.0,0.0,0.0,0.0,0.0,0.0,0.0,0.0,0.0,0.0,0.0,0.0,0.0,THEY
0.5444077849388123,0.8304687142372131,4.192968816596476e-08,0.5989549160003662,0.7999491691589355,-0.004229741636663675,0.6333528161048889,0.7379423975944519,-0.007544511929154396,0.6532956957817078,0.692766010761261,-0.012966591864824295,0.6746147274971008,0.6634990572929382,-0.02107316069304943,0.6322779655456543,0.6694605946540833,-0.02099052630364895,0.6540851593017578,0.5914437174797058,-0.04013179987668991,0.6712402105331421,0.5429887771606445,-0.05419556796550751,0.6855186820030212,0.5019800662994385,-0.06571178138256073,0.6132705807685852,0.671492874622345,-0.03480750322341919,0.6295396089553833,0.5839449763298035,-0.053978331387043,0.6443997025489807,0.5274012684822083,-0.070086769759655,0.6559304594993591,0.47717368602752686,-0.08278463780879974,0.5869118571281433,0.6917484998703003,-0.049226630479097366,0.596332848072052,0.6071586012840271,-0.07035870105028152,0.6085752844810486,0.5521589517593384,-0.0887923613190651,0.6208709478378296,0.49972033500671387,-0.10301857441663742,0.5563716888427734,0.7262925505638123,-0.06342548131942749,0.5428104996681213,0.6769177913665771,-0.08707194775342941,0.5419466495513916,0.6411680579185486,-0.10153871774673462,0.542606770992279,0.6059865355491638,-0.11199449002742767,0.0,0.0,0.0,0.0,0.0,0.0,0.0,0.0,0.0,0.0,0.0,0.0,0.0,0.0,0.0,0.0,0.0,0.0,0.0,0.0,0.0,0.0,0.0,0.0,0.0,0.0,0.0,0.0,0.0,0.0,0.0,0.0,0.0,0.0,0.0,0.0,0.0,0.0,0.0,0.0,0.0,0.0,0.0,0.0,0.0,0.0,0.0,0.0,0.0,0.0,0.0,0.0,0.0,0.0,0.0,0.0,0.0,0.0,0.0,0.0,0.0,0.0,0.0,THEY
0.5360973477363586,0.8362388610839844,3.9040209287577454e-08,0.5855149030685425,0.8021526336669922,-0.006706271320581436,0.619685173034668,0.7339831590652466,-0.00845206156373024,0.6384602785110474,0.6837255954742432,-0.01168089359998703,0.6587490439414978,0.6481955647468567,-0.01686173677444458,0.6119521856307983,0.6643938422203064,-0.016485294327139854,0.6270312666893005,0.5856035351753235,-0.03406683728098869,0.6419728994369507,0.5379560589790344,-0.04789980500936508,0.6548756957054138,0.49732932448387146,-0.05895882844924927,0.5914649963378906,0.6676110029220581,-0.02721657045185566,0.6013474464416504,0.5819758772850037,-0.04499964416027069,0.6103876829147339,0.5258662104606628,-0.059519752860069275,0.6186679601669312,0.47753506898880005,-0.07106877863407135,0.5659379363059998,0.6867150068283081,-0.03934875503182411,0.572869062423706,0.607248842716217,-0.059246767312288284,0.5799965262413025,0.5524438619613647,-0.07388214766979218,0.5892930626869202,0.5029388666152954,-0.0844455286860466,0.5364829301834106,0.7185702919960022,-0.051877133548259735,0.5370006561279297,0.6629745960235596,-0.07381677627563477,0.5385278463363647,0.6224851012229919,-0.08582517504692078,0.5413681864738464,0.5834640860557556,-0.09396841377019882,0.0,0.0,0.0,0.0,0.0,0.0,0.0,0.0,0.0,0.0,0.0,0.0,0.0,0.0,0.0,0.0,0.0,0.0,0.0,0.0,0.0,0.0,0.0,0.0,0.0,0.0,0.0,0.0,0.0,0.0,0.0,0.0,0.0,0.0,0.0,0.0,0.0,0.0,0.0,0.0,0.0,0.0,0.0,0.0,0.0,0.0,0.0,0.0,0.0,0.0,0.0,0.0,0.0,0.0,0.0,0.0,0.0,0.0,0.0,0.0,0.0,0.0,0.0,THEY
0.5297743082046509,0.7984983325004578,2.2770198171429e-08,0.5820370316505432,0.7657856941223145,-0.0050299279391765594,0.6135938167572021,0.6956662535667419,-0.0046213846653699875,0.62861567735672,0.6442263126373291,-0.006267531309276819,0.6469980478286743,0.611321210861206,-0.009753002785146236,0.6018843054771423,0.6167675256729126,-0.008261007256805897,0.6152820587158203,0.5397157669067383,-0.02377726510167122,0.6276795268058777,0.4929233491420746,-0.03701681271195412,0.637492299079895,0.4509391784667969,-0.04783306643366814,0.5813814997673035,0.6149724721908569,-0.018658794462680817,0.5924292206764221,0.5312288403511047,-0.03407128155231476,0.6021713018417358,0.4762573540210724,-0.04752986133098602,0.6094256043434143,0.4268261194229126,-0.05846741050481796,0.5575634241104126,0.6298806071281433,-0.030825667083263397,0.5661245584487915,0.5500407218933105,-0.04769933596253395,0.5734051465988159,0.49629494547843933,-0.06047794595360756,0.581238865852356,0.4465803802013397,-0.0699314996600151,0.5303399562835693,0.6584926247596741,-0.0435720756649971,0.5292108058929443,0.5986778736114502,-0.06267191469669342,0.5325331687927246,0.5579195022583008,-0.07340791076421738,0.5374529957771301,0.5192504525184631,-0.08082112669944763,0.0,0.0,0.0,0.0,0.0,0.0,0.0,0.0,0.0,0.0,0.0,0.0,0.0,0.0,0.0,0.0,0.0,0.0,0.0,0.0,0.0,0.0,0.0,0.0,0.0,0.0,0.0,0.0,0.0,0.0,0.0,0.0,0.0,0.0,0.0,0.0,0.0,0.0,0.0,0.0,0.0,0.0,0.0,0.0,0.0,0.0,0.0,0.0,0.0,0.0,0.0,0.0,0.0,0.0,0.0,0.0,0.0,0.0,0.0,0.0,0.0,0.0,0.0,THEY
0.5444508790969849,0.8219836950302124,3.860424158119713e-08,0.5940895080566406,0.788411021232605,-0.009554916992783546,0.6259090304374695,0.7188437581062317,-0.013467402197420597,0.6411813497543335,0.6657719016075134,-0.018497206270694733,0.6621743440628052,0.6323830485343933,-0.02561909332871437,0.6123737096786499,0.6462163329124451,-0.019921205937862396,0.6232995390892029,0.5658261179924011,-0.039076171815395355,0.6344472765922546,0.5173046588897705,-0.05403885990381241,0.6440691351890564,0.4739668071269989,-0.0662318766117096,0.5906606316566467,0.6474756598472595,-0.030214007943868637,0.5990603566169739,0.5611324310302734,-0.04935363680124283,0.6062201857566833,0.5048927068710327,-0.06495795398950577,0.6126046776771545,0.45477885007858276,-0.07763177156448364,0.5655476450920105,0.6655024290084839,-0.04213349521160126,0.5709662437438965,0.5842928886413574,-0.0628366619348526,0.5766604542732239,0.529457688331604,-0.07782447338104248,0.5844631791114807,0.4786868691444397,-0.08897729963064194,0.5372306704521179,0.6964220404624939,-0.054665081202983856,0.5333517789840698,0.6384578347206116,-0.07716858386993408,0.5342214107513428,0.5986942648887634,-0.08956708759069443,0.5377818942070007,0.5601961612701416,-0.09831109642982483,0.0,0.0,0.0,0.0,0.0,0.0,0.0,0.0,0.0,0.0,0.0,0.0,0.0,0.0,0.0,0.0,0.0,0.0,0.0,0.0,0.0,0.0,0.0,0.0,0.0,0.0,0.0,0.0,0.0,0.0,0.0,0.0,0.0,0.0,0.0,0.0,0.0,0.0,0.0,0.0,0.0,0.0,0.0,0.0,0.0,0.0,0.0,0.0,0.0,0.0,0.0,0.0,0.0,0.0,0.0,0.0,0.0,0.0,0.0,0.0,0.0,0.0,0.0,THEY
0.5416285991668701,0.8377743363380432,1.2660606785175332e-07,0.5900352597236633,0.808720588684082,-0.007290730718523264,0.6240224242210388,0.748216986656189,-0.009632373228669167,0.6428656578063965,0.7041901350021362,-0.01360190100967884,0.663830578327179,0.678765594959259,-0.019534891471266747,0.6192874908447266,0.6698153018951416,-0.012268935330212116,0.6372795104980469,0.5979977250099182,-0.029119152575731277,0.6537743210792542,0.5529767870903015,-0.04283609241247177,0.6681376099586487,0.5149091482162476,-0.05381312593817711,0.6001905798912048,0.6681408882141113,-0.022630639374256134,0.6139621138572693,0.5873410701751709,-0.03969926759600639,0.6273897290229797,0.5340661406517029,-0.05499999225139618,0.6406474709510803,0.4892498254776001,-0.06671217828989029,0.5754358768463135,0.683262825012207,-0.03457888588309288,0.5866646766662598,0.6062746047973633,-0.05362851917743683,0.59821617603302,0.5536258220672607,-0.06860299408435822,0.6121755838394165,0.507874608039856,-0.07914525270462036,0.5457602739334106,0.7111971378326416,-0.04693398252129555,0.546805739402771,0.6568862199783325,-0.06776439398527145,0.5526601076126099,0.6199986934661865,-0.07915676385164261,0.5614838600158691,0.5855192542076111,-0.08664166927337646,0.0,0.0,0.0,0.0,0.0,0.0,0.0,0.0,0.0,0.0,0.0,0.0,0.0,0.0,0.0,0.0,0.0,0.0,0.0,0.0,0.0,0.0,0.0,0.0,0.0,0.0,0.0,0.0,0.0,0.0,0.0,0.0,0.0,0.0,0.0,0.0,0.0,0.0,0.0,0.0,0.0,0.0,0.0,0.0,0.0,0.0,0.0,0.0,0.0,0.0,0.0,0.0,0.0,0.0,0.0,0.0,0.0,0.0,0.0,0.0,0.0,0.0,0.0,THEY
0.5411612391471863,0.836957573890686,1.8905691945292347e-07,0.5855807662010193,0.8149653077125549,-0.010585140436887741,0.6183652281761169,0.7572307586669922,-0.01515643298625946,0.6364561319351196,0.7116239070892334,-0.020304949954152107,0.6572251915931702,0.6860811710357666,-0.027468128129839897,0.6125675439834595,0.6842603087425232,-0.019488532096147537,0.6304031014442444,0.613421618938446,-0.03812509775161743,0.6474772095680237,0.5673132538795471,-0.052647847682237625,0.6613974571228027,0.5289736390113831,-0.06380882114171982,0.5930370092391968,0.6816892027854919,-0.028361832723021507,0.6075047850608826,0.6045017838478088,-0.04654241353273392,0.6207042336463928,0.5511893033981323,-0.06189608573913574,0.6328344345092773,0.5071189403533936,-0.07347027212381363,0.5677042603492737,0.6955195069313049,-0.03864594176411629,0.5791760087013245,0.6230497360229492,-0.05810771882534027,0.5906128883361816,0.5716586112976074,-0.07236471027135849,0.6037440299987793,0.5283351540565491,-0.08227706700563431,0.5367753505706787,0.7202514410018921,-0.04947082698345184,0.5388610363006592,0.6701558232307434,-0.06972120702266693,0.5453709363937378,0.63605135679245,-0.07996176183223724,0.5541175603866577,0.6048693060874939,-0.08658730238676071,0.0,0.0,0.0,0.0,0.0,0.0,0.0,0.0,0.0,0.0,0.0,0.0,0.0,0.0,0.0,0.0,0.0,0.0,0.0,0.0,0.0,0.0,0.0,0.0,0.0,0.0,0.0,0.0,0.0,0.0,0.0,0.0,0.0,0.0,0.0,0.0,0.0,0.0,0.0,0.0,0.0,0.0,0.0,0.0,0.0,0.0,0.0,0.0,0.0,0.0,0.0,0.0,0.0,0.0,0.0,0.0,0.0,0.0,0.0,0.0,0.0,0.0,0.0,THEY
0.5386006236076355,0.8388691544532776,1.3085393391065736e-07,0.5838800668716431,0.8040072917938232,-0.01151678804308176,0.6131527423858643,0.7413935661315918,-0.017981313169002533,0.6286613941192627,0.6932370066642761,-0.02501172013580799,0.6500851511955261,0.6589353680610657,-0.03395485877990723,0.6026973128318787,0.6710724830627441,-0.025647930800914764,0.6187421679496765,0.5967295169830322,-0.04636034741997719,0.633990466594696,0.5513609051704407,-0.06154251843690872,0.6478644013404846,0.5125341415405273,-0.07336198538541794,0.5825467705726624,0.6754076480865479,-0.03534217178821564,0.5911014080047607,0.5942460894584656,-0.05590130388736725,0.601207971572876,0.5411748886108398,-0.07190795987844467,0.6104780435562134,0.4963863492012024,-0.08438490331172943,0.5574844479560852,0.696672260761261,-0.04646455496549606,0.5606799721717834,0.6215090751647949,-0.06895068287849426,0.5699249505996704,0.571213960647583,-0.08510784059762955,0.581172525882721,0.5259366035461426,-0.09683167934417725,0.5285619497299194,0.7295302152633667,-0.05808686092495918,0.5249127149581909,0.6815184950828552,-0.0821213349699974,0.5289217829704285,0.6482648253440857,-0.09538940340280533,0.5355691909790039,0.6159378886222839,-0.1045031026005745,0.0,0.0,0.0,0.0,0.0,0.0,0.0,0.0,0.0,0.0,0.0,0.0,0.0,0.0,0.0,0.0,0.0,0.0,0.0,0.0,0.0,0.0,0.0,0.0,0.0,0.0,0.0,0.0,0.0,0.0,0.0,0.0,0.0,0.0,0.0,0.0,0.0,0.0,0.0,0.0,0.0,0.0,0.0,0.0,0.0,0.0,0.0,0.0,0.0,0.0,0.0,0.0,0.0,0.0,0.0,0.0,0.0,0.0,0.0,0.0,0.0,0.0,0.0,THEY
0.5472831726074219,0.8448991775512695,5.84360968503006e-08,0.59464430809021,0.7982612252235413,-0.009979275055229664,0.6218656301498413,0.7280454635620117,-0.016721008345484734,0.6385447978973389,0.676800012588501,-0.024332713335752487,0.6598650217056274,0.640172004699707,-0.03374704718589783,0.6051457524299622,0.6671183705329895,-0.027328170835971832,0.6163254976272583,0.58730548620224,-0.048864539712667465,0.6287131905555725,0.5407596826553345,-0.06507588177919388,0.6412903070449829,0.5006290674209595,-0.0777331069111824,0.5842185020446777,0.6765815615653992,-0.03791799768805504,0.5859062075614929,0.5934867858886719,-0.05845982953906059,0.5927472114562988,0.5407946109771729,-0.07368848472833633,0.5993843078613281,0.4943448603153229,-0.08604791760444641,0.5598912835121155,0.7033933997154236,-0.04958503320813179,0.556479811668396,0.627285361289978,-0.07028724998235703,0.5620555877685547,0.5784114003181458,-0.08345438539981842,0.5704597234725952,0.5314881801605225,-0.09386259317398071,0.5335537195205688,0.74212646484375,-0.06194281950592995,0.5229200124740601,0.693115234375,-0.08381505310535431,0.5222086906433105,0.6582320332527161,-0.09442122280597687,0.5241425633430481,0.6234316825866699,-0.10201934725046158,0.0,0.0,0.0,0.0,0.0,0.0,0.0,0.0,0.0,0.0,0.0,0.0,0.0,0.0,0.0,0.0,0.0,0.0,0.0,0.0,0.0,0.0,0.0,0.0,0.0,0.0,0.0,0.0,0.0,0.0,0.0,0.0,0.0,0.0,0.0,0.0,0.0,0.0,0.0,0.0,0.0,0.0,0.0,0.0,0.0,0.0,0.0,0.0,0.0,0.0,0.0,0.0,0.0,0.0,0.0,0.0,0.0,0.0,0.0,0.0,0.0,0.0,0.0,THEY
0.5539636611938477,0.7302194833755493,1.0638756542391548e-09,0.6066834330558777,0.6943501234054565,-0.006488204002380371,0.6384177803993225,0.6252579689025879,-0.008553449995815754,0.6550285816192627,0.5750632286071777,-0.01229630783200264,0.67384272813797,0.540942907333374,-0.017877118661999702,0.6264218091964722,0.5517283082008362,-0.014856845140457153,0.6404821276664734,0.4746988117694855,-0.03324858471751213,0.6546087265014648,0.42817240953445435,-0.048302311450242996,0.6665669679641724,0.3868483901023865,-0.060579173266887665,0.6073647737503052,0.5555666089057922,-0.02584131993353367,0.615092933177948,0.4725637137889862,-0.04501727968454361,0.6241331696510315,0.41793012619018555,-0.060740046203136444,0.631982147693634,0.36782360076904297,-0.07330530881881714,0.5842474699020386,0.5765063166618347,-0.03836222365498543,0.5870718955993652,0.49779951572418213,-0.05870121717453003,0.5947088003158569,0.4445449709892273,-0.07389990240335464,0.6043586134910583,0.39356231689453125,-0.08528771251440048,0.5585075616836548,0.6109665632247925,-0.05134415999054909,0.5525971055030823,0.5569140911102295,-0.0734500139951706,0.5538865327835083,0.5172181129455566,-0.08616790920495987,0.5578924417495728,0.4782045781612396,-0.09520051628351212,0.0,0.0,0.0,0.0,0.0,0.0,0.0,0.0,0.0,0.0,0.0,0.0,0.0,0.0,0.0,0.0,0.0,0.0,0.0,0.0,0.0,0.0,0.0,0.0,0.0,0.0,0.0,0.0,0.0,0.0,0.0,0.0,0.0,0.0,0.0,0.0,0.0,0.0,0.0,0.0,0.0,0.0,0.0,0.0,0.0,0.0,0.0,0.0,0.0,0.0,0.0,0.0,0.0,0.0,0.0,0.0,0.0,0.0,0.0,0.0,0.0,0.0,0.0,THEY
0.555198609828949,0.6900849342346191,1.9934939032850707e-08,0.6031771898269653,0.6644406914710999,-0.003908318467438221,0.6355047821998596,0.6003387570381165,-0.0032878543715924025,0.6512218713760376,0.5551837682723999,-0.005004135426133871,0.6684716939926147,0.5280659198760986,-0.008410441689193249,0.6290406584739685,0.5165956020355225,-0.004470602609217167,0.6444324254989624,0.44755876064300537,-0.01883573830127716,0.659533679485321,0.40442997217178345,-0.03167613968253136,0.6719279885292053,0.36673468351364136,-0.042293522506952286,0.6128330230712891,0.5131275057792664,-0.014733835123479366,0.6242609024047852,0.43407511711120605,-0.029356062412261963,0.6372267603874207,0.3814551830291748,-0.04280564934015274,0.6478512287139893,0.33524614572525024,-0.05366525799036026,0.5931157469749451,0.525424599647522,-0.026832273229956627,0.602386474609375,0.44720473885536194,-0.04278196394443512,0.6129457950592041,0.3960990607738495,-0.0559251643717289,0.623777449131012,0.3509659171104431,-0.06566569209098816,0.5701321363449097,0.5515459179878235,-0.039513491094112396,0.5679802894592285,0.4925881028175354,-0.058173902332782745,0.5723578929901123,0.450747549533844,-0.06966536492109299,0.5785133838653564,0.41268813610076904,-0.07768616080284119,0.0,0.0,0.0,0.0,0.0,0.0,0.0,0.0,0.0,0.0,0.0,0.0,0.0,0.0,0.0,0.0,0.0,0.0,0.0,0.0,0.0,0.0,0.0,0.0,0.0,0.0,0.0,0.0,0.0,0.0,0.0,0.0,0.0,0.0,0.0,0.0,0.0,0.0,0.0,0.0,0.0,0.0,0.0,0.0,0.0,0.0,0.0,0.0,0.0,0.0,0.0,0.0,0.0,0.0,0.0,0.0,0.0,0.0,0.0,0.0,0.0,0.0,0.0,THEY
0.5794162750244141,0.6284157633781433,4.9594071072078805e-08,0.6204105615615845,0.6058983206748962,-0.0012953702826052904,0.6484756469726562,0.5461093783378601,0.0001840120821725577,0.6629704833030701,0.5074105858802795,-0.0012117159785702825,0.6806470155715942,0.4851667881011963,-0.004096293821930885,0.6468201279640198,0.4635053873062134,0.0010280994465574622,0.6629425883293152,0.39985549449920654,-0.011177582666277885,0.6798744797706604,0.3617759346961975,-0.022519521415233612,0.694452166557312,0.3288757801055908,-0.03209895268082619,0.6326559782028198,0.45761868357658386,-0.009775000624358654,0.6444351077079773,0.38217222690582275,-0.02365807443857193,0.6593461036682129,0.3322013020515442,-0.03691535443067551,0.6714898347854614,0.2897660732269287,-0.047464922070503235,0.6157808899879456,0.46565017104148865,-0.022325346246361732,0.6259917616844177,0.39084428548812866,-0.03702124208211899,0.6390402913093567,0.34263062477111816,-0.04923311993479729,0.6515938639640808,0.3012898862361908,-0.058326613157987595,0.5959225296974182,0.4860638976097107,-0.035292696207761765,0.5945383310317993,0.4265577495098114,-0.0519401989877224,0.6020841002464294,0.3868369460105896,-0.06255824118852615,0.61215740442276,0.3508724570274353,-0.07027387619018555,0.0,0.0,0.0,0.0,0.0,0.0,0.0,0.0,0.0,0.0,0.0,0.0,0.0,0.0,0.0,0.0,0.0,0.0,0.0,0.0,0.0,0.0,0.0,0.0,0.0,0.0,0.0,0.0,0.0,0.0,0.0,0.0,0.0,0.0,0.0,0.0,0.0,0.0,0.0,0.0,0.0,0.0,0.0,0.0,0.0,0.0,0.0,0.0,0.0,0.0,0.0,0.0,0.0,0.0,0.0,0.0,0.0,0.0,0.0,0.0,0.0,0.0,0.0,THEY
0.567341148853302,0.5755873918533325,4.3793829007654494e-08,0.6113536953926086,0.5537375807762146,-0.0013871041592210531,0.6432538628578186,0.4956512153148651,0.0003873464302159846,0.6596951484680176,0.4558528661727905,-0.0006198836490511894,0.6756490468978882,0.4336939752101898,-0.0035266794729977846,0.6371312737464905,0.4126017391681671,-0.0007028154213912785,0.6551592946052551,0.34640035033226013,-0.01276938896626234,0.6719940900802612,0.3057039976119995,-0.024465594440698624,0.685822069644928,0.2705290913581848,-0.0344584584236145,0.6215997934341431,0.40580177307128906,-0.012179119512438774,0.6349853277206421,0.3293796479701996,-0.024489983916282654,0.648695170879364,0.2785302400588989,-0.03730576112866402,0.6599712371826172,0.23470832407474518,-0.047859471291303635,0.6022894382476807,0.41283202171325684,-0.02528924122452736,0.6139692664146423,0.33696407079696655,-0.03914107382297516,0.626047670841217,0.2876397371292114,-0.05124181881546974,0.6380565166473389,0.24504782259464264,-0.06041121110320091,0.578646183013916,0.4331168234348297,-0.03884628415107727,0.5789785385131836,0.37121573090553284,-0.0557682067155838,0.5851807594299316,0.3298855423927307,-0.06579344719648361,0.5939899682998657,0.29230189323425293,-0.07290028035640717,0.0,0.0,0.0,0.0,0.0,0.0,0.0,0.0,0.0,0.0,0.0,0.0,0.0,0.0,0.0,0.0,0.0,0.0,0.0,0.0,0.0,0.0,0.0,0.0,0.0,0.0,0.0,0.0,0.0,0.0,0.0,0.0,0.0,0.0,0.0,0.0,0.0,0.0,0.0,0.0,0.0,0.0,0.0,0.0,0.0,0.0,0.0,0.0,0.0,0.0,0.0,0.0,0.0,0.0,0.0,0.0,0.0,0.0,0.0,0.0,0.0,0.0,0.0,THEY
0.5844008922576904,0.6605839729309082,3.4613510280223636e-08,0.6314756870269775,0.63079833984375,-0.003552278969436884,0.6608277559280396,0.5634149312973022,-0.004029480740427971,0.6757147312164307,0.5192451477050781,-0.007139537483453751,0.6960501074790955,0.490919291973114,-0.012132450938224792,0.6577621698379517,0.4771597683429718,-0.006822196301072836,0.674376368522644,0.40492862462997437,-0.023154858499765396,0.6916784644126892,0.36151790618896484,-0.037244901061058044,0.7066230773925781,0.3224951922893524,-0.04871607944369316,0.641065776348114,0.4750641882419586,-0.018766814842820168,0.6532319784164429,0.3922980725765228,-0.03589022159576416,0.6682462096214294,0.33583176136016846,-0.05104072764515877,0.6808285713195801,0.28653886914253235,-0.06298251450061798,0.6204240322113037,0.48968595266342163,-0.03246437385678291,0.6286553144454956,0.4084939658641815,-0.050428058952093124,0.641853392124176,0.35557281970977783,-0.06443773955106735,0.6560355424880981,0.30905744433403015,-0.07468342781066895,0.5963290333747864,0.5184891223907471,-0.04662494733929634,0.5925086736679077,0.4551003575325012,-0.0669892281293869,0.5993589758872986,0.4117085933685303,-0.07899335026741028,0.6090933084487915,0.37230151891708374,-0.08729539066553116,0.0,0.0,0.0,0.0,0.0,0.0,0.0,0.0,0.0,0.0,0.0,0.0,0.0,0.0,0.0,0.0,0.0,0.0,0.0,0.0,0.0,0.0,0.0,0.0,0.0,0.0,0.0,0.0,0.0,0.0,0.0,0.0,0.0,0.0,0.0,0.0,0.0,0.0,0.0,0.0,0.0,0.0,0.0,0.0,0.0,0.0,0.0,0.0,0.0,0.0,0.0,0.0,0.0,0.0,0.0,0.0,0.0,0.0,0.0,0.0,0.0,0.0,0.0,THEY
0.6284520626068115,0.7386667728424072,1.2033405383249374e-08,0.685029149055481,0.7076901197433472,-0.009242396801710129,0.7179237604141235,0.637728750705719,-0.012295490130782127,0.734014093875885,0.5811232924461365,-0.016743160784244537,0.7541184425354004,0.5450469255447388,-0.022595588117837906,0.7123400568962097,0.5556586384773254,-0.012985865585505962,0.7286220788955688,0.47493550181388855,-0.032069820910692215,0.7450785040855408,0.427327036857605,-0.04799626022577286,0.7591661810874939,0.3852722644805908,-0.06075901538133621,0.6939262747764587,0.5554147958755493,-0.02287881262600422,0.7045643329620361,0.46625781059265137,-0.042002122849226,0.7174921035766602,0.4103788137435913,-0.05796126276254654,0.7291660904884338,0.360515296459198,-0.07051990181207657,0.6703231930732727,0.5741384625434875,-0.034965213388204575,0.6768144965171814,0.49084264039993286,-0.055548883974552155,0.6884586811065674,0.4374641180038452,-0.07051116228103638,0.7020273208618164,0.3887072503566742,-0.08124668896198273,0.6424968838691711,0.6071783900260925,-0.04790087416768074,0.6391496658325195,0.548488199710846,-0.0701778456568718,0.6450348496437073,0.5073423385620117,-0.08286164700984955,0.6534665822982788,0.4688050150871277,-0.09152885526418686,0.0,0.0,0.0,0.0,0.0,0.0,0.0,0.0,0.0,0.0,0.0,0.0,0.0,0.0,0.0,0.0,0.0,0.0,0.0,0.0,0.0,0.0,0.0,0.0,0.0,0.0,0.0,0.0,0.0,0.0,0.0,0.0,0.0,0.0,0.0,0.0,0.0,0.0,0.0,0.0,0.0,0.0,0.0,0.0,0.0,0.0,0.0,0.0,0.0,0.0,0.0,0.0,0.0,0.0,0.0,0.0,0.0,0.0,0.0,0.0,0.0,0.0,0.0,THEY
0.6392409801483154,0.8562878966331482,1.2794409087746317e-07,0.6970275044441223,0.8218620419502258,-0.005856106989085674,0.7282552719116211,0.7556619644165039,-0.010713440366089344,0.7471082806587219,0.703517496585846,-0.017647095024585724,0.7678083181381226,0.6707428693771362,-0.02690919302403927,0.7269939184188843,0.6768906712532043,-0.018259692937135696,0.7483664155006409,0.59354567527771,-0.039708465337753296,0.7685003876686096,0.5441703200340271,-0.056736961007118225,0.7854334115982056,0.5031684041023254,-0.06972941011190414,0.7090332508087158,0.681041419506073,-0.03183155134320259,0.7254347801208496,0.5866586565971375,-0.05311308056116104,0.7415364384651184,0.5258634686470032,-0.07107806205749512,0.756240725517273,0.4751039147377014,-0.08462898433208466,0.6831057071685791,0.7035560607910156,-0.04658576473593712,0.6934823393821716,0.6147295832633972,-0.06958719342947006,0.7076408267021179,0.5553044080734253,-0.08698111772537231,0.7237749695777893,0.5050859451293945,-0.09916576743125916,0.6502017378807068,0.7386438250541687,-0.06139340624213219,0.6514514684677124,0.6821721792221069,-0.08546308428049088,0.6609302759170532,0.6420806646347046,-0.09827306866645813,0.6721481084823608,0.6059764623641968,-0.10678649693727493,0.0,0.0,0.0,0.0,0.0,0.0,0.0,0.0,0.0,0.0,0.0,0.0,0.0,0.0,0.0,0.0,0.0,0.0,0.0,0.0,0.0,0.0,0.0,0.0,0.0,0.0,0.0,0.0,0.0,0.0,0.0,0.0,0.0,0.0,0.0,0.0,0.0,0.0,0.0,0.0,0.0,0.0,0.0,0.0,0.0,0.0,0.0,0.0,0.0,0.0,0.0,0.0,0.0,0.0,0.0,0.0,0.0,0.0,0.0,0.0,0.0,0.0,0.0,THEY
0.6605979800224304,0.8195093870162964,2.8939868457200646e-07,0.6966041326522827,0.7953253388404846,-0.008811481297016144,0.7214068174362183,0.7420151233673096,-0.015201735310256481,0.7359943985939026,0.7030462026596069,-0.022609304636716843,0.7553972005844116,0.6736054420471191,-0.03215884789824486,0.7228226661682129,0.6747418642044067,-0.019781431183218956,0.7420791387557983,0.6120601892471313,-0.040984105318784714,0.7617705464363098,0.5702945590019226,-0.05783723294734955,0.7792378067970276,0.5359329581260681,-0.0700225904583931,0.7080280780792236,0.6759971380233765,-0.03043566644191742,0.725713312625885,0.6035708785057068,-0.050222937017679214,0.7429727911949158,0.5522988438606262,-0.06726521253585815,0.7594574689865112,0.5112752318382263,-0.07921449840068817,0.6864132285118103,0.6925945281982422,-0.042004555463790894,0.6995345950126648,0.6234288215637207,-0.06281236559152603,0.7132541537284851,0.5739825367927551,-0.07649771124124527,0.7289624214172363,0.5333910584449768,-0.08510567247867584,0.6587905287742615,0.719851016998291,-0.053829632699489594,0.6624600887298584,0.6725555658340454,-0.07557502388954163,0.6726060509681702,0.638306200504303,-0.08457797020673752,0.6847772002220154,0.6079946756362915,-0.08929619193077087,0.0,0.0,0.0,0.0,0.0,0.0,0.0,0.0,0.0,0.0,0.0,0.0,0.0,0.0,0.0,0.0,0.0,0.0,0.0,0.0,0.0,0.0,0.0,0.0,0.0,0.0,0.0,0.0,0.0,0.0,0.0,0.0,0.0,0.0,0.0,0.0,0.0,0.0,0.0,0.0,0.0,0.0,0.0,0.0,0.0,0.0,0.0,0.0,0.0,0.0,0.0,0.0,0.0,0.0,0.0,0.0,0.0,0.0,0.0,0.0,0.0,0.0,0.0,THEY
0.5655452013015747,0.8357821702957153,8.714569332823885e-08,0.6172204613685608,0.7998276948928833,-0.009237839840352535,0.6494112610816956,0.7323998808860779,-0.014149723574519157,0.6655802726745605,0.6797665357589722,-0.019921956583857536,0.6869281530380249,0.6458379626274109,-0.027754925191402435,0.6412918567657471,0.6614450216293335,-0.024238839745521545,0.6586020588874817,0.5809757113456726,-0.044359344989061356,0.6757422685623169,0.5328924655914307,-0.05933007225394249,0.6908718943595886,0.4921662211418152,-0.07115140557289124,0.6205521821975708,0.6641599535942078,-0.03497430682182312,0.6311894059181213,0.5758494138717651,-0.05468826740980148,0.6432991623878479,0.5194265842437744,-0.07043194770812988,0.6536486744880676,0.47139328718185425,-0.08288675546646118,0.5944015979766846,0.6851391196250916,-0.046830471605062485,0.6000645160675049,0.6029353141784668,-0.06837254017591476,0.6100666522979736,0.5475171804428101,-0.08485166728496552,0.6222437024116516,0.49718791246414185,-0.09721189737319946,0.5636662244796753,0.7188749313354492,-0.059001266956329346,0.5577758550643921,0.6674233078956604,-0.08262469619512558,0.5608476996421814,0.6318795084953308,-0.09595299512147903,0.5670188069343567,0.5978736877441406,-0.10529069602489471,0.0,0.0,0.0,0.0,0.0,0.0,0.0,0.0,0.0,0.0,0.0,0.0,0.0,0.0,0.0,0.0,0.0,0.0,0.0,0.0,0.0,0.0,0.0,0.0,0.0,0.0,0.0,0.0,0.0,0.0,0.0,0.0,0.0,0.0,0.0,0.0,0.0,0.0,0.0,0.0,0.0,0.0,0.0,0.0,0.0,0.0,0.0,0.0,0.0,0.0,0.0,0.0,0.0,0.0,0.0,0.0,0.0,0.0,0.0,0.0,0.0,0.0,0.0,THEY
0.5537172555923462,0.8083062767982483,9.9416830323662e-08,0.6033275127410889,0.7675760984420776,-0.007672305218875408,0.6311390995979309,0.6971396207809448,-0.010824823752045631,0.6429719924926758,0.6446728110313416,-0.01555805653333664,0.662201464176178,0.6108534336090088,-0.021957630291581154,0.6187573075294495,0.6188363432884216,-0.01712724380195141,0.6342809200286865,0.5392677783966064,-0.03567137569189072,0.6488292217254639,0.4919573664665222,-0.04994254559278488,0.6620875597000122,0.45038914680480957,-0.06123980134725571,0.5974822640419006,0.621867835521698,-0.027844533324241638,0.6063634753227234,0.5354922413825989,-0.045109596103429794,0.616270899772644,0.47856032848358154,-0.0594986267387867,0.6249061226844788,0.4289718270301819,-0.07103686034679413,0.5724773406982422,0.6443713307380676,-0.04004457965493202,0.5770628452301025,0.5642290711402893,-0.05857376381754875,0.5854761600494385,0.510388970375061,-0.07302027195692062,0.59593665599823,0.46046561002731323,-0.08396593481302261,0.5442131757736206,0.6812869310379028,-0.052842557430267334,0.5353413820266724,0.6290245652198792,-0.07428618520498276,0.536833643913269,0.5889390110969543,-0.08647061884403229,0.5412557125091553,0.5496984720230103,-0.09476585686206818,0.0,0.0,0.0,0.0,0.0,0.0,0.0,0.0,0.0,0.0,0.0,0.0,0.0,0.0,0.0,0.0,0.0,0.0,0.0,0.0,0.0,0.0,0.0,0.0,0.0,0.0,0.0,0.0,0.0,0.0,0.0,0.0,0.0,0.0,0.0,0.0,0.0,0.0,0.0,0.0,0.0,0.0,0.0,0.0,0.0,0.0,0.0,0.0,0.0,0.0,0.0,0.0,0.0,0.0,0.0,0.0,0.0,0.0,0.0,0.0,0.0,0.0,0.0,THEY
0.5603799223899841,0.7526918649673462,-8.488073355295e-09,0.6155955195426941,0.7148218154907227,-0.00515307392925024,0.648729145526886,0.6381462216377258,-0.005859797820448875,0.6650794148445129,0.5844293832778931,-0.009042177349328995,0.6854323744773865,0.5490995049476624,-0.014036173932254314,0.6383510828018188,0.5522544384002686,-0.01087465975433588,0.6555098295211792,0.4675503373146057,-0.02899482101202011,0.6733551621437073,0.4205680191516876,-0.043912626802921295,0.6892539262771606,0.37828007340431213,-0.0562322624027729,0.618799090385437,0.5536364316940308,-0.023008720949292183,0.6296024322509766,0.4597766101360321,-0.04184431955218315,0.6431651711463928,0.40077459812164307,-0.05757186561822891,0.6551712155342102,0.3487926125526428,-0.07037565112113953,0.5953905582427979,0.5728757977485657,-0.03708835691213608,0.6031321287155151,0.48319488763809204,-0.057715971022844315,0.6145496368408203,0.4269142150878906,-0.07328198105096817,0.6275131106376648,0.3763899803161621,-0.08477933704853058,0.5688499212265015,0.6061119437217712,-0.05173216387629509,0.5662364959716797,0.5405721664428711,-0.07530108094215393,0.571705162525177,0.49330538511276245,-0.08974675089120865,0.5795791149139404,0.44958606362342834,-0.09994471818208694,0.0,0.0,0.0,0.0,0.0,0.0,0.0,0.0,0.0,0.0,0.0,0.0,0.0,0.0,0.0,0.0,0.0,0.0,0.0,0.0,0.0,0.0,0.0,0.0,0.0,0.0,0.0,0.0,0.0,0.0,0.0,0.0,0.0,0.0,0.0,0.0,0.0,0.0,0.0,0.0,0.0,0.0,0.0,0.0,0.0,0.0,0.0,0.0,0.0,0.0,0.0,0.0,0.0,0.0,0.0,0.0,0.0,0.0,0.0,0.0,0.0,0.0,0.0,THEY
0.5770738124847412,0.746306300163269,4.648668650020227e-08,0.6329346895217896,0.7095053791999817,-0.0063620940782129765,0.6631701588630676,0.6330274939537048,-0.007671053521335125,0.6758561730384827,0.5771743655204773,-0.011189090088009834,0.6956740021705627,0.5399012565612793,-0.016388827934861183,0.6535353660583496,0.549127459526062,-0.01067099068313837,0.6706060171127319,0.4678283631801605,-0.029585707932710648,0.6884628534317017,0.4208728075027466,-0.04504261910915375,0.7037644982337952,0.37843093276023865,-0.05735493823885918,0.634259819984436,0.549754798412323,-0.0220419280230999,0.6465789675712585,0.46050992608070374,-0.04109527915716171,0.6604132056236267,0.4020994305610657,-0.056613270193338394,0.6719037890434265,0.3497146964073181,-0.06878218799829483,0.6110280156135559,0.5688377618789673,-0.03555353730916977,0.6191327571868896,0.48273977637290955,-0.05587257072329521,0.6302589774131775,0.42616158723831177,-0.07054269313812256,0.6429423093795776,0.37452954053878784,-0.08103878051042557,0.5846580266952515,0.6021372675895691,-0.04975493997335434,0.5819751620292664,0.5396724939346313,-0.07241345196962357,0.5890087485313416,0.49515050649642944,-0.08568170666694641,0.5982580184936523,0.4540307819843292,-0.09470654278993607,0.0,0.0,0.0,0.0,0.0,0.0,0.0,0.0,0.0,0.0,0.0,0.0,0.0,0.0,0.0,0.0,0.0,0.0,0.0,0.0,0.0,0.0,0.0,0.0,0.0,0.0,0.0,0.0,0.0,0.0,0.0,0.0,0.0,0.0,0.0,0.0,0.0,0.0,0.0,0.0,0.0,0.0,0.0,0.0,0.0,0.0,0.0,0.0,0.0,0.0,0.0,0.0,0.0,0.0,0.0,0.0,0.0,0.0,0.0,0.0,0.0,0.0,0.0,THEY
0.5768936276435852,0.8465513586997986,1.0776444270277352e-07,0.6311919689178467,0.811928927898407,-0.008342145010828972,0.6623246073722839,0.7445476055145264,-0.012863974086940289,0.675375759601593,0.688483715057373,-0.019008293747901917,0.6962920427322388,0.6540289521217346,-0.026410801336169243,0.6590378880500793,0.6698764562606812,-0.012956815771758556,0.6784235835075378,0.5915141701698303,-0.03322600945830345,0.6968899369239807,0.5460813045501709,-0.049609459936618805,0.7131602168083191,0.5077155828475952,-0.061724953353405,0.6394443511962891,0.6701737642288208,-0.022987976670265198,0.6551128625869751,0.586701512336731,-0.042388156056404114,0.6705968379974365,0.5327860713005066,-0.05774847790598869,0.6839680075645447,0.48747962713241577,-0.06911499798297882,0.6148216724395752,0.6864743828773499,-0.03507326543331146,0.6279410719871521,0.6063140630722046,-0.05492232367396355,0.6408977508544922,0.5547916889190674,-0.06801706552505493,0.6550537347793579,0.5101864337921143,-0.07693000137805939,0.5852810144424438,0.7146849632263184,-0.04789404943585396,0.5876083374023438,0.6597854495048523,-0.06830891221761703,0.5966770648956299,0.622623860836029,-0.07880308479070663,0.6079397797584534,0.5888704061508179,-0.08543966710567474,0.0,0.0,0.0,0.0,0.0,0.0,0.0,0.0,0.0,0.0,0.0,0.0,0.0,0.0,0.0,0.0,0.0,0.0,0.0,0.0,0.0,0.0,0.0,0.0,0.0,0.0,0.0,0.0,0.0,0.0,0.0,0.0,0.0,0.0,0.0,0.0,0.0,0.0,0.0,0.0,0.0,0.0,0.0,0.0,0.0,0.0,0.0,0.0,0.0,0.0,0.0,0.0,0.0,0.0,0.0,0.0,0.0,0.0,0.0,0.0,0.0,0.0,0.0,THEY
0.5695286393165588,0.7954282164573669,8.128892403647114e-08,0.62535160779953,0.7610522508621216,-0.0057237399742007256,0.6567125916481018,0.6907647848129272,-0.006716986186802387,0.671169102191925,0.6371787786483765,-0.010007617063820362,0.6899218559265137,0.601629376411438,-0.01505379006266594,0.6472455859184265,0.6101908683776855,-0.008380339480936527,0.6637173295021057,0.5316476225852966,-0.026395251974463463,0.6816202402114868,0.4854264557361603,-0.04163195565342903,0.6976481080055237,0.44573915004730225,-0.05371743068099022,0.6284434795379639,0.610456645488739,-0.01942247338593006,0.6401818990707397,0.5264922976493835,-0.03769715875387192,0.6533199548721313,0.4715992212295532,-0.053187984973192215,0.6648665070533752,0.4235968589782715,-0.06512387096881866,0.6049929857254028,0.6290390491485596,-0.03241671994328499,0.6129223704338074,0.5484575629234314,-0.05204048380255699,0.6221947073936462,0.4936167597770691,-0.06615292280912399,0.6335722208023071,0.4440954327583313,-0.07608039677143097,0.5774988532066345,0.6618773341178894,-0.04601069167256355,0.5753437280654907,0.6044207215309143,-0.06743486225605011,0.5804226994514465,0.5638566017150879,-0.07920970767736435,0.5881304740905762,0.5251624584197998,-0.08694998174905777,0.0,0.0,0.0,0.0,0.0,0.0,0.0,0.0,0.0,0.0,0.0,0.0,0.0,0.0,0.0,0.0,0.0,0.0,0.0,0.0,0.0,0.0,0.0,0.0,0.0,0.0,0.0,0.0,0.0,0.0,0.0,0.0,0.0,0.0,0.0,0.0,0.0,0.0,0.0,0.0,0.0,0.0,0.0,0.0,0.0,0.0,0.0,0.0,0.0,0.0,0.0,0.0,0.0,0.0,0.0,0.0,0.0,0.0,0.0,0.0,0.0,0.0,0.0,THEY
0.5546301007270813,0.8193619251251221,1.3593232495168195e-07,0.6083177328109741,0.785369873046875,-0.014257784932851791,0.6422319412231445,0.7200261950492859,-0.02108260616660118,0.6572861671447754,0.6693383455276489,-0.027925821021199226,0.6783679127693176,0.6334663033485413,-0.036523353308439255,0.6238124966621399,0.6446429491043091,-0.028602689504623413,0.642744779586792,0.5634291172027588,-0.04943288490176201,0.6585218906402588,0.5159907937049866,-0.06431826949119568,0.6722832918167114,0.474056601524353,-0.07606757432222366,0.5972585082054138,0.645155668258667,-0.03737178444862366,0.6066416501998901,0.5568414926528931,-0.057737212628126144,0.6158217191696167,0.49913251399993896,-0.0734749436378479,0.6240494251251221,0.44982820749282837,-0.08616069704294205,0.567480206489563,0.6639046669006348,-0.04776459559798241,0.5745880603790283,0.5838905572891235,-0.06954148411750793,0.5834899544715881,0.5289878845214844,-0.08556704223155975,0.5944953560829163,0.47834306955337524,-0.09762956202030182,0.5359877943992615,0.6968164443969727,-0.058982964605093,0.5296726226806641,0.6411389112472534,-0.08345528692007065,0.5304005742073059,0.6009600162506104,-0.09704963117837906,0.5335226058959961,0.5610536932945251,-0.10643193125724792,0.0,0.0,0.0,0.0,0.0,0.0,0.0,0.0,0.0,0.0,0.0,0.0,0.0,0.0,0.0,0.0,0.0,0.0,0.0,0.0,0.0,0.0,0.0,0.0,0.0,0.0,0.0,0.0,0.0,0.0,0.0,0.0,0.0,0.0,0.0,0.0,0.0,0.0,0.0,0.0,0.0,0.0,0.0,0.0,0.0,0.0,0.0,0.0,0.0,0.0,0.0,0.0,0.0,0.0,0.0,0.0,0.0,0.0,0.0,0.0,0.0,0.0,0.0,THEY
0.5535586476325989,0.7973805665969849,1.1965104818045802e-07,0.6038978099822998,0.7657245397567749,-0.012500830926001072,0.6379412412643433,0.699478030204773,-0.01730172522366047,0.6547626852989197,0.6480888724327087,-0.02270190417766571,0.6745907664299011,0.611713707447052,-0.029734065756201744,0.6238564252853394,0.6224740743637085,-0.02102494053542614,0.6399410963058472,0.5464810132980347,-0.04012953117489815,0.6556856036186218,0.5019455552101135,-0.05524551123380661,0.6697704195976257,0.46249115467071533,-0.06725412607192993,0.6010818481445312,0.6239085793495178,-0.02957271784543991,0.6091087460517883,0.5406491160392761,-0.04804399982094765,0.6180462837219238,0.4856729805469513,-0.06343387067317963,0.6261420845985413,0.4374616742134094,-0.07583370804786682,0.5749636888504028,0.6435078382492065,-0.04002489522099495,0.5799886584281921,0.565719723701477,-0.059481970965862274,0.5865519642829895,0.5124199390411377,-0.07427627593278885,0.595931351184845,0.4626290798187256,-0.08546530455350876,0.5462331771850586,0.6766813397407532,-0.05149495601654053,0.5410571098327637,0.6226972937583923,-0.07335781306028366,0.5425090193748474,0.5835440158843994,-0.08597949147224426,0.5466123819351196,0.5450569987297058,-0.094743512570858,0.0,0.0,0.0,0.0,0.0,0.0,0.0,0.0,0.0,0.0,0.0,0.0,0.0,0.0,0.0,0.0,0.0,0.0,0.0,0.0,0.0,0.0,0.0,0.0,0.0,0.0,0.0,0.0,0.0,0.0,0.0,0.0,0.0,0.0,0.0,0.0,0.0,0.0,0.0,0.0,0.0,0.0,0.0,0.0,0.0,0.0,0.0,0.0,0.0,0.0,0.0,0.0,0.0,0.0,0.0,0.0,0.0,0.0,0.0,0.0,0.0,0.0,0.0,THEY
0.578524112701416,0.8000487685203552,8.235761583819112e-08,0.6288187503814697,0.7617637515068054,-0.006013895384967327,0.6543816328048706,0.6952000260353088,-0.010138929821550846,0.6666819453239441,0.6434817910194397,-0.016349833458662033,0.6843391060829163,0.6069192290306091,-0.02424866333603859,0.6496333479881287,0.6280895471572876,-0.011929307132959366,0.665323793888092,0.5535842180252075,-0.0317692793905735,0.681851327419281,0.5095195770263672,-0.048124268651008606,0.6969799399375916,0.47156211733818054,-0.06026645004749298,0.6345570683479309,0.6311787366867065,-0.022511472925543785,0.6452470421791077,0.5513586401939392,-0.041641224175691605,0.6573968529701233,0.49779075384140015,-0.05669752135872841,0.6680333614349365,0.45157015323638916,-0.06806032359600067,0.6152955889701843,0.6497527360916138,-0.034878384321928024,0.6226171255111694,0.5724599957466125,-0.05368473753333092,0.6322070956230164,0.521264910697937,-0.06591781228780746,0.6426278948783875,0.4765981137752533,-0.07448101043701172,0.5920130610466003,0.6804589629173279,-0.047903839498758316,0.5912264585494995,0.6259505152702332,-0.06660067290067673,0.5986796617507935,0.5892782807350159,-0.07609820365905762,0.6079084873199463,0.5566742420196533,-0.08240708708763123,0.0,0.0,0.0,0.0,0.0,0.0,0.0,0.0,0.0,0.0,0.0,0.0,0.0,0.0,0.0,0.0,0.0,0.0,0.0,0.0,0.0,0.0,0.0,0.0,0.0,0.0,0.0,0.0,0.0,0.0,0.0,0.0,0.0,0.0,0.0,0.0,0.0,0.0,0.0,0.0,0.0,0.0,0.0,0.0,0.0,0.0,0.0,0.0,0.0,0.0,0.0,0.0,0.0,0.0,0.0,0.0,0.0,0.0,0.0,0.0,0.0,0.0,0.0,THEY
0.5792716145515442,0.7263972759246826,4.462139813199428e-08,0.6254479885101318,0.7050479650497437,-0.0016745461616665125,0.6552069783210754,0.6460402011871338,-0.00221265503205359,0.6696325540542603,0.6023501753807068,-0.005275576841086149,0.6879373788833618,0.5729179978370667,-0.009986920282244682,0.6600863933563232,0.5738258957862854,-0.001974445767700672,0.6821756362915039,0.5078678727149963,-0.017603309825062752,0.7026839256286621,0.46899545192718506,-0.03144044801592827,0.7206476926803589,0.43650108575820923,-0.04162244498729706,0.6488483548164368,0.570721447467804,-0.012363806366920471,0.6675822734832764,0.493808388710022,-0.02658521756529808,0.6869800090789795,0.4446093440055847,-0.03931094706058502,0.7052354216575623,0.4028468728065491,-0.04924134910106659,0.6329710483551025,0.5799521207809448,-0.024425853043794632,0.6490378975868225,0.5050503015518188,-0.038155946880578995,0.6651228666305542,0.45880305767059326,-0.04739828035235405,0.6808892488479614,0.4201773405075073,-0.05388503521680832,0.6132649779319763,0.6014304161071777,-0.037060853093862534,0.6221489310264587,0.5401979684829712,-0.051099784672260284,0.6357921957969666,0.5030394196510315,-0.05776706710457802,0.6497615575790405,0.471916139125824,-0.06222241371870041,0.0,0.0,0.0,0.0,0.0,0.0,0.0,0.0,0.0,0.0,0.0,0.0,0.0,0.0,0.0,0.0,0.0,0.0,0.0,0.0,0.0,0.0,0.0,0.0,0.0,0.0,0.0,0.0,0.0,0.0,0.0,0.0,0.0,0.0,0.0,0.0,0.0,0.0,0.0,0.0,0.0,0.0,0.0,0.0,0.0,0.0,0.0,0.0,0.0,0.0,0.0,0.0,0.0,0.0,0.0,0.0,0.0,0.0,0.0,0.0,0.0,0.0,0.0,THEY
0.5722647309303284,0.7674963474273682,3.707655338303084e-08,0.6243503093719482,0.736323893070221,-0.009948769584298134,0.6574119329452515,0.6689761877059937,-0.013462877832353115,0.6728025078773499,0.6171720027923584,-0.017879780381917953,0.6924062967300415,0.5825703144073486,-0.024129671975970268,0.6475499868392944,0.5991330146789551,-0.020257562398910522,0.6663438081741333,0.5215816497802734,-0.03830120712518692,0.6834520101547241,0.4775300621986389,-0.05213537439703941,0.698579728603363,0.4386565089225769,-0.0635615661740303,0.6257238388061523,0.6003218293190002,-0.02996678464114666,0.6371561884880066,0.5165079236030579,-0.04822685196995735,0.6478837728500366,0.46206003427505493,-0.063225157558918,0.656719982624054,0.41428178548812866,-0.07547571510076523,0.5991852879524231,0.618234395980835,-0.04120533540844917,0.6076351404190063,0.5393615961074829,-0.06167018786072731,0.6159859895706177,0.4859311282634735,-0.07760104537010193,0.625971257686615,0.43585020303726196,-0.089752696454525,0.5692492127418518,0.6486145853996277,-0.052943576127290726,0.5608720779418945,0.5931000113487244,-0.07597464323043823,0.5607021450996399,0.555953860282898,-0.08927926421165466,0.5636987686157227,0.5194936394691467,-0.0987902358174324,0.0,0.0,0.0,0.0,0.0,0.0,0.0,0.0,0.0,0.0,0.0,0.0,0.0,0.0,0.0,0.0,0.0,0.0,0.0,0.0,0.0,0.0,0.0,0.0,0.0,0.0,0.0,0.0,0.0,0.0,0.0,0.0,0.0,0.0,0.0,0.0,0.0,0.0,0.0,0.0,0.0,0.0,0.0,0.0,0.0,0.0,0.0,0.0,0.0,0.0,0.0,0.0,0.0,0.0,0.0,0.0,0.0,0.0,0.0,0.0,0.0,0.0,0.0,THEY
0.5199130177497864,0.8509687185287476,1.8010095459430886e-07,0.576446533203125,0.8217589855194092,-0.012685301713645458,0.615484356880188,0.7577361464500427,-0.01843078061938286,0.6369875073432922,0.7068024277687073,-0.02431461401283741,0.6622259616851807,0.6725859642028809,-0.032615069299936295,0.6016635894775391,0.6865889430046082,-0.029854459688067436,0.6282424926757812,0.6071981191635132,-0.04980018734931946,0.6496634483337402,0.5608504414558411,-0.06355775892734528,0.6686443090438843,0.5221448540687561,-0.07477149367332458,0.5740565061569214,0.6843252778053284,-0.039712924510240555,0.5915132164955139,0.5966436266899109,-0.05921797454357147,0.6065938472747803,0.540710985660553,-0.07512138038873672,0.6196364164352417,0.49471622705459595,-0.08826562017202377,0.5411198139190674,0.6998080015182495,-0.05076128989458084,0.5557038187980652,0.619552731513977,-0.07296280562877655,0.5696913003921509,0.5641584992408752,-0.09165371209383011,0.5847253203392029,0.5145652294158936,-0.10608956217765808,0.504407525062561,0.7285316586494446,-0.06208358332514763,0.49773839116096497,0.672796368598938,-0.08689366281032562,0.4985426962375641,0.6356980800628662,-0.10168564319610596,0.5023694634437561,0.5997132062911987,-0.11247327923774719,0.0,0.0,0.0,0.0,0.0,0.0,0.0,0.0,0.0,0.0,0.0,0.0,0.0,0.0,0.0,0.0,0.0,0.0,0.0,0.0,0.0,0.0,0.0,0.0,0.0,0.0,0.0,0.0,0.0,0.0,0.0,0.0,0.0,0.0,0.0,0.0,0.0,0.0,0.0,0.0,0.0,0.0,0.0,0.0,0.0,0.0,0.0,0.0,0.0,0.0,0.0,0.0,0.0,0.0,0.0,0.0,0.0,0.0,0.0,0.0,0.0,0.0,0.0,THEY
0.5398944616317749,0.8088287115097046,8.436693832436504e-08,0.5940573215484619,0.7728497982025146,-0.007330418098717928,0.6238142251968384,0.7025477290153503,-0.011166580021381378,0.6370106339454651,0.6472107172012329,-0.016865860670804977,0.6559411883354187,0.6083699464797974,-0.024414049461483955,0.614937424659729,0.6292756199836731,-0.016090156510472298,0.6337814927101135,0.5506497025489807,-0.03656791150569916,0.6523764729499817,0.505771815776825,-0.052916064858436584,0.6689964532852173,0.4669201970100403,-0.06561864167451859,0.5961081385612488,0.6323897242546082,-0.027598172426223755,0.6092847585678101,0.5471677780151367,-0.047877538949251175,0.6233463883399963,0.49188873171806335,-0.06446228921413422,0.6356596350669861,0.44311732053756714,-0.07718829065561295,0.572433590888977,0.6534217596054077,-0.040793951600790024,0.5800710916519165,0.5733544826507568,-0.06186189129948616,0.5915476083755493,0.5205929279327393,-0.07756057381629944,0.6053887605667114,0.47174331545829773,-0.08901430666446686,0.5454300045967102,0.6886561512947083,-0.05452118441462517,0.5403454899787903,0.6373614072799683,-0.07715430855751038,0.5450045466423035,0.5991768836975098,-0.09013587236404419,0.5531344413757324,0.561753511428833,-0.09912324696779251,0.0,0.0,0.0,0.0,0.0,0.0,0.0,0.0,0.0,0.0,0.0,0.0,0.0,0.0,0.0,0.0,0.0,0.0,0.0,0.0,0.0,0.0,0.0,0.0,0.0,0.0,0.0,0.0,0.0,0.0,0.0,0.0,0.0,0.0,0.0,0.0,0.0,0.0,0.0,0.0,0.0,0.0,0.0,0.0,0.0,0.0,0.0,0.0,0.0,0.0,0.0,0.0,0.0,0.0,0.0,0.0,0.0,0.0,0.0,0.0,0.0,0.0,0.0,THEY
0.5618623495101929,0.7940784096717834,1.0425797825064365e-07,0.6183545589447021,0.7556766867637634,-0.008512570522725582,0.6502860188484192,0.6839215755462646,-0.01345568336546421,0.6668193936347961,0.62867671251297,-0.019858185201883316,0.6880843639373779,0.590009868144989,-0.02826550044119358,0.6443411111831665,0.6145846843719482,-0.022097866982221603,0.6630116105079651,0.5337911248207092,-0.044116612523794174,0.6828520894050598,0.4868965148925781,-0.061029739677906036,0.7018842697143555,0.448547899723053,-0.07391256093978882,0.6238372921943665,0.6213440299034119,-0.03351450711488724,0.6338029503822327,0.5331822037696838,-0.05529613047838211,0.6490648984909058,0.4764243960380554,-0.07240590453147888,0.6638725399971008,0.42784857749938965,-0.085371233522892,0.5982450842857361,0.6467489004135132,-0.04623720049858093,0.6020938158035278,0.5647525787353516,-0.06867056339979172,0.6133233904838562,0.5111790895462036,-0.08476035296916962,0.627805769443512,0.4620886445045471,-0.09642195701599121,0.5694800615310669,0.6861084699630737,-0.059438690543174744,0.5609489679336548,0.6338162422180176,-0.08301076292991638,0.564720869064331,0.596834659576416,-0.0959487035870552,0.5722099542617798,0.5616127252578735,-0.10472497344017029,0.0,0.0,0.0,0.0,0.0,0.0,0.0,0.0,0.0,0.0,0.0,0.0,0.0,0.0,0.0,0.0,0.0,0.0,0.0,0.0,0.0,0.0,0.0,0.0,0.0,0.0,0.0,0.0,0.0,0.0,0.0,0.0,0.0,0.0,0.0,0.0,0.0,0.0,0.0,0.0,0.0,0.0,0.0,0.0,0.0,0.0,0.0,0.0,0.0,0.0,0.0,0.0,0.0,0.0,0.0,0.0,0.0,0.0,0.0,0.0,0.0,0.0,0.0,THEY
0.5823951959609985,0.7876412868499756,1.3914842611484346e-07,0.634398877620697,0.748611569404602,-0.005974312778562307,0.6603015065193176,0.6799486875534058,-0.010854185558855534,0.673134446144104,0.6261656880378723,-0.01745668053627014,0.6918138265609741,0.5879178047180176,-0.02580089122056961,0.655554473400116,0.6098928451538086,-0.017939573153853416,0.674495279788971,0.5314961671829224,-0.039812855422496796,0.693766176700592,0.48373690247535706,-0.056244004517793655,0.7107580900192261,0.4450826346874237,-0.06830854713916779,0.6388552188873291,0.6159659624099731,-0.030302390456199646,0.6518009901046753,0.5301021337509155,-0.05260903760790825,0.6675411462783813,0.47244131565093994,-0.06974160671234131,0.6817381978034973,0.4245009422302246,-0.08187831193208694,0.6167061924934387,0.6406648755073547,-0.043818920850753784,0.6250538229942322,0.5572381615638733,-0.06671296060085297,0.6384958028793335,0.5027099847793579,-0.08259037882089615,0.6550390720367432,0.45523375272750854,-0.09331478923559189,0.5906112790107727,0.6783767938613892,-0.057426560670137405,0.5861105918884277,0.6276156306266785,-0.08155229687690735,0.5940200090408325,0.5903002619743347,-0.09427302330732346,0.6058295369148254,0.5560921430587769,-0.10222679376602173,0.0,0.0,0.0,0.0,0.0,0.0,0.0,0.0,0.0,0.0,0.0,0.0,0.0,0.0,0.0,0.0,0.0,0.0,0.0,0.0,0.0,0.0,0.0,0.0,0.0,0.0,0.0,0.0,0.0,0.0,0.0,0.0,0.0,0.0,0.0,0.0,0.0,0.0,0.0,0.0,0.0,0.0,0.0,0.0,0.0,0.0,0.0,0.0,0.0,0.0,0.0,0.0,0.0,0.0,0.0,0.0,0.0,0.0,0.0,0.0,0.0,0.0,0.0,THEY
0.5233688950538635,0.7862522006034851,4.335050718395905e-08,0.5841577649116516,0.7475405335426331,-0.011098743416368961,0.6221526265144348,0.6754646301269531,-0.01771467551589012,0.6375824213027954,0.6165845990180969,-0.025476325303316116,0.658585786819458,0.5741074085235596,-0.03524934872984886,0.608562707901001,0.5972623229026794,-0.02804628200829029,0.6278970241546631,0.5095694065093994,-0.05153343454003334,0.6468926072120667,0.460380494594574,-0.06926363706588745,0.6654430031776428,0.419253408908844,-0.08344409614801407,0.5847516655921936,0.60435551404953,-0.040351275354623795,0.5925950407981873,0.5092442631721497,-0.06396853178739548,0.6062566041946411,0.4509788751602173,-0.08320479840040207,0.6196434497833252,0.40024134516716003,-0.0985872820019722,0.5558713674545288,0.6309682726860046,-0.05397726595401764,0.5600454807281494,0.5424377918243408,-0.07984407991170883,0.5712864398956299,0.48842790722846985,-0.09898965805768967,0.5850109457969666,0.43604159355163574,-0.11340687423944473,0.5238369703292847,0.6717864871025085,-0.06795993447303772,0.5143294930458069,0.6171892881393433,-0.09611586481332779,0.5152389407157898,0.578782320022583,-0.1117132157087326,0.519005298614502,0.5392163395881653,-0.12270950525999069,0.0,0.0,0.0,0.0,0.0,0.0,0.0,0.0,0.0,0.0,0.0,0.0,0.0,0.0,0.0,0.0,0.0,0.0,0.0,0.0,0.0,0.0,0.0,0.0,0.0,0.0,0.0,0.0,0.0,0.0,0.0,0.0,0.0,0.0,0.0,0.0,0.0,0.0,0.0,0.0,0.0,0.0,0.0,0.0,0.0,0.0,0.0,0.0,0.0,0.0,0.0,0.0,0.0,0.0,0.0,0.0,0.0,0.0,0.0,0.0,0.0,0.0,0.0,THEY
0.5505913496017456,0.7443080544471741,9.41719449087941e-08,0.6086093187332153,0.7131149768829346,-0.012339184060692787,0.6469783186912537,0.6443021297454834,-0.017229804769158363,0.6641538143157959,0.586921751499176,-0.022582488134503365,0.6853651404380798,0.5463941097259521,-0.02992752566933632,0.6360308527946472,0.564797043800354,-0.024246565997600555,0.6550800800323486,0.4783823788166046,-0.04584142193198204,0.6723402738571167,0.42577362060546875,-0.062115684151649475,0.6870884895324707,0.3807980418205261,-0.07460037618875504,0.6104552745819092,0.5637666583061218,-0.034213561564683914,0.6244848966598511,0.47109556198120117,-0.05500222370028496,0.6372554302215576,0.40930309891700745,-0.07188629359006882,0.648023784160614,0.35619688034057617,-0.08486917614936829,0.5804265141487122,0.5825658440589905,-0.045846953988075256,0.589695155620575,0.4978419542312622,-0.06798268854618073,0.6016001105308533,0.440623939037323,-0.0846066027879715,0.6154287457466125,0.3873414993286133,-0.0967480018734932,0.5468077659606934,0.6162350177764893,-0.058198850601911545,0.5420268774032593,0.5594547390937805,-0.08252648264169693,0.5448658466339111,0.5197117924690247,-0.09561045467853546,0.5508098006248474,0.48073524236679077,-0.1043679416179657,0.0,0.0,0.0,0.0,0.0,0.0,0.0,0.0,0.0,0.0,0.0,0.0,0.0,0.0,0.0,0.0,0.0,0.0,0.0,0.0,0.0,0.0,0.0,0.0,0.0,0.0,0.0,0.0,0.0,0.0,0.0,0.0,0.0,0.0,0.0,0.0,0.0,0.0,0.0,0.0,0.0,0.0,0.0,0.0,0.0,0.0,0.0,0.0,0.0,0.0,0.0,0.0,0.0,0.0,0.0,0.0,0.0,0.0,0.0,0.0,0.0,0.0,0.0,THEY
0.5363878011703491,0.7953212261199951,7.021105119520143e-08,0.5938304662704468,0.7611432075500488,-0.0113495122641325,0.6312113404273987,0.6881965398788452,-0.01687762700021267,0.6479610800743103,0.628922700881958,-0.022890791296958923,0.6701574921607971,0.5865918397903442,-0.031433552503585815,0.6188006401062012,0.6132079362869263,-0.029995765537023544,0.6381515264511108,0.5270525217056274,-0.05268218368291855,0.6560603976249695,0.4762473702430725,-0.06944625824689865,0.6719667911529541,0.43233561515808105,-0.08289223164319992,0.5942056775093079,0.6166186332702637,-0.04139924421906471,0.608242928981781,0.5225905776023865,-0.06434520334005356,0.6217061281204224,0.4622129201889038,-0.0828048512339592,0.6334709525108337,0.4098541736602783,-0.09765937924385071,0.5649478435516357,0.6390165686607361,-0.053991012275218964,0.5758630037307739,0.5532816052436829,-0.07928428053855896,0.5876495242118835,0.49538320302963257,-0.09911562502384186,0.6009349226951599,0.4417191743850708,-0.11403673142194748,0.5321670174598694,0.6748036742210388,-0.06681032478809357,0.5274721384048462,0.6181733012199402,-0.09513451904058456,0.5302115678787231,0.5786720514297485,-0.11186116188764572,0.5358493328094482,0.5396261811256409,-0.12375690042972565,0.0,0.0,0.0,0.0,0.0,0.0,0.0,0.0,0.0,0.0,0.0,0.0,0.0,0.0,0.0,0.0,0.0,0.0,0.0,0.0,0.0,0.0,0.0,0.0,0.0,0.0,0.0,0.0,0.0,0.0,0.0,0.0,0.0,0.0,0.0,0.0,0.0,0.0,0.0,0.0,0.0,0.0,0.0,0.0,0.0,0.0,0.0,0.0,0.0,0.0,0.0,0.0,0.0,0.0,0.0,0.0,0.0,0.0,0.0,0.0,0.0,0.0,0.0,THEY
0.5314609408378601,0.7612894773483276,2.867402315587242e-08,0.5902942419052124,0.7269150614738464,-0.01033464353531599,0.6269079446792603,0.6540896892547607,-0.01504539605230093,0.6435163617134094,0.5955876708030701,-0.020655155181884766,0.6651796102523804,0.5533429384231567,-0.028704553842544556,0.6140830516815186,0.5780460238456726,-0.026515282690525055,0.6319806575775146,0.4917697310447693,-0.04852566868066788,0.6492096781730652,0.4408583343029022,-0.06526774168014526,0.6644787192344666,0.3965240716934204,-0.07874290645122528,0.5909305214881897,0.5816671848297119,-0.03793809562921524,0.6012138724327087,0.48777079582214355,-0.06002509966492653,0.6133646965026855,0.4263290762901306,-0.07813747972249985,0.6240436434745789,0.3724316656589508,-0.09279496222734451,0.5627255439758301,0.6043040156364441,-0.05067500099539757,0.5690696239471436,0.5173553228378296,-0.0747683197259903,0.5785972476005554,0.4602121114730835,-0.09357096254825592,0.5905649065971375,0.4063303470611572,-0.10784953832626343,0.5306668281555176,0.6409871578216553,-0.06374993920326233,0.5222135782241821,0.582912802696228,-0.09090814739465714,0.5238714218139648,0.5428107380867004,-0.10685323178768158,0.5293453931808472,0.5030194520950317,-0.11816876381635666,0.0,0.0,0.0,0.0,0.0,0.0,0.0,0.0,0.0,0.0,0.0,0.0,0.0,0.0,0.0,0.0,0.0,0.0,0.0,0.0,0.0,0.0,0.0,0.0,0.0,0.0,0.0,0.0,0.0,0.0,0.0,0.0,0.0,0.0,0.0,0.0,0.0,0.0,0.0,0.0,0.0,0.0,0.0,0.0,0.0,0.0,0.0,0.0,0.0,0.0,0.0,0.0,0.0,0.0,0.0,0.0,0.0,0.0,0.0,0.0,0.0,0.0,0.0,THEY
0.5180085301399231,0.7911876440048218,1.3026355993872585e-08,0.5769375562667847,0.7569448947906494,-0.011830312199890614,0.6147242784500122,0.6827408671379089,-0.017640776932239532,0.6305229663848877,0.6228262186050415,-0.024174146354198456,0.6519555449485779,0.5826376676559448,-0.03249465674161911,0.5995281338691711,0.6016258001327515,-0.02706281654536724,0.619350016117096,0.5134665369987488,-0.048624470829963684,0.6368429064750671,0.463809072971344,-0.06465630233287811,0.6526933312416077,0.4213849902153015,-0.07777932286262512,0.5751613974571228,0.6061761975288391,-0.038165830075740814,0.586259126663208,0.5102666020393372,-0.05981657654047012,0.5984150171279907,0.4497492015361786,-0.07748132199048996,0.6089127659797668,0.39678293466567993,-0.09189081937074661,0.5472553968429565,0.6314093470573425,-0.050667472183704376,0.555515706539154,0.5439585447311401,-0.07429472357034683,0.565348744392395,0.4883732199668884,-0.09230642765760422,0.577544629573822,0.435097873210907,-0.10611642152070999,0.5169579982757568,0.6713700294494629,-0.06372548639774323,0.5091100335121155,0.6146924495697021,-0.0905965194106102,0.5104004144668579,0.5737721920013428,-0.10609035193920135,0.5151051878929138,0.5321967005729675,-0.1170993372797966,0.0,0.0,0.0,0.0,0.0,0.0,0.0,0.0,0.0,0.0,0.0,0.0,0.0,0.0,0.0,0.0,0.0,0.0,0.0,0.0,0.0,0.0,0.0,0.0,0.0,0.0,0.0,0.0,0.0,0.0,0.0,0.0,0.0,0.0,0.0,0.0,0.0,0.0,0.0,0.0,0.0,0.0,0.0,0.0,0.0,0.0,0.0,0.0,0.0,0.0,0.0,0.0,0.0,0.0,0.0,0.0,0.0,0.0,0.0,0.0,0.0,0.0,0.0,THEY
0.3311629593372345,0.652654767036438,1.5955605192630173e-07,0.26938334107398987,0.6375225186347961,-0.00838696863502264,0.22801105678081512,0.56996750831604,-0.014515758492052555,0.20832359790802002,0.5187246799468994,-0.021937845274806023,0.1834791898727417,0.48724979162216187,-0.0307609923183918,0.22769303619861603,0.47521254420280457,-0.01876392774283886,0.2005099505186081,0.3973194658756256,-0.03885803744196892,0.1795140504837036,0.34997475147247314,-0.054076988250017166,0.15938818454742432,0.30931708216667175,-0.06537321209907532,0.2529612183570862,0.4673720598220825,-0.03043876215815544,0.2269686460494995,0.3756083846092224,-0.05067362263798714,0.2055470496416092,0.31641334295272827,-0.0666530579328537,0.18536332249641418,0.26592516899108887,-0.07775045186281204,0.2816399931907654,0.47924843430519104,-0.04374111443758011,0.2635044455528259,0.3880872428417206,-0.06447554379701614,0.24608032405376434,0.3307332992553711,-0.08037327975034714,0.2272692322731018,0.28199589252471924,-0.09128223359584808,0.31183698773384094,0.5063948035240173,-0.057551879435777664,0.3088044226169586,0.43951719999313354,-0.07761998474597931,0.2984082102775574,0.39246538281440735,-0.08922005444765091,0.2849067449569702,0.35034361481666565,-0.09721559286117554,0.0,0.0,0.0,0.0,0.0,0.0,0.0,0.0,0.0,0.0,0.0,0.0,0.0,0.0,0.0,0.0,0.0,0.0,0.0,0.0,0.0,0.0,0.0,0.0,0.0,0.0,0.0,0.0,0.0,0.0,0.0,0.0,0.0,0.0,0.0,0.0,0.0,0.0,0.0,0.0,0.0,0.0,0.0,0.0,0.0,0.0,0.0,0.0,0.0,0.0,0.0,0.0,0.0,0.0,0.0,0.0,0.0,0.0,0.0,0.0,0.0,0.0,0.0,THEY
0.3614131510257721,0.7438700199127197,9.875572004602873e-08,0.29567745327949524,0.7175145149230957,-0.010127452202141285,0.25688737630844116,0.6501529216766357,-0.01914861612021923,0.23756957054138184,0.5983337163925171,-0.02881605364382267,0.21265703439712524,0.5605210661888123,-0.04003915935754776,0.25994840264320374,0.5705344676971436,-0.027716830372810364,0.23471331596374512,0.4902144968509674,-0.05011596158146858,0.21671782433986664,0.4442109167575836,-0.06607645750045776,0.19886553287506104,0.4037526249885559,-0.07787424325942993,0.2844740152359009,0.5683755278587341,-0.038836315274238586,0.2613339126110077,0.4785979688167572,-0.061053503304719925,0.24193987250328064,0.42314672470092773,-0.07750384509563446,0.22302740812301636,0.3737814426422119,-0.08963809162378311,0.3123035728931427,0.5844528675079346,-0.05129064619541168,0.2971457839012146,0.49593353271484375,-0.07347453385591507,0.28241991996765137,0.44234925508499146,-0.08998432755470276,0.265134334564209,0.39520496129989624,-0.10195110738277435,0.34186291694641113,0.6146605610847473,-0.0640869140625,0.34091269969940186,0.5526602268218994,-0.0859142318367958,0.3327522277832031,0.5098137259483337,-0.09883322566747665,0.32080593705177307,0.46976545453071594,-0.10826349258422852,0.0,0.0,0.0,0.0,0.0,0.0,0.0,0.0,0.0,0.0,0.0,0.0,0.0,0.0,0.0,0.0,0.0,0.0,0.0,0.0,0.0,0.0,0.0,0.0,0.0,0.0,0.0,0.0,0.0,0.0,0.0,0.0,0.0,0.0,0.0,0.0,0.0,0.0,0.0,0.0,0.0,0.0,0.0,0.0,0.0,0.0,0.0,0.0,0.0,0.0,0.0,0.0,0.0,0.0,0.0,0.0,0.0,0.0,0.0,0.0,0.0,0.0,0.0,THEY
0.2692919671535492,0.6799224615097046,1.2239291891091852e-07,0.22024255990982056,0.6479551196098328,-0.002997861010953784,0.1975378692150116,0.5817103981971741,-0.00673349853605032,0.18807151913642883,0.536272406578064,-0.012644401751458645,0.17529797554016113,0.501550555229187,-0.019718727096915245,0.2038077414035797,0.4986841678619385,-0.0075247446075081825,0.18604616820812225,0.4272884428501129,-0.024365253746509552,0.17127695679664612,0.38220328092575073,-0.03782505542039871,0.1579991728067398,0.34611833095550537,-0.04698112607002258,0.22255679965019226,0.4988921284675598,-0.018787844106554985,0.20813946425914764,0.4123573303222656,-0.034023601561784744,0.19569043815135956,0.35444629192352295,-0.0468888022005558,0.1855263113975525,0.3064724802970886,-0.05559780076146126,0.2416442632675171,0.515053927898407,-0.03158679977059364,0.23217466473579407,0.42734912037849426,-0.04855475202202797,0.22037330269813538,0.36993640661239624,-0.06284219771623611,0.2088642418384552,0.3237916827201843,-0.07196614146232605,0.2596563994884491,0.5450607538223267,-0.04448607563972473,0.25901782512664795,0.48289957642555237,-0.06180860102176666,0.24888376891613007,0.43846073746681213,-0.07158858329057693,0.23665226995944977,0.4009331464767456,-0.07763949036598206,0.0,0.0,0.0,0.0,0.0,0.0,0.0,0.0,0.0,0.0,0.0,0.0,0.0,0.0,0.0,0.0,0.0,0.0,0.0,0.0,0.0,0.0,0.0,0.0,0.0,0.0,0.0,0.0,0.0,0.0,0.0,0.0,0.0,0.0,0.0,0.0,0.0,0.0,0.0,0.0,0.0,0.0,0.0,0.0,0.0,0.0,0.0,0.0,0.0,0.0,0.0,0.0,0.0,0.0,0.0,0.0,0.0,0.0,0.0,0.0,0.0,0.0,0.0,THEY
0.27112385630607605,0.7030280828475952,9.253989219359937e-08,0.21419818699359894,0.6792894005775452,-0.011678983457386494,0.18059855699539185,0.6074979305267334,-0.018276827409863472,0.16759350895881653,0.5534487962722778,-0.025543441995978355,0.14713993668556213,0.5157654285430908,-0.03389992564916611,0.1890237182378769,0.5183367729187012,-0.018761515617370605,0.16673623025417328,0.4411301910877228,-0.038589347153902054,0.14957590401172638,0.3960946798324585,-0.053627606481313705,0.13270360231399536,0.35738420486450195,-0.06435857713222504,0.21636417508125305,0.5132023692131042,-0.027623159810900688,0.19969287514686584,0.4231923222541809,-0.04635413736104965,0.18544968962669373,0.36563757061958313,-0.06135954707860947,0.17244058847427368,0.3163182735443115,-0.07181565463542938,0.2445124089717865,0.5281822681427002,-0.038678351789712906,0.23575277626514435,0.4400100111961365,-0.05784374102950096,0.22472241520881653,0.3851883113384247,-0.07277620583772659,0.21250171959400177,0.3384575843811035,-0.0829600840806961,0.272251695394516,0.5576695799827576,-0.05058711767196655,0.27506354451179504,0.4945716857910156,-0.06919310986995697,0.2695818543434143,0.44979721307754517,-0.08009754866361618,0.2606705129146576,0.40885764360427856,-0.08750314265489578,0.0,0.0,0.0,0.0,0.0,0.0,0.0,0.0,0.0,0.0,0.0,0.0,0.0,0.0,0.0,0.0,0.0,0.0,0.0,0.0,0.0,0.0,0.0,0.0,0.0,0.0,0.0,0.0,0.0,0.0,0.0,0.0,0.0,0.0,0.0,0.0,0.0,0.0,0.0,0.0,0.0,0.0,0.0,0.0,0.0,0.0,0.0,0.0,0.0,0.0,0.0,0.0,0.0,0.0,0.0,0.0,0.0,0.0,0.0,0.0,0.0,0.0,0.0,THEY
0.273432195186615,0.7000768184661865,1.0235222447363412e-07,0.21232512593269348,0.6804450750350952,-0.012961830012500286,0.1727379560470581,0.6111140251159668,-0.020127112045884132,0.1562182903289795,0.5559380054473877,-0.02774934656918049,0.13901197910308838,0.5150349736213684,-0.03600645065307617,0.17744164168834686,0.5223408937454224,-0.01732858456671238,0.15284842252731323,0.44689828157424927,-0.03648699074983597,0.13399548828601837,0.40337684750556946,-0.05123532563447952,0.11627858132123947,0.36543482542037964,-0.06173824146389961,0.2055358737707138,0.5134562849998474,-0.025269635021686554,0.18462291359901428,0.42582738399505615,-0.042833808809518814,0.1676708459854126,0.3702276945114136,-0.056916337460279465,0.1527460664510727,0.3222048878669739,-0.06668071448802948,0.2356274127960205,0.5240715146064758,-0.03563197702169418,0.220663383603096,0.4371843934059143,-0.053084224462509155,0.20696377754211426,0.3842899203300476,-0.0659005343914032,0.193021759390831,0.3389589488506317,-0.0746304914355278,0.2667683959007263,0.548915445804596,-0.04719967395067215,0.26188626885414124,0.48384740948677063,-0.06396891921758652,0.25245335698127747,0.43947935104370117,-0.07289663702249527,0.24095289409160614,0.399722695350647,-0.0786861851811409,0.0,0.0,0.0,0.0,0.0,0.0,0.0,0.0,0.0,0.0,0.0,0.0,0.0,0.0,0.0,0.0,0.0,0.0,0.0,0.0,0.0,0.0,0.0,0.0,0.0,0.0,0.0,0.0,0.0,0.0,0.0,0.0,0.0,0.0,0.0,0.0,0.0,0.0,0.0,0.0,0.0,0.0,0.0,0.0,0.0,0.0,0.0,0.0,0.0,0.0,0.0,0.0,0.0,0.0,0.0,0.0,0.0,0.0,0.0,0.0,0.0,0.0,0.0,THEY
0.2608497738838196,0.6898335814476013,1.344104134659574e-07,0.20904649794101715,0.6605129241943359,-0.009184060618281364,0.1842116117477417,0.5865850448608398,-0.014227917417883873,0.1771952211856842,0.5320867300033569,-0.020358113572001457,0.1658419966697693,0.49088233709335327,-0.027047455310821533,0.20300129055976868,0.4991746246814728,-0.010426213964819908,0.19276027381420135,0.42380407452583313,-0.027818581089377403,0.181458979845047,0.3760308027267456,-0.04202893748879433,0.16986730694770813,0.336494505405426,-0.05204297602176666,0.2277035266160965,0.4967663884162903,-0.019178587943315506,0.22049222886562347,0.40937671065330505,-0.03565926477313042,0.21197158098220825,0.3486218750476837,-0.04978850856423378,0.20340648293495178,0.2977460026741028,-0.059415552765131,0.25096166133880615,0.5117799639701843,-0.03022955358028412,0.25020408630371094,0.42643800377845764,-0.04757554829120636,0.2434414029121399,0.3699837327003479,-0.06147203966975212,0.23431496322155,0.32270562648773193,-0.07041266560554504,0.27266383171081543,0.5405764579772949,-0.042099516838788986,0.2781572639942169,0.47546663880348206,-0.05912584438920021,0.2734632194042206,0.42835837602615356,-0.06884975731372833,0.2646368145942688,0.38614776730537415,-0.07492367923259735,0.0,0.0,0.0,0.0,0.0,0.0,0.0,0.0,0.0,0.0,0.0,0.0,0.0,0.0,0.0,0.0,0.0,0.0,0.0,0.0,0.0,0.0,0.0,0.0,0.0,0.0,0.0,0.0,0.0,0.0,0.0,0.0,0.0,0.0,0.0,0.0,0.0,0.0,0.0,0.0,0.0,0.0,0.0,0.0,0.0,0.0,0.0,0.0,0.0,0.0,0.0,0.0,0.0,0.0,0.0,0.0,0.0,0.0,0.0,0.0,0.0,0.0,0.0,THEY
0.27352631092071533,0.6936545968055725,1.431034206689219e-07,0.21445202827453613,0.6751395463943481,-0.011192642152309418,0.17268410325050354,0.6132699251174927,-0.01915992796421051,0.15146128833293915,0.5654877424240112,-0.02807455137372017,0.13137370347976685,0.5349989533424377,-0.03805534541606903,0.1815045177936554,0.5144363045692444,-0.017725782468914986,0.15781685709953308,0.43890517950057983,-0.037241462618112564,0.13940474390983582,0.39358556270599365,-0.052188485860824585,0.12209952622652054,0.3550722599029541,-0.06290008872747421,0.2077355682849884,0.5066118836402893,-0.026671690866351128,0.18685272336006165,0.41710296273231506,-0.04525802657008171,0.16995462775230408,0.35989606380462646,-0.05966884642839432,0.1553230881690979,0.3111652731895447,-0.06960970163345337,0.23626109957695007,0.5177815556526184,-0.03779840096831322,0.22115997970104218,0.4300709068775177,-0.05669080838561058,0.2069360315799713,0.37598419189453125,-0.07060979306697845,0.19307959079742432,0.33105605840682983,-0.07975253462791443,0.2662079334259033,0.542792558670044,-0.04984474927186966,0.26581788063049316,0.4763130843639374,-0.06747251749038696,0.25902292132377625,0.4300583302974701,-0.0775318592786789,0.24966050684452057,0.3884449601173401,-0.08420778810977936,0.0,0.0,0.0,0.0,0.0,0.0,0.0,0.0,0.0,0.0,0.0,0.0,0.0,0.0,0.0,0.0,0.0,0.0,0.0,0.0,0.0,0.0,0.0,0.0,0.0,0.0,0.0,0.0,0.0,0.0,0.0,0.0,0.0,0.0,0.0,0.0,0.0,0.0,0.0,0.0,0.0,0.0,0.0,0.0,0.0,0.0,0.0,0.0,0.0,0.0,0.0,0.0,0.0,0.0,0.0,0.0,0.0,0.0,0.0,0.0,0.0,0.0,0.0,THEY
0.24442501366138458,0.6839940547943115,1.0101523884031849e-07,0.18828915059566498,0.6632217168807983,-0.007167828734964132,0.15050169825553894,0.6001610159873962,-0.010632624849677086,0.13185223937034607,0.5536075830459595,-0.015548920258879662,0.11194953322410583,0.5288181900978088,-0.021553819999098778,0.15710583329200745,0.5041190981864929,-0.007684122771024704,0.13218754529953003,0.4336080253124237,-0.02244546078145504,0.1142379567027092,0.3914129137992859,-0.03488459438085556,0.0975726842880249,0.35501810908317566,-0.044301632791757584,0.18353095650672913,0.49450767040252686,-0.017038123682141304,0.16517409682273865,0.40727636218070984,-0.030366502702236176,0.1499105989933014,0.3499019742012024,-0.04268040880560875,0.13508304953575134,0.30173903703689575,-0.05155380442738533,0.2107878029346466,0.5047090649604797,-0.028533710166811943,0.19897930324077606,0.4192957282066345,-0.0436565987765789,0.18574564158916473,0.36465463042259216,-0.05817314609885216,0.17118403315544128,0.3191910982131958,-0.06824317574501038,0.2384600043296814,0.5298227667808533,-0.04066817834973335,0.23797881603240967,0.46902304887771606,-0.05693688243627548,0.22883561253547668,0.42747098207473755,-0.06738077104091644,0.21556243300437927,0.3917508125305176,-0.07453068345785141,0.0,0.0,0.0,0.0,0.0,0.0,0.0,0.0,0.0,0.0,0.0,0.0,0.0,0.0,0.0,0.0,0.0,0.0,0.0,0.0,0.0,0.0,0.0,0.0,0.0,0.0,0.0,0.0,0.0,0.0,0.0,0.0,0.0,0.0,0.0,0.0,0.0,0.0,0.0,0.0,0.0,0.0,0.0,0.0,0.0,0.0,0.0,0.0,0.0,0.0,0.0,0.0,0.0,0.0,0.0,0.0,0.0,0.0,0.0,0.0,0.0,0.0,0.0,THEY
0.26094961166381836,0.6939932703971863,6.446329336995404e-08,0.20407861471176147,0.6776347756385803,-0.010134411044418812,0.16335366666316986,0.6198508143424988,-0.015929529443383217,0.1402864009141922,0.5767675638198853,-0.023121502250432968,0.11841993778944016,0.5519533157348633,-0.03129839152097702,0.16179531812667847,0.5233570337295532,-0.010145439766347408,0.13085904717445374,0.45587101578712463,-0.02716892771422863,0.11068550497293472,0.4151451289653778,-0.0410272479057312,0.09411695599555969,0.3814965486526489,-0.05126048997044563,0.18643850088119507,0.5103226900100708,-0.018757827579975128,0.1609506607055664,0.42560404539108276,-0.034478992223739624,0.14183008670806885,0.3691706955432892,-0.04790373891592026,0.12538981437683105,0.3235979974269867,-0.0576074942946434,0.21356059610843658,0.5164706707000732,-0.030015690252184868,0.1965562105178833,0.43126508593559265,-0.047173116356134415,0.1803843080997467,0.3760662078857422,-0.06234448403120041,0.16433660686016083,0.33111611008644104,-0.07276462018489838,0.24313890933990479,0.5365078449249268,-0.04220278188586235,0.23991699516773224,0.4739654064178467,-0.059288281947374344,0.22969339787960052,0.43146395683288574,-0.0702647864818573,0.2156791090965271,0.3946898579597473,-0.07799993455410004,0.0,0.0,0.0,0.0,0.0,0.0,0.0,0.0,0.0,0.0,0.0,0.0,0.0,0.0,0.0,0.0,0.0,0.0,0.0,0.0,0.0,0.0,0.0,0.0,0.0,0.0,0.0,0.0,0.0,0.0,0.0,0.0,0.0,0.0,0.0,0.0,0.0,0.0,0.0,0.0,0.0,0.0,0.0,0.0,0.0,0.0,0.0,0.0,0.0,0.0,0.0,0.0,0.0,0.0,0.0,0.0,0.0,0.0,0.0,0.0,0.0,0.0,0.0,THEY
0.21202845871448517,0.6859411001205444,1.2540533589344705e-07,0.16006873548030853,0.6629887223243713,-0.0086694760248065,0.12983499467372894,0.6002083420753479,-0.014663860201835632,0.11756279319524765,0.553423285484314,-0.021777387708425522,0.0991165041923523,0.5218691229820251,-0.03000093251466751,0.13408663868904114,0.5141781568527222,-0.01587940752506256,0.11405529081821442,0.4424925148487091,-0.03474655747413635,0.09872365742921829,0.3983301818370819,-0.04888289421796799,0.08466936647891998,0.36266040802001953,-0.05866023153066635,0.15807414054870605,0.5097017884254456,-0.025219948962330818,0.14253291487693787,0.4239833950996399,-0.04351377114653587,0.12909278273582458,0.3654400706291199,-0.05782975256443024,0.11700132489204407,0.3187776207923889,-0.06764008104801178,0.1833597719669342,0.5220306515693665,-0.036527927964925766,0.17454908788204193,0.43775829672813416,-0.055136799812316895,0.16327336430549622,0.38318055868148804,-0.07034932076931,0.15175487101078033,0.3392135798931122,-0.08055539429187775,0.20896562933921814,0.5473572015762329,-0.0483955442905426,0.2133874148130417,0.4861944913864136,-0.06739936023950577,0.2081325650215149,0.4421444535255432,-0.07935134321451187,0.19926580786705017,0.4040195345878601,-0.08735242486000061,0.0,0.0,0.0,0.0,0.0,0.0,0.0,0.0,0.0,0.0,0.0,0.0,0.0,0.0,0.0,0.0,0.0,0.0,0.0,0.0,0.0,0.0,0.0,0.0,0.0,0.0,0.0,0.0,0.0,0.0,0.0,0.0,0.0,0.0,0.0,0.0,0.0,0.0,0.0,0.0,0.0,0.0,0.0,0.0,0.0,0.0,0.0,0.0,0.0,0.0,0.0,0.0,0.0,0.0,0.0,0.0,0.0,0.0,0.0,0.0,0.0,0.0,0.0,THEY
0.33629924058914185,0.7010205388069153,1.471724146995257e-07,0.27914389967918396,0.6690315008163452,-0.009624009020626545,0.24477458000183105,0.5979882478713989,-0.01603047363460064,0.22976770997047424,0.5448611974716187,-0.023091794922947884,0.21218818426132202,0.5039783120155334,-0.031034156680107117,0.2592356204986572,0.5160006880760193,-0.018869968131184578,0.23946058750152588,0.438416063785553,-0.03724763169884682,0.22612768411636353,0.39022862911224365,-0.05058111622929573,0.21390458941459656,0.34822753071784973,-0.06086660176515579,0.28676551580429077,0.5133371353149414,-0.028957238420844078,0.27548444271087646,0.4230348467826843,-0.04715464264154434,0.2666648030281067,0.36327776312828064,-0.061297401785850525,0.258003830909729,0.31307151913642883,-0.071555957198143,0.31371667981147766,0.5313230752944946,-0.04087628424167633,0.31022682785987854,0.44668257236480713,-0.06055344641208649,0.30384448170661926,0.3908853828907013,-0.07602722197771072,0.29460251331329346,0.34143903851509094,-0.08725201338529587,0.3403448164463043,0.5648372173309326,-0.05323103070259094,0.351479172706604,0.5104313492774963,-0.0727062001824379,0.3518647849559784,0.47002238035202026,-0.08429756760597229,0.3473204970359802,0.4315316677093506,-0.09276696294546127,0.0,0.0,0.0,0.0,0.0,0.0,0.0,0.0,0.0,0.0,0.0,0.0,0.0,0.0,0.0,0.0,0.0,0.0,0.0,0.0,0.0,0.0,0.0,0.0,0.0,0.0,0.0,0.0,0.0,0.0,0.0,0.0,0.0,0.0,0.0,0.0,0.0,0.0,0.0,0.0,0.0,0.0,0.0,0.0,0.0,0.0,0.0,0.0,0.0,0.0,0.0,0.0,0.0,0.0,0.0,0.0,0.0,0.0,0.0,0.0,0.0,0.0,0.0,THEY
0.3173955976963043,0.7433063387870789,1.3003983667658758e-07,0.27411970496177673,0.7073006629943848,-0.005696703679859638,0.25348329544067383,0.6466484069824219,-0.011420189402997494,0.24491021037101746,0.6027228236198425,-0.018238641321659088,0.2370913028717041,0.567937433719635,-0.025685317814350128,0.2661404013633728,0.5776501893997192,-0.015170585364103317,0.25753068923950195,0.5110088586807251,-0.0324287936091423,0.24689865112304688,0.4699747860431671,-0.04504973068833351,0.23497086763381958,0.43507248163223267,-0.05391358211636543,0.2838769853115082,0.5804536938667297,-0.0244375541806221,0.2792865037918091,0.5039204955101013,-0.041028499603271484,0.27178823947906494,0.4524681568145752,-0.053679127246141434,0.26307421922683716,0.4093365967273712,-0.062275297939777374,0.3018624484539032,0.599330484867096,-0.0348140187561512,0.3028017580509186,0.526949405670166,-0.0515378974378109,0.2984072268009186,0.47899535298347473,-0.06416571140289307,0.29000991582870483,0.4370630383491516,-0.07286399602890015,0.31846097111701965,0.631270706653595,-0.04539645463228226,0.32987290620803833,0.5862087607383728,-0.061750929802656174,0.3289361596107483,0.5514061450958252,-0.07084375619888306,0.322939932346344,0.5185196995735168,-0.07689603418111801,0.0,0.0,0.0,0.0,0.0,0.0,0.0,0.0,0.0,0.0,0.0,0.0,0.0,0.0,0.0,0.0,0.0,0.0,0.0,0.0,0.0,0.0,0.0,0.0,0.0,0.0,0.0,0.0,0.0,0.0,0.0,0.0,0.0,0.0,0.0,0.0,0.0,0.0,0.0,0.0,0.0,0.0,0.0,0.0,0.0,0.0,0.0,0.0,0.0,0.0,0.0,0.0,0.0,0.0,0.0,0.0,0.0,0.0,0.0,0.0,0.0,0.0,0.0,THEY
0.25395551323890686,0.7015324831008911,1.0609096534608398e-07,0.21234045922756195,0.6883476972579956,-0.006776338908821344,0.1828894019126892,0.6406441926956177,-0.011210797354578972,0.1690826714038849,0.6039643883705139,-0.016442539170384407,0.15135584771633148,0.5807493329048157,-0.022313037887215614,0.18176625669002533,0.5720117688179016,-0.01114602293819189,0.1586739420890808,0.5176321268081665,-0.0253449697047472,0.14185091853141785,0.48315802216529846,-0.036192186176776886,0.1274530440568924,0.456267386674881,-0.043563362210989,0.2001468390226364,0.5668953061103821,-0.01805104874074459,0.18152427673339844,0.5016504526138306,-0.03087509423494339,0.16555482149124146,0.45600980520248413,-0.04122442379593849,0.15210694074630737,0.4198642373085022,-0.048166967928409576,0.22081358730793,0.5745473504066467,-0.026501400396227837,0.20793718099594116,0.5094768404960632,-0.039691779762506485,0.19461417198181152,0.4665069580078125,-0.05071461945772171,0.18204180896282196,0.43175554275512695,-0.05810030177235603,0.24298717081546783,0.5935174226760864,-0.03549528121948242,0.24508677423000336,0.5463569164276123,-0.04851493611931801,0.23868027329444885,0.514997661113739,-0.05608134716749191,0.22936704754829407,0.48828577995300293,-0.06104090437293053,0.0,0.0,0.0,0.0,0.0,0.0,0.0,0.0,0.0,0.0,0.0,0.0,0.0,0.0,0.0,0.0,0.0,0.0,0.0,0.0,0.0,0.0,0.0,0.0,0.0,0.0,0.0,0.0,0.0,0.0,0.0,0.0,0.0,0.0,0.0,0.0,0.0,0.0,0.0,0.0,0.0,0.0,0.0,0.0,0.0,0.0,0.0,0.0,0.0,0.0,0.0,0.0,0.0,0.0,0.0,0.0,0.0,0.0,0.0,0.0,0.0,0.0,0.0,THEY
0.2586113214492798,0.7087334990501404,1.6059212271102297e-07,0.2189345508813858,0.7029541730880737,-0.007546196226030588,0.19029664993286133,0.658507764339447,-0.012687833979725838,0.17599625885486603,0.6233280301094055,-0.01842378079891205,0.1569831371307373,0.6019100546836853,-0.024994835257530212,0.18830329179763794,0.5943564772605896,-0.012739859521389008,0.16542640328407288,0.5439506769180298,-0.027227522805333138,0.1479244828224182,0.5118621587753296,-0.03828803077340126,0.13237029314041138,0.48664069175720215,-0.045825619250535965,0.20505398511886597,0.5882766842842102,-0.019388001412153244,0.18380114436149597,0.5279839038848877,-0.033172979950904846,0.16622717678546906,0.4861142039299011,-0.044334109872579575,0.15122288465499878,0.45254963636398315,-0.05158982053399086,0.22438809275627136,0.5943257212638855,-0.027446582913398743,0.20884394645690918,0.5340824723243713,-0.04121703654527664,0.19424864649772644,0.49522098898887634,-0.052623454481363297,0.1803159862756729,0.46351438760757446,-0.05996999144554138,0.24589914083480835,0.6109504699707031,-0.036036211997270584,0.24290046095848083,0.5645838975906372,-0.04946563020348549,0.23304441571235657,0.5355779528617859,-0.05723072588443756,0.22099493443965912,0.5117143988609314,-0.06205768138170242,0.0,0.0,0.0,0.0,0.0,0.0,0.0,0.0,0.0,0.0,0.0,0.0,0.0,0.0,0.0,0.0,0.0,0.0,0.0,0.0,0.0,0.0,0.0,0.0,0.0,0.0,0.0,0.0,0.0,0.0,0.0,0.0,0.0,0.0,0.0,0.0,0.0,0.0,0.0,0.0,0.0,0.0,0.0,0.0,0.0,0.0,0.0,0.0,0.0,0.0,0.0,0.0,0.0,0.0,0.0,0.0,0.0,0.0,0.0,0.0,0.0,0.0,0.0,THEY
0.2740241587162018,0.6501951217651367,7.061325302260002e-09,0.23285405337810516,0.632381796836853,-0.0037960540503263474,0.20949086546897888,0.5838601589202881,-0.007289346773177385,0.19752627611160278,0.5476776957511902,-0.012417488731443882,0.1812000572681427,0.5233279466629028,-0.01829555071890354,0.21268779039382935,0.5102135539054871,-0.0058077541179955006,0.19635751843452454,0.4536706209182739,-0.019584214314818382,0.1811763048171997,0.4211885929107666,-0.031289730221033096,0.1661342978477478,0.39513498544692993,-0.03921152278780937,0.22767379879951477,0.5052603483200073,-0.013654663227498531,0.2129780501127243,0.43940120935440063,-0.025077324360609055,0.19812919199466705,0.3948995769023895,-0.035596419125795364,0.18444062769412994,0.3584272265434265,-0.04316034913063049,0.2448556274175644,0.5134717226028442,-0.022960282862186432,0.23527543246746063,0.4477424919605255,-0.03421628847718239,0.22353169322013855,0.4053160846233368,-0.04429331049323082,0.21070365607738495,0.37108051776885986,-0.051321882754564285,0.2632341682910919,0.5326155424118042,-0.032808106392621994,0.26349735260009766,0.4835122227668762,-0.04328913614153862,0.25661414861679077,0.4501805603504181,-0.04946714639663696,0.2464887797832489,0.4217410087585449,-0.05373849347233772,0.0,0.0,0.0,0.0,0.0,0.0,0.0,0.0,0.0,0.0,0.0,0.0,0.0,0.0,0.0,0.0,0.0,0.0,0.0,0.0,0.0,0.0,0.0,0.0,0.0,0.0,0.0,0.0,0.0,0.0,0.0,0.0,0.0,0.0,0.0,0.0,0.0,0.0,0.0,0.0,0.0,0.0,0.0,0.0,0.0,0.0,0.0,0.0,0.0,0.0,0.0,0.0,0.0,0.0,0.0,0.0,0.0,0.0,0.0,0.0,0.0,0.0,0.0,THEY
0.28385624289512634,0.6311476230621338,-6.295503141018344e-08,0.24281123280525208,0.6093126535415649,-0.0028970162384212017,0.22144195437431335,0.5591917634010315,-0.0034809797070920467,0.21277199685573578,0.522208034992218,-0.0062268818728625774,0.20081207156181335,0.49786287546157837,-0.009471317753195763,0.22579070925712585,0.4847889244556427,0.0032908350694924593,0.20951710641384125,0.43113383650779724,-0.006881432607769966,0.19627052545547485,0.3986859917640686,-0.016884159296751022,0.1846523880958557,0.37282079458236694,-0.024164652451872826,0.24206718802452087,0.4759581983089447,-0.004130591172724962,0.22769032418727875,0.4107021689414978,-0.013125083409249783,0.21508169174194336,0.3675852417945862,-0.022227969020605087,0.20426443219184875,0.3331255614757538,-0.029064055532217026,0.25933849811553955,0.4806724488735199,-0.013598967343568802,0.25077101588249207,0.4163525104522705,-0.023430004715919495,0.2410508543252945,0.37539464235305786,-0.03301851451396942,0.23083025217056274,0.3436974585056305,-0.039672791957855225,0.27844810485839844,0.4958447813987732,-0.02381940558552742,0.2785225510597229,0.4448281526565552,-0.033084072172641754,0.2724168002605438,0.4108198881149292,-0.03922025486826897,0.26328298449516296,0.3822958171367645,-0.043760839849710464,0.0,0.0,0.0,0.0,0.0,0.0,0.0,0.0,0.0,0.0,0.0,0.0,0.0,0.0,0.0,0.0,0.0,0.0,0.0,0.0,0.0,0.0,0.0,0.0,0.0,0.0,0.0,0.0,0.0,0.0,0.0,0.0,0.0,0.0,0.0,0.0,0.0,0.0,0.0,0.0,0.0,0.0,0.0,0.0,0.0,0.0,0.0,0.0,0.0,0.0,0.0,0.0,0.0,0.0,0.0,0.0,0.0,0.0,0.0,0.0,0.0,0.0,0.0,THEY
0.28612327575683594,0.6241929531097412,1.3614403826522903e-07,0.2425532341003418,0.616645872592926,-0.005829041823744774,0.2087976485490799,0.5780994296073914,-0.011028879322111607,0.1859610229730606,0.5519912242889404,-0.017642639577388763,0.16485220193862915,0.5363543629646301,-0.024622414261102676,0.22315892577171326,0.49272045493125916,-0.005084316711872816,0.20541849732398987,0.43858474493026733,-0.017310352995991707,0.18952998518943787,0.4072263836860657,-0.027976663783192635,0.17394059896469116,0.38360774517059326,-0.03511757403612137,0.23726476728916168,0.48452261090278625,-0.012083691544830799,0.22118812799453735,0.41876792907714844,-0.022079622372984886,0.204379141330719,0.37509870529174805,-0.03136308118700981,0.18920284509658813,0.3396003842353821,-0.03784095495939255,0.2536177337169647,0.48891034722328186,-0.020906580612063408,0.24112682044506073,0.4240656793117523,-0.03089679405093193,0.22643451392650604,0.3822464942932129,-0.040271393954753876,0.21220269799232483,0.34874236583709717,-0.04666159301996231,0.27104970812797546,0.5047003030776978,-0.030622653663158417,0.2700389325618744,0.45253831148147583,-0.04002762213349342,0.2630099058151245,0.4180280566215515,-0.04590172320604324,0.2528972029685974,0.3879006803035736,-0.04990773648023605,0.0,0.0,0.0,0.0,0.0,0.0,0.0,0.0,0.0,0.0,0.0,0.0,0.0,0.0,0.0,0.0,0.0,0.0,0.0,0.0,0.0,0.0,0.0,0.0,0.0,0.0,0.0,0.0,0.0,0.0,0.0,0.0,0.0,0.0,0.0,0.0,0.0,0.0,0.0,0.0,0.0,0.0,0.0,0.0,0.0,0.0,0.0,0.0,0.0,0.0,0.0,0.0,0.0,0.0,0.0,0.0,0.0,0.0,0.0,0.0,0.0,0.0,0.0,THEY
0.28030604124069214,0.6473536491394043,6.328771462449367e-08,0.23630161583423615,0.6364458799362183,-0.009217278100550175,0.19966638088226318,0.593187153339386,-0.015023080632090569,0.1771547496318817,0.5599664449691772,-0.02153942547738552,0.15527188777923584,0.5396574139595032,-0.028684718534350395,0.20916716754436493,0.510127067565918,-0.010383951477706432,0.18641743063926697,0.4557263255119324,-0.024375587701797485,0.17061489820480347,0.4231188893318176,-0.03631739318370819,0.15540045499801636,0.3960968554019928,-0.04507649317383766,0.23023618757724762,0.5001627802848816,-0.01653425581753254,0.21226766705513,0.4345155656337738,-0.02915479987859726,0.1982259750366211,0.391992449760437,-0.04039809852838516,0.18489596247673035,0.3560255765914917,-0.048598114401102066,0.2536599040031433,0.5050702095031738,-0.02463562972843647,0.24169400334358215,0.44001343846321106,-0.03798454627394676,0.2297288179397583,0.39921629428863525,-0.048946402966976166,0.2166713923215866,0.36501312255859375,-0.0564967580139637,0.2785705029964447,0.5216537117958069,-0.03359818458557129,0.28135180473327637,0.47131603956222534,-0.04568611457943916,0.2776496410369873,0.4377777874469757,-0.052828025072813034,0.26999199390411377,0.4077405333518982,-0.057891540229320526,0.0,0.0,0.0,0.0,0.0,0.0,0.0,0.0,0.0,0.0,0.0,0.0,0.0,0.0,0.0,0.0,0.0,0.0,0.0,0.0,0.0,0.0,0.0,0.0,0.0,0.0,0.0,0.0,0.0,0.0,0.0,0.0,0.0,0.0,0.0,0.0,0.0,0.0,0.0,0.0,0.0,0.0,0.0,0.0,0.0,0.0,0.0,0.0,0.0,0.0,0.0,0.0,0.0,0.0,0.0,0.0,0.0,0.0,0.0,0.0,0.0,0.0,0.0,THEY
0.2757549285888672,0.6416809558868408,3.555449268333177e-08,0.23429188132286072,0.6183246374130249,-0.003308181883767247,0.21171948313713074,0.5661530494689941,-0.004579771775752306,0.19995151460170746,0.5315153002738953,-0.007745142560452223,0.18842236697673798,0.5131445527076721,-0.011346078477799892,0.23327210545539856,0.4891352951526642,0.00332785677164793,0.2246667444705963,0.4365989565849304,-0.00484969187527895,0.2153385877609253,0.4041878581047058,-0.013665779493749142,0.2056627869606018,0.376964271068573,-0.02048485167324543,0.2509084641933441,0.4828696846961975,-0.0036572034005075693,0.24652448296546936,0.4185585677623749,-0.010504231788218021,0.23896467685699463,0.3742696940898895,-0.018352968618273735,0.23141935467720032,0.33852189779281616,-0.024489114060997963,0.2677057683467865,0.49046266078948975,-0.012614443898200989,0.2671031951904297,0.4266011714935303,-0.020320329815149307,0.26093173027038574,0.38490334153175354,-0.028702901676297188,0.25339600443840027,0.352333664894104,-0.03489282354712486,0.28411176800727844,0.5079782605171204,-0.02239815890789032,0.2923238277435303,0.45995253324508667,-0.029611289501190186,0.2917388677597046,0.4240846037864685,-0.03489094600081444,0.2874419093132019,0.39215555787086487,-0.03906255587935448,0.0,0.0,0.0,0.0,0.0,0.0,0.0,0.0,0.0,0.0,0.0,0.0,0.0,0.0,0.0,0.0,0.0,0.0,0.0,0.0,0.0,0.0,0.0,0.0,0.0,0.0,0.0,0.0,0.0,0.0,0.0,0.0,0.0,0.0,0.0,0.0,0.0,0.0,0.0,0.0,0.0,0.0,0.0,0.0,0.0,0.0,0.0,0.0,0.0,0.0,0.0,0.0,0.0,0.0,0.0,0.0,0.0,0.0,0.0,0.0,0.0,0.0,0.0,THEY
0.277670681476593,0.6632895469665527,7.470999463521366e-08,0.2322554588317871,0.6496102213859558,-0.007715234998613596,0.19727715849876404,0.6012346744537354,-0.010771325789391994,0.17649692296981812,0.5644148588180542,-0.014506547711789608,0.15746043622493744,0.5458564758300781,-0.018613940104842186,0.2117648869752884,0.5175544619560242,-0.00457307742908597,0.1935812532901764,0.4615839421749115,-0.015228251926600933,0.18027842044830322,0.4267340898513794,-0.02504265308380127,0.16801810264587402,0.39797091484069824,-0.03256210312247276,0.23317869007587433,0.5071300268173218,-0.010315141640603542,0.21990321576595306,0.43920058012008667,-0.02018381655216217,0.20863881707191467,0.3938499689102173,-0.02946549467742443,0.19785389304161072,0.357333242893219,-0.03614986687898636,0.2559344470500946,0.5115083456039429,-0.018138669431209564,0.24753382802009583,0.44568395614624023,-0.028875870630145073,0.23759101331233978,0.402023047208786,-0.039333637803792953,0.22689135372638702,0.36679282784461975,-0.04657214879989624,0.2793917655944824,0.5270620584487915,-0.026868905872106552,0.2830180823802948,0.4764081835746765,-0.037320513278245926,0.28029170632362366,0.44058704376220703,-0.04455025494098663,0.2744295299053192,0.4089324176311493,-0.04970267415046692,0.0,0.0,0.0,0.0,0.0,0.0,0.0,0.0,0.0,0.0,0.0,0.0,0.0,0.0,0.0,0.0,0.0,0.0,0.0,0.0,0.0,0.0,0.0,0.0,0.0,0.0,0.0,0.0,0.0,0.0,0.0,0.0,0.0,0.0,0.0,0.0,0.0,0.0,0.0,0.0,0.0,0.0,0.0,0.0,0.0,0.0,0.0,0.0,0.0,0.0,0.0,0.0,0.0,0.0,0.0,0.0,0.0,0.0,0.0,0.0,0.0,0.0,0.0,THEY
0.28234636783599854,0.7054476737976074,1.3313737667886016e-07,0.23383192718029022,0.6943162083625793,-0.00674705533310771,0.1977318823337555,0.6450384855270386,-0.010259059257805347,0.17819780111312866,0.6075007915496826,-0.014373798854649067,0.15705816447734833,0.5851417779922485,-0.01912655308842659,0.20702260732650757,0.5634756684303284,-0.00951012410223484,0.18609513342380524,0.5052310824394226,-0.022600259631872177,0.1705324649810791,0.4685671329498291,-0.033079035580158234,0.15659554302692413,0.438346266746521,-0.04082246124744415,0.22868824005126953,0.5547077655792236,-0.01679307036101818,0.21042533218860626,0.48357585072517395,-0.02918415330350399,0.19696225225925446,0.4372572898864746,-0.03977527841925621,0.18489301204681396,0.3983722925186157,-0.047192446887493134,0.2528139352798462,0.5611941814422607,-0.02567647024989128,0.24016164243221283,0.49254506826400757,-0.03922654315829277,0.22833801805973053,0.4484931528568268,-0.05038800463080406,0.2160463184118271,0.41147199273109436,-0.05806972458958626,0.278018057346344,0.5795676708221436,-0.0350605733692646,0.280346542596817,0.5285334587097168,-0.048478975892066956,0.27630940079689026,0.49312061071395874,-0.056456632912158966,0.2692660391330719,0.4611425995826721,-0.06190808117389679,0.0,0.0,0.0,0.0,0.0,0.0,0.0,0.0,0.0,0.0,0.0,0.0,0.0,0.0,0.0,0.0,0.0,0.0,0.0,0.0,0.0,0.0,0.0,0.0,0.0,0.0,0.0,0.0,0.0,0.0,0.0,0.0,0.0,0.0,0.0,0.0,0.0,0.0,0.0,0.0,0.0,0.0,0.0,0.0,0.0,0.0,0.0,0.0,0.0,0.0,0.0,0.0,0.0,0.0,0.0,0.0,0.0,0.0,0.0,0.0,0.0,0.0,0.0,THEY
0.2703286409378052,0.7798672914505005,8.841001886139566e-08,0.22656603157520294,0.7659716010093689,-0.00853611808270216,0.19433201849460602,0.7148995995521545,-0.014631475321948528,0.17699435353279114,0.6763358116149902,-0.02153695374727249,0.1557290405035019,0.6517218351364136,-0.029061272740364075,0.20465154945850372,0.6404155492782593,-0.012771614827215672,0.18456868827342987,0.5811712145805359,-0.02818765491247177,0.1692645251750946,0.546074390411377,-0.04034508392214775,0.1541125625371933,0.5179226398468018,-0.04898891597986221,0.22540949285030365,0.635092556476593,-0.019812840968370438,0.2087496817111969,0.5667474269866943,-0.034107912331819534,0.19514897465705872,0.5202727317810059,-0.046275217086076736,0.18204039335250854,0.4824567437171936,-0.05481604486703873,0.24811780452728271,0.6442542672157288,-0.028578177094459534,0.2371157705783844,0.5758821368217468,-0.04372410848736763,0.22435598075389862,0.5325797200202942,-0.05613374337553978,0.2107328623533249,0.49704670906066895,-0.06444501131772995,0.27147841453552246,0.6656683683395386,-0.03790935501456261,0.2759575843811035,0.6160282492637634,-0.05246061086654663,0.27164384722709656,0.5819281935691833,-0.06119215115904808,0.26328322291374207,0.5517150163650513,-0.06704175472259521,0.0,0.0,0.0,0.0,0.0,0.0,0.0,0.0,0.0,0.0,0.0,0.0,0.0,0.0,0.0,0.0,0.0,0.0,0.0,0.0,0.0,0.0,0.0,0.0,0.0,0.0,0.0,0.0,0.0,0.0,0.0,0.0,0.0,0.0,0.0,0.0,0.0,0.0,0.0,0.0,0.0,0.0,0.0,0.0,0.0,0.0,0.0,0.0,0.0,0.0,0.0,0.0,0.0,0.0,0.0,0.0,0.0,0.0,0.0,0.0,0.0,0.0,0.0,THEY
0.28986263275146484,0.7119984030723572,1.0365532432388136e-07,0.24219952523708344,0.6974268555641174,-0.008384776301681995,0.20683428645133972,0.6463102698326111,-0.01306238304823637,0.1874736249446869,0.6066985130310059,-0.018472295254468918,0.16622024774551392,0.5820686221122742,-0.0244912076741457,0.21755091845989227,0.5650107860565186,-0.009078610688447952,0.19668863713741302,0.5071151256561279,-0.022323843091726303,0.18226231634616852,0.4717106521129608,-0.03341229259967804,0.1694115698337555,0.44150876998901367,-0.04181571304798126,0.23972590267658234,0.5562873482704163,-0.015848934650421143,0.22315974533557892,0.48591718077659607,-0.028288839384913445,0.21063770353794098,0.4407888650894165,-0.03919448330998421,0.19982634484767914,0.40236926078796387,-0.0470503605902195,0.26362910866737366,0.5637410879135132,-0.02452847547829151,0.2528279721736908,0.4956863522529602,-0.03800284117460251,0.24194614589214325,0.45209819078445435,-0.04899893328547478,0.23077863454818726,0.4153784215450287,-0.056640200316905975,0.28841283917427063,0.5834222435951233,-0.03398100659251213,0.2915976643562317,0.5330277681350708,-0.04668068140745163,0.28822073340415955,0.49814316630363464,-0.05417860299348831,0.28158336877822876,0.4665706753730774,-0.059457555413246155,0.0,0.0,0.0,0.0,0.0,0.0,0.0,0.0,0.0,0.0,0.0,0.0,0.0,0.0,0.0,0.0,0.0,0.0,0.0,0.0,0.0,0.0,0.0,0.0,0.0,0.0,0.0,0.0,0.0,0.0,0.0,0.0,0.0,0.0,0.0,0.0,0.0,0.0,0.0,0.0,0.0,0.0,0.0,0.0,0.0,0.0,0.0,0.0,0.0,0.0,0.0,0.0,0.0,0.0,0.0,0.0,0.0,0.0,0.0,0.0,0.0,0.0,0.0,THEY
0.30453187227249146,0.6381359100341797,6.208908587268525e-08,0.257244735956192,0.6220808029174805,-0.008165990002453327,0.2219567447900772,0.5715138912200928,-0.011560125276446342,0.20231828093528748,0.5323275327682495,-0.015604337677359581,0.1840304434299469,0.506824254989624,-0.019970504567027092,0.2360602617263794,0.48657485842704773,-0.0051047783344984055,0.2168298214673996,0.42888569831848145,-0.016465818509459496,0.2033233642578125,0.3934359550476074,-0.027051756158471107,0.19095702469348907,0.3633885085582733,-0.03515268862247467,0.2585526704788208,0.47658392786979675,-0.010874668136239052,0.2447975128889084,0.40804654359817505,-0.02086065337061882,0.233133465051651,0.3628876209259033,-0.03085911273956299,0.22196024656295776,0.3258226215839386,-0.03825875371694565,0.2821963429450989,0.4820497930049896,-0.018758097663521767,0.27358925342559814,0.4165671467781067,-0.029602788388729095,0.2634223699569702,0.3731039762496948,-0.040057744830846786,0.2522619664669037,0.33747321367263794,-0.04750097170472145,0.30644044280052185,0.4989529550075531,-0.02759591117501259,0.3104182481765747,0.44881105422973633,-0.037942126393318176,0.3079957365989685,0.4139823913574219,-0.0447067953646183,0.3022569715976715,0.38283997774124146,-0.0495731495320797,0.0,0.0,0.0,0.0,0.0,0.0,0.0,0.0,0.0,0.0,0.0,0.0,0.0,0.0,0.0,0.0,0.0,0.0,0.0,0.0,0.0,0.0,0.0,0.0,0.0,0.0,0.0,0.0,0.0,0.0,0.0,0.0,0.0,0.0,0.0,0.0,0.0,0.0,0.0,0.0,0.0,0.0,0.0,0.0,0.0,0.0,0.0,0.0,0.0,0.0,0.0,0.0,0.0,0.0,0.0,0.0,0.0,0.0,0.0,0.0,0.0,0.0,0.0,THEY
0.2617430090904236,0.6945124268531799,6.492936677204852e-08,0.21861374378204346,0.6787694692611694,-0.00541691156104207,0.1915658861398697,0.6278340816497803,-0.008208688348531723,0.17747703194618225,0.5912874341011047,-0.012379374355077744,0.1601121723651886,0.5688499212265015,-0.017126943916082382,0.2003893107175827,0.5527918338775635,-0.004122412763535976,0.1845439076423645,0.4964980483055115,-0.015803977847099304,0.17039859294891357,0.4622609317302704,-0.025889180600643158,0.1567571461200714,0.4340793788433075,-0.03312620893120766,0.21756094694137573,0.5463764071464539,-0.010881640948355198,0.2047957330942154,0.4799146354198456,-0.02097928710281849,0.1919187605381012,0.4342397153377533,-0.030285639688372612,0.1798553764820099,0.39719194173812866,-0.03699960187077522,0.2360052764415741,0.5537055134773254,-0.019460506737232208,0.22745636105537415,0.4878711700439453,-0.02989041805267334,0.21631628274917603,0.4455617070198059,-0.03951067849993706,0.20431552827358246,0.41218301653862,-0.04620871692895889,0.25531554222106934,0.5714213848114014,-0.028820635750889778,0.2558731436729431,0.5219070315361023,-0.038854628801345825,0.24981901049613953,0.48740053176879883,-0.04542510583996773,0.2407681792974472,0.4575451612472534,-0.05011589452624321,0.0,0.0,0.0,0.0,0.0,0.0,0.0,0.0,0.0,0.0,0.0,0.0,0.0,0.0,0.0,0.0,0.0,0.0,0.0,0.0,0.0,0.0,0.0,0.0,0.0,0.0,0.0,0.0,0.0,0.0,0.0,0.0,0.0,0.0,0.0,0.0,0.0,0.0,0.0,0.0,0.0,0.0,0.0,0.0,0.0,0.0,0.0,0.0,0.0,0.0,0.0,0.0,0.0,0.0,0.0,0.0,0.0,0.0,0.0,0.0,0.0,0.0,0.0,THEY
0.2588083744049072,0.7740256786346436,1.568434129239904e-07,0.21878653764724731,0.7626754641532898,-0.007645103149116039,0.19218772649765015,0.7129632830619812,-0.013176211155951023,0.17864076793193817,0.675885021686554,-0.019375866279006004,0.15942075848579407,0.650973916053772,-0.026223735883831978,0.1991177350282669,0.6452454924583435,-0.012448136694729328,0.18044635653495789,0.5878638625144958,-0.02714379131793976,0.16571968793869019,0.5518247485160828,-0.0384552888572216,0.15192538499832153,0.5227989554405212,-0.04616987705230713,0.2178296595811844,0.6406264305114746,-0.019174473360180855,0.20130237936973572,0.5735438466072083,-0.03322747349739075,0.1877416968345642,0.5262394547462463,-0.045302096754312515,0.17565208673477173,0.4880342185497284,-0.05313935875892639,0.23805835843086243,0.6488355398178101,-0.02715514600276947,0.22646106779575348,0.5837798118591309,-0.041429441422224045,0.21394839882850647,0.5392827987670898,-0.05366105958819389,0.2019650936126709,0.50278240442276,-0.06145806610584259,0.2593933641910553,0.6683009266853333,-0.03553227707743645,0.25953277945518494,0.6196762919425964,-0.04915479198098183,0.25182944536209106,0.5858336687088013,-0.05699389427900314,0.2417370229959488,0.5567219257354736,-0.061796389520168304,0.0,0.0,0.0,0.0,0.0,0.0,0.0,0.0,0.0,0.0,0.0,0.0,0.0,0.0,0.0,0.0,0.0,0.0,0.0,0.0,0.0,0.0,0.0,0.0,0.0,0.0,0.0,0.0,0.0,0.0,0.0,0.0,0.0,0.0,0.0,0.0,0.0,0.0,0.0,0.0,0.0,0.0,0.0,0.0,0.0,0.0,0.0,0.0,0.0,0.0,0.0,0.0,0.0,0.0,0.0,0.0,0.0,0.0,0.0,0.0,0.0,0.0,0.0,THEY
0.30485180020332336,0.7502661347389221,1.2087924972092878e-07,0.2569122016429901,0.7333564758300781,-0.008324199356138706,0.22286683320999146,0.6804583072662354,-0.013352891430258751,0.20413810014724731,0.6402250528335571,-0.018778301775455475,0.18420861661434174,0.6121937036514282,-0.024969840422272682,0.23590189218521118,0.6058344841003418,-0.012118631042540073,0.2140299528837204,0.5458795428276062,-0.026133816689252853,0.19841575622558594,0.509941041469574,-0.037143249064683914,0.18415433168411255,0.4790988564491272,-0.04556730389595032,0.25924551486968994,0.5989130139350891,-0.020065097138285637,0.24616563320159912,0.5270065665245056,-0.033183299005031586,0.23485076427459717,0.48006168007850647,-0.04456941783428192,0.22411587834358215,0.4425131678581238,-0.05287974327802658,0.2829025089740753,0.6101205945014954,-0.02976982109248638,0.28285959362983704,0.5391808748245239,-0.04491565376520157,0.28041329979896545,0.4928086996078491,-0.05736330896615982,0.27529606223106384,0.452839195728302,-0.06634979695081711,0.30597132444381714,0.6347567439079285,-0.03984524682164192,0.3161005675792694,0.586562991142273,-0.05529977008700371,0.317466139793396,0.5517434477806091,-0.06382573395967484,0.31423306465148926,0.518973708152771,-0.06991473585367203,0.0,0.0,0.0,0.0,0.0,0.0,0.0,0.0,0.0,0.0,0.0,0.0,0.0,0.0,0.0,0.0,0.0,0.0,0.0,0.0,0.0,0.0,0.0,0.0,0.0,0.0,0.0,0.0,0.0,0.0,0.0,0.0,0.0,0.0,0.0,0.0,0.0,0.0,0.0,0.0,0.0,0.0,0.0,0.0,0.0,0.0,0.0,0.0,0.0,0.0,0.0,0.0,0.0,0.0,0.0,0.0,0.0,0.0,0.0,0.0,0.0,0.0,0.0,THEY
0.28375959396362305,0.6866281032562256,4.945906084685703e-08,0.24085915088653564,0.6614583134651184,-0.004582482390105724,0.21555621922016144,0.6070005893707275,-0.007560481783002615,0.20253771543502808,0.5688143968582153,-0.012132052332162857,0.18685398995876312,0.5434529185295105,-0.017584582790732384,0.22815950214862823,0.5306801795959473,-0.005734945181757212,0.21399328112602234,0.4719691276550293,-0.018274469301104546,0.20319421589374542,0.43670618534088135,-0.028844155371189117,0.19233094155788422,0.4068922996520996,-0.03683176264166832,0.24879899621009827,0.526412844657898,-0.014047098346054554,0.2412898987531662,0.45586851239204407,-0.02607511729001999,0.2341902107000351,0.4097859263420105,-0.03680073097348213,0.2270529866218567,0.37195464968681335,-0.04475313425064087,0.26927173137664795,0.5376395583152771,-0.024010125547647476,0.26964735984802246,0.4702366292476654,-0.03728314861655235,0.2654099762439728,0.4256240725517273,-0.04902311787009239,0.25840452313423157,0.38805437088012695,-0.05752315744757652,0.28886502981185913,0.5612372159957886,-0.034346580505371094,0.30150192975997925,0.515930712223053,-0.04665283113718033,0.3039678931236267,0.4822311997413635,-0.0544038750231266,0.301496684551239,0.4509543478488922,-0.0603691004216671,0.0,0.0,0.0,0.0,0.0,0.0,0.0,0.0,0.0,0.0,0.0,0.0,0.0,0.0,0.0,0.0,0.0,0.0,0.0,0.0,0.0,0.0,0.0,0.0,0.0,0.0,0.0,0.0,0.0,0.0,0.0,0.0,0.0,0.0,0.0,0.0,0.0,0.0,0.0,0.0,0.0,0.0,0.0,0.0,0.0,0.0,0.0,0.0,0.0,0.0,0.0,0.0,0.0,0.0,0.0,0.0,0.0,0.0,0.0,0.0,0.0,0.0,0.0,THEY
0.30029016733169556,0.6479397416114807,1.0596676958130047e-07,0.25261250138282776,0.6282608509063721,-0.007707702461630106,0.22183573246002197,0.5718879699707031,-0.010429827496409416,0.2073674499988556,0.5309522151947021,-0.013982456177473068,0.19061429798603058,0.5056620836257935,-0.018010888248682022,0.23740185797214508,0.49272677302360535,-0.005072166211903095,0.21909737586975098,0.4349289834499359,-0.016500575467944145,0.20638322830200195,0.3981935381889343,-0.026644479483366013,0.19519054889678955,0.36711400747299194,-0.03465244919061661,0.2602134644985199,0.4848152697086334,-0.011956949718296528,0.2500879168510437,0.4142390191555023,-0.022642070427536964,0.24139246344566345,0.3666735589504242,-0.03294089809060097,0.2336818128824234,0.32823073863983154,-0.04060044139623642,0.28307992219924927,0.49422213435173035,-0.02099033072590828,0.2809487283229828,0.4254826307296753,-0.033971156924963,0.2762230634689331,0.3803626298904419,-0.04589443653821945,0.26965492963790894,0.3416500389575958,-0.054589759558439255,0.30558452010154724,0.516488254070282,-0.030727865174412727,0.3195691704750061,0.4712866544723511,-0.04349667206406593,0.323424756526947,0.4367839992046356,-0.05181363224983215,0.3229042887687683,0.4039461612701416,-0.05809568613767624,0.0,0.0,0.0,0.0,0.0,0.0,0.0,0.0,0.0,0.0,0.0,0.0,0.0,0.0,0.0,0.0,0.0,0.0,0.0,0.0,0.0,0.0,0.0,0.0,0.0,0.0,0.0,0.0,0.0,0.0,0.0,0.0,0.0,0.0,0.0,0.0,0.0,0.0,0.0,0.0,0.0,0.0,0.0,0.0,0.0,0.0,0.0,0.0,0.0,0.0,0.0,0.0,0.0,0.0,0.0,0.0,0.0,0.0,0.0,0.0,0.0,0.0,0.0,THEY
0.2909308969974518,0.709107518196106,1.238546332160695e-07,0.245574489235878,0.689644992351532,-0.006794198881834745,0.21568360924720764,0.6357965469360352,-0.010354151949286461,0.20101504027843475,0.5965918898582458,-0.01475908886641264,0.18276017904281616,0.5703797936439514,-0.020004617050290108,0.22758767008781433,0.5570491552352905,-0.009164334274828434,0.2089085876941681,0.49919068813323975,-0.022199761122465134,0.19586297869682312,0.4627001881599426,-0.03271318972110748,0.18451744318008423,0.43162253499031067,-0.040759291499853134,0.24986331164836884,0.5510990023612976,-0.016915198415517807,0.23861654102802277,0.480140745639801,-0.029244711622595787,0.22960680723190308,0.4337708353996277,-0.04021526873111725,0.2215406596660614,0.39600563049316406,-0.0482739582657814,0.27272695302963257,0.5618864297866821,-0.026407523080706596,0.2698761224746704,0.4941922724246979,-0.04060710221529007,0.26371586322784424,0.44909772276878357,-0.053052015602588654,0.2556609809398651,0.4104689955711365,-0.06208343803882599,0.2949259877204895,0.5853556990623474,-0.03632235899567604,0.3071590065956116,0.5399568676948547,-0.05030720308423042,0.309698224067688,0.5060815811157227,-0.0591248981654644,0.30764636397361755,0.47444161772727966,-0.06565841287374496,0.0,0.0,0.0,0.0,0.0,0.0,0.0,0.0,0.0,0.0,0.0,0.0,0.0,0.0,0.0,0.0,0.0,0.0,0.0,0.0,0.0,0.0,0.0,0.0,0.0,0.0,0.0,0.0,0.0,0.0,0.0,0.0,0.0,0.0,0.0,0.0,0.0,0.0,0.0,0.0,0.0,0.0,0.0,0.0,0.0,0.0,0.0,0.0,0.0,0.0,0.0,0.0,0.0,0.0,0.0,0.0,0.0,0.0,0.0,0.0,0.0,0.0,0.0,THEY
0.2721230387687683,0.6990466713905334,1.293869900109712e-07,0.22582760453224182,0.6815309524536133,-0.007066961377859116,0.19476374983787537,0.6285490393638611,-0.010910715907812119,0.17924034595489502,0.5896785259246826,-0.015554061159491539,0.15981851518154144,0.5643526315689087,-0.020978707820177078,0.20394331216812134,0.5504735112190247,-0.009558265097439289,0.18380257487297058,0.4928945004940033,-0.022763090208172798,0.1702844500541687,0.45632845163345337,-0.033456332981586456,0.15817107260227203,0.42512911558151245,-0.041684459894895554,0.22588816285133362,0.5440722703933716,-0.017108995467424393,0.2131069302558899,0.4737655818462372,-0.029578205198049545,0.2031131088733673,0.42723342776298523,-0.04061174765229225,0.19384852051734924,0.3890214264392853,-0.048778485506772995,0.24861977994441986,0.5541861057281494,-0.02639617770910263,0.2431281954050064,0.4869896173477173,-0.040636803954839706,0.2353074550628662,0.44277170300483704,-0.05300002917647362,0.22565418481826782,0.4048042893409729,-0.062007661908864975,0.27109819650650024,0.5768710970878601,-0.03614423796534538,0.2819233536720276,0.5312427282333374,-0.05038600414991379,0.282956063747406,0.49784332513809204,-0.05944572761654854,0.27898094058036804,0.46645185351371765,-0.06617042422294617,0.0,0.0,0.0,0.0,0.0,0.0,0.0,0.0,0.0,0.0,0.0,0.0,0.0,0.0,0.0,0.0,0.0,0.0,0.0,0.0,0.0,0.0,0.0,0.0,0.0,0.0,0.0,0.0,0.0,0.0,0.0,0.0,0.0,0.0,0.0,0.0,0.0,0.0,0.0,0.0,0.0,0.0,0.0,0.0,0.0,0.0,0.0,0.0,0.0,0.0,0.0,0.0,0.0,0.0,0.0,0.0,0.0,0.0,0.0,0.0,0.0,0.0,0.0,THEY
0.25164055824279785,0.7000896334648132,8.163084430634626e-08,0.20973704755306244,0.6820228695869446,-0.00671010185033083,0.1803636997938156,0.6312529444694519,-0.010216624476015568,0.16513033211231232,0.5944799780845642,-0.01456559170037508,0.14705274999141693,0.5714020729064941,-0.01950511336326599,0.18797415494918823,0.5562263131141663,-0.00814548134803772,0.16807341575622559,0.49951478838920593,-0.021076228469610214,0.15407073497772217,0.4638316035270691,-0.031791239976882935,0.14041434228420258,0.4344300329685211,-0.0396333746612072,0.209705650806427,0.5492150783538818,-0.01498342677950859,0.1976270228624344,0.480965793132782,-0.02632305584847927,0.18719954788684845,0.43513649702072144,-0.03694378584623337,0.17723874747753143,0.3970782458782196,-0.04468926042318344,0.23233628273010254,0.5579171776771545,-0.02350016124546528,0.22715240716934204,0.4920807182788849,-0.036136724054813385,0.21947813034057617,0.4478980004787445,-0.047949112951755524,0.2104783058166504,0.4112176299095154,-0.05629173293709755,0.2547040283679962,0.5788239240646362,-0.03252103179693222,0.26423007249832153,0.532893180847168,-0.04483722150325775,0.26469868421554565,0.5005598664283752,-0.05257382243871689,0.26035234332084656,0.4715033173561096,-0.05808718875050545,0.0,0.0,0.0,0.0,0.0,0.0,0.0,0.0,0.0,0.0,0.0,0.0,0.0,0.0,0.0,0.0,0.0,0.0,0.0,0.0,0.0,0.0,0.0,0.0,0.0,0.0,0.0,0.0,0.0,0.0,0.0,0.0,0.0,0.0,0.0,0.0,0.0,0.0,0.0,0.0,0.0,0.0,0.0,0.0,0.0,0.0,0.0,0.0,0.0,0.0,0.0,0.0,0.0,0.0,0.0,0.0,0.0,0.0,0.0,0.0,0.0,0.0,0.0,THEY
0.3229840099811554,0.6972874999046326,9.577686910233751e-08,0.271900475025177,0.6752313375473022,-0.007189970929175615,0.23888155817985535,0.6168361902236938,-0.01088616531342268,0.22277045249938965,0.5740177631378174,-0.015695372596383095,0.20264476537704468,0.5472462773323059,-0.02133292146027088,0.25246793031692505,0.5379194021224976,-0.007608402520418167,0.2326977699995041,0.4769957661628723,-0.02043512649834156,0.21981504559516907,0.4394639730453491,-0.03137760981917381,0.2078191488981247,0.4071865677833557,-0.04023167863488197,0.27612030506134033,0.5304985642433167,-0.01578604429960251,0.26435577869415283,0.45697322487831116,-0.028019176796078682,0.25573694705963135,0.4092736542224884,-0.0394023060798645,0.2475718855857849,0.36957716941833496,-0.04832318797707558,0.29973137378692627,0.5411540269851685,-0.025990061461925507,0.29628461599349976,0.46927377581596375,-0.040346164256334305,0.2907945513725281,0.4236462712287903,-0.05321396514773369,0.2827448546886444,0.3837848901748657,-0.063019298017025,0.32340696454048157,0.5657249093055725,-0.036771100014448166,0.33631306886672974,0.5188990831375122,-0.05097319930791855,0.3391314148902893,0.4838029742240906,-0.06039977818727493,0.3370745778083801,0.45012179017066956,-0.06791175901889801,0.0,0.0,0.0,0.0,0.0,0.0,0.0,0.0,0.0,0.0,0.0,0.0,0.0,0.0,0.0,0.0,0.0,0.0,0.0,0.0,0.0,0.0,0.0,0.0,0.0,0.0,0.0,0.0,0.0,0.0,0.0,0.0,0.0,0.0,0.0,0.0,0.0,0.0,0.0,0.0,0.0,0.0,0.0,0.0,0.0,0.0,0.0,0.0,0.0,0.0,0.0,0.0,0.0,0.0,0.0,0.0,0.0,0.0,0.0,0.0,0.0,0.0,0.0,THEY
0.31415677070617676,0.5836231112480164,9.3296264935816e-08,0.2702080011367798,0.5697233080863953,-0.009478370659053326,0.23822903633117676,0.5182996988296509,-0.01211601309478283,0.22142252326011658,0.47920718789100647,-0.014740259386599064,0.2064640074968338,0.4574423134326935,-0.017445912584662437,0.2535313069820404,0.43668267130851746,-0.006267547141760588,0.23352307081222534,0.3809516429901123,-0.01718262955546379,0.2196139246225357,0.3453229069709778,-0.02677593007683754,0.20760014653205872,0.3164730966091156,-0.03398718312382698,0.27763399481773376,0.4259468913078308,-0.01089569739997387,0.2669279873371124,0.35717615485191345,-0.020469993352890015,0.2575121819972992,0.3120763897895813,-0.029165998101234436,0.24849699437618256,0.2766207754611969,-0.03518971800804138,0.3022819459438324,0.43226704001426697,-0.017704635858535767,0.29864946007728577,0.36572349071502686,-0.028789080679416656,0.2920707166194916,0.32258331775665283,-0.038756102323532104,0.2844471335411072,0.2868669927120209,-0.04549126327037811,0.3261934816837311,0.45133331418037415,-0.02546478621661663,0.33562809228897095,0.4037001132965088,-0.036462925374507904,0.3366136848926544,0.3689129650592804,-0.0433584488928318,0.3343489468097687,0.33765897154808044,-0.04800207540392876,0.0,0.0,0.0,0.0,0.0,0.0,0.0,0.0,0.0,0.0,0.0,0.0,0.0,0.0,0.0,0.0,0.0,0.0,0.0,0.0,0.0,0.0,0.0,0.0,0.0,0.0,0.0,0.0,0.0,0.0,0.0,0.0,0.0,0.0,0.0,0.0,0.0,0.0,0.0,0.0,0.0,0.0,0.0,0.0,0.0,0.0,0.0,0.0,0.0,0.0,0.0,0.0,0.0,0.0,0.0,0.0,0.0,0.0,0.0,0.0,0.0,0.0,0.0,THEY
0.29814413189888,0.5949563384056091,1.3808589471864252e-07,0.2552975118160248,0.5830779075622559,-0.009004242718219757,0.22356835007667542,0.5339590311050415,-0.012551999650895596,0.20838789641857147,0.4953843057155609,-0.016132105141878128,0.19113923609256744,0.47256749868392944,-0.02015472948551178,0.2371547818183899,0.4546033442020416,-0.009416276589035988,0.21615031361579895,0.39912736415863037,-0.021014688536524773,0.2019190490245819,0.3634602427482605,-0.030857495963573456,0.18901494145393372,0.3338474631309509,-0.038255397230386734,0.2608669698238373,0.4445745646953583,-0.014955378137528896,0.2486141473054886,0.37579700350761414,-0.025209780782461166,0.23845890164375305,0.33001670241355896,-0.03483392298221588,0.22867324948310852,0.29350218176841736,-0.04161127284169197,0.28533250093460083,0.45094719529151917,-0.022294221445918083,0.27856069803237915,0.3841468393802643,-0.03436128795146942,0.2708369493484497,0.34034818410873413,-0.04556415230035782,0.2621365189552307,0.3038058876991272,-0.053286582231521606,0.3097253441810608,0.4696654975414276,-0.03031160868704319,0.31704244017601013,0.4208414554595947,-0.042517248541116714,0.3168160319328308,0.38645079731941223,-0.050080835819244385,0.31320321559906006,0.3557250201702118,-0.05523550510406494,0.0,0.0,0.0,0.0,0.0,0.0,0.0,0.0,0.0,0.0,0.0,0.0,0.0,0.0,0.0,0.0,0.0,0.0,0.0,0.0,0.0,0.0,0.0,0.0,0.0,0.0,0.0,0.0,0.0,0.0,0.0,0.0,0.0,0.0,0.0,0.0,0.0,0.0,0.0,0.0,0.0,0.0,0.0,0.0,0.0,0.0,0.0,0.0,0.0,0.0,0.0,0.0,0.0,0.0,0.0,0.0,0.0,0.0,0.0,0.0,0.0,0.0,0.0,THEY
0.30488619208335876,0.6194313168525696,1.2427766193923162e-07,0.26018330454826355,0.6063508987426758,-0.009307287633419037,0.22894203662872314,0.554483950138092,-0.013107997365295887,0.21406036615371704,0.514441192150116,-0.017069591209292412,0.19511878490447998,0.4894813597202301,-0.021487323567271233,0.24210448563098907,0.4743103086948395,-0.009597396478056908,0.22137200832366943,0.41788941621780396,-0.021894384175539017,0.20674555003643036,0.38139083981513977,-0.03205140680074692,0.19379541277885437,0.35069310665130615,-0.03987390175461769,0.26542696356773376,0.4652143120765686,-0.015553945675492287,0.2524535655975342,0.3950113356113434,-0.027182362973690033,0.2422657459974289,0.3489583730697632,-0.03758115693926811,0.2327793538570404,0.31201696395874023,-0.04491322487592697,0.2894110083580017,0.47363051772117615,-0.023429056629538536,0.28340208530426025,0.40607914328575134,-0.037002310156822205,0.2760518789291382,0.3622055649757385,-0.04889874905347824,0.2673620581626892,0.32481181621551514,-0.057111259549856186,0.31314191222190857,0.4948682487010956,-0.03197777271270752,0.3221947252750397,0.4478648900985718,-0.04532812908291817,0.3221985697746277,0.41351792216300964,-0.05384379252791405,0.3182697892189026,0.3819143772125244,-0.05983392149209976,0.0,0.0,0.0,0.0,0.0,0.0,0.0,0.0,0.0,0.0,0.0,0.0,0.0,0.0,0.0,0.0,0.0,0.0,0.0,0.0,0.0,0.0,0.0,0.0,0.0,0.0,0.0,0.0,0.0,0.0,0.0,0.0,0.0,0.0,0.0,0.0,0.0,0.0,0.0,0.0,0.0,0.0,0.0,0.0,0.0,0.0,0.0,0.0,0.0,0.0,0.0,0.0,0.0,0.0,0.0,0.0,0.0,0.0,0.0,0.0,0.0,0.0,0.0,THEY
0.29211920499801636,0.5722528696060181,1.0981494824591209e-07,0.24949441850185394,0.5586814880371094,-0.006879125256091356,0.22086672484874725,0.5092949867248535,-0.009750086814165115,0.20730486512184143,0.47187477350234985,-0.01317896880209446,0.19063279032707214,0.4483962655067444,-0.01711152493953705,0.2298976182937622,0.43363508582115173,-0.0065320502035319805,0.2111688107252121,0.3803235590457916,-0.017876772210001945,0.19755251705646515,0.3465886116027832,-0.027638016268610954,0.18498702347278595,0.318631649017334,-0.03477770835161209,0.25094252824783325,0.4252377450466156,-0.012573707848787308,0.23853632807731628,0.3593052923679352,-0.02320416271686554,0.22753429412841797,0.31514787673950195,-0.032933421432971954,0.217498779296875,0.27900445461273193,-0.03962957486510277,0.2726380228996277,0.43205326795578003,-0.020291442051529884,0.2663945257663727,0.3677610456943512,-0.03183388337492943,0.2572374641895294,0.324320912361145,-0.04273711517453194,0.24756284058094025,0.2886999845504761,-0.050135377794504166,0.29370540380477905,0.45086029171943665,-0.028586681932210922,0.29942360520362854,0.4040556252002716,-0.0392976775765419,0.29764965176582336,0.3710780143737793,-0.04611748829483986,0.29298630356788635,0.34229427576065063,-0.050824008882045746,0.0,0.0,0.0,0.0,0.0,0.0,0.0,0.0,0.0,0.0,0.0,0.0,0.0,0.0,0.0,0.0,0.0,0.0,0.0,0.0,0.0,0.0,0.0,0.0,0.0,0.0,0.0,0.0,0.0,0.0,0.0,0.0,0.0,0.0,0.0,0.0,0.0,0.0,0.0,0.0,0.0,0.0,0.0,0.0,0.0,0.0,0.0,0.0,0.0,0.0,0.0,0.0,0.0,0.0,0.0,0.0,0.0,0.0,0.0,0.0,0.0,0.0,0.0,THEY
0.28482159972190857,0.681252658367157,2.820712197149078e-08,0.24125854671001434,0.6563519835472107,-0.005483471322804689,0.21488341689109802,0.6028985381126404,-0.009685301221907139,0.20031647384166718,0.5649951696395874,-0.015465827658772469,0.1820707470178604,0.5396736860275269,-0.021936293691396713,0.22733893990516663,0.5298628807067871,-0.005876690614968538,0.20809400081634521,0.4740050137042999,-0.019777169451117516,0.19344878196716309,0.44073519110679626,-0.03150501847267151,0.18006262183189392,0.4135020077228546,-0.0399344377219677,0.2462720423936844,0.5246995687484741,-0.013814620673656464,0.2347394824028015,0.4558085501194,-0.026243815198540688,0.22437484562397003,0.4107263684272766,-0.03696873411536217,0.2147766351699829,0.3755999207496643,-0.04472464323043823,0.26571449637413025,0.5355854630470276,-0.023647267371416092,0.2617837190628052,0.46922317147254944,-0.03664359077811241,0.25400233268737793,0.4267813265323639,-0.047539304941892624,0.24462886154651642,0.3922902047634125,-0.05533088371157646,0.2850736081600189,0.5591253638267517,-0.034098636358976364,0.2949829399585724,0.5142260193824768,-0.046142883598804474,0.2952118217945099,0.48083269596099854,-0.05367371812462807,0.2907596826553345,0.450102299451828,-0.059281352907419205,0.0,0.0,0.0,0.0,0.0,0.0,0.0,0.0,0.0,0.0,0.0,0.0,0.0,0.0,0.0,0.0,0.0,0.0,0.0,0.0,0.0,0.0,0.0,0.0,0.0,0.0,0.0,0.0,0.0,0.0,0.0,0.0,0.0,0.0,0.0,0.0,0.0,0.0,0.0,0.0,0.0,0.0,0.0,0.0,0.0,0.0,0.0,0.0,0.0,0.0,0.0,0.0,0.0,0.0,0.0,0.0,0.0,0.0,0.0,0.0,0.0,0.0,0.0,THEY
0.25283944606781006,0.7210967540740967,2.227202422488972e-08,0.21530932188034058,0.6899515986442566,-0.0016228833701461554,0.19912219047546387,0.6360695362091064,-0.002324609784409404,0.19240030646324158,0.599744439125061,-0.005349904764443636,0.18023037910461426,0.575484573841095,-0.009025128558278084,0.21338139474391937,0.5641058087348938,0.002727503888309002,0.2025168240070343,0.5096564292907715,-0.008027124218642712,0.19215364754199982,0.4770214557647705,-0.018021980300545692,0.18179072439670563,0.4508490562438965,-0.02497238479554653,0.22996355593204498,0.5605654120445251,-0.005469341762363911,0.2261652648448944,0.4941127896308899,-0.01451072096824646,0.2189667671918869,0.44786250591278076,-0.023172514513134956,0.21126379072666168,0.4112675189971924,-0.029382316395640373,0.2462078481912613,0.571162223815918,-0.015623466111719608,0.24562130868434906,0.5070629715919495,-0.02581186406314373,0.23892413079738617,0.46395376324653625,-0.03571183979511261,0.23053939640522003,0.42986488342285156,-0.0423794649541378,0.26233920454978943,0.5921682715415955,-0.026322461664676666,0.27231907844543457,0.5443242788314819,-0.036153487861156464,0.2714414596557617,0.5099354386329651,-0.042791590094566345,0.2662094533443451,0.4796396791934967,-0.04760764539241791,0.0,0.0,0.0,0.0,0.0,0.0,0.0,0.0,0.0,0.0,0.0,0.0,0.0,0.0,0.0,0.0,0.0,0.0,0.0,0.0,0.0,0.0,0.0,0.0,0.0,0.0,0.0,0.0,0.0,0.0,0.0,0.0,0.0,0.0,0.0,0.0,0.0,0.0,0.0,0.0,0.0,0.0,0.0,0.0,0.0,0.0,0.0,0.0,0.0,0.0,0.0,0.0,0.0,0.0,0.0,0.0,0.0,0.0,0.0,0.0,0.0,0.0,0.0,THEY
0.273296982049942,0.7126225829124451,2.0692231927910143e-08,0.23298248648643494,0.6918830871582031,-0.0038364161737263203,0.2100888341665268,0.641944408416748,-0.0074310689233243465,0.19930976629257202,0.6051856875419617,-0.012704826891422272,0.1829172670841217,0.5799655914306641,-0.01870843581855297,0.2150656282901764,0.5725461840629578,-0.007676856126636267,0.19751524925231934,0.5157561898231506,-0.022144189104437828,0.18347540497779846,0.4819802939891815,-0.033518269658088684,0.17029914259910583,0.454956591129303,-0.04141216725111008,0.23187248408794403,0.5683079361915588,-0.01604229025542736,0.21968480944633484,0.5002058148384094,-0.029331116005778313,0.20817598700523376,0.45390909910202026,-0.040288399904966354,0.19693006575107574,0.41734224557876587,-0.048082951456308365,0.2498464584350586,0.5776978731155396,-0.02594577893614769,0.24292567372322083,0.5114223957061768,-0.039960723370313644,0.23204471170902252,0.4683009684085846,-0.05203865095973015,0.21982932090759277,0.43411147594451904,-0.060175422579050064,0.26830771565437317,0.5981982946395874,-0.03616095706820488,0.27418944239616394,0.5497685670852661,-0.04994208365678787,0.2696712613105774,0.5168192982673645,-0.05896548926830292,0.2605835795402527,0.48884254693984985,-0.06523648649454117,0.0,0.0,0.0,0.0,0.0,0.0,0.0,0.0,0.0,0.0,0.0,0.0,0.0,0.0,0.0,0.0,0.0,0.0,0.0,0.0,0.0,0.0,0.0,0.0,0.0,0.0,0.0,0.0,0.0,0.0,0.0,0.0,0.0,0.0,0.0,0.0,0.0,0.0,0.0,0.0,0.0,0.0,0.0,0.0,0.0,0.0,0.0,0.0,0.0,0.0,0.0,0.0,0.0,0.0,0.0,0.0,0.0,0.0,0.0,0.0,0.0,0.0,0.0,THEY
0.2786962389945984,0.6936089396476746,1.0941419503751604e-07,0.23722153902053833,0.6747674942016602,-0.007055259309709072,0.2114018201828003,0.6228496432304382,-0.011252008378505707,0.2002159059047699,0.5839930772781372,-0.016231581568717957,0.18408562242984772,0.5633737444877625,-0.02205856330692768,0.21829359233379364,0.5545946955680847,-0.010192304849624634,0.20092907547950745,0.49926161766052246,-0.02319568209350109,0.18889263272285461,0.4642600417137146,-0.033476538956165314,0.1783381551504135,0.4344097077846527,-0.04107372462749481,0.23847484588623047,0.5495268106460571,-0.01716870628297329,0.22787243127822876,0.4823601245880127,-0.029815921559929848,0.21926730871200562,0.43699267506599426,-0.040146730840206146,0.21177196502685547,0.39987385272979736,-0.047219302505254745,0.2595503330230713,0.5590670108795166,-0.0256873220205307,0.2549090087413788,0.4932796359062195,-0.038730472326278687,0.24881914258003235,0.44988298416137695,-0.049270231276750565,0.24246391654014587,0.41388261318206787,-0.05639359727501869,0.28083622455596924,0.5792997479438782,-0.034812502562999725,0.28589940071105957,0.5318697690963745,-0.04729854315519333,0.28458142280578613,0.4972878694534302,-0.05458788573741913,0.28093835711479187,0.4662226438522339,-0.05955249071121216,0.0,0.0,0.0,0.0,0.0,0.0,0.0,0.0,0.0,0.0,0.0,0.0,0.0,0.0,0.0,0.0,0.0,0.0,0.0,0.0,0.0,0.0,0.0,0.0,0.0,0.0,0.0,0.0,0.0,0.0,0.0,0.0,0.0,0.0,0.0,0.0,0.0,0.0,0.0,0.0,0.0,0.0,0.0,0.0,0.0,0.0,0.0,0.0,0.0,0.0,0.0,0.0,0.0,0.0,0.0,0.0,0.0,0.0,0.0,0.0,0.0,0.0,0.0,THEY
0.2864525318145752,0.6559836268424988,5.8163806215816294e-08,0.24486203491687775,0.6380402445793152,-0.006154919508844614,0.2177489697933197,0.5843808650970459,-0.008665574714541435,0.20452305674552917,0.545388400554657,-0.011973136104643345,0.18622340261936188,0.5245224833488464,-0.016133742406964302,0.2288714200258255,0.5115041136741638,-0.00764952227473259,0.21086008846759796,0.45667383074760437,-0.019172508269548416,0.19911304116249084,0.4215254783630371,-0.02891644462943077,0.18886831402778625,0.3918696939945221,-0.03641314432024956,0.24984809756278992,0.5055898427963257,-0.014378421008586884,0.24036630988121033,0.4391857981681824,-0.02556133270263672,0.23294387757778168,0.394126296043396,-0.035279348492622375,0.22607870399951935,0.35748159885406494,-0.0421837754547596,0.27114930748939514,0.5148758888244629,-0.022683292627334595,0.2677864730358124,0.45031851530075073,-0.03481270372867584,0.2622532844543457,0.40632784366607666,-0.04562825709581375,0.2557143568992615,0.36991268396377563,-0.053199365735054016,0.2917782664299011,0.5354722142219543,-0.03152523934841156,0.29918229579925537,0.48835447430610657,-0.043481919914484024,0.2996057868003845,0.4540283679962158,-0.051072828471660614,0.29685336351394653,0.42315468192100525,-0.05652599781751633,0.0,0.0,0.0,0.0,0.0,0.0,0.0,0.0,0.0,0.0,0.0,0.0,0.0,0.0,0.0,0.0,0.0,0.0,0.0,0.0,0.0,0.0,0.0,0.0,0.0,0.0,0.0,0.0,0.0,0.0,0.0,0.0,0.0,0.0,0.0,0.0,0.0,0.0,0.0,0.0,0.0,0.0,0.0,0.0,0.0,0.0,0.0,0.0,0.0,0.0,0.0,0.0,0.0,0.0,0.0,0.0,0.0,0.0,0.0,0.0,0.0,0.0,0.0,THEY
0.29075026512145996,0.6447343230247498,5.733024011078669e-08,0.2500399649143219,0.6238446831703186,-0.006365375127643347,0.22455322742462158,0.569896399974823,-0.009751876816153526,0.21228206157684326,0.5306739807128906,-0.014140428975224495,0.19489675760269165,0.5066822171211243,-0.019349245354533195,0.2365848571062088,0.49603375792503357,-0.007932892069220543,0.220631405711174,0.43986454606056213,-0.02003316953778267,0.20976604521274567,0.40469709038734436,-0.030190592631697655,0.1999087631702423,0.37449175119400024,-0.03798270598053932,0.2573959231376648,0.49128103256225586,-0.015027685090899467,0.2487492710351944,0.42405447363853455,-0.026753630489110947,0.24150848388671875,0.37906622886657715,-0.03690127655863762,0.23448961973190308,0.3419806957244873,-0.04412481561303139,0.27846094965934753,0.5019795298576355,-0.02373489923775196,0.27569276094436646,0.43651020526885986,-0.03631548956036568,0.27052855491638184,0.3929511606693268,-0.04698000103235245,0.26405981183052063,0.35616403818130493,-0.054446298629045486,0.2989639341831207,0.5244448781013489,-0.03302370384335518,0.306755393743515,0.4769339859485626,-0.04522407054901123,0.3069363534450531,0.4426287114620209,-0.05260433256626129,0.30365145206451416,0.41145119071006775,-0.057856108993291855,0.0,0.0,0.0,0.0,0.0,0.0,0.0,0.0,0.0,0.0,0.0,0.0,0.0,0.0,0.0,0.0,0.0,0.0,0.0,0.0,0.0,0.0,0.0,0.0,0.0,0.0,0.0,0.0,0.0,0.0,0.0,0.0,0.0,0.0,0.0,0.0,0.0,0.0,0.0,0.0,0.0,0.0,0.0,0.0,0.0,0.0,0.0,0.0,0.0,0.0,0.0,0.0,0.0,0.0,0.0,0.0,0.0,0.0,0.0,0.0,0.0,0.0,0.0,THEY
0.295024037361145,0.6637040376663208,1.0461609178946674e-07,0.2530042231082916,0.6453227400779724,-0.007393986452370882,0.22567802667617798,0.5921615362167358,-0.011282751336693764,0.21290364861488342,0.5518538355827332,-0.01589095965027809,0.19569888710975647,0.5266280174255371,-0.021157504990696907,0.23782508075237274,0.522301435470581,-0.010346218012273312,0.22009769082069397,0.46464061737060547,-0.02416558377444744,0.20763592422008514,0.42762458324432373,-0.034875500947237015,0.19643382728099823,0.39725780487060547,-0.042648423463106155,0.25863340497016907,0.5170319676399231,-0.017228946089744568,0.24845126271247864,0.449114054441452,-0.0309789776802063,0.2400791049003601,0.4018230140209198,-0.0419573113322258,0.23239493370056152,0.36403337121009827,-0.04931417480111122,0.2799433767795563,0.5262691378593445,-0.025818854570388794,0.27557480335235596,0.46181076765060425,-0.0404806062579155,0.2692617177963257,0.4180830717086792,-0.05206858739256859,0.2617599070072174,0.38125014305114746,-0.059696096926927567,0.3012179434299469,0.5471276640892029,-0.03494876250624657,0.30976665019989014,0.5002225041389465,-0.04878991097211838,0.3095628619194031,0.46668675541877747,-0.056890614330768585,0.3060648441314697,0.4366847276687622,-0.06235342100262642,0.0,0.0,0.0,0.0,0.0,0.0,0.0,0.0,0.0,0.0,0.0,0.0,0.0,0.0,0.0,0.0,0.0,0.0,0.0,0.0,0.0,0.0,0.0,0.0,0.0,0.0,0.0,0.0,0.0,0.0,0.0,0.0,0.0,0.0,0.0,0.0,0.0,0.0,0.0,0.0,0.0,0.0,0.0,0.0,0.0,0.0,0.0,0.0,0.0,0.0,0.0,0.0,0.0,0.0,0.0,0.0,0.0,0.0,0.0,0.0,0.0,0.0,0.0,THEY
0.23924005031585693,0.660122811794281,9.98195872625729e-08,0.1970069706439972,0.6338127851486206,-0.006092478986829519,0.17520736157894135,0.5811972618103027,-0.011886217631399632,0.16435453295707703,0.5422457456588745,-0.018641939386725426,0.14608782529830933,0.5154374241828918,-0.026614855974912643,0.1854982078075409,0.5205360651016235,-0.014938216656446457,0.17060092091560364,0.4609755873680115,-0.03048793412744999,0.15892477333545685,0.4244736433029175,-0.04215995967388153,0.1471693217754364,0.39291220903396606,-0.050651535391807556,0.20380979776382446,0.5203524231910706,-0.023417852818965912,0.19531352818012238,0.4511059820652008,-0.038380078971385956,0.18706710636615753,0.40481993556022644,-0.050333376973867416,0.1784180998802185,0.36577555537223816,-0.05871620401740074,0.22212959825992584,0.5352731943130493,-0.03297852352261543,0.22025834023952484,0.46851226687431335,-0.04784892126917839,0.21480043232440948,0.4255768060684204,-0.059999529272317886,0.20660676062107086,0.38850313425064087,-0.06856851279735565,0.23980318009853363,0.5613696575164795,-0.04281746968626976,0.24554897844791412,0.5175161957740784,-0.057481613010168076,0.24218831956386566,0.48583701252937317,-0.06608358770608902,0.2348053902387619,0.4562888443470001,-0.07211101055145264,0.0,0.0,0.0,0.0,0.0,0.0,0.0,0.0,0.0,0.0,0.0,0.0,0.0,0.0,0.0,0.0,0.0,0.0,0.0,0.0,0.0,0.0,0.0,0.0,0.0,0.0,0.0,0.0,0.0,0.0,0.0,0.0,0.0,0.0,0.0,0.0,0.0,0.0,0.0,0.0,0.0,0.0,0.0,0.0,0.0,0.0,0.0,0.0,0.0,0.0,0.0,0.0,0.0,0.0,0.0,0.0,0.0,0.0,0.0,0.0,0.0,0.0,0.0,THEY
0.2598975598812103,0.7075323462486267,4.2766011176809116e-08,0.22329653799533844,0.6806050539016724,-0.009202438406646252,0.20303525030612946,0.6320440769195557,-0.01742195338010788,0.19736546277999878,0.594592809677124,-0.026151787489652634,0.19025860726833344,0.5631897449493408,-0.03578531742095947,0.2078056037425995,0.5649773478507996,-0.021368423476815224,0.1927511841058731,0.5017635822296143,-0.03885795176029205,0.18079763650894165,0.4659181237220764,-0.05130960792303085,0.1701044738292694,0.4357505440711975,-0.059847138822078705,0.2253115326166153,0.5662094950675964,-0.028803136199712753,0.2165500521659851,0.4936159551143646,-0.04482094943523407,0.20841437578201294,0.4471726715564728,-0.05636979639530182,0.200717031955719,0.4103388786315918,-0.06444810330867767,0.24312430620193481,0.5822412967681885,-0.03744213283061981,0.24067158997058868,0.5134280920028687,-0.05294705927371979,0.2348892092704773,0.4696255326271057,-0.06480398774147034,0.22753992676734924,0.43300697207450867,-0.07323595881462097,0.26019415259361267,0.610397458076477,-0.0465674102306366,0.2673353850841522,0.5667179226875305,-0.06210903823375702,0.2654455304145813,0.5348756313323975,-0.07068023830652237,0.25993457436561584,0.5064846277236938,-0.07647451013326645,0.0,0.0,0.0,0.0,0.0,0.0,0.0,0.0,0.0,0.0,0.0,0.0,0.0,0.0,0.0,0.0,0.0,0.0,0.0,0.0,0.0,0.0,0.0,0.0,0.0,0.0,0.0,0.0,0.0,0.0,0.0,0.0,0.0,0.0,0.0,0.0,0.0,0.0,0.0,0.0,0.0,0.0,0.0,0.0,0.0,0.0,0.0,0.0,0.0,0.0,0.0,0.0,0.0,0.0,0.0,0.0,0.0,0.0,0.0,0.0,0.0,0.0,0.0,THEY
0.26652562618255615,0.6812946200370789,3.822376370976599e-08,0.22511503100395203,0.6492758989334106,-0.008035418577492237,0.2026466280221939,0.5959622859954834,-0.015020700171589851,0.19342026114463806,0.5552322864532471,-0.022659018635749817,0.18280011415481567,0.5227953195571899,-0.03101060539484024,0.21027052402496338,0.5338680744171143,-0.0168684683740139,0.19613811373710632,0.4735040068626404,-0.032752979546785355,0.18429744243621826,0.4391133487224579,-0.04458850994706154,0.17318272590637207,0.40938255190849304,-0.053148552775382996,0.22856245934963226,0.5336450934410095,-0.024258170276880264,0.21994689106941223,0.46270954608917236,-0.03872235119342804,0.21215735375881195,0.41747650504112244,-0.04989918693900108,0.20469340682029724,0.3801731467247009,-0.05823750048875809,0.24713310599327087,0.5487304329872131,-0.03297121450304985,0.24452650547027588,0.4821072816848755,-0.0472932830452919,0.23854823410511017,0.4402659833431244,-0.05859338119626045,0.23057468235492706,0.4042167663574219,-0.06706938147544861,0.2647983431816101,0.5757371187210083,-0.04222613573074341,0.2710023522377014,0.5332704782485962,-0.05644894018769264,0.2687690854072571,0.502138614654541,-0.06480053067207336,0.263078898191452,0.4732290506362915,-0.07094665616750717,0.0,0.0,0.0,0.0,0.0,0.0,0.0,0.0,0.0,0.0,0.0,0.0,0.0,0.0,0.0,0.0,0.0,0.0,0.0,0.0,0.0,0.0,0.0,0.0,0.0,0.0,0.0,0.0,0.0,0.0,0.0,0.0,0.0,0.0,0.0,0.0,0.0,0.0,0.0,0.0,0.0,0.0,0.0,0.0,0.0,0.0,0.0,0.0,0.0,0.0,0.0,0.0,0.0,0.0,0.0,0.0,0.0,0.0,0.0,0.0,0.0,0.0,0.0,THEY
